checkpoint/epoch,dev_win,baseline_dev_win,delta,full_acc,partial_acc,f1_func,f1_param,avg_calls,strict_trace,dead_group_rate,zero_tool_calls,clipped_completion_rate,final_answer_pass,synthetic_strict_pass,train_mean_reward,kl,conclusion
baseline_dev,0.56,0.56,0.0,0.02,0.187,0.864,0.428,,,,,,,,,,baseline
s1_e1,0.565,0.56,0.004999999999999893,0.03,0.196,0.872,0.463,,0.4745484400656814,1,0.08866995073891626,0.0049261083743842365,0.6765188834154351,0.235,0.235,0,near_baseline
s1_e2,0.565,0.56,0.004999999999999893,0.03,0.196,0.872,0.463,,0.4745484400656814,1,0.08702791461412152,0.0049261083743842365,0.6683087027914614,0.235,0.235,0,near_baseline
s2_e1,0.53,0.56,-0.030000000000000027,0.025,0.195,0.864,0.439,,0.17444717444717445,0.778125,0.12530712530712532,0.007371007371007371,0.6117936117936118,0.30875,0.30953125,0.0042635053396224976,below_baseline
s2_e2,0.51,0.56,-0.050000000000000044,0.02,0.194,0.883,0.455,,0.16707616707616707,0.778125,0.10810810810810811,0.009828009828009828,0.6167076167076168,0.308125,0.30953125,0.02201239764690399,below_baseline
