stage,epoch,synthetic_strict_pass,synthetic_mean_reward,dead_group_rate,kl_last,too_few_calls_rate,invalid_reference_rate,clipped_rate,executable_trajectory_rate,tool_final_answer_pass_rate,num_tasks,steps
1,1,0.5779376498800959,0.5779376498800959,0.3884892086330935,0.0007735639810562134,0,0,0,0,0,417,64
1,2,0.5779376498800959,0.5779376498800959,0.3932853717026379,0.00788724422454834,0,0,0,0,0,417,64
2,1,0.2671875,0.26875,0.6859375,0,0,0,0,0,0,640,51
2,2,0.26875,0.26875,0.6796875,0,0,0,0,0,0,640,52
