checkpoint/epoch,dev_win,baseline_dev_win,delta,full_acc,partial_acc,f1_func,f1_param,avg_calls,strict_trace,dead_group_rate,zero_tool_calls,clipped_completion_rate,final_answer_pass,synthetic_strict_pass,train_mean_reward,kl,conclusion
baseline_dev,0.555,0.555,0.0,0.02,0.192,0.87,0.441,,,,,,,,,,baseline
s1_e1,0.54,0.555,-0.015000000000000013,0.015,0.195,0.877,0.451,,0.4876847290640394,0.3884892086330935,0.090311986863711,0.0049261083743842365,0.6748768472906403,0.5779376498800959,0.5779376498800959,0.0007735639810562134,below_baseline
s1_e2,0.575,0.555,0.019999999999999907,0.02,0.187,0.88,0.43,,0.4860426929392447,0.3932853717026379,0.08538587848932677,0.0049261083743842365,0.6863711001642037,0.5779376498800959,0.5779376498800959,0.00788724422454834,beats_baseline
s2_e1,0.545,0.555,-0.010000000000000009,0.015,0.181,0.869,0.428,,0.1891891891891892,0.6859375,0.12530712530712532,0.004914004914004914,0.6388206388206388,0.2671875,0.26875,0,below_baseline
s2_e2,0.53,0.555,-0.025000000000000022,0.01,0.188,0.861,0.448,,0.16953316953316952,0.6796875,0.09336609336609336,0.007371007371007371,0.6658476658476659,0.26875,0.26875,0,below_baseline
