epoch,synthetic_reward,synthetic_motif_consistency,synthetic_final_pass,real_dev_win,real_dev_strict_trace,real_dev_avg_calls,dead_group_rate,conclusion
s1_e1,0.5779376498800959,0.5779376498800959,0,0.54,0.4876847290640394,,0.3884892086330935,below_baseline
s1_e2,0.5779376498800959,0.5779376498800959,0,0.575,0.4860426929392447,,0.3932853717026379,beats_baseline
s2_e1,0.26875,0.2671875,0,0.545,0.1891891891891892,,0.6859375,below_baseline
s2_e2,0.26875,0.26875,0,0.53,0.16953316953316952,,0.6796875,below_baseline
