aggregation_arity,branching_score,call_bucket,critical_path_length,depth,edge_density,indegree_hist,linearity_score,max_indegree,max_outdegree,motif,n_calls_with_reference,n_constant_only_calls,n_edges,n_fan_in_nodes,n_fan_out_nodes,n_leaves,n_nodes,n_reused_outputs,n_roots,outdegree_hist,ref_format_counts,reference_density,sample_id,source,tool_names,topology_hash,weakly_connected_components
1.0,0.0,3,3,3,0.666667,"{0: 1, 1: 2}",1.0,1,1,linear,2,1,2,0,0,1,3,0,1,"{1: 2, 0: 1}",{0: 2},0.222222,ttdf_0982b2624c98,train300,central_value|grow_by_rate|portion_by_rate,topo_1c8dbe1830b2,1
2.0,0.25,4,3,3,0.5,"{0: 2, 2: 1, 1: 1}",0.0,2,1,fan_in,2,2,3,1,0,1,4,0,2,"{1: 3, 0: 1}",{0: 3},0.5,ttdf_a1f4522870c7,train300,round_up_whole|flip_sign|portion_by_rate|compose_reference_code,topo_bd3dd51ec1a9,1
1.0,0.0,2,2,2,1.0,"{0: 1, 1: 1}",1.0,1,1,linear,1,1,1,0,0,1,2,0,1,"{1: 1, 0: 1}",{0: 1},0.333333,ttdf_88d02f070bad,train300,round_down_whole|leftover_after_grouping,topo_fdeb50f24873,1
1.0,0.0,5,5,5,0.4,"{0: 1, 1: 4}",1.0,1,1,linear,4,1,4,0,0,1,5,0,1,"{1: 4, 0: 1}",{0: 4},0.4,ttdf_acf64105ab0f,train300,grow_by_rate|midpoint_value|grow_by_rate|midpoint_value|leftover_after_grouping,topo_d228dd6db98a,1
1.0,0.0,2,2,2,1.0,"{0: 1, 1: 1}",1.0,1,1,linear,1,1,1,0,0,1,2,0,1,"{1: 1, 0: 1}",{0: 1},0.333333,ttdf_52e02b0074e9,train300,whole_quotient|square_value,topo_fdeb50f24873,1
2.0,0.125,6+,6,6,0.25,"{0: 2, 1: 5, 2: 1}",0.0,2,1,fan_in,6,2,7,1,0,1,8,0,2,"{1: 7, 0: 1}",{0: 7},0.538462,ttdf_28600db1173f,train300,floor_divide|sqrt|negate|difference_of_numbers|average_of_two|ceiling|increase_by_percent|multiply,topo_e1b2f19eddb9,1
2.0,0.2,5,4,4,0.4,"{0: 2, 1: 2, 2: 1}",0.0,2,1,fan_in,3,2,4,1,0,1,5,0,2,"{1: 4, 0: 1}",{0: 4},0.444444,ttdf_4bcc0bcb441d,train300,absolute_difference|increase_by_percent|square_value|percent_of|label_with_unit,topo_7279e5f4b24a,1
2.0,0.25,4,3,3,0.5,"{0: 2, 2: 1, 1: 1}",0.0,2,1,fan_in,2,2,3,1,0,1,4,0,2,"{1: 3, 0: 1}",{0: 3},0.428571,ttdf_c03e76b84f89,train300,proportion_between|whole_minutes_from_seconds|portion_by_rate|annotate_measurement,topo_bd3dd51ec1a9,1
1.0,0.0,2,2,2,1.0,"{0: 1, 1: 1}",1.0,1,1,linear,1,1,1,0,0,1,2,0,1,"{1: 1, 0: 1}",{0: 1},0.333333,ttdf_3890bd39e665,train300,inverse|is_greater,topo_fdeb50f24873,1
2.0,0.2,5,4,4,0.4,"{0: 2, 1: 2, 2: 1}",0.0,2,1,fan_in,3,2,4,1,0,1,5,0,2,"{1: 4, 0: 1}",{0: 4},0.4,ttdf_7fa1ac8fa957,train300,absolute_difference|divide|difference_of_numbers|percent_of|build_tag,topo_7279e5f4b24a,1
2.0,0.166667,6+,5,5,0.333333,"{0: 2, 1: 3, 2: 1}",0.0,2,1,fan_in,4,2,5,1,0,1,6,0,2,"{1: 5, 0: 1}",{0: 5},0.5,ttdf_1897e88c19ac,train300,reminder|decrease_by_percent|quotient_of|sqrt|hours_to_minutes|ratio_of,topo_926312b15db7,1
1.0,0.0,2,2,2,1.0,"{0: 1, 1: 1}",1.0,1,1,linear,1,1,1,0,0,1,2,0,1,"{1: 1, 0: 1}",{0: 1},0.333333,ttdf_2ad0d860622d,train300,round_down_whole|gap_between,topo_fdeb50f24873,1
1.0,0.0,3,3,3,0.666667,"{0: 1, 1: 2}",1.0,1,1,linear,2,1,2,0,0,1,3,0,1,"{1: 2, 0: 1}",{0: 2},0.2,ttdf_a180adf5caad,train300,modulo_of|increase_by_percent|append_to_values,topo_1c8dbe1830b2,1
2.0,0.125,6+,5,5,0.25,"{0: 2, 1: 5, 2: 1}",0.0,2,1,fan_in,6,2,7,1,0,1,8,0,2,"{1: 7, 0: 1}",{0: 7},0.538462,ttdf_2460d1e882f0,train300,minutes_to_seconds|decrease_by_percent|average_of_two|nearest_integer|average_of_two|negate|reminder|average_of_two,topo_bf579ac7c4b1,1
1.0,0.0,6+,6,6,0.333333,"{0: 1, 1: 5}",1.0,1,1,linear,5,1,5,0,0,1,6,0,1,"{1: 5, 0: 1}",{0: 5},0.454545,ttdf_6c5b125b6094,train300,range_of_values|whole_quotient|percent_of|multiply|sqrt|nearest_integer,topo_02b29308ce2b,1
2.0,0.166667,6+,4,4,0.333333,"{0: 2, 1: 3, 2: 1}",0.0,2,1,fan_in,4,2,5,1,0,1,6,0,2,"{1: 5, 0: 1}",{0: 5},0.454545,ttdf_ccbe76d8ecaa,train300,round_to_decimals|quotient_of|nearest_integer|decrease_by_percent|quotient_of|percentage_value,topo_2b9a65f092bb,1
2.0,0.2,5,3,3,0.4,"{0: 2, 1: 2, 2: 1}",0.0,2,1,fan_in,3,2,4,1,0,1,5,0,2,"{1: 4, 0: 1}",{0: 4},0.444444,ttdf_0dbc7c25bb47,train300,gap_between|gap_between|round_up_whole|leftover_after_grouping|proportion_between,topo_17d840e0415f,1
1.0,0.0,6+,8,8,0.25,"{0: 1, 1: 7}",1.0,1,1,linear,7,1,7,0,0,1,8,0,1,"{1: 7, 0: 1}",{0: 7},0.466667,ttdf_287fde663010,train300,average_of_two|floor_divide|divide|decrease_by_percent|increase_by_percent|absolute_difference|round_to_decimals|nearest_integer,topo_ff8ead63c33b,1
3.0,0.2,5,3,3,0.4,"{0: 3, 1: 1, 3: 1}",0.0,3,1,fan_in,2,3,4,1,0,1,5,0,3,"{1: 4, 0: 1}",{0: 4},0.4,ttdf_441384bb0445,train300,product_of_numbers|percent_of|decrease_by_percent|floor|mean_of_three,topo_926c72bac680,1
1.0,0.0,2,2,2,1.0,"{0: 1, 1: 1}",1.0,1,1,linear,1,1,1,0,0,1,2,0,1,"{1: 1, 0: 1}",{0: 1},0.333333,ttdf_178a8a0f527a,train300,self_product|reduce_amount,topo_fdeb50f24873,1
1.0,0.0,3,3,3,0.666667,"{0: 1, 1: 2}",1.0,1,1,linear,2,1,2,0,0,1,3,0,1,"{1: 2, 0: 1}",{0: 2},0.25,ttdf_8d038da60286,train300,percentage_value|ratio_of|scale_values,topo_1c8dbe1830b2,1
1.0,0.0,6+,6,6,0.333333,"{0: 1, 1: 5}",1.0,1,1,linear,5,1,5,0,0,1,6,0,1,"{1: 5, 0: 1}",{0: 5},0.555556,ttdf_7a8cd7efbc21,train300,meters_to_km|nearest_integer|ratio_of|multiply|add|nearest_integer,topo_02b29308ce2b,1
2.0,0.333333,3,2,2,0.666667,"{0: 2, 2: 1}",0.0,2,1,fan_in,1,2,2,1,0,1,3,0,2,"{1: 2, 0: 1}",{0: 2},0.4,ttdf_07480376bda3,train300,round_down_whole|scale_quantity|proportion_between,topo_911586a55488,1
2.0,0.25,4,3,3,0.5,"{0: 2, 2: 1, 1: 1}",0.0,2,1,fan_in,2,2,3,1,0,1,4,0,2,"{1: 3, 0: 1}",{0: 3},0.5,ttdf_230424364880,train300,celsius_from_fahrenheit|root_extract|gap_between|annotate_measurement,topo_bd3dd51ec1a9,1
1.0,0.0,2,2,2,1.0,"{0: 1, 1: 1}",1.0,1,1,linear,1,1,1,0,0,1,2,0,1,"{1: 1, 0: 1}",{0: 1},0.142857,ttdf_4b357fd5b95a,train300,count_of_values|quotient_of,topo_fdeb50f24873,1
1.0,0.0,2,2,2,1.0,"{0: 1, 1: 1}",1.0,1,1,linear,1,1,1,0,0,1,2,0,1,"{1: 1, 0: 1}",{0: 1},0.333333,ttdf_3f2d4ea393f1,train300,parse_numeric_text|format_number_fixed,topo_fdeb50f24873,1
2.0,0.166667,6+,5,5,0.333333,"{0: 2, 1: 3, 2: 1}",0.0,2,1,fan_in,4,2,5,1,0,1,6,0,2,"{1: 5, 0: 1}",{0: 5},0.5,ttdf_342238ec5a2f,train300,trim_precision|portion_by_rate|root_extract|self_product|gap_between|proportion_between,topo_33e36888cf10,1
3.0,0.142857,6+,4,4,0.285714,"{0: 3, 1: 3, 3: 1}",0.0,3,1,fan_in,4,3,6,1,0,1,7,0,3,"{1: 6, 0: 1}",{0: 6},0.428571,ttdf_4b29c1b00ae7,train300,trim_precision|total_of_pair|shrink_by_rate|full_groups_of|remaining_after|balance_of_three|whole_number_of,topo_cff8eb87d925,1
3.0,0.25,4,2,2,0.5,"{0: 3, 3: 1}",0.0,3,1,fan_in,1,3,3,1,0,1,4,0,3,"{1: 3, 0: 1}",{0: 3},0.333333,ttdf_111e18412f56,train300,midpoint_value|full_groups_of|trim_precision|total_of_three_parts,topo_64b2717a77dd,1
1.0,0.0,2,2,2,1.0,"{0: 1, 1: 1}",1.0,1,1,linear,1,1,1,0,0,1,2,0,1,"{1: 1, 0: 1}",{0: 1},0.2,ttdf_06ba5fd3d7c3,train300,ratio_of|is_within_range,topo_fdeb50f24873,1
2.0,0.166667,6+,4,4,0.333333,"{0: 2, 1: 3, 2: 1}",0.0,2,1,fan_in,4,2,5,1,0,1,6,0,2,"{1: 5, 0: 1}",{0: 5},0.5,ttdf_073c6869b54b,train300,seconds_to_full_minutes|difference_of_numbers|round_to_decimals|floor|ratio_of|product_of_numbers,topo_5cf1a13edea8,1
1.0,0.0,4,4,4,0.5,"{0: 1, 1: 3}",1.0,1,1,linear,3,1,3,0,0,1,4,0,1,"{1: 3, 0: 1}",{0: 3},0.428571,ttdf_666553ac6372,train300,combine_amounts|reciprocal_value|split_evenly|proportion_between,topo_5296967693d8,1
1.0,0.0,4,4,4,0.5,"{0: 1, 1: 3}",1.0,1,1,linear,3,1,3,0,0,1,4,0,1,"{1: 3, 0: 1}",{0: 3},0.5,ttdf_04b100a77d6b,train300,fahrenheit_to_celsius|average_of_two|increase_by_percent|floor,topo_5296967693d8,1
3.0,0.25,4,2,2,0.5,"{0: 3, 3: 1}",0.0,3,1,fan_in,1,3,3,1,0,1,4,0,3,"{1: 3, 0: 1}",{0: 3},0.375,ttdf_44a69f3a000c,train300,proportion_between|self_product|gap_between|balance_of_three,topo_64b2717a77dd,1
2.0,0.142857,6+,5,5,0.285714,"{0: 2, 1: 4, 2: 1}",0.0,2,1,fan_in,5,2,6,1,0,1,7,0,2,"{1: 6, 0: 1}",{0: 6},0.5,ttdf_69d78b25ecdb,train300,average_of_two|decrease_by_percent|decrease_by_percent|difference_of_numbers|sqrt|ceiling|percent_of,topo_9e01698159b0,1
2.0,0.333333,3,2,2,0.666667,"{0: 2, 2: 1}",0.0,2,1,fan_in,1,2,2,1,0,1,3,0,2,"{1: 2, 0: 1}",{0: 2},0.4,ttdf_6b382eec9221,train300,trim_precision|reciprocal_value|pairwise_product,topo_911586a55488,1
1.0,0.0,4,4,4,0.5,"{0: 1, 1: 3}",1.0,1,1,linear,3,1,3,0,0,1,4,0,1,"{1: 3, 0: 1}",{0: 3},0.333333,ttdf_32f8db136cdc,train300,aggregate_total|scale_quantity|self_product|per_unit_value,topo_5296967693d8,1
2.0,0.333333,3,2,2,0.666667,"{0: 2, 2: 1}",0.0,2,1,fan_in,1,2,2,1,0,1,3,0,2,"{1: 2, 0: 1}",{0: 2},0.333333,ttdf_91ce845dfc74,train300,increase_by_percent|average_of_two|add,topo_911586a55488,1
2.0,0.333333,3,2,2,0.666667,"{0: 2, 2: 1}",0.0,2,1,fan_in,1,2,2,1,0,1,3,0,2,"{1: 2, 0: 1}",{0: 2},0.333333,ttdf_e53835bd8b41,train300,trim_precision|grow_by_rate|pairwise_product,topo_911586a55488,1
1.0,0.0,2,2,2,1.0,"{0: 1, 1: 1}",1.0,1,1,linear,1,1,1,0,0,1,2,0,1,"{1: 1, 0: 1}",{0: 1},0.142857,ttdf_69e7c7a49fab,train300,mean_of_values|reminder,topo_fdeb50f24873,1
2.0,0.125,6+,5,5,0.25,"{0: 2, 1: 5, 2: 1}",0.0,2,1,fan_in,6,2,7,1,0,1,8,0,2,"{1: 7, 0: 1}",{0: 7},0.5,ttdf_ee3338b844bc,train300,hours_to_minutes|ratio_of|ratio_of|seconds_to_full_minutes|decrease_by_percent|average_of_two|ratio_of|average_of_two,topo_c39b8213eda5,1
1.0,0.0,6+,6,6,0.333333,"{0: 1, 1: 5}",1.0,1,1,linear,5,1,5,0,0,1,6,0,1,"{1: 5, 0: 1}",{0: 5},0.5,ttdf_a321a8fea7c6,train300,meters_to_km|absolute_difference|absolute_difference|average_of_two|absolute_difference|nearest_integer,topo_02b29308ce2b,1
1.0,0.0,2,2,2,1.0,"{0: 1, 1: 1}",1.0,1,1,linear,1,1,1,0,0,1,2,0,1,"{1: 1, 0: 1}",{0: 1},0.2,ttdf_aea8532a868d,train300,range_of_values|number_to_text,topo_fdeb50f24873,1
3.0,0.166667,6+,4,4,0.333333,"{0: 3, 1: 2, 3: 1}",0.0,3,1,fan_in,3,3,5,1,0,1,6,0,3,"{1: 5, 0: 1}",{0: 5},0.454545,ttdf_66d5f1634190,train300,split_evenly|leftover_after_grouping|whole_number_of|split_evenly|dispersion_of_three|whole_number_of,topo_8c144cdbfcfb,1
2.0,0.333333,3,2,2,0.666667,"{0: 2, 2: 1}",0.0,2,1,fan_in,1,2,2,1,0,1,3,0,2,"{1: 2, 0: 1}",{0: 2},0.4,ttdf_56bf89459e7b,train300,difference_of_numbers|sqrt|divide,topo_911586a55488,1
2.0,0.166667,6+,5,5,0.333333,"{0: 2, 1: 3, 2: 1}",0.0,2,1,fan_in,4,2,5,1,0,1,6,0,2,"{1: 5, 0: 1}",{0: 5},0.555556,ttdf_2432f8fea920,train300,flip_sign|reciprocal_value|split_evenly|full_groups_of|minutes_from_hours|midpoint_value,topo_926312b15db7,1
1.0,0.0,2,2,2,1.0,"{0: 1, 1: 1}",1.0,1,1,linear,1,1,1,0,0,1,2,0,1,"{1: 1, 0: 1}",{0: 1},0.333333,ttdf_714fa6330c3c,train300,negate|divide,topo_fdeb50f24873,1
1.0,0.0,6+,8,8,0.25,"{0: 1, 1: 7}",1.0,1,1,linear,7,1,7,0,0,1,8,0,1,"{1: 7, 0: 1}",{0: 7},0.5,ttdf_450ce5ca6048,train300,series_length|pairwise_product|leftover_after_grouping|reciprocal_value|reciprocal_value|pairwise_product|root_extract|combine_amounts,topo_ff8ead63c33b,1
2.0,0.333333,3,2,2,0.666667,"{0: 2, 2: 1}",0.0,2,1,fan_in,1,2,2,1,0,1,3,0,2,"{1: 2, 0: 1}",{0: 2},0.333333,ttdf_8e5da6fd9015,train300,divide|round_to_decimals|add,topo_911586a55488,1
1.0,0.0,2,2,2,1.0,"{0: 1, 1: 1}",1.0,1,1,linear,1,1,1,0,0,1,2,0,1,"{1: 1, 0: 1}",{0: 1},0.142857,ttdf_57d7f411a136,train300,sum_of_values|product_of_numbers,topo_fdeb50f24873,1
1.0,0.0,2,2,2,1.0,"{0: 1, 1: 1}",1.0,1,1,linear,1,1,1,0,0,1,2,0,1,"{1: 1, 0: 1}",{0: 1},0.5,ttdf_b9c7c5612106,train300,round_up_whole|reciprocal_value,topo_fdeb50f24873,1
1.0,0.0,2,2,2,1.0,"{0: 1, 1: 1}",1.0,1,1,linear,1,1,1,0,0,1,2,0,1,"{1: 1, 0: 1}",{0: 1},0.2,ttdf_d445e31ec556,train300,quotient_of|is_within_range,topo_fdeb50f24873,1
2.0,0.142857,6+,6,6,0.285714,"{0: 2, 1: 4, 2: 1}",0.0,2,1,fan_in,5,2,6,1,0,1,7,0,2,"{1: 6, 0: 1}",{0: 6},0.428571,ttdf_adc8691711e1,train300,absolute_difference|modulo_of|absolute_difference|divide|average_of_two|average_of_two|ratio_of,topo_e5fe9f153cd3,1
1.0,0.0,2,2,2,1.0,"{0: 1, 1: 1}",1.0,1,1,linear,1,1,1,0,0,1,2,0,1,"{1: 1, 0: 1}",{0: 1},0.5,ttdf_b0378d970ec5,train300,whole_number_of|root_extract,topo_fdeb50f24873,1
1.0,0.0,2,2,2,1.0,"{0: 1, 1: 1}",1.0,1,1,linear,1,1,1,0,0,1,2,0,1,"{1: 1, 0: 1}",{0: 1},0.333333,ttdf_9c88a0d5bac6,train300,sqrt|add,topo_fdeb50f24873,1
1.0,0.0,4,4,4,0.5,"{0: 1, 1: 3}",1.0,1,1,linear,3,1,3,0,0,1,4,0,1,"{1: 3, 0: 1}",{0: 3},0.6,ttdf_4afe482200e9,train300,reciprocal_value|reduce_amount|reciprocal_value|round_down_whole,topo_5296967693d8,1
1.0,0.0,2,2,2,1.0,"{0: 1, 1: 1}",1.0,1,1,linear,1,1,1,0,0,1,2,0,1,"{1: 1, 0: 1}",{0: 1},0.125,ttdf_6664b63ddfd4,train300,mean_of_values|average_of_two,topo_fdeb50f24873,1
1.0,0.0,3,3,3,0.666667,"{0: 1, 1: 2}",1.0,1,1,linear,2,1,2,0,0,1,3,0,1,"{1: 2, 0: 1}",{0: 2},0.25,ttdf_e5021edcbcdb,train300,meters_to_km|quotient_of|append_to_values,topo_1c8dbe1830b2,1
1.0,0.0,3,3,3,0.666667,"{0: 1, 1: 2}",1.0,1,1,linear,2,1,2,0,0,1,3,0,1,"{1: 2, 0: 1}",{0: 2},0.285714,ttdf_663a6484d0e5,train300,seconds_to_full_minutes|ratio_of|append_to_values,topo_1c8dbe1830b2,1
2.0,0.25,4,3,3,0.5,"{0: 2, 1: 1, 2: 1}",0.0,2,1,fan_in,2,2,3,1,0,1,4,0,2,"{1: 3, 0: 1}",{0: 3},0.5,ttdf_3d16ba355ab3,train300,meters_to_km|percent_of|meters_to_km|percent_of,topo_30980484d6d7,1
2.0,0.166667,6+,5,5,0.333333,"{0: 2, 1: 3, 2: 1}",0.0,2,1,fan_in,4,2,5,1,0,1,6,0,2,"{1: 5, 0: 1}",{0: 5},0.5,ttdf_086b0471e443,train300,sqrt|ratio_of|negate|sum_two_numbers|difference_of_numbers|percentage_value,topo_926312b15db7,1
1.0,0.0,3,3,3,0.666667,"{0: 1, 1: 2}",1.0,1,1,linear,2,1,2,0,0,1,3,0,1,"{1: 2, 0: 1}",{0: 2},0.222222,ttdf_18f30aeb87df,train300,series_length|combine_amounts|shrink_by_rate,topo_1c8dbe1830b2,1
1.0,0.0,6+,6,6,0.333333,"{0: 1, 1: 5}",1.0,1,1,linear,5,1,5,0,0,1,6,0,1,"{1: 5, 0: 1}",{0: 5},0.357143,ttdf_8b6bd6e0d113,train300,mean_of_values|increase_by_percent|percentage_value|decrease_by_percent|ratio_of|nearest_integer,topo_02b29308ce2b,1
2.0,0.2,5,4,4,0.4,"{0: 2, 1: 2, 2: 1}",0.0,2,1,fan_in,3,2,4,1,0,1,5,0,2,"{1: 4, 0: 1}",{0: 4},0.5,ttdf_9e944e9be9ad,train300,celsius_to_fahrenheit|nearest_integer|divide|sum_two_numbers|build_tag,topo_7279e5f4b24a,1
1.0,0.0,2,2,2,1.0,"{0: 1, 1: 1}",1.0,1,1,linear,1,1,1,0,0,1,2,0,1,"{1: 1, 0: 1}",{0: 1},0.25,ttdf_702a492e1d93,train300,sqrt|is_within_range,topo_fdeb50f24873,1
1.0,0.0,2,2,2,1.0,"{0: 1, 1: 1}",1.0,1,1,linear,1,1,1,0,0,1,2,0,1,"{1: 1, 0: 1}",{0: 1},0.166667,ttdf_1b88e197cf8c,train300,series_spread|proportion_between,topo_fdeb50f24873,1
1.0,0.0,2,2,2,1.0,"{0: 1, 1: 1}",1.0,1,1,linear,1,1,1,0,0,1,2,0,1,"{1: 1, 0: 1}",{0: 1},0.2,ttdf_5e8ed8ea8e8c,train300,aggregate_total|grow_by_rate,topo_fdeb50f24873,1
2.0,0.25,4,3,3,0.5,"{0: 2, 1: 1, 2: 1}",0.0,2,1,fan_in,2,2,3,1,0,1,4,0,2,"{1: 3, 0: 1}",{0: 3},0.5,ttdf_feca9749fcb1,train300,celsius_to_fahrenheit|inverse|average_of_two|add,topo_5b37b75596d2,1
1.0,0.0,3,3,3,0.666667,"{0: 1, 1: 2}",1.0,1,1,linear,2,1,2,0,0,1,3,0,1,"{1: 2, 0: 1}",{0: 2},0.4,ttdf_404c1b18b8c7,train300,flip_sign|reduce_amount|midpoint_value,topo_1c8dbe1830b2,1
1.0,0.0,2,2,2,1.0,"{0: 1, 1: 1}",1.0,1,1,linear,1,1,1,0,0,1,2,0,1,"{1: 1, 0: 1}",{0: 1},0.333333,ttdf_1212887f9519,train300,nearest_integer|increase_by_percent,topo_fdeb50f24873,1
1.0,0.0,2,2,2,1.0,"{0: 1, 1: 1}",1.0,1,1,linear,1,1,1,0,0,1,2,0,1,"{1: 1, 0: 1}",{0: 1},0.333333,ttdf_1944101ba044,train300,square_value|is_divisible_by,topo_fdeb50f24873,1
1.0,0.0,2,2,2,1.0,"{0: 1, 1: 1}",1.0,1,1,linear,1,1,1,0,0,1,2,0,1,"{1: 1, 0: 1}",{0: 1},0.333333,ttdf_c4b9bd3d8f9b,train300,round_down_whole|proportion_between,topo_fdeb50f24873,1
1.0,0.0,5,5,5,0.4,"{0: 1, 1: 4}",1.0,1,1,linear,4,1,4,0,0,1,5,0,1,"{1: 4, 0: 1}",{0: 4},0.444444,ttdf_da8bde0dff1f,train300,trim_precision|round_down_whole|split_evenly|remaining_after|shrink_by_rate,topo_d228dd6db98a,1
2.0,0.2,5,4,4,0.4,"{0: 2, 1: 2, 2: 1}",0.0,2,1,fan_in,3,2,4,1,0,1,5,0,2,"{1: 4, 0: 1}",{0: 4},0.4,ttdf_33820d4ecd0d,train300,multiply|subtract|decrease_by_percent|subtract|label_with_unit,topo_7279e5f4b24a,1
1.0,0.0,2,2,2,1.0,"{0: 1, 1: 1}",1.0,1,1,linear,1,1,1,0,0,1,2,0,1,"{1: 1, 0: 1}",{0: 1},0.333333,ttdf_ab3e20f5b9f5,train300,square_value|average_of_two,topo_fdeb50f24873,1
2.0,0.333333,3,2,2,0.666667,"{0: 2, 2: 1}",0.0,2,1,fan_in,1,2,2,1,0,1,3,0,2,"{1: 2, 0: 1}",{0: 2},0.4,ttdf_adb0a11b7c8e,train300,seconds_to_full_minutes|percentage_value|absolute_difference,topo_911586a55488,1
2.0,0.333333,3,2,2,0.666667,"{0: 2, 2: 1}",0.0,2,1,fan_in,1,2,2,1,0,1,3,0,2,"{1: 2, 0: 1}",{0: 2},0.4,ttdf_7ac454e86368,train300,whole_number_of|leftover_after_grouping|proportion_between,topo_911586a55488,1
3.0,0.25,4,2,2,0.5,"{0: 3, 3: 1}",0.0,3,1,fan_in,1,3,3,1,0,1,4,0,3,"{1: 3, 0: 1}",{0: 3},0.375,ttdf_29bfff643f76,train300,reminder|absolute_difference|ceiling|sum_of_three,topo_64b2717a77dd,1
1.0,0.0,2,2,2,1.0,"{0: 1, 1: 1}",1.0,1,1,linear,1,1,1,0,0,1,2,0,1,"{1: 1, 0: 1}",{0: 1},0.333333,ttdf_626b144f651f,train300,multiply|sqrt,topo_fdeb50f24873,1
1.0,0.0,2,2,2,1.0,"{0: 1, 1: 1}",1.0,1,1,linear,1,1,1,0,0,1,2,0,1,"{1: 1, 0: 1}",{0: 1},0.333333,ttdf_709a6c29cef8,train300,round_up_whole|grow_by_rate,topo_fdeb50f24873,1
1.0,0.0,3,3,3,0.666667,"{0: 1, 1: 2}",1.0,1,1,linear,2,1,2,0,0,1,3,0,1,"{1: 2, 0: 1}",{0: 2},0.222222,ttdf_9ddbf3736946,train300,percent_of|whole_quotient|append_to_values,topo_1c8dbe1830b2,1
1.0,0.0,2,2,2,1.0,"{0: 1, 1: 1}",1.0,1,1,linear,1,1,1,0,0,1,2,0,1,"{1: 1, 0: 1}",{0: 1},0.25,ttdf_415f443311b4,train300,reminder|is_greater,topo_fdeb50f24873,1
2.0,0.2,5,4,4,0.4,"{0: 2, 1: 2, 2: 1}",0.0,2,1,fan_in,3,2,4,1,0,1,5,0,2,"{1: 4, 0: 1}",{0: 4},0.5,ttdf_1da08641a085,train300,seconds_from_minutes|seconds_from_minutes|portion_by_rate|portion_by_rate|total_of_pair,topo_2b041b861492,1
2.0,0.142857,6+,6,6,0.285714,"{0: 2, 1: 4, 2: 1}",0.0,2,1,fan_in,5,2,6,1,0,1,7,0,2,"{1: 6, 0: 1}",{0: 6},0.545455,ttdf_a7f57d6e2366,train300,increase_by_percent|inverse|absolute_difference|sqrt|percentage_value|hours_to_minutes|subtract,topo_e5fe9f153cd3,1
2.0,0.142857,6+,4,4,0.285714,"{0: 2, 1: 4, 2: 1}",0.0,2,1,fan_in,5,2,6,1,0,1,7,0,2,"{1: 6, 0: 1}",{0: 6},0.428571,ttdf_f143ef6a8d1a,train300,absolute_difference|whole_quotient|decrease_by_percent|percentage_value|whole_quotient|difference_of_numbers|add,topo_63f405a71afa,1
2.0,0.125,6+,5,5,0.25,"{0: 2, 1: 5, 2: 1}",0.0,2,1,fan_in,6,2,7,1,0,1,8,0,2,"{1: 7, 0: 1}",{0: 7},0.466667,ttdf_4bf9490a9e1e,train300,seconds_to_full_minutes|difference_of_numbers|average_of_two|average_of_two|average_of_two|decrease_by_percent|quotient_of|average_of_two,topo_bf579ac7c4b1,1
1.0,0.0,2,2,2,1.0,"{0: 1, 1: 1}",1.0,1,1,linear,1,1,1,0,0,1,2,0,1,"{1: 1, 0: 1}",{0: 1},0.2,ttdf_4fb15030a374,train300,percent_of|is_within_range,topo_fdeb50f24873,1
1.0,0.0,2,2,2,1.0,"{0: 1, 1: 1}",1.0,1,1,linear,1,1,1,0,0,1,2,0,1,"{1: 1, 0: 1}",{0: 1},0.333333,ttdf_3bd0f2ffa9c7,train300,parse_numeric_text|format_number_fixed,topo_fdeb50f24873,1
3.0,0.2,5,3,3,0.4,"{0: 3, 1: 1, 3: 1}",0.0,3,1,fan_in,2,3,4,1,0,1,5,0,3,"{1: 4, 0: 1}",{0: 4},0.363636,ttdf_a007fb88e5a8,train300,percent_of|reminder|increase_by_percent|round_to_decimals|mean_of_three,topo_926c72bac680,1
2.0,0.333333,3,2,2,0.666667,"{0: 2, 2: 1}",0.0,2,1,fan_in,1,2,2,1,0,1,3,0,2,"{1: 2, 0: 1}",{0: 2},0.4,ttdf_095955eab09a,train300,total_of_pair|round_up_whole|scale_quantity,topo_911586a55488,1
2.0,0.142857,6+,5,5,0.285714,"{0: 2, 1: 4, 2: 1}",0.0,2,1,fan_in,5,2,6,1,0,1,7,0,2,"{1: 6, 0: 1}",{0: 6},0.461538,ttdf_ebcc48b28d17,train300,midpoint_value|pairwise_product|round_up_whole|full_groups_of|grow_by_rate|pairwise_product|proportion_between,topo_9e01698159b0,1
1.0,0.0,2,2,2,1.0,"{0: 1, 1: 1}",1.0,1,1,linear,1,1,1,0,0,1,2,0,1,"{1: 1, 0: 1}",{0: 1},0.125,ttdf_69b205909ba2,train300,mean_of_values|is_within_range,topo_fdeb50f24873,1
2.0,0.25,4,3,3,0.5,"{0: 2, 2: 1, 1: 1}",0.0,2,1,fan_in,2,2,3,1,0,1,4,0,2,"{1: 3, 0: 1}",{0: 3},0.5,ttdf_91c17367ae01,train300,fahrenheit_from_celsius|reciprocal_value|remaining_after|compose_reference_code,topo_bd3dd51ec1a9,1
1.0,0.0,2,2,2,1.0,"{0: 1, 1: 1}",1.0,1,1,linear,1,1,1,0,0,1,2,0,1,"{1: 1, 0: 1}",{0: 1},0.333333,ttdf_6d5d2df8e87e,train300,reciprocal_value|remaining_after,topo_fdeb50f24873,1
1.0,0.0,2,2,2,1.0,"{0: 1, 1: 1}",1.0,1,1,linear,1,1,1,0,0,1,2,0,1,"{1: 1, 0: 1}",{0: 1},0.5,ttdf_8a92a1d9bda8,train300,sqrt|number_to_text,topo_fdeb50f24873,1
2.0,0.333333,3,2,2,0.666667,"{0: 2, 2: 1}",0.0,2,1,fan_in,1,2,2,1,0,1,3,0,2,"{1: 2, 0: 1}",{0: 2},0.4,ttdf_57b5548d9406,train300,divide|sqrt|percentage_value,topo_911586a55488,1
3.0,0.25,4,2,2,0.5,"{0: 3, 3: 1}",0.0,3,1,fan_in,1,3,3,1,0,1,4,0,3,"{1: 3, 0: 1}",{0: 3},0.375,ttdf_adb3076a4249,train300,proportion_between|grow_by_rate|flip_sign|total_of_three_parts,topo_64b2717a77dd,1
2.0,0.2,5,4,4,0.4,"{0: 2, 1: 2, 2: 1}",0.0,2,1,fan_in,3,2,4,1,0,1,5,0,2,"{1: 4, 0: 1}",{0: 4},0.5,ttdf_dfa5d83b46bf,train300,km_to_meters|ceiling|sum_two_numbers|product_of_numbers|label_with_unit,topo_7279e5f4b24a,1
2.0,0.2,5,4,4,0.4,"{0: 2, 1: 2, 2: 1}",0.0,2,1,fan_in,3,2,4,1,0,1,5,0,2,"{1: 4, 0: 1}",{0: 4},0.4,ttdf_83a61f0aa532,train300,multiply|floor_divide|percent_of|multiply|build_tag,topo_7279e5f4b24a,1
3.0,0.25,4,2,2,0.5,"{0: 3, 3: 1}",0.0,3,1,fan_in,1,3,3,1,0,1,4,0,3,"{1: 3, 0: 1}",{0: 3},0.375,ttdf_1ae91b3255c9,train300,square_value|whole_quotient|decrease_by_percent|sum_of_three,topo_64b2717a77dd,1
2.0,0.333333,3,2,2,0.666667,"{0: 2, 2: 1}",0.0,2,1,fan_in,1,2,2,1,0,1,3,0,2,"{1: 2, 0: 1}",{0: 2},0.333333,ttdf_535a92504ff3,train300,modulo_of|sum_two_numbers|quotient_of,topo_911586a55488,1
1.0,0.0,2,2,2,1.0,"{0: 1, 1: 1}",1.0,1,1,linear,1,1,1,0,0,1,2,0,1,"{1: 1, 0: 1}",{0: 1},0.166667,ttdf_27a65d5730a0,train300,central_value|proportion_between,topo_fdeb50f24873,1
1.0,0.0,2,2,2,1.0,"{0: 1, 1: 1}",1.0,1,1,linear,1,1,1,0,0,1,2,0,1,"{1: 1, 0: 1}",{0: 1},0.25,ttdf_7c7e391ab5eb,train300,whole_quotient|is_greater,topo_fdeb50f24873,1
2.0,0.25,4,3,3,0.5,"{0: 2, 1: 1, 2: 1}",0.0,2,1,fan_in,2,2,3,1,0,1,4,0,2,"{1: 3, 0: 1}",{0: 3},0.5,ttdf_7c2600233dfc,train300,km_to_meters|hours_to_minutes|average_of_two|average_of_two,topo_5b37b75596d2,1
2.0,0.333333,3,2,2,0.666667,"{0: 2, 2: 1}",0.0,2,1,fan_in,1,2,2,1,0,1,3,0,2,"{1: 2, 0: 1}",{0: 2},0.4,ttdf_7e3b94e5852d,train300,seconds_from_minutes|proportion_between|midpoint_value,topo_911586a55488,1
2.0,0.25,4,3,3,0.5,"{0: 2, 1: 1, 2: 1}",0.0,2,1,fan_in,2,2,3,1,0,1,4,0,2,"{1: 3, 0: 1}",{0: 3},0.428571,ttdf_27aa7816b261,train300,decrease_by_percent|reminder|ceiling|absolute_difference,topo_30980484d6d7,1
1.0,0.0,2,2,2,1.0,"{0: 1, 1: 1}",1.0,1,1,linear,1,1,1,0,0,1,2,0,1,"{1: 1, 0: 1}",{0: 1},0.333333,ttdf_9da280149954,train300,self_product|scale_quantity,topo_fdeb50f24873,1
1.0,0.0,6+,6,6,0.333333,"{0: 1, 1: 5}",1.0,1,1,linear,5,1,5,0,0,1,6,0,1,"{1: 5, 0: 1}",{0: 5},0.454545,ttdf_f44f7cd5c652,train300,remaining_after|scale_quantity|midpoint_value|split_evenly|flip_sign|shrink_by_rate,topo_02b29308ce2b,1
2.0,0.2,5,4,4,0.4,"{0: 2, 1: 2, 2: 1}",0.0,2,1,fan_in,3,2,4,1,0,1,5,0,2,"{1: 4, 0: 1}",{0: 4},0.5,ttdf_b0286c035ff7,train300,quotient_of|sqrt|km_to_meters|absolute_difference|build_tag,topo_0c51481d8aeb,1
1.0,0.0,2,2,2,1.0,"{0: 1, 1: 1}",1.0,1,1,linear,1,1,1,0,0,1,2,0,1,"{1: 1, 0: 1}",{0: 1},0.333333,ttdf_c60223f1aab8,train300,inverse|multiply,topo_fdeb50f24873,1
3.0,0.166667,6+,4,4,0.333333,"{0: 3, 1: 2, 3: 1}",0.0,3,1,fan_in,3,3,5,1,0,1,6,0,3,"{1: 5, 0: 1}",{0: 5},0.454545,ttdf_49ff06c5abb1,train300,portion_by_rate|leftover_after_grouping|midpoint_value|round_down_whole|dispersion_of_three|whole_number_of,topo_8c144cdbfcfb,1
1.0,0.0,6+,6,6,0.333333,"{0: 1, 1: 5}",1.0,1,1,linear,5,1,5,0,0,1,6,0,1,"{1: 5, 0: 1}",{0: 5},0.5,ttdf_0969cde120d2,train300,seconds_from_minutes|full_groups_of|scale_quantity|root_extract|gap_between|remaining_after,topo_02b29308ce2b,1
3.0,0.25,4,2,2,0.5,"{0: 3, 3: 1}",0.0,3,1,fan_in,1,3,3,1,0,1,4,0,3,"{1: 3, 0: 1}",{0: 3},0.375,ttdf_b02ae36ee259,train300,quotient_of|sum_two_numbers|inverse|mean_of_three,topo_64b2717a77dd,1
1.0,0.0,4,4,4,0.5,"{0: 1, 1: 3}",1.0,1,1,linear,3,1,3,0,0,1,4,0,1,"{1: 3, 0: 1}",{0: 3},0.375,ttdf_88e4f6fda445,train300,add|percent_of|average_of_two|multiply,topo_5296967693d8,1
2.0,0.25,4,3,3,0.5,"{0: 2, 2: 1, 1: 1}",0.0,2,1,fan_in,2,2,3,1,0,1,4,0,2,"{1: 3, 0: 1}",{0: 3},0.375,ttdf_945346f2dc33,train300,shrink_by_rate|scale_quantity|portion_by_rate|compose_reference_code,topo_bd3dd51ec1a9,1
3.0,0.166667,6+,3,3,0.333333,"{0: 3, 1: 2, 3: 1}",0.0,3,1,fan_in,3,3,5,1,0,1,6,0,3,"{1: 5, 0: 1}",{0: 5},0.454545,ttdf_3bbe27d74a4e,train300,inverse|quotient_of|sqrt|quotient_of|increase_by_percent|range_of_three,topo_00ac72c33abd,1
2.0,0.333333,3,2,2,0.666667,"{0: 2, 2: 1}",0.0,2,1,fan_in,1,2,2,1,0,1,3,0,2,"{1: 2, 0: 1}",{0: 2},0.4,ttdf_a27ee767b260,train300,inverse|reminder|ratio_of,topo_911586a55488,1
2.0,0.166667,6+,5,5,0.333333,"{0: 2, 1: 3, 2: 1}",0.0,2,1,fan_in,4,2,5,1,0,1,6,0,2,"{1: 5, 0: 1}",{0: 5},0.5,ttdf_1316b84679bc,train300,km_from_meters|round_up_whole|midpoint_value|per_unit_value|pairwise_product|gap_between,topo_33e36888cf10,1
2.0,0.166667,6+,5,5,0.333333,"{0: 2, 1: 3, 2: 1}",0.0,2,1,fan_in,4,2,5,1,0,1,6,0,2,"{1: 5, 0: 1}",{0: 5},0.5,ttdf_fc21110cb919,train300,reciprocal_value|shrink_by_rate|reciprocal_value|shrink_by_rate|split_evenly|midpoint_value,topo_33e36888cf10,1
1.0,0.0,2,2,2,1.0,"{0: 1, 1: 1}",1.0,1,1,linear,1,1,1,0,0,1,2,0,1,"{1: 1, 0: 1}",{0: 1},0.333333,ttdf_490928952434,train300,split_evenly|flip_sign,topo_fdeb50f24873,1
1.0,0.0,2,2,2,1.0,"{0: 1, 1: 1}",1.0,1,1,linear,1,1,1,0,0,1,2,0,1,"{1: 1, 0: 1}",{0: 1},0.333333,ttdf_cfcc0bc5aede,train300,nearest_integer|subtract,topo_fdeb50f24873,1
1.0,0.0,6+,6,6,0.333333,"{0: 1, 1: 5}",1.0,1,1,linear,5,1,5,0,0,1,6,0,1,"{1: 5, 0: 1}",{0: 5},0.5,ttdf_918a1b8e247c,train300,km_to_meters|average_of_two|absolute_difference|whole_quotient|decrease_by_percent|nearest_integer,topo_02b29308ce2b,1
2.0,0.25,4,3,3,0.5,"{0: 2, 1: 1, 2: 1}",0.0,2,1,fan_in,2,2,3,1,0,1,4,0,2,"{1: 3, 0: 1}",{0: 3},0.428571,ttdf_9ab3dd3108dd,train300,meters_to_km|absolute_difference|ratio_of|average_of_two,topo_30980484d6d7,1
2.0,0.333333,3,2,2,0.666667,"{0: 2, 2: 1}",0.0,2,1,fan_in,1,2,2,1,0,1,3,0,2,"{1: 2, 0: 1}",{0: 2},0.4,ttdf_ca94c57fb5b6,train300,round_down_whole|combine_amounts|midpoint_value,topo_911586a55488,1
1.0,0.0,4,4,4,0.5,"{0: 1, 1: 3}",1.0,1,1,linear,3,1,3,0,0,1,4,0,1,"{1: 3, 0: 1}",{0: 3},0.5,ttdf_4536494ea7cc,train300,product_of_numbers|negate|inverse|decrease_by_percent,topo_5296967693d8,1
1.0,0.0,3,3,3,0.666667,"{0: 1, 1: 2}",1.0,1,1,linear,2,1,2,0,0,1,3,0,1,"{1: 2, 0: 1}",{0: 2},0.285714,ttdf_3bb23ee2abb5,train300,modulo_of|ratio_of|append_to_values,topo_1c8dbe1830b2,1
1.0,0.0,6+,6,6,0.333333,"{0: 1, 1: 5}",1.0,1,1,linear,5,1,5,0,0,1,6,0,1,"{1: 5, 0: 1}",{0: 5},0.454545,ttdf_2069d281661f,train300,gap_between|total_of_pair|leftover_after_grouping|per_unit_value|root_extract|shrink_by_rate,topo_02b29308ce2b,1
2.0,0.142857,6+,6,6,0.285714,"{0: 2, 1: 4, 2: 1}",0.0,2,1,fan_in,5,2,6,1,0,1,7,0,2,"{1: 6, 0: 1}",{0: 6},0.461538,ttdf_2fe2055ebf7a,train300,product_of_numbers|minutes_to_seconds|subtract|subtract|percent_of|ratio_of|quotient_of,topo_4a07cdfdb909,1
2.0,0.333333,3,2,2,0.666667,"{0: 2, 2: 1}",0.0,2,1,fan_in,1,2,2,1,0,1,3,0,2,"{1: 2, 0: 1}",{0: 2},0.333333,ttdf_e9eafc0422f4,train300,subtract|average_of_two|average_of_two,topo_911586a55488,1
2.0,0.142857,6+,5,5,0.285714,"{0: 2, 1: 4, 2: 1}",0.0,2,1,fan_in,5,2,6,1,0,1,7,0,2,"{1: 6, 0: 1}",{0: 6},0.5,ttdf_5aa8cec97f8c,train300,round_down_whole|pairwise_product|fahrenheit_from_celsius|leftover_after_grouping|pairwise_product|proportion_between|midpoint_value,topo_9e01698159b0,1
1.0,0.0,2,2,2,1.0,"{0: 1, 1: 1}",1.0,1,1,linear,1,1,1,0,0,1,2,0,1,"{1: 1, 0: 1}",{0: 1},0.25,ttdf_f54696c90839,train300,negate|is_within_range,topo_fdeb50f24873,1
1.0,0.0,2,2,2,1.0,"{0: 1, 1: 1}",1.0,1,1,linear,1,1,1,0,0,1,2,0,1,"{1: 1, 0: 1}",{0: 1},0.125,ttdf_1383b56ac315,train300,aggregate_total|proportion_between,topo_fdeb50f24873,1
2.0,0.166667,6+,4,4,0.333333,"{0: 2, 1: 3, 2: 1}",0.0,2,1,fan_in,4,2,5,1,0,1,6,0,2,"{1: 5, 0: 1}",{0: 5},0.5,ttdf_5ea97b9d2894,train300,floor_divide|square_value|inverse|multiply|percentage_value|percentage_value,topo_5cf1a13edea8,1
3.0,0.125,6+,4,4,0.25,"{0: 3, 1: 4, 3: 1}",0.0,3,1,fan_in,5,3,7,1,0,1,8,0,3,"{1: 7, 0: 1}",{0: 7},0.4375,ttdf_c9965f79c448,train300,modulo_of|average_of_two|product_of_numbers|divide|divide|floor|absolute_difference|sum_of_three,topo_5eeac3554b19,1
2.0,0.25,4,3,3,0.5,"{0: 2, 2: 1, 1: 1}",0.0,2,1,fan_in,2,2,3,1,0,1,4,0,2,"{1: 3, 0: 1}",{0: 3},0.5,ttdf_1691c4ac38d4,train300,km_from_meters|self_product|midpoint_value|annotate_measurement,topo_bd3dd51ec1a9,1
1.0,0.0,2,2,2,1.0,"{0: 1, 1: 1}",1.0,1,1,linear,1,1,1,0,0,1,2,0,1,"{1: 1, 0: 1}",{0: 1},0.333333,ttdf_6ef88f415ec8,train300,ceiling|ratio_of,topo_fdeb50f24873,1
1.0,0.0,3,3,3,0.666667,"{0: 1, 1: 2}",1.0,1,1,linear,2,1,2,0,0,1,3,0,1,"{1: 2, 0: 1}",{0: 2},0.25,ttdf_1cc8cb9986f0,train300,absolute_difference|increase_by_percent|scale_values,topo_1c8dbe1830b2,1
1.0,0.0,2,2,2,1.0,"{0: 1, 1: 1}",1.0,1,1,linear,1,1,1,0,0,1,2,0,1,"{1: 1, 0: 1}",{0: 1},0.333333,ttdf_76ae9ab480c4,train300,nearest_integer|product_of_numbers,topo_fdeb50f24873,1
2.0,0.25,4,3,3,0.5,"{0: 2, 2: 1, 1: 1}",0.0,2,1,fan_in,2,2,3,1,0,1,4,0,2,"{1: 3, 0: 1}",{0: 3},0.428571,ttdf_0912a2d9b2db,train300,full_groups_of|minutes_from_hours|portion_by_rate|compose_reference_code,topo_bd3dd51ec1a9,1
1.0,0.0,3,3,3,0.666667,"{0: 1, 1: 2}",1.0,1,1,linear,2,1,2,0,0,1,3,0,1,"{1: 2, 0: 1}",{0: 2},0.222222,ttdf_05e5d3a5124e,train300,product_of_numbers|ratio_of|scale_values,topo_1c8dbe1830b2,1
2.0,0.2,5,4,4,0.4,"{0: 2, 1: 2, 2: 1}",0.0,2,1,fan_in,3,2,4,1,0,1,5,0,2,"{1: 4, 0: 1}",{0: 4},0.4,ttdf_1497a25303af,train300,average_of_two|subtract|absolute_difference|ratio_of|build_tag,topo_7279e5f4b24a,1
1.0,0.0,6+,7,7,0.285714,"{0: 1, 1: 6}",1.0,1,1,linear,6,1,6,0,0,1,7,0,1,"{1: 6, 0: 1}",{0: 6},0.461538,ttdf_e26fa047f4d8,train300,fahrenheit_from_celsius|grow_by_rate|proportion_between|midpoint_value|full_groups_of|shrink_by_rate|grow_by_rate,topo_47316b07929b,1
1.0,0.0,2,2,2,1.0,"{0: 1, 1: 1}",1.0,1,1,linear,1,1,1,0,0,1,2,0,1,"{1: 1, 0: 1}",{0: 1},0.333333,ttdf_9a9ce195b513,train300,negate|difference_of_numbers,topo_fdeb50f24873,1
2.0,0.25,4,3,3,0.5,"{0: 2, 1: 1, 2: 1}",0.0,2,1,fan_in,2,2,3,1,0,1,4,0,2,"{1: 3, 0: 1}",{0: 3},0.428571,ttdf_7ad3b54cb7ef,train300,hours_to_minutes|sum_two_numbers|subtract|sum_two_numbers,topo_30980484d6d7,1
1.0,0.0,2,2,2,1.0,"{0: 1, 1: 1}",1.0,1,1,linear,1,1,1,0,0,1,2,0,1,"{1: 1, 0: 1}",{0: 1},0.142857,ttdf_14c55897ced2,train300,series_spread|total_of_pair,topo_fdeb50f24873,1
1.0,0.0,5,5,5,0.4,"{0: 1, 1: 4}",1.0,1,1,linear,4,1,4,0,0,1,5,0,1,"{1: 4, 0: 1}",{0: 4},0.4,ttdf_36b57efe7392,train300,gap_between|midpoint_value|proportion_between|gap_between|scale_quantity,topo_d228dd6db98a,1
2.0,0.25,4,3,3,0.5,"{0: 2, 1: 1, 2: 1}",0.0,2,1,fan_in,2,2,3,1,0,1,4,0,2,"{1: 3, 0: 1}",{0: 3},0.5,ttdf_59367ab6b4d7,train300,km_to_meters|sum_two_numbers|km_to_meters|average_of_two,topo_30980484d6d7,1
2.0,0.2,5,4,4,0.4,"{0: 2, 1: 2, 2: 1}",0.0,2,1,fan_in,3,2,4,1,0,1,5,0,2,"{1: 4, 0: 1}",{0: 4},0.4,ttdf_42f2393a5eeb,train300,per_unit_value|per_unit_value|portion_by_rate|portion_by_rate|proportion_between,topo_2b041b861492,1
3.0,0.142857,6+,4,4,0.285714,"{0: 3, 1: 3, 3: 1}",0.0,3,1,fan_in,4,3,6,1,0,1,7,0,3,"{1: 6, 0: 1}",{0: 6},0.5,ttdf_31c2cfd49449,train300,self_product|midpoint_value|combine_amounts|portion_by_rate|flip_sign|dispersion_of_three|whole_number_of,topo_cff8eb87d925,1
1.0,0.0,3,3,3,0.666667,"{0: 1, 1: 2}",1.0,1,1,linear,2,1,2,0,0,1,3,0,1,"{1: 2, 0: 1}",{0: 2},0.4,ttdf_65a3039cd6ed,train300,whole_number_of|gap_between|shrink_by_rate,topo_1c8dbe1830b2,1
2.0,0.25,4,3,3,0.5,"{0: 2, 1: 1, 2: 1}",0.0,2,1,fan_in,2,2,3,1,0,1,4,0,2,"{1: 3, 0: 1}",{0: 3},0.5,ttdf_3d662a8b3d5d,train300,celsius_to_fahrenheit|average_of_two|inverse|absolute_difference,topo_30980484d6d7,1
2.0,0.333333,3,2,2,0.666667,"{0: 2, 2: 1}",0.0,2,1,fan_in,1,2,2,1,0,1,3,0,2,"{1: 2, 0: 1}",{0: 2},0.333333,ttdf_c6bcd1f43a83,train300,average_of_two|percentage_value|average_of_two,topo_911586a55488,1
3.0,0.166667,6+,4,4,0.333333,"{0: 3, 1: 2, 3: 1}",0.0,3,1,fan_in,3,3,5,1,0,1,6,0,3,"{1: 5, 0: 1}",{0: 5},0.416667,ttdf_72d564577ea1,train300,per_unit_value|reduce_amount|gap_between|gap_between|dispersion_of_three|whole_number_of,topo_8c144cdbfcfb,1
1.0,0.0,5,5,5,0.4,"{0: 1, 1: 4}",1.0,1,1,linear,4,1,4,0,0,1,5,0,1,"{1: 4, 0: 1}",{0: 4},0.5,ttdf_0313a502dad3,train300,celsius_to_fahrenheit|difference_of_numbers|add|sqrt|reminder,topo_d228dd6db98a,1
2.0,0.25,4,3,3,0.5,"{0: 2, 1: 1, 2: 1}",0.0,2,1,fan_in,2,2,3,1,0,1,4,0,2,"{1: 3, 0: 1}",{0: 3},0.428571,ttdf_b2b56b137c8b,train300,product_of_numbers|increase_by_percent|nearest_integer|add,topo_30980484d6d7,1
1.0,0.0,6+,6,6,0.333333,"{0: 1, 1: 5}",1.0,1,1,linear,5,1,5,0,0,1,6,0,1,"{1: 5, 0: 1}",{0: 5},0.454545,ttdf_5aab74ea6a97,train300,celsius_from_fahrenheit|leftover_after_grouping|proportion_between|shrink_by_rate|per_unit_value|total_of_pair,topo_02b29308ce2b,1
1.0,0.0,3,3,3,0.666667,"{0: 1, 1: 2}",1.0,1,1,linear,2,1,2,0,0,1,3,0,1,"{1: 2, 0: 1}",{0: 2},0.4,ttdf_4f4cfd571d97,train300,whole_number_of|grow_by_rate|combine_amounts,topo_1c8dbe1830b2,1
3.0,0.25,4,2,2,0.5,"{0: 3, 3: 1}",0.0,3,1,fan_in,1,3,3,1,0,1,4,0,3,"{1: 3, 0: 1}",{0: 3},0.428571,ttdf_b83412597b54,train300,negate|average_of_two|negate|sum_of_three,topo_64b2717a77dd,1
1.0,0.0,2,2,2,1.0,"{0: 1, 1: 1}",1.0,1,1,linear,1,1,1,0,0,1,2,0,1,"{1: 1, 0: 1}",{0: 1},0.142857,ttdf_51827948d322,train300,aggregate_total|shrink_by_rate,topo_fdeb50f24873,1
1.0,0.0,5,5,5,0.4,"{0: 1, 1: 4}",1.0,1,1,linear,4,1,4,0,0,1,5,0,1,"{1: 4, 0: 1}",{0: 4},0.4,ttdf_4202fca7f96c,train300,leftover_after_grouping|remaining_after|portion_by_rate|leftover_after_grouping|split_evenly,topo_d228dd6db98a,1
2.0,0.142857,6+,4,4,0.285714,"{0: 2, 1: 4, 2: 1}",0.0,2,1,fan_in,5,2,6,1,0,1,7,0,2,"{1: 6, 0: 1}",{0: 6},0.461538,ttdf_022175aa5072,train300,quotient_of|increase_by_percent|ratio_of|absolute_difference|negate|average_of_two|subtract,topo_63f405a71afa,1
2.0,0.142857,6+,6,6,0.285714,"{0: 2, 1: 4, 2: 1}",0.0,2,1,fan_in,5,2,6,1,0,1,7,0,2,"{1: 6, 0: 1}",{0: 6},0.461538,ttdf_9c6752ff7b15,train300,midpoint_value|proportion_between|per_unit_value|pairwise_product|remaining_after|fahrenheit_from_celsius|portion_by_rate,topo_e5fe9f153cd3,1
1.0,0.0,3,3,3,0.666667,"{0: 1, 1: 2}",1.0,1,1,linear,2,1,2,0,0,1,3,0,1,"{1: 2, 0: 1}",{0: 2},0.2,ttdf_679788a6eb45,train300,ratio_of|product_of_numbers|scale_values,topo_1c8dbe1830b2,1
1.0,0.0,2,2,2,1.0,"{0: 1, 1: 1}",1.0,1,1,linear,1,1,1,0,0,1,2,0,1,"{1: 1, 0: 1}",{0: 1},0.333333,ttdf_90db64712927,train300,add|number_to_text,topo_fdeb50f24873,1
2.0,0.333333,3,2,2,0.666667,"{0: 2, 2: 1}",0.0,2,1,fan_in,1,2,2,1,0,1,3,0,2,"{1: 2, 0: 1}",{0: 2},0.333333,ttdf_ca9108b44831,train300,average_of_two|whole_quotient|percent_of,topo_911586a55488,1
1.0,0.0,2,2,2,1.0,"{0: 1, 1: 1}",1.0,1,1,linear,1,1,1,0,0,1,2,0,1,"{1: 1, 0: 1}",{0: 1},0.5,ttdf_3a37de07c8f3,train300,celsius_from_fahrenheit|round_down_whole,topo_fdeb50f24873,1
2.0,0.166667,6+,4,4,0.333333,"{0: 2, 1: 3, 2: 1}",0.0,2,1,fan_in,4,2,5,1,0,1,6,0,2,"{1: 5, 0: 1}",{0: 5},0.5,ttdf_dcb87329f6b3,train300,round_down_whole|grow_by_rate|whole_number_of|proportion_between|shrink_by_rate|gap_between,topo_2b9a65f092bb,1
1.0,0.0,2,2,2,1.0,"{0: 1, 1: 1}",1.0,1,1,linear,1,1,1,0,0,1,2,0,1,"{1: 1, 0: 1}",{0: 1},0.333333,ttdf_3ec78e041369,train300,sqrt|difference_of_numbers,topo_fdeb50f24873,1
2.0,0.333333,3,2,2,0.666667,"{0: 2, 2: 1}",0.0,2,1,fan_in,1,2,2,1,0,1,3,0,2,"{1: 2, 0: 1}",{0: 2},0.333333,ttdf_47d6bafc289b,train300,increase_by_percent|reminder|absolute_difference,topo_911586a55488,1
2.0,0.333333,3,2,2,0.666667,"{0: 2, 2: 1}",0.0,2,1,fan_in,1,2,2,1,0,1,3,0,2,"{1: 2, 0: 1}",{0: 2},0.4,ttdf_83ebd07be4f3,train300,scale_quantity|self_product|total_of_pair,topo_911586a55488,1
3.0,0.2,5,3,3,0.4,"{0: 3, 1: 1, 3: 1}",0.0,3,1,fan_in,2,3,4,1,0,1,5,0,3,"{1: 4, 0: 1}",{0: 4},0.4,ttdf_363162f7a59a,train300,average_of_two|add|percent_of|square_value|range_of_three,topo_926c72bac680,1
2.0,0.333333,3,2,2,0.666667,"{0: 2, 2: 1}",0.0,2,1,fan_in,1,2,2,1,0,1,3,0,2,"{1: 2, 0: 1}",{0: 2},0.4,ttdf_4567fb432b15,train300,km_to_meters|ratio_of|multiply,topo_911586a55488,1
2.0,0.333333,3,2,2,0.666667,"{0: 2, 2: 1}",0.0,2,1,fan_in,1,2,2,1,0,1,3,0,2,"{1: 2, 0: 1}",{0: 2},0.4,ttdf_19f08919b197,train300,seconds_from_minutes|gap_between|proportion_between,topo_911586a55488,1
1.0,0.0,2,2,2,1.0,"{0: 1, 1: 1}",1.0,1,1,linear,1,1,1,0,0,1,2,0,1,"{1: 1, 0: 1}",{0: 1},0.25,ttdf_451069ca1428,train300,subtract|is_divisible_by,topo_fdeb50f24873,1
1.0,0.0,2,2,2,1.0,"{0: 1, 1: 1}",1.0,1,1,linear,1,1,1,0,0,1,2,0,1,"{1: 1, 0: 1}",{0: 1},0.2,ttdf_72456fbaceec,train300,central_value|split_evenly,topo_fdeb50f24873,1
1.0,0.0,6+,6,6,0.333333,"{0: 1, 1: 5}",1.0,1,1,linear,5,1,5,0,0,1,6,0,1,"{1: 5, 0: 1}",{0: 5},0.625,ttdf_c918ff392065,train300,hours_to_minutes|absolute_difference|sqrt|absolute_difference|sqrt|nearest_integer,topo_02b29308ce2b,1
2.0,0.142857,6+,5,5,0.285714,"{0: 2, 1: 4, 2: 1}",0.0,2,1,fan_in,5,2,6,1,0,1,7,0,2,"{1: 6, 0: 1}",{0: 6},0.5,ttdf_30262ae3333d,train300,reminder|square_value|sqrt|increase_by_percent|reminder|product_of_numbers|absolute_difference,topo_9e01698159b0,1
2.0,0.333333,3,2,2,0.666667,"{0: 2, 2: 1}",0.0,2,1,fan_in,1,2,2,1,0,1,3,0,2,"{1: 2, 0: 1}",{0: 2},0.4,ttdf_1691d81231be,train300,seconds_to_full_minutes|increase_by_percent|absolute_difference,topo_911586a55488,1
1.0,0.0,2,2,2,1.0,"{0: 1, 1: 1}",1.0,1,1,linear,1,1,1,0,0,1,2,0,1,"{1: 1, 0: 1}",{0: 1},0.142857,ttdf_2e2717475c74,train300,rank_of_peak|full_groups_of,topo_fdeb50f24873,1
1.0,0.0,2,2,2,1.0,"{0: 1, 1: 1}",1.0,1,1,linear,1,1,1,0,0,1,2,0,1,"{1: 1, 0: 1}",{0: 1},0.5,ttdf_6fd76deaf2ef,train300,reciprocal_value|root_extract,topo_fdeb50f24873,1
1.0,0.0,2,2,2,1.0,"{0: 1, 1: 1}",1.0,1,1,linear,1,1,1,0,0,1,2,0,1,"{1: 1, 0: 1}",{0: 1},0.5,ttdf_147d31b4dfa6,train300,fahrenheit_from_celsius|flip_sign,topo_fdeb50f24873,1
1.0,0.0,2,2,2,1.0,"{0: 1, 1: 1}",1.0,1,1,linear,1,1,1,0,0,1,2,0,1,"{1: 1, 0: 1}",{0: 1},0.1,ttdf_f819339eabcf,train300,range_of_values|append_to_values,topo_fdeb50f24873,1
1.0,0.0,2,2,2,1.0,"{0: 1, 1: 1}",1.0,1,1,linear,1,1,1,0,0,1,2,0,1,"{1: 1, 0: 1}",{0: 1},0.142857,ttdf_11e60195255a,train300,rank_of_peak|per_unit_value,topo_fdeb50f24873,1
2.0,0.25,4,3,3,0.5,"{0: 2, 1: 1, 2: 1}",0.0,2,1,fan_in,2,2,3,1,0,1,4,0,2,"{1: 3, 0: 1}",{0: 3},0.428571,ttdf_b58eafc1260c,train300,decrease_by_percent|floor|increase_by_percent|absolute_difference,topo_30980484d6d7,1
2.0,0.333333,3,2,2,0.666667,"{0: 2, 2: 1}",0.0,2,1,fan_in,1,2,2,1,0,1,3,0,2,"{1: 2, 0: 1}",{0: 2},0.4,ttdf_d4145b9444ed,train300,quotient_of|sqrt|sum_two_numbers,topo_911586a55488,1
1.0,0.0,6+,6,6,0.333333,"{0: 1, 1: 5}",1.0,1,1,linear,5,1,5,0,0,1,6,0,1,"{1: 5, 0: 1}",{0: 5},0.416667,ttdf_3cd519865c59,train300,proportion_between|total_of_pair|total_of_pair|trim_precision|shrink_by_rate|scale_quantity,topo_02b29308ce2b,1
1.0,0.0,5,5,5,0.4,"{0: 1, 1: 4}",1.0,1,1,linear,4,1,4,0,0,1,5,0,1,"{1: 4, 0: 1}",{0: 4},0.4,ttdf_4cec37f76993,train300,ratio_of|divide|subtract|divide|decrease_by_percent,topo_d228dd6db98a,1
2.0,0.333333,3,2,2,0.666667,"{0: 2, 2: 1}",0.0,2,1,fan_in,1,2,2,1,0,1,3,0,2,"{1: 2, 0: 1}",{0: 2},0.4,ttdf_c52a7e265e33,train300,nearest_integer|product_of_numbers|average_of_two,topo_911586a55488,1
1.0,0.0,2,2,2,1.0,"{0: 1, 1: 1}",1.0,1,1,linear,1,1,1,0,0,1,2,0,1,"{1: 1, 0: 1}",{0: 1},0.333333,ttdf_2b986e6bdea7,train300,sqrt|decrease_by_percent,topo_fdeb50f24873,1
1.0,0.0,2,2,2,1.0,"{0: 1, 1: 1}",1.0,1,1,linear,1,1,1,0,0,1,2,0,1,"{1: 1, 0: 1}",{0: 1},0.5,ttdf_612e10b789bc,train300,whole_minutes_from_seconds|flip_sign,topo_fdeb50f24873,1
1.0,0.0,6+,6,6,0.333333,"{0: 1, 1: 5}",1.0,1,1,linear,5,1,5,0,0,1,6,0,1,"{1: 5, 0: 1}",{0: 5},0.5,ttdf_a4c6ec0562d9,train300,negate|decrease_by_percent|ratio_of|average_of_two|reminder|nearest_integer,topo_02b29308ce2b,1
1.0,0.0,5,5,5,0.4,"{0: 1, 1: 4}",1.0,1,1,linear,4,1,4,0,0,1,5,0,1,"{1: 4, 0: 1}",{0: 4},0.444444,ttdf_4a3fc5debb9d,train300,portion_by_rate|self_product|portion_by_rate|pairwise_product|total_of_pair,topo_d228dd6db98a,1
2.0,0.333333,3,2,2,0.666667,"{0: 2, 2: 1}",0.0,2,1,fan_in,1,2,2,1,0,1,3,0,2,"{1: 2, 0: 1}",{0: 2},0.4,ttdf_2bc38c9c4e20,train300,fahrenheit_from_celsius|total_of_pair|proportion_between,topo_911586a55488,1
1.0,0.0,2,2,2,1.0,"{0: 1, 1: 1}",1.0,1,1,linear,1,1,1,0,0,1,2,0,1,"{1: 1, 0: 1}",{0: 1},0.5,ttdf_5ab1d2b6b663,train300,flip_sign|reciprocal_value,topo_fdeb50f24873,1
2.0,0.25,4,3,3,0.5,"{0: 2, 1: 1, 2: 1}",0.0,2,1,fan_in,2,2,3,1,0,1,4,0,2,"{1: 3, 0: 1}",{0: 3},0.428571,ttdf_688d7095b683,train300,meters_to_km|decrease_by_percent|average_of_two|multiply,topo_5b37b75596d2,1
2.0,0.333333,3,2,2,0.666667,"{0: 2, 2: 1}",0.0,2,1,fan_in,1,2,2,1,0,1,3,0,2,"{1: 2, 0: 1}",{0: 2},0.333333,ttdf_1248c57efcc6,train300,increase_by_percent|modulo_of|multiply,topo_911586a55488,1
2.0,0.25,4,3,3,0.5,"{0: 2, 1: 1, 2: 1}",0.0,2,1,fan_in,2,2,3,1,0,1,4,0,2,"{1: 3, 0: 1}",{0: 3},0.5,ttdf_a22ec997fe59,train300,ceiling|product_of_numbers|negate|product_of_numbers,topo_5b37b75596d2,1
1.0,0.0,2,2,2,1.0,"{0: 1, 1: 1}",1.0,1,1,linear,1,1,1,0,0,1,2,0,1,"{1: 1, 0: 1}",{0: 1},0.142857,ttdf_319508cf581c,train300,rank_of_peak|proportion_between,topo_fdeb50f24873,1
1.0,0.0,2,2,2,1.0,"{0: 1, 1: 1}",1.0,1,1,linear,1,1,1,0,0,1,2,0,1,"{1: 1, 0: 1}",{0: 1},0.25,ttdf_dafc1b2ddacc,train300,round_to_decimals|subtract,topo_fdeb50f24873,1
2.0,0.25,4,3,3,0.5,"{0: 2, 1: 1, 2: 1}",0.0,2,1,fan_in,2,2,3,1,0,1,4,0,2,"{1: 3, 0: 1}",{0: 3},0.5,ttdf_8d8527bbdc03,train300,inverse|ceiling|sum_two_numbers|ratio_of,topo_5b37b75596d2,1
2.0,0.25,4,3,3,0.5,"{0: 2, 1: 1, 2: 1}",0.0,2,1,fan_in,2,2,3,1,0,1,4,0,2,"{1: 3, 0: 1}",{0: 3},0.428571,ttdf_57b10ed8cf78,train300,floor|product_of_numbers|product_of_numbers|ratio_of,topo_30980484d6d7,1
1.0,0.0,2,2,2,1.0,"{0: 1, 1: 1}",1.0,1,1,linear,1,1,1,0,0,1,2,0,1,"{1: 1, 0: 1}",{0: 1},0.333333,ttdf_b0341ac4c9aa,train300,sqrt|sum_two_numbers,topo_fdeb50f24873,1
1.0,0.0,2,2,2,1.0,"{0: 1, 1: 1}",1.0,1,1,linear,1,1,1,0,0,1,2,0,1,"{1: 1, 0: 1}",{0: 1},0.333333,ttdf_17d9120659cf,train300,parse_numeric_text|format_number_fixed,topo_fdeb50f24873,1
1.0,0.0,2,2,2,1.0,"{0: 1, 1: 1}",1.0,1,1,linear,1,1,1,0,0,1,2,0,1,"{1: 1, 0: 1}",{0: 1},0.2,ttdf_005efca1844f,train300,aggregate_total|reduce_amount,topo_fdeb50f24873,1
1.0,0.0,2,2,2,1.0,"{0: 1, 1: 1}",1.0,1,1,linear,1,1,1,0,0,1,2,0,1,"{1: 1, 0: 1}",{0: 1},0.2,ttdf_8b058331392f,train300,km_to_meters|append_to_values,topo_fdeb50f24873,1
2.0,0.333333,3,2,2,0.666667,"{0: 2, 2: 1}",0.0,2,1,fan_in,1,2,2,1,0,1,3,0,2,"{1: 2, 0: 1}",{0: 2},0.4,ttdf_b04dd3250bb1,train300,sqrt|ratio_of|multiply,topo_911586a55488,1
1.0,0.0,3,3,3,0.666667,"{0: 1, 1: 2}",1.0,1,1,linear,2,1,2,0,0,1,3,0,1,"{1: 2, 0: 1}",{0: 2},0.25,ttdf_f4e3251080e5,train300,negate|ratio_of|scale_values,topo_1c8dbe1830b2,1
1.0,0.0,6+,6,6,0.333333,"{0: 1, 1: 5}",1.0,1,1,linear,5,1,5,0,0,1,6,0,1,"{1: 5, 0: 1}",{0: 5},0.5,ttdf_d2a895e12a22,train300,km_to_meters|average_of_two|absolute_difference|percent_of|divide|nearest_integer,topo_02b29308ce2b,1
1.0,0.0,2,2,2,1.0,"{0: 1, 1: 1}",1.0,1,1,linear,1,1,1,0,0,1,2,0,1,"{1: 1, 0: 1}",{0: 1},0.125,ttdf_b0e1313215db,train300,count_of_values|scale_values,topo_fdeb50f24873,1
2.0,0.333333,3,2,2,0.666667,"{0: 2, 2: 1}",0.0,2,1,fan_in,1,2,2,1,0,1,3,0,2,"{1: 2, 0: 1}",{0: 2},0.4,ttdf_5f2eb8ec39ec,train300,reciprocal_value|portion_by_rate|proportion_between,topo_911586a55488,1
2.0,0.142857,6+,4,4,0.285714,"{0: 2, 1: 4, 2: 1}",0.0,2,1,fan_in,5,2,6,1,0,1,7,0,2,"{1: 6, 0: 1}",{0: 6},0.545455,ttdf_106079237341,train300,minutes_to_seconds|absolute_difference|negate|km_to_meters|difference_of_numbers|product_of_numbers|difference_of_numbers,topo_63f405a71afa,1
1.0,0.0,2,2,2,1.0,"{0: 1, 1: 1}",1.0,1,1,linear,1,1,1,0,0,1,2,0,1,"{1: 1, 0: 1}",{0: 1},0.166667,ttdf_30604a02a4a5,train300,aggregate_total|leftover_after_grouping,topo_fdeb50f24873,1
2.0,0.166667,6+,5,5,0.333333,"{0: 2, 1: 3, 2: 1}",0.0,2,1,fan_in,4,2,5,1,0,1,6,0,2,"{1: 5, 0: 1}",{0: 5},0.5,ttdf_044a60c4e27e,train300,meters_to_km|decrease_by_percent|negate|sum_two_numbers|increase_by_percent|product_of_numbers,topo_33e36888cf10,1
2.0,0.142857,6+,6,6,0.285714,"{0: 2, 1: 4, 2: 1}",0.0,2,1,fan_in,5,2,6,1,0,1,7,0,2,"{1: 6, 0: 1}",{0: 6},0.461538,ttdf_05d62bcf105b,train300,pairwise_product|proportion_between|total_of_pair|gap_between|flip_sign|grow_by_rate|total_of_pair,topo_4a07cdfdb909,1
3.0,0.25,4,2,2,0.5,"{0: 3, 3: 1}",0.0,3,1,fan_in,1,3,3,1,0,1,4,0,3,"{1: 3, 0: 1}",{0: 3},0.428571,ttdf_9608810991a9,train300,quotient_of|inverse|floor|range_of_three,topo_64b2717a77dd,1
1.0,0.0,3,3,3,0.666667,"{0: 1, 1: 2}",1.0,1,1,linear,2,1,2,0,0,1,3,0,1,"{1: 2, 0: 1}",{0: 2},0.25,ttdf_9236b2118b75,train300,average_of_two|increase_by_percent|scale_values,topo_1c8dbe1830b2,1
2.0,0.2,5,4,4,0.4,"{0: 2, 1: 2, 2: 1}",0.0,2,1,fan_in,3,2,4,1,0,1,5,0,2,"{1: 4, 0: 1}",{0: 4},0.4,ttdf_388100fe8a5d,train300,trim_precision|midpoint_value|split_evenly|remaining_after|portion_by_rate,topo_2b041b861492,1
3.0,0.2,5,3,3,0.4,"{0: 3, 1: 1, 3: 1}",0.0,3,1,fan_in,2,3,4,1,0,1,5,0,3,"{1: 4, 0: 1}",{0: 4},0.5,ttdf_04b00af46982,train300,square_value|percentage_value|square_value|sqrt|mean_of_three,topo_926c72bac680,1
1.0,0.0,2,2,2,1.0,"{0: 1, 1: 1}",1.0,1,1,linear,1,1,1,0,0,1,2,0,1,"{1: 1, 0: 1}",{0: 1},0.142857,ttdf_8255f00ac007,train300,central_value|gap_between,topo_fdeb50f24873,1
1.0,0.0,6+,6,6,0.333333,"{0: 1, 1: 5}",1.0,1,1,linear,5,1,5,0,0,1,6,0,1,"{1: 5, 0: 1}",{0: 5},0.454545,ttdf_1774ca010efd,train300,seconds_from_minutes|remaining_after|midpoint_value|scale_quantity|midpoint_value|remaining_after,topo_02b29308ce2b,1
2.0,0.166667,6+,4,4,0.333333,"{0: 2, 1: 3, 2: 1}",0.0,2,1,fan_in,4,2,5,1,0,1,6,0,2,"{1: 5, 0: 1}",{0: 5},0.555556,ttdf_5c1811f269c9,train300,reciprocal_value|root_extract|midpoint_value|celsius_from_fahrenheit|full_groups_of|midpoint_value,topo_2b9a65f092bb,1
2.0,0.125,6+,6,6,0.25,"{0: 2, 1: 5, 2: 1}",0.0,2,1,fan_in,6,2,7,1,0,1,8,0,2,"{1: 7, 0: 1}",{0: 7},0.5,ttdf_00e8c3231e5f,train300,leftover_after_grouping|midpoint_value|reciprocal_value|total_of_pair|leftover_after_grouping|root_extract|portion_by_rate|total_of_pair,topo_ace9c53050f0,1
3.0,0.125,6+,4,4,0.25,"{0: 3, 1: 4, 3: 1}",0.0,3,1,fan_in,5,3,7,1,0,1,8,0,3,"{1: 7, 0: 1}",{0: 7},0.4375,ttdf_4e2a3eb7132f,train300,portion_by_rate|total_of_pair|proportion_between|trim_precision|trim_precision|per_unit_value|balance_of_three|whole_number_of,topo_d4b4ab44315e,1
1.0,0.0,4,4,4,0.5,"{0: 1, 1: 3}",1.0,1,1,linear,3,1,3,0,0,1,4,0,1,"{1: 3, 0: 1}",{0: 3},0.5,ttdf_7259ee23f0ab,train300,ceiling|quotient_of|average_of_two|square_value,topo_5296967693d8,1
2.0,0.333333,3,2,2,0.666667,"{0: 2, 2: 1}",0.0,2,1,fan_in,1,2,2,1,0,1,3,0,2,"{1: 2, 0: 1}",{0: 2},0.4,ttdf_345e33c16f78,train300,round_up_whole|per_unit_value|pairwise_product,topo_911586a55488,1
1.0,0.0,3,3,3,0.666667,"{0: 1, 1: 2}",1.0,1,1,linear,2,1,2,0,0,1,3,0,1,"{1: 2, 0: 1}",{0: 2},0.25,ttdf_102b350308ae,train300,percent_of|difference_of_numbers|append_to_values,topo_1c8dbe1830b2,1
2.0,0.333333,3,2,2,0.666667,"{0: 2, 2: 1}",0.0,2,1,fan_in,1,2,2,1,0,1,3,0,2,"{1: 2, 0: 1}",{0: 2},0.333333,ttdf_2345b4ed0bee,train300,per_unit_value|shrink_by_rate|portion_by_rate,topo_911586a55488,1
1.0,0.0,2,2,2,1.0,"{0: 1, 1: 1}",1.0,1,1,linear,1,1,1,0,0,1,2,0,1,"{1: 1, 0: 1}",{0: 1},0.142857,ttdf_ba79321fa94d,train300,aggregate_total|gap_between,topo_fdeb50f24873,1
2.0,0.333333,3,2,2,0.666667,"{0: 2, 2: 1}",0.0,2,1,fan_in,1,2,2,1,0,1,3,0,2,"{1: 2, 0: 1}",{0: 2},0.333333,ttdf_3f37a8742f19,train300,absolute_difference|percentage_value|average_of_two,topo_911586a55488,1
2.0,0.25,4,3,3,0.5,"{0: 2, 2: 1, 1: 1}",0.0,2,1,fan_in,2,2,3,1,0,1,4,0,2,"{1: 3, 0: 1}",{0: 3},0.5,ttdf_e4e89fb61074,train300,meters_from_km|whole_number_of|gap_between|compose_reference_code,topo_bd3dd51ec1a9,1
3.0,0.25,4,2,2,0.5,"{0: 3, 3: 1}",0.0,3,1,fan_in,1,3,3,1,0,1,4,0,3,"{1: 3, 0: 1}",{0: 3},0.375,ttdf_688d7dfd53e2,train300,negate|subtract|quotient_of|sum_of_three,topo_64b2717a77dd,1
1.0,0.0,2,2,2,1.0,"{0: 1, 1: 1}",1.0,1,1,linear,1,1,1,0,0,1,2,0,1,"{1: 1, 0: 1}",{0: 1},0.333333,ttdf_2537c818df85,train300,flip_sign|midpoint_value,topo_fdeb50f24873,1
1.0,0.0,2,2,2,1.0,"{0: 1, 1: 1}",1.0,1,1,linear,1,1,1,0,0,1,2,0,1,"{1: 1, 0: 1}",{0: 1},0.333333,ttdf_73a95eb94f13,train300,reciprocal_value|full_groups_of,topo_fdeb50f24873,1
1.0,0.0,2,2,2,1.0,"{0: 1, 1: 1}",1.0,1,1,linear,1,1,1,0,0,1,2,0,1,"{1: 1, 0: 1}",{0: 1},0.166667,ttdf_ad5b49a1c4ab,train300,series_spread|proportion_between,topo_fdeb50f24873,1
3.0,0.2,5,3,3,0.4,"{0: 3, 1: 1, 3: 1}",0.0,3,1,fan_in,2,3,4,1,0,1,5,0,3,"{1: 4, 0: 1}",{0: 4},0.4,ttdf_f5291abb4df5,train300,round_to_decimals|floor|average_of_two|floor_divide|mean_of_three,topo_926c72bac680,1
1.0,0.0,2,2,2,1.0,"{0: 1, 1: 1}",1.0,1,1,linear,1,1,1,0,0,1,2,0,1,"{1: 1, 0: 1}",{0: 1},0.142857,ttdf_167a725e87ee,train300,count_of_values|absolute_difference,topo_fdeb50f24873,1
1.0,0.0,4,4,4,0.5,"{0: 1, 1: 3}",1.0,1,1,linear,3,1,3,0,0,1,4,0,1,"{1: 3, 0: 1}",{0: 3},0.428571,ttdf_29a5374ffa1c,train300,absolute_difference|negate|product_of_numbers|absolute_difference,topo_5296967693d8,1
1.0,0.0,2,2,2,1.0,"{0: 1, 1: 1}",1.0,1,1,linear,1,1,1,0,0,1,2,0,1,"{1: 1, 0: 1}",{0: 1},0.5,ttdf_532d50f0732d,train300,root_extract|flip_sign,topo_fdeb50f24873,1
1.0,0.0,5,5,5,0.4,"{0: 1, 1: 4}",1.0,1,1,linear,4,1,4,0,0,1,5,0,1,"{1: 4, 0: 1}",{0: 4},0.444444,ttdf_f21e2b3a1df3,train300,increase_by_percent|percent_of|ratio_of|quotient_of|negate,topo_d228dd6db98a,1
2.0,0.142857,6+,5,5,0.285714,"{0: 2, 1: 4, 2: 1}",0.0,2,1,fan_in,5,2,6,1,0,1,7,0,2,"{1: 6, 0: 1}",{0: 6},0.5,ttdf_ed4a7e43fad4,train300,sqrt|add|ratio_of|multiply|seconds_to_full_minutes|absolute_difference|average_of_two,topo_ca6030f187be,1
1.0,0.0,5,5,5,0.4,"{0: 1, 1: 4}",1.0,1,1,linear,4,1,4,0,0,1,5,0,1,"{1: 4, 0: 1}",{0: 4},0.5,ttdf_9be7c6634296,train300,seconds_to_full_minutes|ratio_of|product_of_numbers|increase_by_percent|square_value,topo_d228dd6db98a,1
1.0,0.0,4,4,4,0.5,"{0: 1, 1: 3}",1.0,1,1,linear,3,1,3,0,0,1,4,0,1,"{1: 3, 0: 1}",{0: 3},0.5,ttdf_4b8a1b98da61,train300,seconds_from_minutes|full_groups_of|full_groups_of|reciprocal_value,topo_5296967693d8,1
2.0,0.125,6+,5,5,0.25,"{0: 2, 1: 5, 2: 1}",0.0,2,1,fan_in,6,2,7,1,0,1,8,0,2,"{1: 7, 0: 1}",{0: 7},0.583333,ttdf_35d84caa80a4,train300,meters_to_km|ratio_of|quotient_of|inverse|difference_of_numbers|square_value|inverse|quotient_of,topo_c39b8213eda5,1
2.0,0.125,6+,7,7,0.25,"{0: 2, 1: 5, 2: 1}",0.0,2,1,fan_in,6,2,7,1,0,1,8,0,2,"{1: 7, 0: 1}",{0: 7},0.538462,ttdf_bfbb9cf450ca,train300,seconds_to_full_minutes|quotient_of|difference_of_numbers|ceiling|add|average_of_two|nearest_integer|absolute_difference,topo_4769cc1ff8df,1
2.0,0.333333,3,2,2,0.666667,"{0: 2, 2: 1}",0.0,2,1,fan_in,1,2,2,1,0,1,3,0,2,"{1: 2, 0: 1}",{0: 2},0.4,ttdf_8f88fd432c9f,train300,flip_sign|midpoint_value|midpoint_value,topo_911586a55488,1
1.0,0.0,2,2,2,1.0,"{0: 1, 1: 1}",1.0,1,1,linear,1,1,1,0,0,1,2,0,1,"{1: 1, 0: 1}",{0: 1},0.333333,ttdf_73596c9703cc,train300,reciprocal_value|gap_between,topo_fdeb50f24873,1
1.0,0.0,2,2,2,1.0,"{0: 1, 1: 1}",1.0,1,1,linear,1,1,1,0,0,1,2,0,1,"{1: 1, 0: 1}",{0: 1},0.333333,ttdf_598754ab0b49,train300,proportion_between|self_product,topo_fdeb50f24873,1
3.0,0.25,4,2,2,0.5,"{0: 3, 3: 1}",0.0,3,1,fan_in,1,3,3,1,0,1,4,0,3,"{1: 3, 0: 1}",{0: 3},0.375,ttdf_8c4efd16cc6a,train300,decrease_by_percent|square_value|ratio_of|range_of_three,topo_64b2717a77dd,1
1.0,0.0,2,2,2,1.0,"{0: 1, 1: 1}",1.0,1,1,linear,1,1,1,0,0,1,2,0,1,"{1: 1, 0: 1}",{0: 1},0.25,ttdf_272ce16153d2,train300,floor_divide|is_divisible_by,topo_fdeb50f24873,1
3.0,0.25,4,2,2,0.5,"{0: 3, 3: 1}",0.0,3,1,fan_in,1,3,3,1,0,1,4,0,3,"{1: 3, 0: 1}",{0: 3},0.375,ttdf_adabb13832c4,train300,shrink_by_rate|reciprocal_value|gap_between|balance_of_three,topo_64b2717a77dd,1
3.0,0.166667,6+,4,4,0.333333,"{0: 3, 1: 2, 3: 1}",0.0,3,1,fan_in,3,3,5,1,0,1,6,0,3,"{1: 5, 0: 1}",{0: 5},0.416667,ttdf_2416d321d9dc,train300,portion_by_rate|shrink_by_rate|grow_by_rate|reduce_amount|total_of_three_parts|whole_number_of,topo_8c144cdbfcfb,1
1.0,0.0,3,3,3,0.666667,"{0: 1, 1: 2}",1.0,1,1,linear,2,1,2,0,0,1,3,0,1,"{1: 2, 0: 1}",{0: 2},0.2,ttdf_2b7b2e5311b5,train300,position_of_maximum|square_value|scale_values,topo_1c8dbe1830b2,1
2.0,0.142857,6+,5,5,0.285714,"{0: 2, 1: 4, 2: 1}",0.0,2,1,fan_in,5,2,6,1,0,1,7,0,2,"{1: 6, 0: 1}",{0: 6},0.428571,ttdf_8db5901e0f81,train300,sum_two_numbers|whole_quotient|decrease_by_percent|ratio_of|average_of_two|increase_by_percent|percent_of,topo_9e01698159b0,1
1.0,0.0,4,4,4,0.5,"{0: 1, 1: 3}",1.0,1,1,linear,3,1,3,0,0,1,4,0,1,"{1: 3, 0: 1}",{0: 3},0.5,ttdf_c4f4e5696839,train300,minutes_to_seconds|ratio_of|ratio_of|negate,topo_5296967693d8,1
1.0,0.0,3,3,3,0.666667,"{0: 1, 1: 2}",1.0,1,1,linear,2,1,2,0,0,1,3,0,1,"{1: 2, 0: 1}",{0: 2},0.4,ttdf_3e34cd422236,train300,seconds_from_minutes|midpoint_value|combine_amounts,topo_1c8dbe1830b2,1
1.0,0.0,5,5,5,0.4,"{0: 1, 1: 4}",1.0,1,1,linear,4,1,4,0,0,1,5,0,1,"{1: 4, 0: 1}",{0: 4},0.5,ttdf_babe92909820,train300,fahrenheit_from_celsius|round_up_whole|split_evenly|grow_by_rate|gap_between,topo_d228dd6db98a,1
2.0,0.166667,6+,5,5,0.333333,"{0: 2, 1: 3, 2: 1}",0.0,2,1,fan_in,4,2,5,1,0,1,6,0,2,"{1: 5, 0: 1}",{0: 5},0.454545,ttdf_42d2995a6f40,train300,celsius_to_fahrenheit|add|quotient_of|difference_of_numbers|absolute_difference|ratio_of,topo_926312b15db7,1
1.0,0.0,2,2,2,1.0,"{0: 1, 1: 1}",1.0,1,1,linear,1,1,1,0,0,1,2,0,1,"{1: 1, 0: 1}",{0: 1},0.333333,ttdf_1ae468c27d05,train300,grow_by_rate|round_down_whole,topo_fdeb50f24873,1
1.0,0.0,2,2,2,1.0,"{0: 1, 1: 1}",1.0,1,1,linear,1,1,1,0,0,1,2,0,1,"{1: 1, 0: 1}",{0: 1},0.333333,ttdf_deae1f887c12,train300,square_value|percentage_value,topo_fdeb50f24873,1
2.0,0.333333,3,2,2,0.666667,"{0: 2, 2: 1}",0.0,2,1,fan_in,1,2,2,1,0,1,3,0,2,"{1: 2, 0: 1}",{0: 2},0.4,ttdf_1900644b6130,train300,square_value|floor_divide|absolute_difference,topo_911586a55488,1
2.0,0.125,6+,6,6,0.25,"{0: 2, 1: 5, 2: 1}",0.0,2,1,fan_in,6,2,7,1,0,1,8,0,2,"{1: 7, 0: 1}",{0: 7},0.466667,ttdf_0544aaee4722,train300,difference_of_numbers|percent_of|fahrenheit_to_celsius|ratio_of|ratio_of|average_of_two|decrease_by_percent|percent_of,topo_e1b2f19eddb9,1
1.0,0.0,6+,6,6,0.333333,"{0: 1, 1: 5}",1.0,1,1,linear,5,1,5,0,0,1,6,0,1,"{1: 5, 0: 1}",{0: 5},0.5,ttdf_976c382204d3,train300,km_from_meters|shrink_by_rate|round_up_whole|total_of_pair|gap_between|gap_between,topo_02b29308ce2b,1
2.0,0.25,4,3,3,0.5,"{0: 2, 2: 1, 1: 1}",0.0,2,1,fan_in,2,2,3,1,0,1,4,0,2,"{1: 3, 0: 1}",{0: 3},0.5,ttdf_f6b2887c6919,train300,meters_from_km|self_product|reduce_amount|compose_reference_code,topo_bd3dd51ec1a9,1
1.0,0.0,2,2,2,1.0,"{0: 1, 1: 1}",1.0,1,1,linear,1,1,1,0,0,1,2,0,1,"{1: 1, 0: 1}",{0: 1},0.5,ttdf_1ed80d92835f,train300,nearest_integer|square_value,topo_fdeb50f24873,1
3.0,0.142857,6+,3,3,0.285714,"{0: 3, 1: 3, 3: 1}",0.0,3,1,fan_in,4,3,6,1,0,1,7,0,3,"{1: 6, 0: 1}",{0: 6},0.461538,ttdf_7f5e25dcaf3a,train300,nearest_integer|add|floor|decrease_by_percent|average_of_two|increase_by_percent|range_of_three,topo_b53a306e6f0b,1
1.0,0.0,2,2,2,1.0,"{0: 1, 1: 1}",1.0,1,1,linear,1,1,1,0,0,1,2,0,1,"{1: 1, 0: 1}",{0: 1},0.2,ttdf_4b355213991f,train300,central_value|pairwise_product,topo_fdeb50f24873,1
2.0,0.25,4,3,3,0.5,"{0: 2, 2: 1, 1: 1}",0.0,2,1,fan_in,2,2,3,1,0,1,4,0,2,"{1: 3, 0: 1}",{0: 3},0.5,ttdf_4258c552ac5e,train300,minutes_from_hours|whole_minutes_from_seconds|midpoint_value|annotate_measurement,topo_bd3dd51ec1a9,1
1.0,0.0,5,5,5,0.4,"{0: 1, 1: 4}",1.0,1,1,linear,4,1,4,0,0,1,5,0,1,"{1: 4, 0: 1}",{0: 4},0.5,ttdf_0be5b6cb75ae,train300,sum_two_numbers|inverse|decrease_by_percent|negate|percentage_value,topo_d228dd6db98a,1
1.0,0.0,6+,7,7,0.285714,"{0: 1, 1: 6}",1.0,1,1,linear,6,1,6,0,0,1,7,0,1,"{1: 6, 0: 1}",{0: 6},0.428571,ttdf_71260bf92acb,train300,central_value|trim_precision|shrink_by_rate|flip_sign|split_evenly|portion_by_rate|full_groups_of,topo_47316b07929b,1
2.0,0.142857,6+,4,4,0.285714,"{0: 2, 1: 4, 2: 1}",0.0,2,1,fan_in,5,2,6,1,0,1,7,0,2,"{1: 6, 0: 1}",{0: 6},0.461538,ttdf_45c1968f9754,train300,round_up_whole|proportion_between|combine_amounts|leftover_after_grouping|midpoint_value|proportion_between|gap_between,topo_63f405a71afa,1
3.0,0.25,4,2,2,0.5,"{0: 3, 3: 1}",0.0,3,1,fan_in,1,3,3,1,0,1,4,0,3,"{1: 3, 0: 1}",{0: 3},0.375,ttdf_8209223201ed,train300,round_up_whole|scale_quantity|combine_amounts|dispersion_of_three,topo_64b2717a77dd,1
2.0,0.142857,6+,4,4,0.285714,"{0: 2, 1: 4, 2: 1}",0.0,2,1,fan_in,5,2,6,1,0,1,7,0,2,"{1: 6, 0: 1}",{0: 6},0.428571,ttdf_5808df6fd315,train300,shrink_by_rate|shrink_by_rate|split_evenly|grow_by_rate|split_evenly|combine_amounts|split_evenly,topo_63f405a71afa,1
2.0,0.2,5,4,4,0.4,"{0: 2, 1: 2, 2: 1}",0.0,2,1,fan_in,3,2,4,1,0,1,5,0,2,"{1: 4, 0: 1}",{0: 4},0.4,ttdf_2e4c515a13ac,train300,product_of_numbers|subtract|floor_divide|divide|label_with_unit,topo_7279e5f4b24a,1
1.0,0.0,2,2,2,1.0,"{0: 1, 1: 1}",1.0,1,1,linear,1,1,1,0,0,1,2,0,1,"{1: 1, 0: 1}",{0: 1},0.25,ttdf_042a02215c83,train300,trim_precision|reduce_amount,topo_fdeb50f24873,1
1.0,0.0,2,2,2,1.0,"{0: 1, 1: 1}",1.0,1,1,linear,1,1,1,0,0,1,2,0,1,"{1: 1, 0: 1}",{0: 1},0.25,ttdf_043985a8ce1c,train300,whole_quotient|format_number_fixed,topo_fdeb50f24873,1
1.0,0.0,6+,6,6,0.333333,"{0: 1, 1: 5}",1.0,1,1,linear,5,1,5,0,0,1,6,0,1,"{1: 5, 0: 1}",{0: 5},0.5,ttdf_4dd3d4ca918b,train300,proportion_between|reciprocal_value|midpoint_value|portion_by_rate|self_product|shrink_by_rate,topo_02b29308ce2b,1
2.0,0.333333,3,2,2,0.666667,"{0: 2, 2: 1}",0.0,2,1,fan_in,1,2,2,1,0,1,3,0,2,"{1: 2, 0: 1}",{0: 2},0.333333,ttdf_942dab9f4ab7,train300,ratio_of|add|ratio_of,topo_911586a55488,1
1.0,0.0,2,2,2,1.0,"{0: 1, 1: 1}",1.0,1,1,linear,1,1,1,0,0,1,2,0,1,"{1: 1, 0: 1}",{0: 1},0.333333,ttdf_89a5963f242c,train300,floor|is_divisible_by,topo_fdeb50f24873,1
2.0,0.142857,6+,5,5,0.285714,"{0: 2, 1: 4, 2: 1}",0.0,2,1,fan_in,5,2,6,1,0,1,7,0,2,"{1: 6, 0: 1}",{0: 6},0.545455,ttdf_8a92590fcafb,train300,flip_sign|grow_by_rate|per_unit_value|round_up_whole|portion_by_rate|whole_number_of|pairwise_product,topo_ca6030f187be,1
3.0,0.25,4,2,2,0.5,"{0: 3, 3: 1}",0.0,3,1,fan_in,1,3,3,1,0,1,4,0,3,"{1: 3, 0: 1}",{0: 3},0.375,ttdf_a6da9c250e6d,train300,average_of_two|inverse|add|mean_of_three,topo_64b2717a77dd,1
1.0,0.0,4,4,4,0.5,"{0: 1, 1: 3}",1.0,1,1,linear,3,1,3,0,0,1,4,0,1,"{1: 3, 0: 1}",{0: 3},0.375,ttdf_2f4bbfee307c,train300,ratio_of|increase_by_percent|modulo_of|quotient_of,topo_5296967693d8,1
3.0,0.166667,6+,4,4,0.333333,"{0: 3, 1: 2, 3: 1}",0.0,3,1,fan_in,3,3,5,1,0,1,6,0,3,"{1: 5, 0: 1}",{0: 5},0.454545,ttdf_1f0b826e72d8,train300,grow_by_rate|reciprocal_value|grow_by_rate|proportion_between|dispersion_of_three|whole_number_of,topo_8c144cdbfcfb,1
2.0,0.2,5,4,4,0.4,"{0: 2, 1: 2, 2: 1}",0.0,2,1,fan_in,3,2,4,1,0,1,5,0,2,"{1: 4, 0: 1}",{0: 4},0.4,ttdf_bc49970de090,train300,decrease_by_percent|quotient_of|whole_quotient|sum_two_numbers|build_tag,topo_0c51481d8aeb,1
2.0,0.25,4,3,3,0.5,"{0: 2, 2: 1, 1: 1}",0.0,2,1,fan_in,2,2,3,1,0,1,4,0,2,"{1: 3, 0: 1}",{0: 3},0.5,ttdf_2c2b2a75f3d9,train300,whole_minutes_from_seconds|celsius_from_fahrenheit|reduce_amount|compose_reference_code,topo_bd3dd51ec1a9,1
2.0,0.2,5,4,4,0.4,"{0: 2, 1: 2, 2: 1}",0.0,2,1,fan_in,3,2,4,1,0,1,5,0,2,"{1: 4, 0: 1}",{0: 4},0.444444,ttdf_389d3366f389,train300,decrease_by_percent|inverse|quotient_of|add|label_with_unit,topo_0c51481d8aeb,1
2.0,0.2,5,4,4,0.4,"{0: 2, 1: 2, 2: 1}",0.0,2,1,fan_in,3,2,4,1,0,1,5,0,2,"{1: 4, 0: 1}",{0: 4},0.5,ttdf_8e8f45395b58,train300,minutes_from_hours|portion_by_rate|per_unit_value|round_up_whole|total_of_pair,topo_774030263969,1
1.0,0.0,2,2,2,1.0,"{0: 1, 1: 1}",1.0,1,1,linear,1,1,1,0,0,1,2,0,1,"{1: 1, 0: 1}",{0: 1},0.25,ttdf_5fcd314270c9,train300,increase_by_percent|format_number_fixed,topo_fdeb50f24873,1
1.0,0.0,2,2,2,1.0,"{0: 1, 1: 1}",1.0,1,1,linear,1,1,1,0,0,1,2,0,1,"{1: 1, 0: 1}",{0: 1},0.333333,ttdf_74caba03ffa6,train300,pairwise_product|flip_sign,topo_fdeb50f24873,1
1.0,0.0,2,2,2,1.0,"{0: 1, 1: 1}",1.0,1,1,linear,1,1,1,0,0,1,2,0,1,"{1: 1, 0: 1}",{0: 1},0.25,ttdf_0e23839e393f,train300,ratio_of|format_number_fixed,topo_fdeb50f24873,1
1.0,0.0,2,2,2,1.0,"{0: 1, 1: 1}",1.0,1,1,linear,1,1,1,0,0,1,2,0,1,"{1: 1, 0: 1}",{0: 1},0.333333,ttdf_9817de938d54,train300,combine_amounts|flip_sign,topo_fdeb50f24873,1
1.0,0.0,2,2,2,1.0,"{0: 1, 1: 1}",1.0,1,1,linear,1,1,1,0,0,1,2,0,1,"{1: 1, 0: 1}",{0: 1},0.125,ttdf_d03e5a45636d,train300,sum_of_values|format_number_fixed,topo_fdeb50f24873,1
2.0,0.166667,6+,5,5,0.333333,"{0: 2, 1: 3, 2: 1}",0.0,2,1,fan_in,4,2,5,1,0,1,6,0,2,"{1: 5, 0: 1}",{0: 5},0.5,ttdf_fb2e22ddad48,train300,sum_two_numbers|multiply|ratio_of|ceiling|floor|ratio_of,topo_926312b15db7,1
2.0,0.125,6+,5,5,0.25,"{0: 2, 1: 5, 2: 1}",0.0,2,1,fan_in,6,2,7,1,0,1,8,0,2,"{1: 7, 0: 1}",{0: 7},0.4375,ttdf_57df8d8c5bcb,train300,proportion_between|trim_precision|leftover_after_grouping|remaining_after|pairwise_product|combine_amounts|combine_amounts|combine_amounts,topo_c39b8213eda5,1
1.0,0.0,2,2,2,1.0,"{0: 1, 1: 1}",1.0,1,1,linear,1,1,1,0,0,1,2,0,1,"{1: 1, 0: 1}",{0: 1},0.25,ttdf_57c581bfb890,train300,product_of_numbers|format_number_fixed,topo_fdeb50f24873,1
2.0,0.166667,6+,5,5,0.333333,"{0: 2, 1: 3, 2: 1}",0.0,2,1,fan_in,4,2,5,1,0,1,6,0,2,"{1: 5, 0: 1}",{0: 5},0.454545,ttdf_5180cb2f6371,train300,floor|subtract|quotient_of|product_of_numbers|floor_divide|sum_two_numbers,topo_926312b15db7,1
2.0,0.25,4,3,3,0.5,"{0: 2, 1: 1, 2: 1}",0.0,2,1,fan_in,2,2,3,1,0,1,4,0,2,"{1: 3, 0: 1}",{0: 3},0.428571,ttdf_a2107b27b9f6,train300,inverse|floor_divide|increase_by_percent|percentage_value,topo_30980484d6d7,1
2.0,0.333333,3,2,2,0.666667,"{0: 2, 2: 1}",0.0,2,1,fan_in,1,2,2,1,0,1,3,0,2,"{1: 2, 0: 1}",{0: 2},0.333333,ttdf_286cc86ff982,train300,product_of_numbers|absolute_difference|add,topo_911586a55488,1
1.0,0.0,6+,8,8,0.25,"{0: 1, 1: 7}",1.0,1,1,linear,7,1,7,0,0,1,8,0,1,"{1: 7, 0: 1}",{0: 7},0.466667,ttdf_3fbf368af327,train300,sum_of_values|modulo_of|increase_by_percent|sum_two_numbers|sum_two_numbers|average_of_two|square_value|nearest_integer,topo_ff8ead63c33b,1
1.0,0.0,2,2,2,1.0,"{0: 1, 1: 1}",1.0,1,1,linear,1,1,1,0,0,1,2,0,1,"{1: 1, 0: 1}",{0: 1},0.333333,ttdf_7966a158a707,train300,full_groups_of|reciprocal_value,topo_fdeb50f24873,1
2.0,0.125,6+,5,5,0.25,"{0: 2, 1: 5, 2: 1}",0.0,2,1,fan_in,6,2,7,1,0,1,8,0,2,"{1: 7, 0: 1}",{0: 7},0.5,ttdf_30a35ee0f7b0,train300,whole_quotient|absolute_difference|decrease_by_percent|increase_by_percent|floor|divide|inverse|average_of_two,topo_bf579ac7c4b1,1
3.0,0.2,5,3,3,0.4,"{0: 3, 1: 1, 3: 1}",0.0,3,1,fan_in,2,3,4,1,0,1,5,0,3,"{1: 4, 0: 1}",{0: 4},0.444444,ttdf_2134f49bd3ad,train600,reduce_amount|full_groups_of|round_up_whole|flip_sign|total_of_three_parts,topo_926c72bac680,1
2.0,0.2,5,4,4,0.4,"{0: 2, 1: 2, 2: 1}",0.0,2,1,fan_in,3,2,4,1,0,1,5,0,2,"{1: 4, 0: 1}",{0: 4},0.444444,ttdf_a59ae8939796,train600,proportion_between|self_product|grow_by_rate|grow_by_rate|portion_by_rate,topo_774030263969,1
1.0,0.0,2,2,2,1.0,"{0: 1, 1: 1}",1.0,1,1,linear,1,1,1,0,0,1,2,0,1,"{1: 1, 0: 1}",{0: 1},0.333333,ttdf_562e14e68ec4,train600,nearest_integer|subtract,topo_fdeb50f24873,1
2.0,0.25,4,3,3,0.5,"{0: 2, 2: 1, 1: 1}",0.0,2,1,fan_in,2,2,3,1,0,1,4,0,2,"{1: 3, 0: 1}",{0: 3},0.428571,ttdf_4753fd527f32,train600,leftover_after_grouping|celsius_from_fahrenheit|proportion_between|compose_reference_code,topo_bd3dd51ec1a9,1
2.0,0.333333,3,2,2,0.666667,"{0: 2, 2: 1}",0.0,2,1,fan_in,1,2,2,1,0,1,3,0,2,"{1: 2, 0: 1}",{0: 2},0.4,ttdf_a67dd02aea22,train600,negate|increase_by_percent|divide,topo_911586a55488,1
1.0,0.0,6+,7,7,0.285714,"{0: 1, 1: 6}",1.0,1,1,linear,6,1,6,0,0,1,7,0,1,"{1: 6, 0: 1}",{0: 6},0.461538,ttdf_2930e4ea8e12,train600,proportion_between|round_down_whole|proportion_between|per_unit_value|portion_by_rate|remaining_after|per_unit_value,topo_47316b07929b,1
2.0,0.125,6+,7,7,0.25,"{0: 2, 1: 5, 2: 1}",0.0,2,1,fan_in,6,2,7,1,0,1,8,0,2,"{1: 7, 0: 1}",{0: 7},0.5,ttdf_5142b25ba487,train600,sum_two_numbers|product_of_numbers|percent_of|subtract|quotient_of|sqrt|seconds_to_full_minutes|ratio_of,topo_4769cc1ff8df,1
1.0,0.0,2,2,2,1.0,"{0: 1, 1: 1}",1.0,1,1,linear,1,1,1,0,0,1,2,0,1,"{1: 1, 0: 1}",{0: 1},0.333333,ttdf_3890bd39e665,train600,inverse|is_greater,topo_fdeb50f24873,1
1.0,0.0,2,2,2,1.0,"{0: 1, 1: 1}",1.0,1,1,linear,1,1,1,0,0,1,2,0,1,"{1: 1, 0: 1}",{0: 1},0.5,ttdf_532d50f0732d,train600,root_extract|flip_sign,topo_fdeb50f24873,1
2.0,0.25,4,3,3,0.5,"{0: 2, 2: 1, 1: 1}",0.0,2,1,fan_in,2,2,3,1,0,1,4,0,2,"{1: 3, 0: 1}",{0: 3},0.428571,ttdf_0912a2d9b2db,train600,full_groups_of|minutes_from_hours|portion_by_rate|compose_reference_code,topo_bd3dd51ec1a9,1
2.0,0.125,6+,7,7,0.25,"{0: 2, 1: 5, 2: 1}",0.0,2,1,fan_in,6,2,7,1,0,1,8,0,2,"{1: 7, 0: 1}",{0: 7},0.538462,ttdf_206eda2ac240,train600,fahrenheit_from_celsius|shrink_by_rate|flip_sign|proportion_between|leftover_after_grouping|shrink_by_rate|fahrenheit_from_celsius|reduce_amount,topo_4769cc1ff8df,1
1.0,0.0,2,2,2,1.0,"{0: 1, 1: 1}",1.0,1,1,linear,1,1,1,0,0,1,2,0,1,"{1: 1, 0: 1}",{0: 1},0.333333,ttdf_8b4d367aa455,train600,round_down_whole|per_unit_value,topo_fdeb50f24873,1
2.0,0.333333,3,2,2,0.666667,"{0: 2, 2: 1}",0.0,2,1,fan_in,1,2,2,1,0,1,3,0,2,"{1: 2, 0: 1}",{0: 2},0.4,ttdf_4372e82cfaea,train600,portion_by_rate|whole_minutes_from_seconds|total_of_pair,topo_911586a55488,1
1.0,0.0,6+,8,8,0.25,"{0: 1, 1: 7}",1.0,1,1,linear,7,1,7,0,0,1,8,0,1,"{1: 7, 0: 1}",{0: 7},0.466667,ttdf_287fde663010,train600,average_of_two|floor_divide|divide|decrease_by_percent|increase_by_percent|absolute_difference|round_to_decimals|nearest_integer,topo_ff8ead63c33b,1
2.0,0.142857,6+,4,4,0.285714,"{0: 2, 1: 4, 2: 1}",0.0,2,1,fan_in,5,2,6,1,0,1,7,0,2,"{1: 6, 0: 1}",{0: 6},0.461538,ttdf_6f1063fd2398,train600,ratio_of|increase_by_percent|ratio_of|product_of_numbers|add|inverse|percent_of,topo_63f405a71afa,1
2.0,0.2,5,4,4,0.4,"{0: 2, 1: 2, 2: 1}",0.0,2,1,fan_in,3,2,4,1,0,1,5,0,2,"{1: 4, 0: 1}",{0: 4},0.5,ttdf_01f1f3477121,train600,ceiling|celsius_to_fahrenheit|decrease_by_percent|average_of_two|label_with_unit,topo_7279e5f4b24a,1
2.0,0.2,5,4,4,0.4,"{0: 2, 1: 2, 2: 1}",0.0,2,1,fan_in,3,2,4,1,0,1,5,0,2,"{1: 4, 0: 1}",{0: 4},0.5,ttdf_30257f6cbd9c,train600,nearest_integer|subtract|ceiling|sum_two_numbers|label_with_unit,topo_0c51481d8aeb,1
1.0,0.0,4,4,4,0.5,"{0: 1, 1: 3}",1.0,1,1,linear,3,1,3,0,0,1,4,0,1,"{1: 3, 0: 1}",{0: 3},0.428571,ttdf_2b01f67e9a1d,train600,add|subtract|sqrt|round_to_decimals,topo_5296967693d8,1
2.0,0.25,4,3,3,0.5,"{0: 2, 2: 1, 1: 1}",0.0,2,1,fan_in,2,2,3,1,0,1,4,0,2,"{1: 3, 0: 1}",{0: 3},0.5,ttdf_6ce24f7abecb,train600,leftover_after_grouping|fahrenheit_from_celsius|gap_between|whole_number_of,topo_bd3dd51ec1a9,1
1.0,0.0,2,2,2,1.0,"{0: 1, 1: 1}",1.0,1,1,linear,1,1,1,0,0,1,2,0,1,"{1: 1, 0: 1}",{0: 1},0.333333,ttdf_535dbe9527dd,train600,flip_sign|total_of_pair,topo_fdeb50f24873,1
2.0,0.333333,3,2,2,0.666667,"{0: 2, 2: 1}",0.0,2,1,fan_in,1,2,2,1,0,1,3,0,2,"{1: 2, 0: 1}",{0: 2},0.4,ttdf_9989ceca2df4,train600,increase_by_percent|celsius_to_fahrenheit|percentage_value,topo_911586a55488,1
2.0,0.25,4,3,3,0.5,"{0: 2, 1: 1, 2: 1}",0.0,2,1,fan_in,2,2,3,1,0,1,4,0,2,"{1: 3, 0: 1}",{0: 3},0.428571,ttdf_762653723791,train600,km_to_meters|percent_of|product_of_numbers|add,topo_30980484d6d7,1
1.0,0.0,2,2,2,1.0,"{0: 1, 1: 1}",1.0,1,1,linear,1,1,1,0,0,1,2,0,1,"{1: 1, 0: 1}",{0: 1},0.25,ttdf_32bbf29428a3,train600,split_evenly|trim_precision,topo_fdeb50f24873,1
1.0,0.0,4,4,4,0.5,"{0: 1, 1: 3}",1.0,1,1,linear,3,1,3,0,0,1,4,0,1,"{1: 3, 0: 1}",{0: 3},0.428571,ttdf_65fef5d2a589,train600,seconds_to_full_minutes|average_of_two|absolute_difference|absolute_difference,topo_5296967693d8,1
1.0,0.0,2,2,2,1.0,"{0: 1, 1: 1}",1.0,1,1,linear,1,1,1,0,0,1,2,0,1,"{1: 1, 0: 1}",{0: 1},0.333333,ttdf_9814264bbca9,train600,round_up_whole|proportion_between,topo_fdeb50f24873,1
1.0,0.0,3,3,3,0.666667,"{0: 1, 1: 2}",1.0,1,1,linear,2,1,2,0,0,1,3,0,1,"{1: 2, 0: 1}",{0: 2},0.333333,ttdf_6c2b44eaafa2,train600,portion_by_rate|combine_amounts|scale_quantity,topo_1c8dbe1830b2,1
2.0,0.166667,6+,4,4,0.333333,"{0: 2, 1: 3, 2: 1}",0.0,2,1,fan_in,4,2,5,1,0,1,6,0,2,"{1: 5, 0: 1}",{0: 5},0.5,ttdf_36094f981041,train600,minutes_to_seconds|ratio_of|product_of_numbers|divide|inverse|difference_of_numbers,topo_2b9a65f092bb,1
1.0,0.0,5,5,5,0.4,"{0: 1, 1: 4}",1.0,1,1,linear,4,1,4,0,0,1,5,0,1,"{1: 4, 0: 1}",{0: 4},0.444444,ttdf_4ee189eb3fb1,train600,decrease_by_percent|decrease_by_percent|product_of_numbers|square_value|increase_by_percent,topo_d228dd6db98a,1
1.0,0.0,4,4,4,0.5,"{0: 1, 1: 3}",1.0,1,1,linear,3,1,3,0,0,1,4,0,1,"{1: 3, 0: 1}",{0: 3},0.428571,ttdf_0bb1edecd7d4,train600,whole_minutes_from_seconds|total_of_pair|proportion_between|grow_by_rate,topo_5296967693d8,1
2.0,0.333333,3,2,2,0.666667,"{0: 2, 2: 1}",0.0,2,1,fan_in,1,2,2,1,0,1,3,0,2,"{1: 2, 0: 1}",{0: 2},0.4,ttdf_2210f8e4201b,train600,grow_by_rate|km_from_meters|proportion_between,topo_911586a55488,1
2.0,0.142857,6+,5,5,0.285714,"{0: 2, 1: 4, 2: 1}",0.0,2,1,fan_in,5,2,6,1,0,1,7,0,2,"{1: 6, 0: 1}",{0: 6},0.5,ttdf_142e470b86c2,train600,self_product|midpoint_value|leftover_after_grouping|whole_number_of|leftover_after_grouping|proportion_between|render_with_decimals,topo_cd7f4c91b6f3,1
1.0,0.0,6+,6,6,0.333333,"{0: 1, 1: 5}",1.0,1,1,linear,5,1,5,0,0,1,6,0,1,"{1: 5, 0: 1}",{0: 5},0.357143,ttdf_009269876b66,train600,ratio_of|ratio_of|square_value|whole_quotient|decrease_by_percent|append_to_values,topo_02b29308ce2b,1
1.0,0.0,6+,6,6,0.333333,"{0: 1, 1: 5}",1.0,1,1,linear,5,1,5,0,0,1,6,0,1,"{1: 5, 0: 1}",{0: 5},0.277778,ttdf_56b1d8a50298,train600,range_of_values|decrease_by_percent|whole_quotient|increase_by_percent|ceiling|append_to_values,topo_02b29308ce2b,1
1.0,0.0,5,5,5,0.4,"{0: 1, 1: 4}",1.0,1,1,linear,4,1,4,0,0,1,5,0,1,"{1: 4, 0: 1}",{0: 4},0.5,ttdf_c15843d5094d,train600,self_product|total_of_pair|self_product|portion_by_rate|portion_by_rate,topo_d228dd6db98a,1
1.0,0.0,6+,8,8,0.25,"{0: 1, 1: 7}",1.0,1,1,linear,7,1,7,0,0,1,8,0,1,"{1: 7, 0: 1}",{0: 7},0.5,ttdf_6ed43fbfeb46,train600,round_up_whole|reciprocal_value|shrink_by_rate|proportion_between|total_of_pair|full_groups_of|shrink_by_rate|midpoint_value,topo_ff8ead63c33b,1
2.0,0.142857,6+,6,6,0.285714,"{0: 2, 1: 4, 2: 1}",0.0,2,1,fan_in,5,2,6,1,0,1,7,0,2,"{1: 6, 0: 1}",{0: 6},0.5,ttdf_0416cb3ea7d0,train600,per_unit_value|root_extract|root_extract|per_unit_value|portion_by_rate|portion_by_rate|render_with_decimals,topo_aac04d391b9b,1
2.0,0.125,6+,7,7,0.25,"{0: 2, 1: 5, 2: 1}",0.0,2,1,fan_in,6,2,7,1,0,1,8,0,2,"{1: 7, 0: 1}",{0: 7},0.466667,ttdf_35d324d3ffea,train600,km_from_meters|portion_by_rate|midpoint_value|proportion_between|portion_by_rate|shrink_by_rate|combine_amounts|render_with_decimals,topo_eaa9138bf474,1
1.0,0.0,2,2,2,1.0,"{0: 1, 1: 1}",1.0,1,1,linear,1,1,1,0,0,1,2,0,1,"{1: 1, 0: 1}",{0: 1},0.2,ttdf_88cc673c47eb,train600,range_of_values|difference_of_numbers,topo_fdeb50f24873,1
2.0,0.333333,3,2,2,0.666667,"{0: 2, 2: 1}",0.0,2,1,fan_in,1,2,2,1,0,1,3,0,2,"{1: 2, 0: 1}",{0: 2},0.4,ttdf_79ec19983689,train600,ceiling|modulo_of|absolute_difference,topo_911586a55488,1
1.0,0.0,2,2,2,1.0,"{0: 1, 1: 1}",1.0,1,1,linear,1,1,1,0,0,1,2,0,1,"{1: 1, 0: 1}",{0: 1},0.333333,ttdf_beacd9fdac7e,train600,percentage_value|nearest_integer,topo_fdeb50f24873,1
3.0,0.166667,6+,3,3,0.333333,"{0: 3, 1: 2, 3: 1}",0.0,3,1,fan_in,3,3,5,1,0,1,6,0,3,"{1: 5, 0: 1}",{0: 5},0.416667,ttdf_f2d6523184d3,train600,ratio_of|increase_by_percent|ceiling|decrease_by_percent|modulo_of|mean_of_three,topo_00ac72c33abd,1
1.0,0.0,6+,6,6,0.333333,"{0: 1, 1: 5}",1.0,1,1,linear,5,1,5,0,0,1,6,0,1,"{1: 5, 0: 1}",{0: 5},0.5,ttdf_4a6b1917bc52,train600,shrink_by_rate|gap_between|whole_number_of|root_extract|leftover_after_grouping|proportion_between,topo_02b29308ce2b,1
2.0,0.2,5,4,4,0.4,"{0: 2, 1: 2, 2: 1}",0.0,2,1,fan_in,3,2,4,1,0,1,5,0,2,"{1: 4, 0: 1}",{0: 4},0.4,ttdf_2bd67a52622b,train600,ratio_of|ratio_of|average_of_two|absolute_difference|label_with_unit,topo_7279e5f4b24a,1
3.0,0.2,5,3,3,0.4,"{0: 3, 1: 1, 3: 1}",0.0,3,1,fan_in,2,3,4,1,0,1,5,0,3,"{1: 4, 0: 1}",{0: 4},0.363636,ttdf_d462deb8e784,train600,shrink_by_rate|pairwise_product|total_of_pair|full_groups_of|total_of_three_parts,topo_926c72bac680,1
2.0,0.333333,3,2,2,0.666667,"{0: 2, 2: 1}",0.0,2,1,fan_in,1,2,2,1,0,1,3,0,2,"{1: 2, 0: 1}",{0: 2},0.333333,ttdf_0ac44cdaf224,train600,midpoint_value|trim_precision|per_unit_value,topo_911586a55488,1
2.0,0.142857,6+,6,6,0.285714,"{0: 2, 1: 4, 2: 1}",0.0,2,1,fan_in,5,2,6,1,0,1,7,0,2,"{1: 6, 0: 1}",{0: 6},0.461538,ttdf_2850ab74f908,train600,absolute_difference|percent_of|average_of_two|average_of_two|divide|negate|average_of_two,topo_e5fe9f153cd3,1
2.0,0.333333,3,2,2,0.666667,"{0: 2, 2: 1}",0.0,2,1,fan_in,1,2,2,1,0,1,3,0,2,"{1: 2, 0: 1}",{0: 2},0.4,ttdf_6feadde0e7c7,train600,nearest_integer|percent_of|divide,topo_911586a55488,1
2.0,0.125,6+,5,5,0.25,"{0: 2, 1: 5, 2: 1}",0.0,2,1,fan_in,6,2,7,1,0,1,8,0,2,"{1: 7, 0: 1}",{0: 7},0.466667,ttdf_497784555320,train600,decrease_by_percent|divide|difference_of_numbers|seconds_to_full_minutes|average_of_two|absolute_difference|decrease_by_percent|divide,topo_c39b8213eda5,1
2.0,0.333333,3,2,2,0.666667,"{0: 2, 2: 1}",0.0,2,1,fan_in,1,2,2,1,0,1,3,0,2,"{1: 2, 0: 1}",{0: 2},0.4,ttdf_9adc092f5240,train600,reminder|negate|absolute_difference,topo_911586a55488,1
1.0,0.0,2,2,2,1.0,"{0: 1, 1: 1}",1.0,1,1,linear,1,1,1,0,0,1,2,0,1,"{1: 1, 0: 1}",{0: 1},0.333333,ttdf_696a0338152e,train600,flip_sign|remaining_after,topo_fdeb50f24873,1
1.0,0.0,2,2,2,1.0,"{0: 1, 1: 1}",1.0,1,1,linear,1,1,1,0,0,1,2,0,1,"{1: 1, 0: 1}",{0: 1},0.166667,ttdf_34774153f67e,train600,mean_of_values|nearest_integer,topo_fdeb50f24873,1
2.0,0.333333,3,2,2,0.666667,"{0: 2, 2: 1}",0.0,2,1,fan_in,1,2,2,1,0,1,3,0,2,"{1: 2, 0: 1}",{0: 2},0.4,ttdf_9c6991e79a3c,train600,combine_amounts|minutes_from_hours|portion_by_rate,topo_911586a55488,1
2.0,0.166667,6+,5,5,0.333333,"{0: 2, 1: 3, 2: 1}",0.0,2,1,fan_in,4,2,5,1,0,1,6,0,2,"{1: 5, 0: 1}",{0: 5},0.416667,ttdf_b10884256be0,train600,gap_between|seconds_from_minutes|grow_by_rate|shrink_by_rate|portion_by_rate|inside_limits,topo_6083e580bf00,1
1.0,0.0,2,2,2,1.0,"{0: 1, 1: 1}",1.0,1,1,linear,1,1,1,0,0,1,2,0,1,"{1: 1, 0: 1}",{0: 1},0.2,ttdf_448c81905933,train600,mean_of_values|nearest_integer,topo_fdeb50f24873,1
1.0,0.0,2,2,2,1.0,"{0: 1, 1: 1}",1.0,1,1,linear,1,1,1,0,0,1,2,0,1,"{1: 1, 0: 1}",{0: 1},0.333333,ttdf_76ae9ab480c4,train600,nearest_integer|product_of_numbers,topo_fdeb50f24873,1
2.0,0.142857,6+,6,6,0.285714,"{0: 2, 1: 4, 2: 1}",0.0,2,1,fan_in,5,2,6,1,0,1,7,0,2,"{1: 6, 0: 1}",{0: 6},0.461538,ttdf_1814be9dc2b9,train600,negate|decrease_by_percent|absolute_difference|absolute_difference|increase_by_percent|absolute_difference|add,topo_4a07cdfdb909,1
1.0,0.0,2,2,2,1.0,"{0: 1, 1: 1}",1.0,1,1,linear,1,1,1,0,0,1,2,0,1,"{1: 1, 0: 1}",{0: 1},0.166667,ttdf_79c11b834e64,train600,mean_of_values|percentage_value,topo_fdeb50f24873,1
1.0,0.0,2,2,2,1.0,"{0: 1, 1: 1}",1.0,1,1,linear,1,1,1,0,0,1,2,0,1,"{1: 1, 0: 1}",{0: 1},0.5,ttdf_5828bcf6bed4,train600,meters_to_km|negate,topo_fdeb50f24873,1
1.0,0.0,2,2,2,1.0,"{0: 1, 1: 1}",1.0,1,1,linear,1,1,1,0,0,1,2,0,1,"{1: 1, 0: 1}",{0: 1},0.333333,ttdf_1944101ba044,train600,square_value|is_divisible_by,topo_fdeb50f24873,1
2.0,0.166667,6+,5,5,0.333333,"{0: 2, 1: 3, 2: 1}",0.0,2,1,fan_in,4,2,5,1,0,1,6,0,2,"{1: 5, 0: 1}",{0: 5},0.454545,ttdf_609f3bf21351,train600,shrink_by_rate|gap_between|proportion_between|reciprocal_value|gap_between|exceeds_value,topo_2c499c271118,1
2.0,0.166667,6+,5,5,0.333333,"{0: 2, 1: 3, 2: 1}",0.0,2,1,fan_in,4,2,5,1,0,1,6,0,2,"{1: 5, 0: 1}",{0: 5},0.5,ttdf_4f9e7d9f04f2,train600,km_from_meters|flip_sign|scale_quantity|reduce_amount|scale_quantity|midpoint_value,topo_33e36888cf10,1
1.0,0.0,3,3,3,0.666667,"{0: 1, 1: 2}",1.0,1,1,linear,2,1,2,0,0,1,3,0,1,"{1: 2, 0: 1}",{0: 2},0.333333,ttdf_cbb29c153948,train600,ratio_of|round_to_decimals|label_with_unit,topo_1c8dbe1830b2,1
3.0,0.2,5,3,3,0.4,"{0: 3, 1: 1, 3: 1}",0.0,3,1,fan_in,2,3,4,1,0,1,5,0,3,"{1: 4, 0: 1}",{0: 4},0.5,ttdf_8627d42eb743,train600,midpoint_value|flip_sign|reciprocal_value|round_down_whole|balance_of_three,topo_926c72bac680,1
2.0,0.25,4,3,3,0.5,"{0: 2, 2: 1, 1: 1}",0.0,2,1,fan_in,2,2,3,1,0,1,4,0,2,"{1: 3, 0: 1}",{0: 3},0.6,ttdf_03c34f015946,train600,round_up_whole|km_from_meters|midpoint_value|whole_number_of,topo_bd3dd51ec1a9,1
1.0,0.0,2,2,2,1.0,"{0: 1, 1: 1}",1.0,1,1,linear,1,1,1,0,0,1,2,0,1,"{1: 1, 0: 1}",{0: 1},0.5,ttdf_614e38f5786f,train600,reciprocal_value|self_product,topo_fdeb50f24873,1
1.0,0.0,2,2,2,1.0,"{0: 1, 1: 1}",1.0,1,1,linear,1,1,1,0,0,1,2,0,1,"{1: 1, 0: 1}",{0: 1},0.333333,ttdf_3ac461b80bd0,train600,round_up_whole|proportion_between,topo_fdeb50f24873,1
2.0,0.333333,3,2,2,0.666667,"{0: 2, 2: 1}",0.0,2,1,fan_in,1,2,2,1,0,1,3,0,2,"{1: 2, 0: 1}",{0: 2},0.4,ttdf_5f2eb8ec39ec,train600,reciprocal_value|portion_by_rate|proportion_between,topo_911586a55488,1
1.0,0.0,3,3,3,0.666667,"{0: 1, 1: 2}",1.0,1,1,linear,2,1,2,0,0,1,3,0,1,"{1: 2, 0: 1}",{0: 2},0.222222,ttdf_24e54df2031a,train600,central_value|round_up_whole|gap_between,topo_1c8dbe1830b2,1
2.0,0.2,5,4,4,0.4,"{0: 2, 1: 2, 2: 1}",0.0,2,1,fan_in,3,2,4,1,0,1,5,0,2,"{1: 4, 0: 1}",{0: 4},0.5,ttdf_a10762cd3fdb,train600,sqrt|increase_by_percent|floor|average_of_two|label_with_unit,topo_0c51481d8aeb,1
1.0,0.0,2,2,2,1.0,"{0: 1, 1: 1}",1.0,1,1,linear,1,1,1,0,0,1,2,0,1,"{1: 1, 0: 1}",{0: 1},0.333333,ttdf_afb97edec7a8,train600,round_up_whole|gap_between,topo_fdeb50f24873,1
2.0,0.333333,3,2,2,0.666667,"{0: 2, 2: 1}",0.0,2,1,fan_in,1,2,2,1,0,1,3,0,2,"{1: 2, 0: 1}",{0: 2},0.4,ttdf_8b876d1a510b,train600,remaining_after|self_product|remaining_after,topo_911586a55488,1
1.0,0.0,2,2,2,1.0,"{0: 1, 1: 1}",1.0,1,1,linear,1,1,1,0,0,1,2,0,1,"{1: 1, 0: 1}",{0: 1},0.333333,ttdf_8e27b528afe7,train600,root_extract|per_unit_value,topo_fdeb50f24873,1
1.0,0.0,4,4,4,0.5,"{0: 1, 1: 3}",1.0,1,1,linear,3,1,3,0,0,1,4,0,1,"{1: 3, 0: 1}",{0: 3},0.272727,ttdf_d77d7fc9291c,train600,mean_of_values|increase_by_percent|add|ratio_of,topo_5296967693d8,1
2.0,0.25,4,3,3,0.5,"{0: 2, 1: 1, 2: 1}",0.0,2,1,fan_in,2,2,3,1,0,1,4,0,2,"{1: 3, 0: 1}",{0: 3},0.375,ttdf_0302cc191877,train600,ratio_of|modulo_of|absolute_difference|ratio_of,topo_30980484d6d7,1
1.0,0.0,2,2,2,1.0,"{0: 1, 1: 1}",1.0,1,1,linear,1,1,1,0,0,1,2,0,1,"{1: 1, 0: 1}",{0: 1},0.333333,ttdf_2ac5d4140b18,train600,nearest_integer|absolute_difference,topo_fdeb50f24873,1
2.0,0.333333,3,2,2,0.666667,"{0: 2, 2: 1}",0.0,2,1,fan_in,1,2,2,1,0,1,3,0,2,"{1: 2, 0: 1}",{0: 2},0.4,ttdf_2ea5f1624fa2,train600,meters_to_km|product_of_numbers|ratio_of,topo_911586a55488,1
1.0,0.0,2,2,2,1.0,"{0: 1, 1: 1}",1.0,1,1,linear,1,1,1,0,0,1,2,0,1,"{1: 1, 0: 1}",{0: 1},0.333333,ttdf_3797b7e4ed31,train600,reciprocal_value|midpoint_value,topo_fdeb50f24873,1
1.0,0.0,2,2,2,1.0,"{0: 1, 1: 1}",1.0,1,1,linear,1,1,1,0,0,1,2,0,1,"{1: 1, 0: 1}",{0: 1},0.25,ttdf_628a16995bb0,train600,percentage_value|format_number_fixed,topo_fdeb50f24873,1
1.0,0.0,2,2,2,1.0,"{0: 1, 1: 1}",1.0,1,1,linear,1,1,1,0,0,1,2,0,1,"{1: 1, 0: 1}",{0: 1},0.333333,ttdf_7aaff747a472,train600,ratio_of|square_value,topo_fdeb50f24873,1
1.0,0.0,2,2,2,1.0,"{0: 1, 1: 1}",1.0,1,1,linear,1,1,1,0,0,1,2,0,1,"{1: 1, 0: 1}",{0: 1},0.333333,ttdf_39dadfc9a63a,train600,self_product|midpoint_value,topo_fdeb50f24873,1
2.0,0.333333,3,2,2,0.666667,"{0: 2, 2: 1}",0.0,2,1,fan_in,1,2,2,1,0,1,3,0,2,"{1: 2, 0: 1}",{0: 2},0.4,ttdf_93306ab0293b,train600,proportion_between|km_from_meters|combine_amounts,topo_911586a55488,1
2.0,0.333333,3,2,2,0.666667,"{0: 2, 2: 1}",0.0,2,1,fan_in,1,2,2,1,0,1,3,0,2,"{1: 2, 0: 1}",{0: 2},0.4,ttdf_4f5fa4d0edc3,train600,ratio_of|meters_to_km|percent_of,topo_911586a55488,1
3.0,0.166667,6+,4,4,0.333333,"{0: 3, 1: 2, 3: 1}",0.0,3,1,fan_in,3,3,5,1,0,1,6,0,3,"{1: 5, 0: 1}",{0: 5},0.5,ttdf_21c32f38a7df,train600,round_up_whole|scale_quantity|reciprocal_value|per_unit_value|balance_of_three|whole_number_of,topo_8c144cdbfcfb,1
1.0,0.0,6+,6,6,0.333333,"{0: 1, 1: 5}",1.0,1,1,linear,5,1,5,0,0,1,6,0,1,"{1: 5, 0: 1}",{0: 5},0.384615,ttdf_a853767b29e2,train600,multiply|decrease_by_percent|decrease_by_percent|sum_two_numbers|inverse|scale_values,topo_02b29308ce2b,1
1.0,0.0,6+,7,7,0.285714,"{0: 1, 1: 6}",1.0,1,1,linear,6,1,6,0,0,1,7,0,1,"{1: 6, 0: 1}",{0: 6},0.4,ttdf_055a08a7b8e6,train600,percent_of|difference_of_numbers|product_of_numbers|floor|absolute_difference|negate|scale_values,topo_47316b07929b,1
2.0,0.166667,6+,5,5,0.333333,"{0: 2, 1: 3, 2: 1}",0.0,2,1,fan_in,4,2,5,1,0,1,6,0,2,"{1: 5, 0: 1}",{0: 5},0.454545,ttdf_51b603b67262,train600,ceiling|ratio_of|subtract|subtract|divide|divide,topo_33e36888cf10,1
2.0,0.333333,3,2,2,0.666667,"{0: 2, 2: 1}",0.0,2,1,fan_in,1,2,2,1,0,1,3,0,2,"{1: 2, 0: 1}",{0: 2},0.4,ttdf_96d94ff64972,train600,combine_amounts|seconds_from_minutes|combine_amounts,topo_911586a55488,1
1.0,0.0,3,3,3,0.666667,"{0: 1, 1: 2}",1.0,1,1,linear,2,1,2,0,0,1,3,0,1,"{1: 2, 0: 1}",{0: 2},0.222222,ttdf_3a5e77bbf1ec,train600,rank_of_peak|shrink_by_rate|total_of_pair,topo_1c8dbe1830b2,1
1.0,0.0,4,4,4,0.5,"{0: 1, 1: 3}",1.0,1,1,linear,3,1,3,0,0,1,4,0,1,"{1: 3, 0: 1}",{0: 3},0.428571,ttdf_73c3bd29a893,train600,absolute_difference|percent_of|negate|absolute_difference,topo_5296967693d8,1
2.0,0.333333,3,2,2,0.666667,"{0: 2, 2: 1}",0.0,2,1,fan_in,1,2,2,1,0,1,3,0,2,"{1: 2, 0: 1}",{0: 2},0.333333,ttdf_6236022fff78,train600,modulo_of|round_to_decimals|difference_of_numbers,topo_911586a55488,1
1.0,0.0,6+,8,8,0.25,"{0: 1, 1: 7}",1.0,1,1,linear,7,1,7,0,0,1,8,0,1,"{1: 7, 0: 1}",{0: 7},0.583333,ttdf_042a0741f757,train600,floor|sqrt|sqrt|round_to_decimals|average_of_two|modulo_of|decrease_by_percent|nearest_integer,topo_ff8ead63c33b,1
1.0,0.0,5,5,5,0.4,"{0: 1, 1: 4}",1.0,1,1,linear,4,1,4,0,0,1,5,0,1,"{1: 4, 0: 1}",{0: 4},0.444444,ttdf_5491747156bf,train600,multiply|sqrt|subtract|decrease_by_percent|percentage_value,topo_d228dd6db98a,1
1.0,0.0,2,2,2,1.0,"{0: 1, 1: 1}",1.0,1,1,linear,1,1,1,0,0,1,2,0,1,"{1: 1, 0: 1}",{0: 1},0.5,ttdf_675dde9d7635,train600,hours_to_minutes|negate,topo_fdeb50f24873,1
1.0,0.0,2,2,2,1.0,"{0: 1, 1: 1}",1.0,1,1,linear,1,1,1,0,0,1,2,0,1,"{1: 1, 0: 1}",{0: 1},0.333333,ttdf_58fc5fc03091,train600,average_of_two|sqrt,topo_fdeb50f24873,1
2.0,0.25,4,3,3,0.5,"{0: 2, 2: 1, 1: 1}",0.0,2,1,fan_in,2,2,3,1,0,1,4,0,2,"{1: 3, 0: 1}",{0: 3},0.5,ttdf_11be16ca0757,train600,reciprocal_value|combine_amounts|scale_quantity|whole_number_of,topo_bd3dd51ec1a9,1
2.0,0.333333,3,2,2,0.666667,"{0: 2, 2: 1}",0.0,2,1,fan_in,1,2,2,1,0,1,3,0,2,"{1: 2, 0: 1}",{0: 2},0.333333,ttdf_3c25e92d81b4,train600,portion_by_rate|trim_precision|portion_by_rate,topo_911586a55488,1
1.0,0.0,2,2,2,1.0,"{0: 1, 1: 1}",1.0,1,1,linear,1,1,1,0,0,1,2,0,1,"{1: 1, 0: 1}",{0: 1},0.25,ttdf_95dcc556032f,train600,decrease_by_percent|format_number_fixed,topo_fdeb50f24873,1
2.0,0.166667,6+,4,4,0.333333,"{0: 2, 1: 3, 2: 1}",0.0,2,1,fan_in,4,2,5,1,0,1,6,0,2,"{1: 5, 0: 1}",{0: 5},0.454545,ttdf_036e79c79a8e,train600,seconds_from_minutes|combine_amounts|remaining_after|midpoint_value|portion_by_rate|render_with_decimals,topo_f5466e583fca,1
2.0,0.25,4,3,3,0.5,"{0: 2, 1: 1, 2: 1}",0.0,2,1,fan_in,2,2,3,1,0,1,4,0,2,"{1: 3, 0: 1}",{0: 3},0.375,ttdf_18c3ae8229a1,train600,floor_divide|difference_of_numbers|product_of_numbers|divide,topo_30980484d6d7,1
2.0,0.25,4,3,3,0.5,"{0: 2, 2: 1, 1: 1}",0.0,2,1,fan_in,2,2,3,1,0,1,4,0,2,"{1: 3, 0: 1}",{0: 3},0.333333,ttdf_09941df0e2e9,train600,seconds_to_full_minutes|ceiling|product_of_numbers|append_to_values,topo_bd3dd51ec1a9,1
1.0,0.0,2,2,2,1.0,"{0: 1, 1: 1}",1.0,1,1,linear,1,1,1,0,0,1,2,0,1,"{1: 1, 0: 1}",{0: 1},0.166667,ttdf_30604a02a4a5,train600,aggregate_total|leftover_after_grouping,topo_fdeb50f24873,1
1.0,0.0,2,2,2,1.0,"{0: 1, 1: 1}",1.0,1,1,linear,1,1,1,0,0,1,2,0,1,"{1: 1, 0: 1}",{0: 1},0.333333,ttdf_bf7a987620ae,train600,floor|multiply,topo_fdeb50f24873,1
2.0,0.333333,3,2,2,0.666667,"{0: 2, 2: 1}",0.0,2,1,fan_in,1,2,2,1,0,1,3,0,2,"{1: 2, 0: 1}",{0: 2},0.4,ttdf_1d4b98d1172c,train600,increase_by_percent|fahrenheit_to_celsius|ratio_of,topo_911586a55488,1
2.0,0.166667,6+,5,5,0.333333,"{0: 2, 1: 3, 2: 1}",0.0,2,1,fan_in,4,2,5,1,0,1,6,0,2,"{1: 5, 0: 1}",{0: 5},0.5,ttdf_7636df369798,train600,meters_to_km|nearest_integer|average_of_two|sum_two_numbers|increase_by_percent|percent_of,topo_926312b15db7,1
2.0,0.333333,3,2,2,0.666667,"{0: 2, 2: 1}",0.0,2,1,fan_in,1,2,2,1,0,1,3,0,2,"{1: 2, 0: 1}",{0: 2},0.4,ttdf_1691d81231be,train600,seconds_to_full_minutes|increase_by_percent|absolute_difference,topo_911586a55488,1
2.0,0.25,4,3,3,0.5,"{0: 2, 2: 1, 1: 1}",0.0,2,1,fan_in,2,2,3,1,0,1,4,0,2,"{1: 3, 0: 1}",{0: 3},0.5,ttdf_e4e89fb61074,train600,meters_from_km|whole_number_of|gap_between|compose_reference_code,topo_bd3dd51ec1a9,1
1.0,0.0,2,2,2,1.0,"{0: 1, 1: 1}",1.0,1,1,linear,1,1,1,0,0,1,2,0,1,"{1: 1, 0: 1}",{0: 1},0.333333,ttdf_00a9b63f9539,train600,round_down_whole|midpoint_value,topo_fdeb50f24873,1
2.0,0.166667,6+,4,4,0.333333,"{0: 2, 1: 3, 2: 1}",0.0,2,1,fan_in,4,2,5,1,0,1,6,0,2,"{1: 5, 0: 1}",{0: 5},0.5,ttdf_0613679509cc,train600,round_up_whole|per_unit_value|self_product|midpoint_value|reduce_amount|exceeds_value,topo_f5466e583fca,1
2.0,0.2,5,3,3,0.4,"{0: 2, 1: 2, 2: 1}",0.0,2,1,fan_in,3,2,4,1,0,1,5,0,2,"{1: 4, 0: 1}",{0: 4},0.444444,ttdf_b56694488ef2,train600,combine_amounts|split_evenly|grow_by_rate|round_down_whole|portion_by_rate,topo_17d840e0415f,1
2.0,0.333333,3,2,2,0.666667,"{0: 2, 2: 1}",0.0,2,1,fan_in,1,2,2,1,0,1,3,0,2,"{1: 2, 0: 1}",{0: 2},0.4,ttdf_ca94c57fb5b6,train600,round_down_whole|combine_amounts|midpoint_value,topo_911586a55488,1
2.0,0.2,5,4,4,0.4,"{0: 2, 1: 2, 2: 1}",0.0,2,1,fan_in,3,2,4,1,0,1,5,0,2,"{1: 4, 0: 1}",{0: 4},0.4,ttdf_4518b2b9440b,train600,difference_of_numbers|decrease_by_percent|whole_quotient|average_of_two|build_tag,topo_7279e5f4b24a,1
2.0,0.166667,6+,4,4,0.333333,"{0: 2, 1: 3, 2: 1}",0.0,2,1,fan_in,4,2,5,1,0,1,6,0,2,"{1: 5, 0: 1}",{0: 5},0.454545,ttdf_15f30b4bf2db,train600,whole_quotient|ratio_of|round_to_decimals|inverse|decrease_by_percent|absolute_difference,topo_2b9a65f092bb,1
1.0,0.0,2,2,2,1.0,"{0: 1, 1: 1}",1.0,1,1,linear,1,1,1,0,0,1,2,0,1,"{1: 1, 0: 1}",{0: 1},0.333333,ttdf_494229fe9fca,train600,decrease_by_percent|number_to_text,topo_fdeb50f24873,1
2.0,0.166667,6+,5,5,0.333333,"{0: 2, 1: 3, 2: 1}",0.0,2,1,fan_in,4,2,5,1,0,1,6,0,2,"{1: 5, 0: 1}",{0: 5},0.416667,ttdf_0352a123b4c5,train600,gap_between|shrink_by_rate|remaining_after|gap_between|remaining_after|midpoint_value,topo_33e36888cf10,1
1.0,0.0,5,5,5,0.4,"{0: 1, 1: 4}",1.0,1,1,linear,4,1,4,0,0,1,5,0,1,"{1: 4, 0: 1}",{0: 4},0.333333,ttdf_53085e019315,train600,series_length|scale_quantity|grow_by_rate|gap_between|portion_by_rate,topo_d228dd6db98a,1
1.0,0.0,6+,6,6,0.333333,"{0: 1, 1: 5}",1.0,1,1,linear,5,1,5,0,0,1,6,0,1,"{1: 5, 0: 1}",{0: 5},0.416667,ttdf_4325d506688c,train600,square_value|increase_by_percent|percentage_value|inverse|nearest_integer|append_to_values,topo_02b29308ce2b,1
2.0,0.333333,3,2,2,0.666667,"{0: 2, 2: 1}",0.0,2,1,fan_in,1,2,2,1,0,1,3,0,2,"{1: 2, 0: 1}",{0: 2},0.4,ttdf_3ff5ed2826dc,train600,square_value|decrease_by_percent|absolute_difference,topo_911586a55488,1
2.0,0.142857,6+,5,5,0.285714,"{0: 2, 1: 4, 2: 1}",0.0,2,1,fan_in,5,2,6,1,0,1,7,0,2,"{1: 6, 0: 1}",{0: 6},0.428571,ttdf_4b3dc624a4eb,train600,sum_two_numbers|sum_two_numbers|percent_of|percent_of|modulo_of|sum_two_numbers|difference_of_numbers,topo_9e01698159b0,1
3.0,0.166667,6+,3,3,0.333333,"{0: 3, 1: 2, 3: 1}",0.0,3,1,fan_in,3,3,5,1,0,1,6,0,3,"{1: 5, 0: 1}",{0: 5},0.416667,ttdf_fe5ae9b9a99a,train600,negate|ratio_of|quotient_of|difference_of_numbers|multiply|mean_of_three,topo_00ac72c33abd,1
2.0,0.333333,3,2,2,0.666667,"{0: 2, 2: 1}",0.0,2,1,fan_in,1,2,2,1,0,1,3,0,2,"{1: 2, 0: 1}",{0: 2},0.4,ttdf_8f88fd432c9f,train600,flip_sign|midpoint_value|midpoint_value,topo_911586a55488,1
1.0,0.0,2,2,2,1.0,"{0: 1, 1: 1}",1.0,1,1,linear,1,1,1,0,0,1,2,0,1,"{1: 1, 0: 1}",{0: 1},0.333333,ttdf_8ac099ed9122,train600,increase_by_percent|nearest_integer,topo_fdeb50f24873,1
1.0,0.0,6+,6,6,0.333333,"{0: 1, 1: 5}",1.0,1,1,linear,5,1,5,0,0,1,6,0,1,"{1: 5, 0: 1}",{0: 5},0.5,ttdf_263dd441e6c7,train600,per_unit_value|leftover_after_grouping|round_down_whole|reciprocal_value|per_unit_value|combine_amounts,topo_02b29308ce2b,1
2.0,0.25,4,3,3,0.5,"{0: 2, 1: 1, 2: 1}",0.0,2,1,fan_in,2,2,3,1,0,1,4,0,2,"{1: 3, 0: 1}",{0: 3},0.375,ttdf_e66bdf672840,train600,absolute_difference|add|add|percent_of,topo_5b37b75596d2,1
1.0,0.0,2,2,2,1.0,"{0: 1, 1: 1}",1.0,1,1,linear,1,1,1,0,0,1,2,0,1,"{1: 1, 0: 1}",{0: 1},0.333333,ttdf_f172051cb77c,train600,self_product|total_of_pair,topo_fdeb50f24873,1
3.0,0.142857,6+,3,3,0.285714,"{0: 3, 1: 3, 3: 1}",0.0,3,1,fan_in,4,3,6,1,0,1,7,0,3,"{1: 6, 0: 1}",{0: 6},0.428571,ttdf_49dd37193126,train600,self_product|reduce_amount|split_evenly|reduce_amount|proportion_between|proportion_between|total_of_three_parts,topo_b53a306e6f0b,1
2.0,0.333333,3,2,2,0.666667,"{0: 2, 2: 1}",0.0,2,1,fan_in,1,2,2,1,0,1,3,0,2,"{1: 2, 0: 1}",{0: 2},0.4,ttdf_4c8465251e67,train600,multiply|seconds_to_full_minutes|percentage_value,topo_911586a55488,1
2.0,0.166667,6+,5,5,0.333333,"{0: 2, 1: 3, 2: 1}",0.0,2,1,fan_in,4,2,5,1,0,1,6,0,2,"{1: 5, 0: 1}",{0: 5},0.454545,ttdf_06442de4a574,train600,meters_from_km|full_groups_of|shrink_by_rate|midpoint_value|proportion_between|exceeds_value,topo_2c499c271118,1
3.0,0.142857,6+,3,3,0.285714,"{0: 3, 1: 3, 3: 1}",0.0,3,1,fan_in,4,3,6,1,0,1,7,0,3,"{1: 6, 0: 1}",{0: 6},0.428571,ttdf_32267dc3f1da,train600,absolute_difference|increase_by_percent|round_to_decimals|decrease_by_percent|round_to_decimals|negate|mean_of_three,topo_b53a306e6f0b,1
1.0,0.0,2,2,2,1.0,"{0: 1, 1: 1}",1.0,1,1,linear,1,1,1,0,0,1,2,0,1,"{1: 1, 0: 1}",{0: 1},0.2,ttdf_118661fed5d0,train600,series_length|per_unit_value,topo_fdeb50f24873,1
1.0,0.0,5,5,5,0.4,"{0: 1, 1: 4}",1.0,1,1,linear,4,1,4,0,0,1,5,0,1,"{1: 4, 0: 1}",{0: 4},0.285714,ttdf_608d3682baf0,train600,series_spread|pairwise_product|leftover_after_grouping|portion_by_rate|trim_precision,topo_d228dd6db98a,1
2.0,0.333333,3,2,2,0.666667,"{0: 2, 2: 1}",0.0,2,1,fan_in,1,2,2,1,0,1,3,0,2,"{1: 2, 0: 1}",{0: 2},0.333333,ttdf_5c3ceb338cf1,train600,gap_between|trim_precision|pairwise_product,topo_911586a55488,1
1.0,0.0,2,2,2,1.0,"{0: 1, 1: 1}",1.0,1,1,linear,1,1,1,0,0,1,2,0,1,"{1: 1, 0: 1}",{0: 1},0.142857,ttdf_319508cf581c,train600,rank_of_peak|proportion_between,topo_fdeb50f24873,1
2.0,0.166667,6+,5,5,0.333333,"{0: 2, 1: 3, 2: 1}",0.0,2,1,fan_in,4,2,5,1,0,1,6,0,2,"{1: 5, 0: 1}",{0: 5},0.5,ttdf_64e95c29f73b,train600,self_product|whole_number_of|per_unit_value|per_unit_value|portion_by_rate|exceeds_value,topo_6083e580bf00,1
2.0,0.166667,6+,5,5,0.333333,"{0: 2, 1: 3, 2: 1}",0.0,2,1,fan_in,4,2,5,1,0,1,6,0,2,"{1: 5, 0: 1}",{0: 5},0.454545,ttdf_cb645220f1f7,train600,round_up_whole|scale_quantity|grow_by_rate|grow_by_rate|combine_amounts|exceeds_value,topo_2c499c271118,1
1.0,0.0,4,4,4,0.5,"{0: 1, 1: 3}",1.0,1,1,linear,3,1,3,0,0,1,4,0,1,"{1: 3, 0: 1}",{0: 3},0.428571,ttdf_09ac55e07322,train600,hours_to_minutes|average_of_two|decrease_by_percent|average_of_two,topo_5296967693d8,1
1.0,0.0,2,2,2,1.0,"{0: 1, 1: 1}",1.0,1,1,linear,1,1,1,0,0,1,2,0,1,"{1: 1, 0: 1}",{0: 1},0.333333,ttdf_218958256564,train600,root_extract|remaining_after,topo_fdeb50f24873,1
2.0,0.333333,3,2,2,0.666667,"{0: 2, 2: 1}",0.0,2,1,fan_in,1,2,2,1,0,1,3,0,2,"{1: 2, 0: 1}",{0: 2},0.4,ttdf_d9be3672cdab,train600,full_groups_of|seconds_from_minutes|remaining_after,topo_911586a55488,1
2.0,0.333333,3,2,2,0.666667,"{0: 2, 2: 1}",0.0,2,1,fan_in,1,2,2,1,0,1,3,0,2,"{1: 2, 0: 1}",{0: 2},0.4,ttdf_9ae0ef4b2e1e,train600,sqrt|increase_by_percent|ratio_of,topo_911586a55488,1
1.0,0.0,2,2,2,1.0,"{0: 1, 1: 1}",1.0,1,1,linear,1,1,1,0,0,1,2,0,1,"{1: 1, 0: 1}",{0: 1},0.2,ttdf_56a755006bca,train600,round_to_decimals|is_within_range,topo_fdeb50f24873,1
2.0,0.333333,3,2,2,0.666667,"{0: 2, 2: 1}",0.0,2,1,fan_in,1,2,2,1,0,1,3,0,2,"{1: 2, 0: 1}",{0: 2},0.4,ttdf_ac49db15e2a7,train600,increase_by_percent|km_to_meters|percent_of,topo_911586a55488,1
2.0,0.25,4,3,3,0.5,"{0: 2, 1: 1, 2: 1}",0.0,2,1,fan_in,2,2,3,1,0,1,4,0,2,"{1: 3, 0: 1}",{0: 3},0.375,ttdf_1a4aba0f1e57,train600,divide|percent_of|ratio_of|divide,topo_30980484d6d7,1
2.0,0.125,6+,7,7,0.25,"{0: 2, 1: 5, 2: 1}",0.0,2,1,fan_in,6,2,7,1,0,1,8,0,2,"{1: 7, 0: 1}",{0: 7},0.5,ttdf_e24af81cd6f2,train600,root_extract|gap_between|grow_by_rate|midpoint_value|self_product|per_unit_value|gap_between|exceeds_value,topo_eaa9138bf474,1
1.0,0.0,2,2,2,1.0,"{0: 1, 1: 1}",1.0,1,1,linear,1,1,1,0,0,1,2,0,1,"{1: 1, 0: 1}",{0: 1},0.333333,ttdf_4d663f78a593,train600,flip_sign|gap_between,topo_fdeb50f24873,1
3.0,0.166667,6+,3,3,0.333333,"{0: 3, 1: 2, 3: 1}",0.0,3,1,fan_in,3,3,5,1,0,1,6,0,3,"{1: 5, 0: 1}",{0: 5},0.5,ttdf_3a32b63a479d,train600,ceiling|difference_of_numbers|square_value|sum_two_numbers|sqrt|mean_of_three,topo_00ac72c33abd,1
1.0,0.0,2,2,2,1.0,"{0: 1, 1: 1}",1.0,1,1,linear,1,1,1,0,0,1,2,0,1,"{1: 1, 0: 1}",{0: 1},0.333333,ttdf_f65e28b76b32,train600,average_of_two|nearest_integer,topo_fdeb50f24873,1
2.0,0.25,4,3,3,0.5,"{0: 2, 2: 1, 1: 1}",0.0,2,1,fan_in,2,2,3,1,0,1,4,0,2,"{1: 3, 0: 1}",{0: 3},0.428571,ttdf_125144b72cb5,train600,full_groups_of|meters_from_km|gap_between|compose_reference_code,topo_bd3dd51ec1a9,1
2.0,0.2,5,4,4,0.4,"{0: 2, 1: 2, 2: 1}",0.0,2,1,fan_in,3,2,4,1,0,1,5,0,2,"{1: 4, 0: 1}",{0: 4},0.5,ttdf_a20c2e3958d9,train600,whole_number_of|shrink_by_rate|flip_sign|midpoint_value|scale_quantity,topo_774030263969,1
2.0,0.2,5,4,4,0.4,"{0: 2, 1: 2, 2: 1}",0.0,2,1,fan_in,3,2,4,1,0,1,5,0,2,"{1: 4, 0: 1}",{0: 4},0.4,ttdf_474eaed4f2d5,train600,increase_by_percent|ratio_of|ratio_of|ratio_of|label_with_unit,topo_0c51481d8aeb,1
1.0,0.0,2,2,2,1.0,"{0: 1, 1: 1}",1.0,1,1,linear,1,1,1,0,0,1,2,0,1,"{1: 1, 0: 1}",{0: 1},0.142857,ttdf_a00755805f5a,train600,percentage_value|append_to_values,topo_fdeb50f24873,1
3.0,0.25,4,2,2,0.5,"{0: 3, 3: 1}",0.0,3,1,fan_in,1,3,3,1,0,1,4,0,3,"{1: 3, 0: 1}",{0: 3},0.333333,ttdf_230e5db52229,train600,percent_of|divide|floor_divide|sum_of_three,topo_64b2717a77dd,1
2.0,0.25,4,3,3,0.5,"{0: 2, 2: 1, 1: 1}",0.0,2,1,fan_in,2,2,3,1,0,1,4,0,2,"{1: 3, 0: 1}",{0: 3},0.375,ttdf_4395ab4804db,train600,total_of_pair|portion_by_rate|remaining_after|annotate_measurement,topo_bd3dd51ec1a9,1
1.0,0.0,2,2,2,1.0,"{0: 1, 1: 1}",1.0,1,1,linear,1,1,1,0,0,1,2,0,1,"{1: 1, 0: 1}",{0: 1},0.2,ttdf_72456fbaceec,train600,central_value|split_evenly,topo_fdeb50f24873,1
1.0,0.0,6+,6,6,0.333333,"{0: 1, 1: 5}",1.0,1,1,linear,5,1,5,0,0,1,6,0,1,"{1: 5, 0: 1}",{0: 5},0.333333,ttdf_27aaca70dd97,train600,fahrenheit_to_celsius|percentage_value|decrease_by_percent|increase_by_percent|sum_two_numbers|append_to_values,topo_02b29308ce2b,1
2.0,0.166667,6+,4,4,0.333333,"{0: 2, 1: 3, 2: 1}",0.0,2,1,fan_in,4,2,5,1,0,1,6,0,2,"{1: 5, 0: 1}",{0: 5},0.454545,ttdf_0da13eb1c2e8,train600,increase_by_percent|negate|increase_by_percent|decrease_by_percent|whole_quotient|average_of_two,topo_2b9a65f092bb,1
1.0,0.0,6+,6,6,0.333333,"{0: 1, 1: 5}",1.0,1,1,linear,5,1,5,0,0,1,6,0,1,"{1: 5, 0: 1}",{0: 5},0.294118,ttdf_17a2ddc2dd33,train600,position_of_maximum|average_of_two|divide|ratio_of|inverse|append_to_values,topo_02b29308ce2b,1
1.0,0.0,3,3,3,0.666667,"{0: 1, 1: 2}",1.0,1,1,linear,2,1,2,0,0,1,3,0,1,"{1: 2, 0: 1}",{0: 2},0.4,ttdf_1cdd7c283176,train600,percent_of|negate|label_with_unit,topo_1c8dbe1830b2,1
3.0,0.25,4,2,2,0.5,"{0: 3, 3: 1}",0.0,3,1,fan_in,1,3,3,1,0,1,4,0,3,"{1: 3, 0: 1}",{0: 3},0.333333,ttdf_ea8c5f94acb7,train600,proportion_between|total_of_pair|midpoint_value|balance_of_three,topo_64b2717a77dd,1
1.0,0.0,6+,8,8,0.25,"{0: 1, 1: 7}",1.0,1,1,linear,7,1,7,0,0,1,8,0,1,"{1: 7, 0: 1}",{0: 7},0.4375,ttdf_0001c0bc1f80,train600,ratio_of|nearest_integer|modulo_of|absolute_difference|decrease_by_percent|ceiling|sum_two_numbers|scale_values,topo_ff8ead63c33b,1
1.0,0.0,2,2,2,1.0,"{0: 1, 1: 1}",1.0,1,1,linear,1,1,1,0,0,1,2,0,1,"{1: 1, 0: 1}",{0: 1},0.166667,ttdf_1a6e38f0369c,train600,aggregate_total|midpoint_value,topo_fdeb50f24873,1
1.0,0.0,6+,6,6,0.333333,"{0: 1, 1: 5}",1.0,1,1,linear,5,1,5,0,0,1,6,0,1,"{1: 5, 0: 1}",{0: 5},0.454545,ttdf_1a01c6d536a4,train600,percentage_value|subtract|floor_divide|increase_by_percent|absolute_difference|nearest_integer,topo_02b29308ce2b,1
2.0,0.142857,6+,4,4,0.285714,"{0: 2, 1: 4, 2: 1}",0.0,2,1,fan_in,5,2,6,1,0,1,7,0,2,"{1: 6, 0: 1}",{0: 6},0.461538,ttdf_0d411ccb498c,train600,average_of_two|percentage_value|sqrt|round_to_decimals|add|modulo_of|percentage_value,topo_63f405a71afa,1
1.0,0.0,6+,6,6,0.333333,"{0: 1, 1: 5}",1.0,1,1,linear,5,1,5,0,0,1,6,0,1,"{1: 5, 0: 1}",{0: 5},0.5,ttdf_a321a8fea7c6,train600,meters_to_km|absolute_difference|absolute_difference|average_of_two|absolute_difference|nearest_integer,topo_02b29308ce2b,1
2.0,0.333333,3,2,2,0.666667,"{0: 2, 2: 1}",0.0,2,1,fan_in,1,2,2,1,0,1,3,0,2,"{1: 2, 0: 1}",{0: 2},0.4,ttdf_227886ccefeb,train600,total_of_pair|km_from_meters|proportion_between,topo_911586a55488,1
1.0,0.0,2,2,2,1.0,"{0: 1, 1: 1}",1.0,1,1,linear,1,1,1,0,0,1,2,0,1,"{1: 1, 0: 1}",{0: 1},0.2,ttdf_04e494f5a70b,train600,percent_of|is_within_range,topo_fdeb50f24873,1
1.0,0.0,2,2,2,1.0,"{0: 1, 1: 1}",1.0,1,1,linear,1,1,1,0,0,1,2,0,1,"{1: 1, 0: 1}",{0: 1},0.142857,ttdf_d286d593a710,train600,central_value|grow_by_rate,topo_fdeb50f24873,1
1.0,0.0,3,3,3,0.666667,"{0: 1, 1: 2}",1.0,1,1,linear,2,1,2,0,0,1,3,0,1,"{1: 2, 0: 1}",{0: 2},0.222222,ttdf_262c686d2838,train600,series_length|full_groups_of|remaining_after,topo_1c8dbe1830b2,1
2.0,0.2,5,4,4,0.4,"{0: 2, 1: 2, 2: 1}",0.0,2,1,fan_in,3,2,4,1,0,1,5,0,2,"{1: 4, 0: 1}",{0: 4},0.571429,ttdf_01c4b480c3d9,train600,round_down_whole|celsius_from_fahrenheit|leftover_after_grouping|round_up_whole|gap_between,topo_2b041b861492,1
1.0,0.0,2,2,2,1.0,"{0: 1, 1: 1}",1.0,1,1,linear,1,1,1,0,0,1,2,0,1,"{1: 1, 0: 1}",{0: 1},0.333333,ttdf_4fd7f3793225,train600,ratio_of|ceiling,topo_fdeb50f24873,1
1.0,0.0,2,2,2,1.0,"{0: 1, 1: 1}",1.0,1,1,linear,1,1,1,0,0,1,2,0,1,"{1: 1, 0: 1}",{0: 1},0.125,ttdf_325530f5c958,train600,mean_of_values|ratio_of,topo_fdeb50f24873,1
2.0,0.333333,3,2,2,0.666667,"{0: 2, 2: 1}",0.0,2,1,fan_in,1,2,2,1,0,1,3,0,2,"{1: 2, 0: 1}",{0: 2},0.4,ttdf_2bc38c9c4e20,train600,fahrenheit_from_celsius|total_of_pair|proportion_between,topo_911586a55488,1
1.0,0.0,4,4,4,0.5,"{0: 1, 1: 3}",1.0,1,1,linear,3,1,3,0,0,1,4,0,1,"{1: 3, 0: 1}",{0: 3},0.428571,ttdf_3f0160b25ed5,train600,midpoint_value|reduce_amount|whole_number_of|portion_by_rate,topo_5296967693d8,1
2.0,0.333333,3,2,2,0.666667,"{0: 2, 2: 1}",0.0,2,1,fan_in,1,2,2,1,0,1,3,0,2,"{1: 2, 0: 1}",{0: 2},0.4,ttdf_699f3954362d,train600,celsius_from_fahrenheit|leftover_after_grouping|midpoint_value,topo_911586a55488,1
2.0,0.333333,3,2,2,0.666667,"{0: 2, 2: 1}",0.0,2,1,fan_in,1,2,2,1,0,1,3,0,2,"{1: 2, 0: 1}",{0: 2},0.4,ttdf_dab00e9a8e0b,train600,hours_to_minutes|floor_divide|multiply,topo_911586a55488,1
2.0,0.333333,3,2,2,0.666667,"{0: 2, 2: 1}",0.0,2,1,fan_in,1,2,2,1,0,1,3,0,2,"{1: 2, 0: 1}",{0: 2},0.4,ttdf_1f203e751574,train600,increase_by_percent|fahrenheit_to_celsius|percent_of,topo_911586a55488,1
1.0,0.0,2,2,2,1.0,"{0: 1, 1: 1}",1.0,1,1,linear,1,1,1,0,0,1,2,0,1,"{1: 1, 0: 1}",{0: 1},0.2,ttdf_6816b7fc0b9c,train600,position_of_maximum|difference_of_numbers,topo_fdeb50f24873,1
2.0,0.25,4,3,3,0.5,"{0: 2, 2: 1, 1: 1}",0.0,2,1,fan_in,2,2,3,1,0,1,4,0,2,"{1: 3, 0: 1}",{0: 3},0.5,ttdf_c9fd563a2130,train600,self_product|meters_from_km|proportion_between|compose_reference_code,topo_bd3dd51ec1a9,1
1.0,0.0,4,4,4,0.5,"{0: 1, 1: 3}",1.0,1,1,linear,3,1,3,0,0,1,4,0,1,"{1: 3, 0: 1}",{0: 3},0.5,ttdf_33305ee7e8a9,train600,ceiling|square_value|divide|product_of_numbers,topo_5296967693d8,1
2.0,0.333333,3,2,2,0.666667,"{0: 2, 2: 1}",0.0,2,1,fan_in,1,2,2,1,0,1,3,0,2,"{1: 2, 0: 1}",{0: 2},0.4,ttdf_a3836effad43,train600,meters_from_km|split_evenly|midpoint_value,topo_911586a55488,1
1.0,0.0,2,2,2,1.0,"{0: 1, 1: 1}",1.0,1,1,linear,1,1,1,0,0,1,2,0,1,"{1: 1, 0: 1}",{0: 1},0.142857,ttdf_14a8147546d7,train600,series_spread|gap_between,topo_fdeb50f24873,1
1.0,0.0,2,2,2,1.0,"{0: 1, 1: 1}",1.0,1,1,linear,1,1,1,0,0,1,2,0,1,"{1: 1, 0: 1}",{0: 1},0.5,ttdf_5ab1d2b6b663,train600,flip_sign|reciprocal_value,topo_fdeb50f24873,1
1.0,0.0,2,2,2,1.0,"{0: 1, 1: 1}",1.0,1,1,linear,1,1,1,0,0,1,2,0,1,"{1: 1, 0: 1}",{0: 1},0.25,ttdf_043985a8ce1c,train600,whole_quotient|format_number_fixed,topo_fdeb50f24873,1
3.0,0.25,4,2,2,0.5,"{0: 3, 3: 1}",0.0,3,1,fan_in,1,3,3,1,0,1,4,0,3,"{1: 3, 0: 1}",{0: 3},0.375,ttdf_303182f248e9,train600,sum_two_numbers|divide|floor|range_of_three,topo_64b2717a77dd,1
1.0,0.0,2,2,2,1.0,"{0: 1, 1: 1}",1.0,1,1,linear,1,1,1,0,0,1,2,0,1,"{1: 1, 0: 1}",{0: 1},0.2,ttdf_005efca1844f,train600,aggregate_total|reduce_amount,topo_fdeb50f24873,1
3.0,0.2,5,3,3,0.4,"{0: 3, 1: 1, 3: 1}",0.0,3,1,fan_in,2,3,4,1,0,1,5,0,3,"{1: 4, 0: 1}",{0: 4},0.4,ttdf_3fb598048f3d,train600,ratio_of|subtract|sqrt|sum_two_numbers|range_of_three,topo_926c72bac680,1
2.0,0.333333,3,2,2,0.666667,"{0: 2, 2: 1}",0.0,2,1,fan_in,1,2,2,1,0,1,3,0,2,"{1: 2, 0: 1}",{0: 2},0.4,ttdf_57b5548d9406,train600,divide|sqrt|percentage_value,topo_911586a55488,1
2.0,0.166667,6+,5,5,0.333333,"{0: 2, 1: 3, 2: 1}",0.0,2,1,fan_in,4,2,5,1,0,1,6,0,2,"{1: 5, 0: 1}",{0: 5},0.416667,ttdf_5234b52034e7,train600,shrink_by_rate|portion_by_rate|leftover_after_grouping|shrink_by_rate|gap_between|exceeds_value,topo_6083e580bf00,1
1.0,0.0,6+,6,6,0.333333,"{0: 1, 1: 5}",1.0,1,1,linear,5,1,5,0,0,1,6,0,1,"{1: 5, 0: 1}",{0: 5},0.454545,ttdf_0612ae6230c8,train600,percent_of|decrease_by_percent|absolute_difference|divide|subtract|nearest_integer,topo_02b29308ce2b,1
1.0,0.0,2,2,2,1.0,"{0: 1, 1: 1}",1.0,1,1,linear,1,1,1,0,0,1,2,0,1,"{1: 1, 0: 1}",{0: 1},0.333333,ttdf_3ab27f7a489e,train600,average_of_two|nearest_integer,topo_fdeb50f24873,1
1.0,0.0,2,2,2,1.0,"{0: 1, 1: 1}",1.0,1,1,linear,1,1,1,0,0,1,2,0,1,"{1: 1, 0: 1}",{0: 1},0.333333,ttdf_02ffa6ab4799,train600,percent_of|negate,topo_fdeb50f24873,1
1.0,0.0,3,3,3,0.666667,"{0: 1, 1: 2}",1.0,1,1,linear,2,1,2,0,0,1,3,0,1,"{1: 2, 0: 1}",{0: 2},0.285714,ttdf_0d64a00f5dbd,train600,central_value|leftover_after_grouping|reduce_amount,topo_1c8dbe1830b2,1
1.0,0.0,5,5,5,0.4,"{0: 1, 1: 4}",1.0,1,1,linear,4,1,4,0,0,1,5,0,1,"{1: 4, 0: 1}",{0: 4},0.307692,ttdf_45503416c7e3,train600,series_length|remaining_after|shrink_by_rate|shrink_by_rate|pairwise_product,topo_d228dd6db98a,1
2.0,0.2,5,4,4,0.4,"{0: 2, 1: 2, 2: 1}",0.0,2,1,fan_in,3,2,4,1,0,1,5,0,2,"{1: 4, 0: 1}",{0: 4},0.444444,ttdf_5ca8a1664d95,train600,trim_precision|proportion_between|root_extract|proportion_between|gap_between,topo_774030263969,1
2.0,0.333333,3,2,2,0.666667,"{0: 2, 2: 1}",0.0,2,1,fan_in,1,2,2,1,0,1,3,0,2,"{1: 2, 0: 1}",{0: 2},0.4,ttdf_d898b08082c1,train600,whole_minutes_from_seconds|portion_by_rate|reduce_amount,topo_911586a55488,1
1.0,0.0,2,2,2,1.0,"{0: 1, 1: 1}",1.0,1,1,linear,1,1,1,0,0,1,2,0,1,"{1: 1, 0: 1}",{0: 1},0.142857,ttdf_7452e3961ad2,train600,sum_of_values|inverse,topo_fdeb50f24873,1
2.0,0.166667,6+,5,5,0.333333,"{0: 2, 1: 3, 2: 1}",0.0,2,1,fan_in,4,2,5,1,0,1,6,0,2,"{1: 5, 0: 1}",{0: 5},0.5,ttdf_00eea86dd3fb,train600,meters_from_km|midpoint_value|shrink_by_rate|combine_amounts|reciprocal_value|remaining_after,topo_926312b15db7,1
1.0,0.0,2,2,2,1.0,"{0: 1, 1: 1}",1.0,1,1,linear,1,1,1,0,0,1,2,0,1,"{1: 1, 0: 1}",{0: 1},0.166667,ttdf_424b15d64dbd,train600,range_of_values|product_of_numbers,topo_fdeb50f24873,1
1.0,0.0,2,2,2,1.0,"{0: 1, 1: 1}",1.0,1,1,linear,1,1,1,0,0,1,2,0,1,"{1: 1, 0: 1}",{0: 1},0.125,ttdf_77a17198d6a2,train600,increase_by_percent|scale_values,topo_fdeb50f24873,1
1.0,0.0,2,2,2,1.0,"{0: 1, 1: 1}",1.0,1,1,linear,1,1,1,0,0,1,2,0,1,"{1: 1, 0: 1}",{0: 1},0.166667,ttdf_1c5edf726d90,train600,aggregate_total|gap_between,topo_fdeb50f24873,1
2.0,0.333333,3,2,2,0.666667,"{0: 2, 2: 1}",0.0,2,1,fan_in,1,2,2,1,0,1,3,0,2,"{1: 2, 0: 1}",{0: 2},0.4,ttdf_7ce7005320b7,train600,inverse|floor_divide|difference_of_numbers,topo_911586a55488,1
2.0,0.166667,6+,5,5,0.333333,"{0: 2, 1: 3, 2: 1}",0.0,2,1,fan_in,4,2,5,1,0,1,6,0,2,"{1: 5, 0: 1}",{0: 5},0.416667,ttdf_8940ad9d46bf,train600,whole_minutes_from_seconds|portion_by_rate|proportion_between|gap_between|gap_between|inside_limits,topo_6083e580bf00,1
2.0,0.166667,6+,5,5,0.333333,"{0: 2, 1: 3, 2: 1}",0.0,2,1,fan_in,4,2,5,1,0,1,6,0,2,"{1: 5, 0: 1}",{0: 5},0.454545,ttdf_001c7f87d8d1,train600,percentage_value|celsius_to_fahrenheit|add|floor_divide|floor_divide|ratio_of,topo_33e36888cf10,1
1.0,0.0,2,2,2,1.0,"{0: 1, 1: 1}",1.0,1,1,linear,1,1,1,0,0,1,2,0,1,"{1: 1, 0: 1}",{0: 1},0.333333,ttdf_5403047f1029,train600,shrink_by_rate|self_product,topo_fdeb50f24873,1
1.0,0.0,3,3,3,0.666667,"{0: 1, 1: 2}",1.0,1,1,linear,2,1,2,0,0,1,3,0,1,"{1: 2, 0: 1}",{0: 2},0.333333,ttdf_42dfe03aa03e,train600,per_unit_value|gap_between|scale_quantity,topo_1c8dbe1830b2,1
1.0,0.0,2,2,2,1.0,"{0: 1, 1: 1}",1.0,1,1,linear,1,1,1,0,0,1,2,0,1,"{1: 1, 0: 1}",{0: 1},0.142857,ttdf_934faf8ba01c,train600,central_value|leftover_after_grouping,topo_fdeb50f24873,1
1.0,0.0,6+,8,8,0.25,"{0: 1, 1: 7}",1.0,1,1,linear,7,1,7,0,0,1,8,0,1,"{1: 7, 0: 1}",{0: 7},0.388889,ttdf_83c35dcd6096,train600,increase_by_percent|increase_by_percent|whole_quotient|negate|percentage_value|quotient_of|average_of_two|scale_values,topo_ff8ead63c33b,1
1.0,0.0,2,2,2,1.0,"{0: 1, 1: 1}",1.0,1,1,linear,1,1,1,0,0,1,2,0,1,"{1: 1, 0: 1}",{0: 1},0.333333,ttdf_c48004ec37d3,train600,whole_number_of|portion_by_rate,topo_fdeb50f24873,1
1.0,0.0,3,3,3,0.666667,"{0: 1, 1: 2}",1.0,1,1,linear,2,1,2,0,0,1,3,0,1,"{1: 2, 0: 1}",{0: 2},0.333333,ttdf_6699e83d94fd,train600,full_groups_of|portion_by_rate|per_unit_value,topo_1c8dbe1830b2,1
2.0,0.25,4,3,3,0.5,"{0: 2, 2: 1, 1: 1}",0.0,2,1,fan_in,2,2,3,1,0,1,4,0,2,"{1: 3, 0: 1}",{0: 3},0.5,ttdf_1691c4ac38d4,train600,km_from_meters|self_product|midpoint_value|annotate_measurement,topo_bd3dd51ec1a9,1
3.0,0.25,4,2,2,0.5,"{0: 3, 3: 1}",0.0,3,1,fan_in,1,3,3,1,0,1,4,0,3,"{1: 3, 0: 1}",{0: 3},0.375,ttdf_2c91c6df24d4,train600,reduce_amount|grow_by_rate|round_up_whole|dispersion_of_three,topo_64b2717a77dd,1
1.0,0.0,2,2,2,1.0,"{0: 1, 1: 1}",1.0,1,1,linear,1,1,1,0,0,1,2,0,1,"{1: 1, 0: 1}",{0: 1},0.333333,ttdf_797de6038af8,train600,sqrt|absolute_difference,topo_fdeb50f24873,1
2.0,0.166667,6+,4,4,0.333333,"{0: 2, 1: 3, 2: 1}",0.0,2,1,fan_in,4,2,5,1,0,1,6,0,2,"{1: 5, 0: 1}",{0: 5},0.555556,ttdf_17b15dbab77c,train600,km_to_meters|negate|modulo_of|negate|increase_by_percent|difference_of_numbers,topo_5cf1a13edea8,1
1.0,0.0,2,2,2,1.0,"{0: 1, 1: 1}",1.0,1,1,linear,1,1,1,0,0,1,2,0,1,"{1: 1, 0: 1}",{0: 1},0.333333,ttdf_01c298009b82,train600,flip_sign|portion_by_rate,topo_fdeb50f24873,1
2.0,0.142857,6+,5,5,0.285714,"{0: 2, 1: 4, 2: 1}",0.0,2,1,fan_in,5,2,6,1,0,1,7,0,2,"{1: 6, 0: 1}",{0: 6},0.545455,ttdf_119efa6f9fb7,train600,quotient_of|square_value|ceiling|average_of_two|sqrt|decrease_by_percent|quotient_of,topo_ca6030f187be,1
2.0,0.125,6+,6,6,0.25,"{0: 2, 1: 5, 2: 1}",0.0,2,1,fan_in,6,2,7,1,0,1,8,0,2,"{1: 7, 0: 1}",{0: 7},0.466667,ttdf_12f3a73f71fc,train600,quotient_of|absolute_difference|ratio_of|average_of_two|multiply|nearest_integer|quotient_of|average_of_two,topo_ace9c53050f0,1
3.0,0.2,5,3,3,0.4,"{0: 3, 1: 1, 3: 1}",0.0,3,1,fan_in,2,3,4,1,0,1,5,0,3,"{1: 4, 0: 1}",{0: 4},0.4,ttdf_3799eac59203,train600,round_down_whole|reduce_amount|scale_quantity|per_unit_value|balance_of_three,topo_926c72bac680,1
2.0,0.333333,3,2,2,0.666667,"{0: 2, 2: 1}",0.0,2,1,fan_in,1,2,2,1,0,1,3,0,2,"{1: 2, 0: 1}",{0: 2},0.4,ttdf_297b6a171cb4,train600,shrink_by_rate|meters_from_km|portion_by_rate,topo_911586a55488,1
1.0,0.0,5,5,5,0.4,"{0: 1, 1: 4}",1.0,1,1,linear,4,1,4,0,0,1,5,0,1,"{1: 4, 0: 1}",{0: 4},0.4,ttdf_dbca6ce17e9d,train600,full_groups_of|midpoint_value|grow_by_rate|shrink_by_rate|combine_amounts,topo_d228dd6db98a,1
2.0,0.25,4,3,3,0.5,"{0: 2, 2: 1, 1: 1}",0.0,2,1,fan_in,2,2,3,1,0,1,4,0,2,"{1: 3, 0: 1}",{0: 3},0.333333,ttdf_0770a215aedc,train600,hours_to_minutes|fahrenheit_to_celsius|sum_two_numbers|append_to_values,topo_bd3dd51ec1a9,1
1.0,0.0,2,2,2,1.0,"{0: 1, 1: 1}",1.0,1,1,linear,1,1,1,0,0,1,2,0,1,"{1: 1, 0: 1}",{0: 1},0.333333,ttdf_deae1f887c12,train600,square_value|percentage_value,topo_fdeb50f24873,1
2.0,0.2,5,3,3,0.4,"{0: 2, 1: 2, 2: 1}",0.0,2,1,fan_in,3,2,4,1,0,1,5,0,2,"{1: 4, 0: 1}",{0: 4},0.444444,ttdf_735f00969599,train600,scale_quantity|gap_between|self_product|reduce_amount|reduce_amount,topo_17d840e0415f,1
2.0,0.2,5,3,3,0.4,"{0: 2, 1: 2, 2: 1}",0.0,2,1,fan_in,3,2,4,1,0,1,5,0,2,"{1: 4, 0: 1}",{0: 4},0.5,ttdf_61719d1d9a53,train600,round_up_whole|proportion_between|seconds_from_minutes|full_groups_of|proportion_between,topo_17d840e0415f,1
3.0,0.142857,6+,3,3,0.285714,"{0: 3, 1: 3, 3: 1}",0.0,3,1,fan_in,4,3,6,1,0,1,7,0,3,"{1: 6, 0: 1}",{0: 6},0.461538,ttdf_0acb949c0b84,train600,total_of_pair|per_unit_value|grow_by_rate|remaining_after|round_up_whole|root_extract|dispersion_of_three,topo_b53a306e6f0b,1
2.0,0.2,5,4,4,0.4,"{0: 2, 1: 2, 2: 1}",0.0,2,1,fan_in,3,2,4,1,0,1,5,0,2,"{1: 4, 0: 1}",{0: 4},0.444444,ttdf_65e2342e8c96,train600,product_of_numbers|decrease_by_percent|meters_to_km|add|label_with_unit,topo_0c51481d8aeb,1
3.0,0.25,4,2,2,0.5,"{0: 3, 3: 1}",0.0,3,1,fan_in,1,3,3,1,0,1,4,0,3,"{1: 3, 0: 1}",{0: 3},0.333333,ttdf_5d4a18f14a8d,train600,percent_of|increase_by_percent|absolute_difference|mean_of_three,topo_64b2717a77dd,1
1.0,0.0,2,2,2,1.0,"{0: 1, 1: 1}",1.0,1,1,linear,1,1,1,0,0,1,2,0,1,"{1: 1, 0: 1}",{0: 1},0.333333,ttdf_0ba4ae72e658,train600,negate|product_of_numbers,topo_fdeb50f24873,1
2.0,0.333333,3,2,2,0.666667,"{0: 2, 2: 1}",0.0,2,1,fan_in,1,2,2,1,0,1,3,0,2,"{1: 2, 0: 1}",{0: 2},0.4,ttdf_17671b0fdf34,train600,floor_divide|meters_to_km|absolute_difference,topo_911586a55488,1
1.0,0.0,2,2,2,1.0,"{0: 1, 1: 1}",1.0,1,1,linear,1,1,1,0,0,1,2,0,1,"{1: 1, 0: 1}",{0: 1},0.125,ttdf_1049e047f9b8,train600,central_value|reduce_amount,topo_fdeb50f24873,1
1.0,0.0,2,2,2,1.0,"{0: 1, 1: 1}",1.0,1,1,linear,1,1,1,0,0,1,2,0,1,"{1: 1, 0: 1}",{0: 1},0.333333,ttdf_5c216c99a0bc,train600,increase_by_percent|nearest_integer,topo_fdeb50f24873,1
1.0,0.0,2,2,2,1.0,"{0: 1, 1: 1}",1.0,1,1,linear,1,1,1,0,0,1,2,0,1,"{1: 1, 0: 1}",{0: 1},0.166667,ttdf_06c164ef0719,train600,count_of_values|decrease_by_percent,topo_fdeb50f24873,1
1.0,0.0,4,4,4,0.5,"{0: 1, 1: 3}",1.0,1,1,linear,3,1,3,0,0,1,4,0,1,"{1: 3, 0: 1}",{0: 3},0.428571,ttdf_72a4ddab8909,train600,seconds_to_full_minutes|difference_of_numbers|ratio_of|add,topo_5296967693d8,1
2.0,0.25,4,3,3,0.5,"{0: 2, 2: 1, 1: 1}",0.0,2,1,fan_in,2,2,3,1,0,1,4,0,2,"{1: 3, 0: 1}",{0: 3},0.3,ttdf_48f8a8e09070,train600,meters_to_km|nearest_integer|add|append_to_values,topo_bd3dd51ec1a9,1
2.0,0.333333,3,2,2,0.666667,"{0: 2, 2: 1}",0.0,2,1,fan_in,1,2,2,1,0,1,3,0,2,"{1: 2, 0: 1}",{0: 2},0.4,ttdf_79b247cc2dfb,train600,floor|modulo_of|ratio_of,topo_911586a55488,1
1.0,0.0,2,2,2,1.0,"{0: 1, 1: 1}",1.0,1,1,linear,1,1,1,0,0,1,2,0,1,"{1: 1, 0: 1}",{0: 1},0.333333,ttdf_17d073e41e97,train600,decrease_by_percent|nearest_integer,topo_fdeb50f24873,1
1.0,0.0,2,2,2,1.0,"{0: 1, 1: 1}",1.0,1,1,linear,1,1,1,0,0,1,2,0,1,"{1: 1, 0: 1}",{0: 1},0.333333,ttdf_fe94a5e2dc42,train600,divide|nearest_integer,topo_fdeb50f24873,1
2.0,0.25,4,3,3,0.5,"{0: 2, 2: 1, 1: 1}",0.0,2,1,fan_in,2,2,3,1,0,1,4,0,2,"{1: 3, 0: 1}",{0: 3},0.6,ttdf_f523384deaaa,train600,root_extract|whole_number_of|portion_by_rate|whole_number_of,topo_bd3dd51ec1a9,1
2.0,0.333333,3,2,2,0.666667,"{0: 2, 2: 1}",0.0,2,1,fan_in,1,2,2,1,0,1,3,0,2,"{1: 2, 0: 1}",{0: 2},0.4,ttdf_bc033ff3550b,train600,square_value|average_of_two|percentage_value,topo_911586a55488,1
1.0,0.0,6+,6,6,0.333333,"{0: 1, 1: 5}",1.0,1,1,linear,5,1,5,0,0,1,6,0,1,"{1: 5, 0: 1}",{0: 5},0.384615,ttdf_2a8ba9d8e1d3,train600,average_of_two|floor_divide|square_value|product_of_numbers|ratio_of|scale_values,topo_02b29308ce2b,1
1.0,0.0,2,2,2,1.0,"{0: 1, 1: 1}",1.0,1,1,linear,1,1,1,0,0,1,2,0,1,"{1: 1, 0: 1}",{0: 1},0.142857,ttdf_b45a0be1f14a,train600,mean_of_values|square_value,topo_fdeb50f24873,1
2.0,0.25,4,3,3,0.5,"{0: 2, 2: 1, 1: 1}",0.0,2,1,fan_in,2,2,3,1,0,1,4,0,2,"{1: 3, 0: 1}",{0: 3},0.428571,ttdf_bb161cd7a302,train600,fahrenheit_from_celsius|reduce_amount|midpoint_value|compose_reference_code,topo_bd3dd51ec1a9,1
2.0,0.2,5,3,3,0.4,"{0: 2, 1: 2, 2: 1}",0.0,2,1,fan_in,3,2,4,1,0,1,5,0,2,"{1: 4, 0: 1}",{0: 4},0.571429,ttdf_f1edfb73d1e7,train600,meters_from_km|gap_between|whole_minutes_from_seconds|flip_sign|midpoint_value,topo_17d840e0415f,1
3.0,0.142857,6+,3,3,0.285714,"{0: 3, 1: 3, 3: 1}",0.0,3,1,fan_in,4,3,6,1,0,1,7,0,3,"{1: 6, 0: 1}",{0: 6},0.461538,ttdf_9966934901e2,train600,average_of_two|ratio_of|inverse|ratio_of|ceiling|average_of_two|range_of_three,topo_b53a306e6f0b,1
1.0,0.0,6+,6,6,0.333333,"{0: 1, 1: 5}",1.0,1,1,linear,5,1,5,0,0,1,6,0,1,"{1: 5, 0: 1}",{0: 5},0.333333,ttdf_f0084b77cec7,train600,range_of_values|ratio_of|product_of_numbers|quotient_of|sqrt|scale_values,topo_02b29308ce2b,1
1.0,0.0,3,3,3,0.666667,"{0: 1, 1: 2}",1.0,1,1,linear,2,1,2,0,0,1,3,0,1,"{1: 2, 0: 1}",{0: 2},0.166667,ttdf_3a6f2a53f095,train600,range_of_values|sum_two_numbers|scale_values,topo_1c8dbe1830b2,1
3.0,0.125,6+,4,4,0.25,"{0: 3, 1: 4, 3: 1}",0.0,3,1,fan_in,5,3,7,1,0,1,8,0,3,"{1: 7, 0: 1}",{0: 7},0.411765,ttdf_c7e061423748,train600,total_of_pair|gap_between|split_evenly|shrink_by_rate|split_evenly|remaining_after|leftover_after_grouping|total_of_three_parts,topo_5eeac3554b19,1
2.0,0.333333,3,2,2,0.666667,"{0: 2, 2: 1}",0.0,2,1,fan_in,1,2,2,1,0,1,3,0,2,"{1: 2, 0: 1}",{0: 2},0.4,ttdf_bd653f0dc52b,train600,round_down_whole|remaining_after|portion_by_rate,topo_911586a55488,1
1.0,0.0,2,2,2,1.0,"{0: 1, 1: 1}",1.0,1,1,linear,1,1,1,0,0,1,2,0,1,"{1: 1, 0: 1}",{0: 1},0.333333,ttdf_ceecb8410fe0,train600,pairwise_product|self_product,topo_fdeb50f24873,1
1.0,0.0,2,2,2,1.0,"{0: 1, 1: 1}",1.0,1,1,linear,1,1,1,0,0,1,2,0,1,"{1: 1, 0: 1}",{0: 1},0.333333,ttdf_21faa94b557e,train600,round_down_whole|leftover_after_grouping,topo_fdeb50f24873,1
2.0,0.25,4,3,3,0.5,"{0: 2, 2: 1, 1: 1}",0.0,2,1,fan_in,2,2,3,1,0,1,4,0,2,"{1: 3, 0: 1}",{0: 3},0.272727,ttdf_c57dc4e0751c,train600,difference_of_numbers|nearest_integer|absolute_difference|append_to_values,topo_bd3dd51ec1a9,1
2.0,0.333333,3,2,2,0.666667,"{0: 2, 2: 1}",0.0,2,1,fan_in,1,2,2,1,0,1,3,0,2,"{1: 2, 0: 1}",{0: 2},0.4,ttdf_19b91e7a1afd,train600,combine_amounts|whole_minutes_from_seconds|gap_between,topo_911586a55488,1
2.0,0.25,4,3,3,0.5,"{0: 2, 2: 1, 1: 1}",0.0,2,1,fan_in,2,2,3,1,0,1,4,0,2,"{1: 3, 0: 1}",{0: 3},0.333333,ttdf_01cd93628e62,train600,decrease_by_percent|nearest_integer|average_of_two|append_to_values,topo_bd3dd51ec1a9,1
2.0,0.2,5,4,4,0.4,"{0: 2, 1: 2, 2: 1}",0.0,2,1,fan_in,3,2,4,1,0,1,5,0,2,"{1: 4, 0: 1}",{0: 4},0.444444,ttdf_a966bd3a5396,train600,subtract|negate|modulo_of|percent_of|build_tag,topo_0c51481d8aeb,1
1.0,0.0,6+,6,6,0.333333,"{0: 1, 1: 5}",1.0,1,1,linear,5,1,5,0,0,1,6,0,1,"{1: 5, 0: 1}",{0: 5},0.333333,ttdf_a96e32435698,train600,meters_to_km|decrease_by_percent|average_of_two|add|percentage_value|scale_values,topo_02b29308ce2b,1
1.0,0.0,2,2,2,1.0,"{0: 1, 1: 1}",1.0,1,1,linear,1,1,1,0,0,1,2,0,1,"{1: 1, 0: 1}",{0: 1},0.333333,ttdf_125e0e89b2a9,train600,minutes_to_seconds|format_number_fixed,topo_fdeb50f24873,1
1.0,0.0,3,3,3,0.666667,"{0: 1, 1: 2}",1.0,1,1,linear,2,1,2,0,0,1,3,0,1,"{1: 2, 0: 1}",{0: 2},0.4,ttdf_2186abc0c6f9,train600,proportion_between|midpoint_value|whole_number_of,topo_1c8dbe1830b2,1
1.0,0.0,3,3,3,0.666667,"{0: 1, 1: 2}",1.0,1,1,linear,2,1,2,0,0,1,3,0,1,"{1: 2, 0: 1}",{0: 2},0.25,ttdf_9236b2118b75,train600,average_of_two|increase_by_percent|scale_values,topo_1c8dbe1830b2,1
3.0,0.142857,6+,3,3,0.285714,"{0: 3, 1: 3, 3: 1}",0.0,3,1,fan_in,4,3,6,1,0,1,7,0,3,"{1: 6, 0: 1}",{0: 6},0.5,ttdf_bf3e79d23b48,train600,round_down_whole|pairwise_product|whole_number_of|root_extract|midpoint_value|portion_by_rate|total_of_three_parts,topo_b53a306e6f0b,1
2.0,0.2,5,4,4,0.4,"{0: 2, 1: 2, 2: 1}",0.0,2,1,fan_in,3,2,4,1,0,1,5,0,2,"{1: 4, 0: 1}",{0: 4},0.571429,ttdf_4712e1a2c4fb,train600,self_product|leftover_after_grouping|self_product|meters_from_km|reduce_amount,topo_774030263969,1
1.0,0.0,2,2,2,1.0,"{0: 1, 1: 1}",1.0,1,1,linear,1,1,1,0,0,1,2,0,1,"{1: 1, 0: 1}",{0: 1},0.333333,ttdf_e493f3f67ad3,train600,decrease_by_percent|nearest_integer,topo_fdeb50f24873,1
1.0,0.0,2,2,2,1.0,"{0: 1, 1: 1}",1.0,1,1,linear,1,1,1,0,0,1,2,0,1,"{1: 1, 0: 1}",{0: 1},0.333333,ttdf_6d5d2df8e87e,train600,reciprocal_value|remaining_after,topo_fdeb50f24873,1
2.0,0.333333,3,2,2,0.666667,"{0: 2, 2: 1}",0.0,2,1,fan_in,1,2,2,1,0,1,3,0,2,"{1: 2, 0: 1}",{0: 2},0.333333,ttdf_646939de45a4,train600,trim_precision|midpoint_value|proportion_between,topo_911586a55488,1
2.0,0.2,5,4,4,0.4,"{0: 2, 1: 2, 2: 1}",0.0,2,1,fan_in,3,2,4,1,0,1,5,0,2,"{1: 4, 0: 1}",{0: 4},0.444444,ttdf_27aa1ab40158,train600,decrease_by_percent|nearest_integer|average_of_two|absolute_difference|build_tag,topo_0c51481d8aeb,1
2.0,0.142857,6+,5,5,0.285714,"{0: 2, 1: 4, 2: 1}",0.0,2,1,fan_in,5,2,6,1,0,1,7,0,2,"{1: 6, 0: 1}",{0: 6},0.5,ttdf_938c1776280b,train600,minutes_to_seconds|multiply|absolute_difference|increase_by_percent|sqrt|multiply|ratio_of,topo_9e01698159b0,1
1.0,0.0,4,4,4,0.5,"{0: 1, 1: 3}",1.0,1,1,linear,3,1,3,0,0,1,4,0,1,"{1: 3, 0: 1}",{0: 3},0.428571,ttdf_343396db1300,train600,whole_minutes_from_seconds|midpoint_value|total_of_pair|grow_by_rate,topo_5296967693d8,1
1.0,0.0,2,2,2,1.0,"{0: 1, 1: 1}",1.0,1,1,linear,1,1,1,0,0,1,2,0,1,"{1: 1, 0: 1}",{0: 1},0.142857,ttdf_3d41f12fc382,train600,series_spread|root_extract,topo_fdeb50f24873,1
1.0,0.0,6+,6,6,0.333333,"{0: 1, 1: 5}",1.0,1,1,linear,5,1,5,0,0,1,6,0,1,"{1: 5, 0: 1}",{0: 5},0.5,ttdf_4f9a6db16101,train600,add|add|negate|decrease_by_percent|increase_by_percent|nearest_integer,topo_02b29308ce2b,1
1.0,0.0,2,2,2,1.0,"{0: 1, 1: 1}",1.0,1,1,linear,1,1,1,0,0,1,2,0,1,"{1: 1, 0: 1}",{0: 1},0.2,ttdf_2c958b881eb6,train600,central_value|full_groups_of,topo_fdeb50f24873,1
1.0,0.0,3,3,3,0.666667,"{0: 1, 1: 2}",1.0,1,1,linear,2,1,2,0,0,1,3,0,1,"{1: 2, 0: 1}",{0: 2},0.4,ttdf_13647563f2d7,train600,midpoint_value|portion_by_rate|whole_number_of,topo_1c8dbe1830b2,1
2.0,0.25,4,3,3,0.5,"{0: 2, 2: 1, 1: 1}",0.0,2,1,fan_in,2,2,3,1,0,1,4,0,2,"{1: 3, 0: 1}",{0: 3},0.3,ttdf_15feadc31a80,train600,floor|absolute_difference|ratio_of|append_to_values,topo_bd3dd51ec1a9,1
1.0,0.0,6+,7,7,0.285714,"{0: 1, 1: 6}",1.0,1,1,linear,6,1,6,0,0,1,7,0,1,"{1: 6, 0: 1}",{0: 6},0.428571,ttdf_71260bf92acb,train600,central_value|trim_precision|shrink_by_rate|flip_sign|split_evenly|portion_by_rate|full_groups_of,topo_47316b07929b,1
2.0,0.166667,6+,5,5,0.333333,"{0: 2, 1: 3, 2: 1}",0.0,2,1,fan_in,4,2,5,1,0,1,6,0,2,"{1: 5, 0: 1}",{0: 5},0.5,ttdf_4a60967acf1e,train600,celsius_to_fahrenheit|absolute_difference|absolute_difference|ratio_of|floor|difference_of_numbers,topo_33e36888cf10,1
2.0,0.25,4,3,3,0.5,"{0: 2, 2: 1, 1: 1}",0.0,2,1,fan_in,2,2,3,1,0,1,4,0,2,"{1: 3, 0: 1}",{0: 3},0.272727,ttdf_11f761e72840,train600,seconds_to_full_minutes|round_to_decimals|absolute_difference|append_to_values,topo_bd3dd51ec1a9,1
2.0,0.166667,6+,5,5,0.333333,"{0: 2, 1: 3, 2: 1}",0.0,2,1,fan_in,4,2,5,1,0,1,6,0,2,"{1: 5, 0: 1}",{0: 5},0.5,ttdf_0567be690a63,train600,celsius_from_fahrenheit|trim_precision|fahrenheit_from_celsius|flip_sign|remaining_after|inside_limits,topo_2c499c271118,1
2.0,0.25,4,3,3,0.5,"{0: 2, 1: 1, 2: 1}",0.0,2,1,fan_in,2,2,3,1,0,1,4,0,2,"{1: 3, 0: 1}",{0: 3},0.375,ttdf_954e0f107ebf,train600,whole_quotient|difference_of_numbers|modulo_of|percentage_value,topo_30980484d6d7,1
1.0,0.0,2,2,2,1.0,"{0: 1, 1: 1}",1.0,1,1,linear,1,1,1,0,0,1,2,0,1,"{1: 1, 0: 1}",{0: 1},0.333333,ttdf_98bda79ab0d1,train600,round_up_whole|shrink_by_rate,topo_fdeb50f24873,1
1.0,0.0,2,2,2,1.0,"{0: 1, 1: 1}",1.0,1,1,linear,1,1,1,0,0,1,2,0,1,"{1: 1, 0: 1}",{0: 1},0.2,ttdf_897a8ebc1b51,train600,range_of_values|inverse,topo_fdeb50f24873,1
2.0,0.166667,6+,5,5,0.333333,"{0: 2, 1: 3, 2: 1}",0.0,2,1,fan_in,4,2,5,1,0,1,6,0,2,"{1: 5, 0: 1}",{0: 5},0.555556,ttdf_5832b7b98c41,train600,nearest_integer|floor|product_of_numbers|sqrt|average_of_two|percentage_value,topo_33e36888cf10,1
1.0,0.0,2,2,2,1.0,"{0: 1, 1: 1}",1.0,1,1,linear,1,1,1,0,0,1,2,0,1,"{1: 1, 0: 1}",{0: 1},0.125,ttdf_2e28c94981d9,train600,series_length|combine_amounts,topo_fdeb50f24873,1
1.0,0.0,2,2,2,1.0,"{0: 1, 1: 1}",1.0,1,1,linear,1,1,1,0,0,1,2,0,1,"{1: 1, 0: 1}",{0: 1},0.5,ttdf_1a7d4c7d2e73,train600,self_product|flip_sign,topo_fdeb50f24873,1
2.0,0.2,5,3,3,0.4,"{0: 2, 1: 2, 2: 1}",0.0,2,1,fan_in,3,2,4,1,0,1,5,0,2,"{1: 4, 0: 1}",{0: 4},0.444444,ttdf_831d193c517d,train600,meters_from_km|midpoint_value|per_unit_value|pairwise_product|per_unit_value,topo_17d840e0415f,1
2.0,0.25,4,3,3,0.5,"{0: 2, 2: 1, 1: 1}",0.0,2,1,fan_in,2,2,3,1,0,1,4,0,2,"{1: 3, 0: 1}",{0: 3},0.272727,ttdf_004ceee60ac5,train600,whole_quotient|square_value|divide|append_to_values,topo_bd3dd51ec1a9,1
2.0,0.166667,6+,5,5,0.333333,"{0: 2, 1: 3, 2: 1}",0.0,2,1,fan_in,4,2,5,1,0,1,6,0,2,"{1: 5, 0: 1}",{0: 5},0.416667,ttdf_0575273c973e,train600,ratio_of|reminder|reminder|absolute_difference|increase_by_percent|absolute_difference,topo_33e36888cf10,1
3.0,0.2,5,3,3,0.4,"{0: 3, 1: 1, 3: 1}",0.0,3,1,fan_in,2,3,4,1,0,1,5,0,3,"{1: 4, 0: 1}",{0: 4},0.444444,ttdf_2245fbf80cf8,train600,inverse|negate|increase_by_percent|round_to_decimals|sum_of_three,topo_926c72bac680,1
1.0,0.0,3,3,3,0.666667,"{0: 1, 1: 2}",1.0,1,1,linear,2,1,2,0,0,1,3,0,1,"{1: 2, 0: 1}",{0: 2},0.25,ttdf_1cc8cb9986f0,train600,absolute_difference|increase_by_percent|scale_values,topo_1c8dbe1830b2,1
1.0,0.0,6+,6,6,0.333333,"{0: 1, 1: 5}",1.0,1,1,linear,5,1,5,0,0,1,6,0,1,"{1: 5, 0: 1}",{0: 5},0.333333,ttdf_2c0fb7585a5f,train600,divide|add|negate|divide|absolute_difference|scale_values,topo_02b29308ce2b,1
3.0,0.2,5,3,3,0.4,"{0: 3, 1: 1, 3: 1}",0.0,3,1,fan_in,2,3,4,1,0,1,5,0,3,"{1: 4, 0: 1}",{0: 4},0.4,ttdf_f08af46ff06c,train600,ceiling|add|absolute_difference|reminder|range_of_three,topo_926c72bac680,1
2.0,0.25,4,3,3,0.5,"{0: 2, 2: 1, 1: 1}",0.0,2,1,fan_in,2,2,3,1,0,1,4,0,2,"{1: 3, 0: 1}",{0: 3},0.375,ttdf_0a4579a55e3e,train600,meters_to_km|hours_to_minutes|ratio_of|append_to_values,topo_bd3dd51ec1a9,1
1.0,0.0,2,2,2,1.0,"{0: 1, 1: 1}",1.0,1,1,linear,1,1,1,0,0,1,2,0,1,"{1: 1, 0: 1}",{0: 1},0.166667,ttdf_109a9a2eb248,train600,aggregate_total|self_product,topo_fdeb50f24873,1
1.0,0.0,2,2,2,1.0,"{0: 1, 1: 1}",1.0,1,1,linear,1,1,1,0,0,1,2,0,1,"{1: 1, 0: 1}",{0: 1},0.333333,ttdf_ca1d484c9c96,train600,sqrt|average_of_two,topo_fdeb50f24873,1
1.0,0.0,2,2,2,1.0,"{0: 1, 1: 1}",1.0,1,1,linear,1,1,1,0,0,1,2,0,1,"{1: 1, 0: 1}",{0: 1},0.25,ttdf_272ce16153d2,train600,floor_divide|is_divisible_by,topo_fdeb50f24873,1
1.0,0.0,2,2,2,1.0,"{0: 1, 1: 1}",1.0,1,1,linear,1,1,1,0,0,1,2,0,1,"{1: 1, 0: 1}",{0: 1},0.333333,ttdf_3b4ca8df8340,train600,portion_by_rate|self_product,topo_fdeb50f24873,1
1.0,0.0,3,3,3,0.666667,"{0: 1, 1: 2}",1.0,1,1,linear,2,1,2,0,0,1,3,0,1,"{1: 2, 0: 1}",{0: 2},0.285714,ttdf_4df65eb35420,train600,floor|average_of_two|scale_values,topo_1c8dbe1830b2,1
2.0,0.2,5,4,4,0.4,"{0: 2, 1: 2, 2: 1}",0.0,2,1,fan_in,3,2,4,1,0,1,5,0,2,"{1: 4, 0: 1}",{0: 4},0.444444,ttdf_fd9f15c86e82,train600,square_value|whole_quotient|sum_two_numbers|absolute_difference|label_with_unit,topo_0c51481d8aeb,1
2.0,0.166667,6+,4,4,0.333333,"{0: 2, 1: 3, 2: 1}",0.0,2,1,fan_in,4,2,5,1,0,1,6,0,2,"{1: 5, 0: 1}",{0: 5},0.5,ttdf_5c9bfe7c5eeb,train600,meters_to_km|ratio_of|difference_of_numbers|square_value|difference_of_numbers|divide,topo_5cf1a13edea8,1
1.0,0.0,2,2,2,1.0,"{0: 1, 1: 1}",1.0,1,1,linear,1,1,1,0,0,1,2,0,1,"{1: 1, 0: 1}",{0: 1},0.2,ttdf_4fb15030a374,train600,percent_of|is_within_range,topo_fdeb50f24873,1
2.0,0.142857,6+,5,5,0.285714,"{0: 2, 1: 4, 2: 1}",0.0,2,1,fan_in,5,2,6,1,0,1,7,0,2,"{1: 6, 0: 1}",{0: 6},0.428571,ttdf_8db5901e0f81,train600,sum_two_numbers|whole_quotient|decrease_by_percent|ratio_of|average_of_two|increase_by_percent|percent_of,topo_9e01698159b0,1
2.0,0.25,4,3,3,0.5,"{0: 2, 1: 1, 2: 1}",0.0,2,1,fan_in,2,2,3,1,0,1,4,0,2,"{1: 3, 0: 1}",{0: 3},0.375,ttdf_4ba278446d22,train600,difference_of_numbers|floor_divide|ratio_of|percent_of,topo_5b37b75596d2,1
1.0,0.0,2,2,2,1.0,"{0: 1, 1: 1}",1.0,1,1,linear,1,1,1,0,0,1,2,0,1,"{1: 1, 0: 1}",{0: 1},0.125,ttdf_1383b56ac315,train600,aggregate_total|proportion_between,topo_fdeb50f24873,1
1.0,0.0,6+,8,8,0.25,"{0: 1, 1: 7}",1.0,1,1,linear,7,1,7,0,0,1,8,0,1,"{1: 7, 0: 1}",{0: 7},0.5,ttdf_450ce5ca6048,train600,series_length|pairwise_product|leftover_after_grouping|reciprocal_value|reciprocal_value|pairwise_product|root_extract|combine_amounts,topo_ff8ead63c33b,1
1.0,0.0,2,2,2,1.0,"{0: 1, 1: 1}",1.0,1,1,linear,1,1,1,0,0,1,2,0,1,"{1: 1, 0: 1}",{0: 1},0.333333,ttdf_712be6a2b0d4,train600,leftover_after_grouping|self_product,topo_fdeb50f24873,1
1.0,0.0,6+,8,8,0.25,"{0: 1, 1: 7}",1.0,1,1,linear,7,1,7,0,0,1,8,0,1,"{1: 7, 0: 1}",{0: 7},0.4375,ttdf_33c3736160e6,train600,fahrenheit_to_celsius|multiply|divide|negate|increase_by_percent|round_to_decimals|sum_two_numbers|append_to_values,topo_ff8ead63c33b,1
2.0,0.166667,6+,4,4,0.333333,"{0: 2, 1: 3, 2: 1}",0.0,2,1,fan_in,4,2,5,1,0,1,6,0,2,"{1: 5, 0: 1}",{0: 5},0.555556,ttdf_19a21384e2ba,train600,celsius_to_fahrenheit|subtract|fahrenheit_to_celsius|subtract|ceiling|average_of_two,topo_5cf1a13edea8,1
2.0,0.166667,6+,5,5,0.333333,"{0: 2, 1: 3, 2: 1}",0.0,2,1,fan_in,4,2,5,1,0,1,6,0,2,"{1: 5, 0: 1}",{0: 5},0.416667,ttdf_f2e290f68a14,train600,modulo_of|ratio_of|ratio_of|average_of_two|ratio_of|average_of_two,topo_33e36888cf10,1
2.0,0.333333,3,2,2,0.666667,"{0: 2, 2: 1}",0.0,2,1,fan_in,1,2,2,1,0,1,3,0,2,"{1: 2, 0: 1}",{0: 2},0.4,ttdf_18bd5adee8cd,train600,whole_quotient|km_to_meters|difference_of_numbers,topo_911586a55488,1
1.0,0.0,2,2,2,1.0,"{0: 1, 1: 1}",1.0,1,1,linear,1,1,1,0,0,1,2,0,1,"{1: 1, 0: 1}",{0: 1},0.142857,ttdf_1146308536be,train600,position_of_maximum|increase_by_percent,topo_fdeb50f24873,1
1.0,0.0,2,2,2,1.0,"{0: 1, 1: 1}",1.0,1,1,linear,1,1,1,0,0,1,2,0,1,"{1: 1, 0: 1}",{0: 1},0.142857,ttdf_5583e9093f36,train600,sum_of_values|square_value,topo_fdeb50f24873,1
1.0,0.0,2,2,2,1.0,"{0: 1, 1: 1}",1.0,1,1,linear,1,1,1,0,0,1,2,0,1,"{1: 1, 0: 1}",{0: 1},0.142857,ttdf_81ae16afa8a0,train600,ceiling|append_to_values,topo_fdeb50f24873,1
3.0,0.166667,6+,3,3,0.333333,"{0: 3, 1: 2, 3: 1}",0.0,3,1,fan_in,3,3,5,1,0,1,6,0,3,"{1: 5, 0: 1}",{0: 5},0.454545,ttdf_d97a77cb50c8,train600,proportion_between|gap_between|round_up_whole|root_extract|combine_amounts|total_of_three_parts,topo_00ac72c33abd,1
1.0,0.0,6+,8,8,0.25,"{0: 1, 1: 7}",1.0,1,1,linear,7,1,7,0,0,1,8,0,1,"{1: 7, 0: 1}",{0: 7},0.636364,ttdf_88db3bb9c110,train600,ceiling|average_of_two|ceiling|subtract|product_of_numbers|inverse|inverse|nearest_integer,topo_ff8ead63c33b,1
2.0,0.333333,3,2,2,0.666667,"{0: 2, 2: 1}",0.0,2,1,fan_in,1,2,2,1,0,1,3,0,2,"{1: 2, 0: 1}",{0: 2},0.4,ttdf_b821df28975e,train600,meters_to_km|sum_two_numbers|absolute_difference,topo_911586a55488,1
1.0,0.0,3,3,3,0.666667,"{0: 1, 1: 2}",1.0,1,1,linear,2,1,2,0,0,1,3,0,1,"{1: 2, 0: 1}",{0: 2},0.4,ttdf_b11e0c22e08e,train600,km_to_meters|average_of_two|label_with_unit,topo_1c8dbe1830b2,1
2.0,0.25,4,3,3,0.5,"{0: 2, 2: 1, 1: 1}",0.0,2,1,fan_in,2,2,3,1,0,1,4,0,2,"{1: 3, 0: 1}",{0: 3},0.5,ttdf_35655e0b2603,train600,midpoint_value|seconds_from_minutes|midpoint_value|whole_number_of,topo_bd3dd51ec1a9,1
2.0,0.333333,3,2,2,0.666667,"{0: 2, 2: 1}",0.0,2,1,fan_in,1,2,2,1,0,1,3,0,2,"{1: 2, 0: 1}",{0: 2},0.4,ttdf_470d58b1d06f,train600,absolute_difference|km_to_meters|average_of_two,topo_911586a55488,1
1.0,0.0,3,3,3,0.666667,"{0: 1, 1: 2}",1.0,1,1,linear,2,1,2,0,0,1,3,0,1,"{1: 2, 0: 1}",{0: 2},0.333333,ttdf_6b36336b66ae,train600,proportion_between|full_groups_of|portion_by_rate,topo_1c8dbe1830b2,1
1.0,0.0,3,3,3,0.666667,"{0: 1, 1: 2}",1.0,1,1,linear,2,1,2,0,0,1,3,0,1,"{1: 2, 0: 1}",{0: 2},0.222222,ttdf_82703d6a0d7e,train600,series_length|shrink_by_rate|proportion_between,topo_1c8dbe1830b2,1
1.0,0.0,4,4,4,0.5,"{0: 1, 1: 3}",1.0,1,1,linear,3,1,3,0,0,1,4,0,1,"{1: 3, 0: 1}",{0: 3},0.428571,ttdf_53bf21b903a7,train600,total_of_pair|scale_quantity|self_product|total_of_pair,topo_5296967693d8,1
1.0,0.0,6+,6,6,0.333333,"{0: 1, 1: 5}",1.0,1,1,linear,5,1,5,0,0,1,6,0,1,"{1: 5, 0: 1}",{0: 5},0.454545,ttdf_07bf20b2416e,train600,gap_between|leftover_after_grouping|scale_quantity|per_unit_value|scale_quantity|root_extract,topo_02b29308ce2b,1
2.0,0.25,4,3,3,0.5,"{0: 2, 2: 1, 1: 1}",0.0,2,1,fan_in,2,2,3,1,0,1,4,0,2,"{1: 3, 0: 1}",{0: 3},0.428571,ttdf_1bf6c5e23d34,train600,seconds_from_minutes|scale_quantity|reduce_amount|annotate_measurement,topo_bd3dd51ec1a9,1
1.0,0.0,5,5,5,0.4,"{0: 1, 1: 4}",1.0,1,1,linear,4,1,4,0,0,1,5,0,1,"{1: 4, 0: 1}",{0: 4},0.444444,ttdf_a31e86877e4c,train600,midpoint_value|remaining_after|self_product|total_of_pair|midpoint_value,topo_d228dd6db98a,1
1.0,0.0,2,2,2,1.0,"{0: 1, 1: 1}",1.0,1,1,linear,1,1,1,0,0,1,2,0,1,"{1: 1, 0: 1}",{0: 1},0.333333,ttdf_73596c9703cc,train600,reciprocal_value|gap_between,topo_fdeb50f24873,1
3.0,0.25,4,2,2,0.5,"{0: 3, 3: 1}",0.0,3,1,fan_in,1,3,3,1,0,1,4,0,3,"{1: 3, 0: 1}",{0: 3},0.375,ttdf_72bdb8dd4fbf,train600,per_unit_value|per_unit_value|root_extract|total_of_three_parts,topo_64b2717a77dd,1
1.0,0.0,3,3,3,0.666667,"{0: 1, 1: 2}",1.0,1,1,linear,2,1,2,0,0,1,3,0,1,"{1: 2, 0: 1}",{0: 2},0.222222,ttdf_38b1f24fdba4,train600,aggregate_total|root_extract|midpoint_value,topo_1c8dbe1830b2,1
1.0,0.0,2,2,2,1.0,"{0: 1, 1: 1}",1.0,1,1,linear,1,1,1,0,0,1,2,0,1,"{1: 1, 0: 1}",{0: 1},0.333333,ttdf_e3733a0bc54a,train600,square_value|decrease_by_percent,topo_fdeb50f24873,1
1.0,0.0,2,2,2,1.0,"{0: 1, 1: 1}",1.0,1,1,linear,1,1,1,0,0,1,2,0,1,"{1: 1, 0: 1}",{0: 1},0.333333,ttdf_54eb0c0e425c,train600,reminder|negate,topo_fdeb50f24873,1
3.0,0.125,6+,4,4,0.25,"{0: 3, 1: 4, 3: 1}",0.0,3,1,fan_in,5,3,7,1,0,1,8,0,3,"{1: 7, 0: 1}",{0: 7},0.4375,ttdf_5f0209e88851,train600,average_of_two|increase_by_percent|subtract|nearest_integer|absolute_difference|multiply|percent_of|sum_of_three,topo_5eeac3554b19,1
2.0,0.166667,6+,4,4,0.333333,"{0: 2, 1: 3, 2: 1}",0.0,2,1,fan_in,4,2,5,1,0,1,6,0,2,"{1: 5, 0: 1}",{0: 5},0.454545,ttdf_c02e6ca784a5,train600,seconds_from_minutes|midpoint_value|trim_precision|remaining_after|portion_by_rate|exceeds_value,topo_f5466e583fca,1
2.0,0.142857,6+,5,5,0.285714,"{0: 2, 1: 4, 2: 1}",0.0,2,1,fan_in,5,2,6,1,0,1,7,0,2,"{1: 6, 0: 1}",{0: 6},0.461538,ttdf_58f08c4edc40,train600,combine_amounts|reduce_amount|leftover_after_grouping|gap_between|reciprocal_value|midpoint_value|midpoint_value,topo_9e01698159b0,1
2.0,0.2,5,3,3,0.4,"{0: 2, 1: 2, 2: 1}",0.0,2,1,fan_in,3,2,4,1,0,1,5,0,2,"{1: 4, 0: 1}",{0: 4},0.5,ttdf_3b2cc1a549da,train600,per_unit_value|shrink_by_rate|round_down_whole|root_extract|pairwise_product,topo_17d840e0415f,1
1.0,0.0,2,2,2,1.0,"{0: 1, 1: 1}",1.0,1,1,linear,1,1,1,0,0,1,2,0,1,"{1: 1, 0: 1}",{0: 1},0.333333,ttdf_1e61b3899278,train600,square_value|is_divisible_by,topo_fdeb50f24873,1
2.0,0.142857,6+,5,5,0.285714,"{0: 2, 1: 4, 2: 1}",0.0,2,1,fan_in,5,2,6,1,0,1,7,0,2,"{1: 6, 0: 1}",{0: 6},0.545455,ttdf_58f71101b86b,train600,flip_sign|leftover_after_grouping|shrink_by_rate|flip_sign|root_extract|gap_between|split_evenly,topo_ca6030f187be,1
2.0,0.333333,3,2,2,0.666667,"{0: 2, 2: 1}",0.0,2,1,fan_in,1,2,2,1,0,1,3,0,2,"{1: 2, 0: 1}",{0: 2},0.4,ttdf_9c6978bb26f3,train600,quotient_of|sqrt|percent_of,topo_911586a55488,1
1.0,0.0,2,2,2,1.0,"{0: 1, 1: 1}",1.0,1,1,linear,1,1,1,0,0,1,2,0,1,"{1: 1, 0: 1}",{0: 1},0.333333,ttdf_cd4fb2c82b9a,train600,percent_of|nearest_integer,topo_fdeb50f24873,1
3.0,0.2,5,3,3,0.4,"{0: 3, 1: 1, 3: 1}",0.0,3,1,fan_in,2,3,4,1,0,1,5,0,3,"{1: 4, 0: 1}",{0: 4},0.4,ttdf_04bb083de833,train600,inverse|sum_two_numbers|multiply|round_to_decimals|mean_of_three,topo_926c72bac680,1
2.0,0.166667,6+,5,5,0.333333,"{0: 2, 1: 3, 2: 1}",0.0,2,1,fan_in,4,2,5,1,0,1,6,0,2,"{1: 5, 0: 1}",{0: 5},0.5,ttdf_8e25a3c3d4b0,train600,self_product|leftover_after_grouping|leftover_after_grouping|shrink_by_rate|split_evenly|stringify_amount,topo_6083e580bf00,1
2.0,0.333333,3,2,2,0.666667,"{0: 2, 2: 1}",0.0,2,1,fan_in,1,2,2,1,0,1,3,0,2,"{1: 2, 0: 1}",{0: 2},0.4,ttdf_f6b902a8de54,train600,whole_quotient|celsius_to_fahrenheit|percentage_value,topo_911586a55488,1
1.0,0.0,2,2,2,1.0,"{0: 1, 1: 1}",1.0,1,1,linear,1,1,1,0,0,1,2,0,1,"{1: 1, 0: 1}",{0: 1},0.333333,ttdf_0ce8913d0334,train600,round_down_whole|midpoint_value,topo_fdeb50f24873,1
2.0,0.2,5,4,4,0.4,"{0: 2, 1: 2, 2: 1}",0.0,2,1,fan_in,3,2,4,1,0,1,5,0,2,"{1: 4, 0: 1}",{0: 4},0.5,ttdf_1784a7d130c4,train600,floor|ratio_of|ceiling|add|build_tag,topo_0c51481d8aeb,1
2.0,0.166667,6+,4,4,0.333333,"{0: 2, 1: 3, 2: 1}",0.0,2,1,fan_in,4,2,5,1,0,1,6,0,2,"{1: 5, 0: 1}",{0: 5},0.5,ttdf_7b8db9955d51,train600,divide|ceiling|whole_quotient|inverse|product_of_numbers|percent_of,topo_2b9a65f092bb,1
3.0,0.2,5,3,3,0.4,"{0: 3, 1: 1, 3: 1}",0.0,3,1,fan_in,2,3,4,1,0,1,5,0,3,"{1: 4, 0: 1}",{0: 4},0.444444,ttdf_7c88aeaeb582,train600,sqrt|modulo_of|nearest_integer|absolute_difference|mean_of_three,topo_926c72bac680,1
1.0,0.0,2,2,2,1.0,"{0: 1, 1: 1}",1.0,1,1,linear,1,1,1,0,0,1,2,0,1,"{1: 1, 0: 1}",{0: 1},0.25,ttdf_44b01616a487,train600,hours_to_minutes|is_within_range,topo_fdeb50f24873,1
2.0,0.166667,6+,5,5,0.333333,"{0: 2, 1: 3, 2: 1}",0.0,2,1,fan_in,4,2,5,1,0,1,6,0,2,"{1: 5, 0: 1}",{0: 5},0.454545,ttdf_209b1a2b8bb1,train600,midpoint_value|full_groups_of|total_of_pair|gap_between|gap_between|stringify_amount,topo_2c499c271118,1
1.0,0.0,2,2,2,1.0,"{0: 1, 1: 1}",1.0,1,1,linear,1,1,1,0,0,1,2,0,1,"{1: 1, 0: 1}",{0: 1},0.25,ttdf_330334b5a8ee,train600,ceiling|is_within_range,topo_fdeb50f24873,1
3.0,0.125,6+,4,4,0.25,"{0: 3, 1: 4, 3: 1}",0.0,3,1,fan_in,5,3,7,1,0,1,8,0,3,"{1: 7, 0: 1}",{0: 7},0.4375,ttdf_093f5f1c7a5c,train600,combine_amounts|gap_between|grow_by_rate|midpoint_value|remaining_after|shrink_by_rate|dispersion_of_three|whole_number_of,topo_d4b4ab44315e,1
1.0,0.0,2,2,2,1.0,"{0: 1, 1: 1}",1.0,1,1,linear,1,1,1,0,0,1,2,0,1,"{1: 1, 0: 1}",{0: 1},0.142857,ttdf_1fbbe1962989,train600,aggregate_total|flip_sign,topo_fdeb50f24873,1
2.0,0.333333,3,2,2,0.666667,"{0: 2, 2: 1}",0.0,2,1,fan_in,1,2,2,1,0,1,3,0,2,"{1: 2, 0: 1}",{0: 2},0.4,ttdf_a27ee767b260,train600,inverse|reminder|ratio_of,topo_911586a55488,1
2.0,0.25,4,3,3,0.5,"{0: 2, 2: 1, 1: 1}",0.0,2,1,fan_in,2,2,3,1,0,1,4,0,2,"{1: 3, 0: 1}",{0: 3},0.5,ttdf_67a6c973d4d7,train600,scale_quantity|km_from_meters|midpoint_value|whole_number_of,topo_bd3dd51ec1a9,1
3.0,0.25,4,2,2,0.5,"{0: 3, 3: 1}",0.0,3,1,fan_in,1,3,3,1,0,1,4,0,3,"{1: 3, 0: 1}",{0: 3},0.375,ttdf_28a45ed58282,train600,absolute_difference|increase_by_percent|inverse|range_of_three,topo_64b2717a77dd,1
2.0,0.142857,6+,6,6,0.285714,"{0: 2, 1: 4, 2: 1}",0.0,2,1,fan_in,5,2,6,1,0,1,7,0,2,"{1: 6, 0: 1}",{0: 6},0.5,ttdf_46c52bed205e,train600,gap_between|combine_amounts|pairwise_product|gap_between|reciprocal_value|portion_by_rate|stringify_amount,topo_aac04d391b9b,1
1.0,0.0,5,5,5,0.4,"{0: 1, 1: 4}",1.0,1,1,linear,4,1,4,0,0,1,5,0,1,"{1: 4, 0: 1}",{0: 4},0.444444,ttdf_a36a302e3a68,train600,gap_between|split_evenly|grow_by_rate|proportion_between|flip_sign,topo_d228dd6db98a,1
3.0,0.125,6+,4,4,0.25,"{0: 3, 1: 4, 3: 1}",0.0,3,1,fan_in,5,3,7,1,0,1,8,0,3,"{1: 7, 0: 1}",{0: 7},0.4375,ttdf_1703e497b2ae,train600,ratio_of|product_of_numbers|subtract|average_of_two|absolute_difference|decrease_by_percent|sqrt|sum_of_three,topo_5eeac3554b19,1
2.0,0.25,4,3,3,0.5,"{0: 2, 1: 1, 2: 1}",0.0,2,1,fan_in,2,2,3,1,0,1,4,0,2,"{1: 3, 0: 1}",{0: 3},0.428571,ttdf_67945aea207c,train600,floor|modulo_of|decrease_by_percent|divide,topo_30980484d6d7,1
1.0,0.0,2,2,2,1.0,"{0: 1, 1: 1}",1.0,1,1,linear,1,1,1,0,0,1,2,0,1,"{1: 1, 0: 1}",{0: 1},0.333333,ttdf_90db64712927,train600,add|number_to_text,topo_fdeb50f24873,1
1.0,0.0,3,3,3,0.666667,"{0: 1, 1: 2}",1.0,1,1,linear,2,1,2,0,0,1,3,0,1,"{1: 2, 0: 1}",{0: 2},0.25,ttdf_62046f3f6ffe,train600,multiply|absolute_difference|append_to_values,topo_1c8dbe1830b2,1
2.0,0.142857,6+,6,6,0.285714,"{0: 2, 1: 4, 2: 1}",0.0,2,1,fan_in,5,2,6,1,0,1,7,0,2,"{1: 6, 0: 1}",{0: 6},0.428571,ttdf_8a212faaa6ac,train600,reminder|decrease_by_percent|difference_of_numbers|multiply|percent_of|decrease_by_percent|difference_of_numbers,topo_4a07cdfdb909,1
1.0,0.0,2,2,2,1.0,"{0: 1, 1: 1}",1.0,1,1,linear,1,1,1,0,0,1,2,0,1,"{1: 1, 0: 1}",{0: 1},0.333333,ttdf_2d9eb714eff9,train600,square_value|increase_by_percent,topo_fdeb50f24873,1
3.0,0.166667,6+,3,3,0.333333,"{0: 3, 1: 2, 3: 1}",0.0,3,1,fan_in,3,3,5,1,0,1,6,0,3,"{1: 5, 0: 1}",{0: 5},0.5,ttdf_1d3da88ad525,train600,increase_by_percent|negate|ceiling|average_of_two|inverse|range_of_three,topo_00ac72c33abd,1
1.0,0.0,2,2,2,1.0,"{0: 1, 1: 1}",1.0,1,1,linear,1,1,1,0,0,1,2,0,1,"{1: 1, 0: 1}",{0: 1},0.333333,ttdf_85cd4058f920,train600,percentage_value|floor,topo_fdeb50f24873,1
1.0,0.0,2,2,2,1.0,"{0: 1, 1: 1}",1.0,1,1,linear,1,1,1,0,0,1,2,0,1,"{1: 1, 0: 1}",{0: 1},0.25,ttdf_cbe96d386138,train600,mean_of_values|nearest_integer,topo_fdeb50f24873,1
2.0,0.25,4,3,3,0.5,"{0: 2, 2: 1, 1: 1}",0.0,2,1,fan_in,2,2,3,1,0,1,4,0,2,"{1: 3, 0: 1}",{0: 3},0.5,ttdf_4389b3ac4d29,train600,shrink_by_rate|meters_from_km|portion_by_rate|whole_number_of,topo_bd3dd51ec1a9,1
3.0,0.2,5,3,3,0.4,"{0: 3, 1: 1, 3: 1}",0.0,3,1,fan_in,2,3,4,1,0,1,5,0,3,"{1: 4, 0: 1}",{0: 4},0.4,ttdf_2455995df85b,train600,percent_of|quotient_of|inverse|absolute_difference|sum_of_three,topo_926c72bac680,1
2.0,0.166667,6+,5,5,0.333333,"{0: 2, 1: 3, 2: 1}",0.0,2,1,fan_in,4,2,5,1,0,1,6,0,2,"{1: 5, 0: 1}",{0: 5},0.5,ttdf_40fe0a0d5ab0,train600,fahrenheit_from_celsius|gap_between|full_groups_of|portion_by_rate|round_down_whole|portion_by_rate,topo_926312b15db7,1
2.0,0.25,4,3,3,0.5,"{0: 2, 2: 1, 1: 1}",0.0,2,1,fan_in,2,2,3,1,0,1,4,0,2,"{1: 3, 0: 1}",{0: 3},0.428571,ttdf_65c102e8ae6e,train600,grow_by_rate|fahrenheit_from_celsius|gap_between|annotate_measurement,topo_bd3dd51ec1a9,1
1.0,0.0,2,2,2,1.0,"{0: 1, 1: 1}",1.0,1,1,linear,1,1,1,0,0,1,2,0,1,"{1: 1, 0: 1}",{0: 1},0.2,ttdf_10a611963887,train600,percentage_value|is_within_range,topo_fdeb50f24873,1
2.0,0.2,5,4,4,0.4,"{0: 2, 1: 2, 2: 1}",0.0,2,1,fan_in,3,2,4,1,0,1,5,0,2,"{1: 4, 0: 1}",{0: 4},0.444444,ttdf_ddfa3474fa31,train600,multiply|ceiling|decrease_by_percent|absolute_difference|label_with_unit,topo_7279e5f4b24a,1
1.0,0.0,5,5,5,0.4,"{0: 1, 1: 4}",1.0,1,1,linear,4,1,4,0,0,1,5,0,1,"{1: 4, 0: 1}",{0: 4},0.4,ttdf_36b57efe7392,train600,gap_between|midpoint_value|proportion_between|gap_between|scale_quantity,topo_d228dd6db98a,1
1.0,0.0,6+,6,6,0.333333,"{0: 1, 1: 5}",1.0,1,1,linear,5,1,5,0,0,1,6,0,1,"{1: 5, 0: 1}",{0: 5},0.454545,ttdf_13e86a1c0b0a,train600,proportion_between|gap_between|trim_precision|flip_sign|scale_quantity|gap_between,topo_02b29308ce2b,1
1.0,0.0,2,2,2,1.0,"{0: 1, 1: 1}",1.0,1,1,linear,1,1,1,0,0,1,2,0,1,"{1: 1, 0: 1}",{0: 1},0.5,ttdf_b9c7c5612106,train600,round_up_whole|reciprocal_value,topo_fdeb50f24873,1
1.0,0.0,2,2,2,1.0,"{0: 1, 1: 1}",1.0,1,1,linear,1,1,1,0,0,1,2,0,1,"{1: 1, 0: 1}",{0: 1},0.25,ttdf_2ae133ee09f2,train600,product_of_numbers|format_number_fixed,topo_fdeb50f24873,1
1.0,0.0,6+,6,6,0.333333,"{0: 1, 1: 5}",1.0,1,1,linear,5,1,5,0,0,1,6,0,1,"{1: 5, 0: 1}",{0: 5},0.454545,ttdf_24d44636b99b,train600,increase_by_percent|difference_of_numbers|difference_of_numbers|average_of_two|absolute_difference|nearest_integer,topo_02b29308ce2b,1
1.0,0.0,4,4,4,0.5,"{0: 1, 1: 3}",1.0,1,1,linear,3,1,3,0,0,1,4,0,1,"{1: 3, 0: 1}",{0: 3},0.428571,ttdf_57d750445754,train600,scale_quantity|combine_amounts|reciprocal_value|midpoint_value,topo_5296967693d8,1
2.0,0.2,5,4,4,0.4,"{0: 2, 1: 2, 2: 1}",0.0,2,1,fan_in,3,2,4,1,0,1,5,0,2,"{1: 4, 0: 1}",{0: 4},0.444444,ttdf_0347623425c6,train600,absolute_difference|meters_to_km|increase_by_percent|absolute_difference|build_tag,topo_7279e5f4b24a,1
1.0,0.0,2,2,2,1.0,"{0: 1, 1: 1}",1.0,1,1,linear,1,1,1,0,0,1,2,0,1,"{1: 1, 0: 1}",{0: 1},0.333333,ttdf_179d52becd83,train600,root_extract|portion_by_rate,topo_fdeb50f24873,1
1.0,0.0,2,2,2,1.0,"{0: 1, 1: 1}",1.0,1,1,linear,1,1,1,0,0,1,2,0,1,"{1: 1, 0: 1}",{0: 1},0.5,ttdf_f64cb80ebd35,train600,fahrenheit_to_celsius|nearest_integer,topo_fdeb50f24873,1
1.0,0.0,6+,6,6,0.333333,"{0: 1, 1: 5}",1.0,1,1,linear,5,1,5,0,0,1,6,0,1,"{1: 5, 0: 1}",{0: 5},0.5,ttdf_918a1b8e247c,train600,km_to_meters|average_of_two|absolute_difference|whole_quotient|decrease_by_percent|nearest_integer,topo_02b29308ce2b,1
1.0,0.0,2,2,2,1.0,"{0: 1, 1: 1}",1.0,1,1,linear,1,1,1,0,0,1,2,0,1,"{1: 1, 0: 1}",{0: 1},0.5,ttdf_f6fd02964091,train600,inverse|nearest_integer,topo_fdeb50f24873,1
2.0,0.166667,6+,4,4,0.333333,"{0: 2, 1: 3, 2: 1}",0.0,2,1,fan_in,4,2,5,1,0,1,6,0,2,"{1: 5, 0: 1}",{0: 5},0.5,ttdf_2f3bdb3a35c1,train600,whole_number_of|full_groups_of|minutes_from_hours|proportion_between|combine_amounts|per_unit_value,topo_5cf1a13edea8,1
1.0,0.0,2,2,2,1.0,"{0: 1, 1: 1}",1.0,1,1,linear,1,1,1,0,0,1,2,0,1,"{1: 1, 0: 1}",{0: 1},0.2,ttdf_36a216ba2999,train600,product_of_numbers|is_within_range,topo_fdeb50f24873,1
1.0,0.0,6+,6,6,0.333333,"{0: 1, 1: 5}",1.0,1,1,linear,5,1,5,0,0,1,6,0,1,"{1: 5, 0: 1}",{0: 5},0.5,ttdf_9d77f3ed8fa3,train600,seconds_from_minutes|flip_sign|total_of_pair|proportion_between|split_evenly|gap_between,topo_02b29308ce2b,1
1.0,0.0,2,2,2,1.0,"{0: 1, 1: 1}",1.0,1,1,linear,1,1,1,0,0,1,2,0,1,"{1: 1, 0: 1}",{0: 1},0.142857,ttdf_07c691f0f0b6,train600,nearest_integer|scale_values,topo_fdeb50f24873,1
1.0,0.0,2,2,2,1.0,"{0: 1, 1: 1}",1.0,1,1,linear,1,1,1,0,0,1,2,0,1,"{1: 1, 0: 1}",{0: 1},0.5,ttdf_b759f7cbfc86,train600,celsius_to_fahrenheit|nearest_integer,topo_fdeb50f24873,1
2.0,0.25,4,3,3,0.5,"{0: 2, 1: 1, 2: 1}",0.0,2,1,fan_in,2,2,3,1,0,1,4,0,2,"{1: 3, 0: 1}",{0: 3},0.5,ttdf_3d16ba355ab3,train600,meters_to_km|percent_of|meters_to_km|percent_of,topo_30980484d6d7,1
1.0,0.0,6+,8,8,0.25,"{0: 1, 1: 7}",1.0,1,1,linear,7,1,7,0,0,1,8,0,1,"{1: 7, 0: 1}",{0: 7},0.35,ttdf_78f37f8ffa01,train600,floor_divide|ratio_of|difference_of_numbers|ratio_of|difference_of_numbers|reminder|ratio_of|append_to_values,topo_ff8ead63c33b,1
1.0,0.0,5,5,5,0.4,"{0: 1, 1: 4}",1.0,1,1,linear,4,1,4,0,0,1,5,0,1,"{1: 4, 0: 1}",{0: 4},0.333333,ttdf_9d9863ba2cb6,train600,position_of_maximum|quotient_of|multiply|absolute_difference|sum_two_numbers,topo_d228dd6db98a,1
2.0,0.25,4,3,3,0.5,"{0: 2, 2: 1, 1: 1}",0.0,2,1,fan_in,2,2,3,1,0,1,4,0,2,"{1: 3, 0: 1}",{0: 3},0.5,ttdf_68ca1081ba07,train600,round_down_whole|midpoint_value|reduce_amount|whole_number_of,topo_bd3dd51ec1a9,1
1.0,0.0,6+,6,6,0.333333,"{0: 1, 1: 5}",1.0,1,1,linear,5,1,5,0,0,1,6,0,1,"{1: 5, 0: 1}",{0: 5},0.5,ttdf_73f8a9ff0c4b,train600,full_groups_of|full_groups_of|flip_sign|reduce_amount|pairwise_product|reciprocal_value,topo_02b29308ce2b,1
2.0,0.333333,3,2,2,0.666667,"{0: 2, 2: 1}",0.0,2,1,fan_in,1,2,2,1,0,1,3,0,2,"{1: 2, 0: 1}",{0: 2},0.4,ttdf_7477d37d7cea,train600,reduce_amount|self_product|portion_by_rate,topo_911586a55488,1
1.0,0.0,3,3,3,0.666667,"{0: 1, 1: 2}",1.0,1,1,linear,2,1,2,0,0,1,3,0,1,"{1: 2, 0: 1}",{0: 2},0.222222,ttdf_11520fc95946,train600,minutes_to_seconds|subtract|scale_values,topo_1c8dbe1830b2,1
1.0,0.0,2,2,2,1.0,"{0: 1, 1: 1}",1.0,1,1,linear,1,1,1,0,0,1,2,0,1,"{1: 1, 0: 1}",{0: 1},0.2,ttdf_133121788cd1,train600,position_of_maximum|percent_of,topo_fdeb50f24873,1
1.0,0.0,2,2,2,1.0,"{0: 1, 1: 1}",1.0,1,1,linear,1,1,1,0,0,1,2,0,1,"{1: 1, 0: 1}",{0: 1},0.5,ttdf_ce5a5d3e494a,train600,self_product|self_product,topo_fdeb50f24873,1
2.0,0.2,5,4,4,0.4,"{0: 2, 1: 2, 2: 1}",0.0,2,1,fan_in,3,2,4,1,0,1,5,0,2,"{1: 4, 0: 1}",{0: 4},0.444444,ttdf_43aa348514cb,train600,percentage_value|modulo_of|seconds_to_full_minutes|absolute_difference|build_tag,topo_0c51481d8aeb,1
1.0,0.0,2,2,2,1.0,"{0: 1, 1: 1}",1.0,1,1,linear,1,1,1,0,0,1,2,0,1,"{1: 1, 0: 1}",{0: 1},0.142857,ttdf_ce63e45a9b47,train600,floor|append_to_values,topo_fdeb50f24873,1
1.0,0.0,6+,6,6,0.333333,"{0: 1, 1: 5}",1.0,1,1,linear,5,1,5,0,0,1,6,0,1,"{1: 5, 0: 1}",{0: 5},0.454545,ttdf_4225616d0be4,train600,grow_by_rate|whole_number_of|midpoint_value|full_groups_of|proportion_between|gap_between,topo_02b29308ce2b,1
3.0,0.25,4,2,2,0.5,"{0: 3, 3: 1}",0.0,3,1,fan_in,1,3,3,1,0,1,4,0,3,"{1: 3, 0: 1}",{0: 3},0.428571,ttdf_447a55068eaf,train600,whole_number_of|leftover_after_grouping|self_product|total_of_three_parts,topo_64b2717a77dd,1
2.0,0.333333,3,2,2,0.666667,"{0: 2, 2: 1}",0.0,2,1,fan_in,1,2,2,1,0,1,3,0,2,"{1: 2, 0: 1}",{0: 2},0.4,ttdf_d4e5b7bfafb4,train600,root_extract|shrink_by_rate|portion_by_rate,topo_911586a55488,1
1.0,0.0,2,2,2,1.0,"{0: 1, 1: 1}",1.0,1,1,linear,1,1,1,0,0,1,2,0,1,"{1: 1, 0: 1}",{0: 1},0.333333,ttdf_d0ad5f3cd5b2,train600,round_down_whole|portion_by_rate,topo_fdeb50f24873,1
1.0,0.0,6+,6,6,0.333333,"{0: 1, 1: 5}",1.0,1,1,linear,5,1,5,0,0,1,6,0,1,"{1: 5, 0: 1}",{0: 5},0.714286,ttdf_bc01a5b836d7,train600,round_down_whole|root_extract|round_up_whole|flip_sign|reciprocal_value|midpoint_value,topo_02b29308ce2b,1
1.0,0.0,2,2,2,1.0,"{0: 1, 1: 1}",1.0,1,1,linear,1,1,1,0,0,1,2,0,1,"{1: 1, 0: 1}",{0: 1},0.333333,ttdf_51e0bd1618d1,train600,nearest_integer|add,topo_fdeb50f24873,1
2.0,0.125,6+,7,7,0.25,"{0: 2, 1: 5, 2: 1}",0.0,2,1,fan_in,6,2,7,1,0,1,8,0,2,"{1: 7, 0: 1}",{0: 7},0.538462,ttdf_2fff9c093256,train600,divide|sqrt|increase_by_percent|floor|decrease_by_percent|negate|divide|product_of_numbers,topo_596ff8eb2493,1
1.0,0.0,2,2,2,1.0,"{0: 1, 1: 1}",1.0,1,1,linear,1,1,1,0,0,1,2,0,1,"{1: 1, 0: 1}",{0: 1},0.333333,ttdf_6ff7f34a1a92,train600,shrink_by_rate|flip_sign,topo_fdeb50f24873,1
1.0,0.0,2,2,2,1.0,"{0: 1, 1: 1}",1.0,1,1,linear,1,1,1,0,0,1,2,0,1,"{1: 1, 0: 1}",{0: 1},0.142857,ttdf_2d41b2830490,train600,aggregate_total|pairwise_product,topo_fdeb50f24873,1
1.0,0.0,2,2,2,1.0,"{0: 1, 1: 1}",1.0,1,1,linear,1,1,1,0,0,1,2,0,1,"{1: 1, 0: 1}",{0: 1},0.25,ttdf_21cfed40077b,train600,trim_precision|per_unit_value,topo_fdeb50f24873,1
1.0,0.0,3,3,3,0.666667,"{0: 1, 1: 2}",1.0,1,1,linear,2,1,2,0,0,1,3,0,1,"{1: 2, 0: 1}",{0: 2},0.333333,ttdf_5819997e10dd,train600,portion_by_rate|split_evenly|gap_between,topo_1c8dbe1830b2,1
2.0,0.166667,6+,5,5,0.333333,"{0: 2, 1: 3, 2: 1}",0.0,2,1,fan_in,4,2,5,1,0,1,6,0,2,"{1: 5, 0: 1}",{0: 5},0.454545,ttdf_9305a91f7974,train600,ratio_of|average_of_two|subtract|average_of_two|meters_to_km|percentage_value,topo_926312b15db7,1
1.0,0.0,2,2,2,1.0,"{0: 1, 1: 1}",1.0,1,1,linear,1,1,1,0,0,1,2,0,1,"{1: 1, 0: 1}",{0: 1},0.142857,ttdf_4f189e16b6c4,train600,sum_of_values|sum_two_numbers,topo_fdeb50f24873,1
2.0,0.142857,6+,6,6,0.285714,"{0: 2, 1: 4, 2: 1}",0.0,2,1,fan_in,5,2,6,1,0,1,7,0,2,"{1: 6, 0: 1}",{0: 6},0.461538,ttdf_09c234dedf78,train600,scale_quantity|minutes_from_hours|remaining_after|portion_by_rate|scale_quantity|gap_between|render_with_decimals,topo_6031251ac62a,1
1.0,0.0,2,2,2,1.0,"{0: 1, 1: 1}",1.0,1,1,linear,1,1,1,0,0,1,2,0,1,"{1: 1, 0: 1}",{0: 1},0.166667,ttdf_870447e2fbbb,train600,inverse|scale_values,topo_fdeb50f24873,1
2.0,0.333333,3,2,2,0.666667,"{0: 2, 2: 1}",0.0,2,1,fan_in,1,2,2,1,0,1,3,0,2,"{1: 2, 0: 1}",{0: 2},0.4,ttdf_dea07c219f91,train600,leftover_after_grouping|celsius_from_fahrenheit|gap_between,topo_911586a55488,1
1.0,0.0,2,2,2,1.0,"{0: 1, 1: 1}",1.0,1,1,linear,1,1,1,0,0,1,2,0,1,"{1: 1, 0: 1}",{0: 1},0.333333,ttdf_4e9b666b04f9,train600,reciprocal_value|proportion_between,topo_fdeb50f24873,1
3.0,0.166667,6+,3,3,0.333333,"{0: 3, 1: 2, 3: 1}",0.0,3,1,fan_in,3,3,5,1,0,1,6,0,3,"{1: 5, 0: 1}",{0: 5},0.5,ttdf_7906faca4767,train600,flip_sign|midpoint_value|reciprocal_value|portion_by_rate|round_down_whole|total_of_three_parts,topo_00ac72c33abd,1
1.0,0.0,2,2,2,1.0,"{0: 1, 1: 1}",1.0,1,1,linear,1,1,1,0,0,1,2,0,1,"{1: 1, 0: 1}",{0: 1},0.333333,ttdf_3f52a534866d,train600,self_product|scale_quantity,topo_fdeb50f24873,1
2.0,0.166667,6+,5,5,0.333333,"{0: 2, 1: 3, 2: 1}",0.0,2,1,fan_in,4,2,5,1,0,1,6,0,2,"{1: 5, 0: 1}",{0: 5},0.384615,ttdf_3c21e6ec77fd,train600,shrink_by_rate|split_evenly|pairwise_product|proportion_between|portion_by_rate|inside_limits,topo_6083e580bf00,1
1.0,0.0,2,2,2,1.0,"{0: 1, 1: 1}",1.0,1,1,linear,1,1,1,0,0,1,2,0,1,"{1: 1, 0: 1}",{0: 1},0.333333,ttdf_178a8a0f527a,train600,self_product|reduce_amount,topo_fdeb50f24873,1
1.0,0.0,5,5,5,0.4,"{0: 1, 1: 4}",1.0,1,1,linear,4,1,4,0,0,1,5,0,1,"{1: 4, 0: 1}",{0: 4},0.5,ttdf_0076850744b5,train600,negate|decrease_by_percent|nearest_integer|ratio_of|percent_of,topo_d228dd6db98a,1
1.0,0.0,2,2,2,1.0,"{0: 1, 1: 1}",1.0,1,1,linear,1,1,1,0,0,1,2,0,1,"{1: 1, 0: 1}",{0: 1},0.333333,ttdf_6eeb168023b3,train600,split_evenly|root_extract,topo_fdeb50f24873,1
2.0,0.2,5,4,4,0.4,"{0: 2, 1: 2, 2: 1}",0.0,2,1,fan_in,3,2,4,1,0,1,5,0,2,"{1: 4, 0: 1}",{0: 4},0.444444,ttdf_237b68177ba3,train600,whole_number_of|leftover_after_grouping|grow_by_rate|leftover_after_grouping|reduce_amount,topo_774030263969,1
2.0,0.333333,3,2,2,0.666667,"{0: 2, 2: 1}",0.0,2,1,fan_in,1,2,2,1,0,1,3,0,2,"{1: 2, 0: 1}",{0: 2},0.4,ttdf_7d383d22fb7a,train600,absolute_difference|square_value|percentage_value,topo_911586a55488,1
1.0,0.0,6+,7,7,0.285714,"{0: 1, 1: 6}",1.0,1,1,linear,6,1,6,0,0,1,7,0,1,"{1: 6, 0: 1}",{0: 6},0.4,ttdf_0d1187dec051,train600,round_to_decimals|absolute_difference|square_value|modulo_of|whole_quotient|increase_by_percent|scale_values,topo_47316b07929b,1
1.0,0.0,6+,8,8,0.25,"{0: 1, 1: 7}",1.0,1,1,linear,7,1,7,0,0,1,8,0,1,"{1: 7, 0: 1}",{0: 7},0.304348,ttdf_402bd1a656a3,train600,position_of_maximum|percentage_value|decrease_by_percent|negate|multiply|ratio_of|reminder|append_to_values,topo_ff8ead63c33b,1
2.0,0.25,4,3,3,0.5,"{0: 2, 1: 1, 2: 1}",0.0,2,1,fan_in,2,2,3,1,0,1,4,0,2,"{1: 3, 0: 1}",{0: 3},0.5,ttdf_5d102b7a07ae,train600,inverse|seconds_to_full_minutes|increase_by_percent|percentage_value,topo_5b37b75596d2,1
2.0,0.333333,3,2,2,0.666667,"{0: 2, 2: 1}",0.0,2,1,fan_in,1,2,2,1,0,1,3,0,2,"{1: 2, 0: 1}",{0: 2},0.4,ttdf_f0f0ba9dbcf0,train600,nearest_integer|subtract|sum_two_numbers,topo_911586a55488,1
2.0,0.333333,3,2,2,0.666667,"{0: 2, 2: 1}",0.0,2,1,fan_in,1,2,2,1,0,1,3,0,2,"{1: 2, 0: 1}",{0: 2},0.5,ttdf_07bb132c3f89,train600,km_to_meters|sqrt|multiply,topo_911586a55488,1
3.0,0.2,5,3,3,0.4,"{0: 3, 1: 1, 3: 1}",0.0,3,1,fan_in,2,3,4,1,0,1,5,0,3,"{1: 4, 0: 1}",{0: 4},0.444444,ttdf_6d13bfbfea76,train600,round_down_whole|gap_between|proportion_between|root_extract|balance_of_three,topo_926c72bac680,1
3.0,0.142857,6+,3,3,0.285714,"{0: 3, 1: 3, 3: 1}",0.0,3,1,fan_in,4,3,6,1,0,1,7,0,3,"{1: 6, 0: 1}",{0: 6},0.461538,ttdf_8c5f45c418c2,train600,floor|ratio_of|divide|average_of_two|round_to_decimals|negate|sum_of_three,topo_b53a306e6f0b,1
3.0,0.142857,6+,3,3,0.285714,"{0: 3, 1: 3, 3: 1}",0.0,3,1,fan_in,4,3,6,1,0,1,7,0,3,"{1: 6, 0: 1}",{0: 6},0.461538,ttdf_2da965f88f51,train600,root_extract|midpoint_value|reduce_amount|shrink_by_rate|round_up_whole|full_groups_of|dispersion_of_three,topo_b53a306e6f0b,1
1.0,0.0,3,3,3,0.666667,"{0: 1, 1: 2}",1.0,1,1,linear,2,1,2,0,0,1,3,0,1,"{1: 2, 0: 1}",{0: 2},0.222222,ttdf_4dc6b4c3c8fe,train600,quotient_of|multiply|scale_values,topo_1c8dbe1830b2,1
1.0,0.0,6+,6,6,0.333333,"{0: 1, 1: 5}",1.0,1,1,linear,5,1,5,0,0,1,6,0,1,"{1: 5, 0: 1}",{0: 5},0.5,ttdf_12ad41675137,train600,sqrt|ratio_of|decrease_by_percent|divide|percentage_value|nearest_integer,topo_02b29308ce2b,1
1.0,0.0,2,2,2,1.0,"{0: 1, 1: 1}",1.0,1,1,linear,1,1,1,0,0,1,2,0,1,"{1: 1, 0: 1}",{0: 1},0.142857,ttdf_14c55897ced2,train600,series_spread|total_of_pair,topo_fdeb50f24873,1
1.0,0.0,5,5,5,0.4,"{0: 1, 1: 4}",1.0,1,1,linear,4,1,4,0,0,1,5,0,1,"{1: 4, 0: 1}",{0: 4},0.444444,ttdf_08e351ce7ae4,train600,flip_sign|scale_quantity|split_evenly|trim_precision|combine_amounts,topo_d228dd6db98a,1
2.0,0.2,5,4,4,0.4,"{0: 2, 1: 2, 2: 1}",0.0,2,1,fan_in,3,2,4,1,0,1,5,0,2,"{1: 4, 0: 1}",{0: 4},0.444444,ttdf_14426040da3f,train600,decrease_by_percent|km_to_meters|absolute_difference|ratio_of|label_with_unit,topo_7279e5f4b24a,1
3.0,0.25,4,2,2,0.5,"{0: 3, 3: 1}",0.0,3,1,fan_in,1,3,3,1,0,1,4,0,3,"{1: 3, 0: 1}",{0: 3},0.428571,ttdf_33448ead7831,train600,divide|sqrt|nearest_integer|range_of_three,topo_64b2717a77dd,1
2.0,0.25,4,3,3,0.5,"{0: 2, 2: 1, 1: 1}",0.0,2,1,fan_in,2,2,3,1,0,1,4,0,2,"{1: 3, 0: 1}",{0: 3},0.5,ttdf_68476bac3a4a,train600,round_up_whole|flip_sign|portion_by_rate|annotate_measurement,topo_bd3dd51ec1a9,1
2.0,0.125,6+,5,5,0.25,"{0: 2, 1: 5, 2: 1}",0.0,2,1,fan_in,6,2,7,1,0,1,8,0,2,"{1: 7, 0: 1}",{0: 7},0.466667,ttdf_4bf9490a9e1e,train600,seconds_to_full_minutes|difference_of_numbers|average_of_two|average_of_two|average_of_two|decrease_by_percent|quotient_of|average_of_two,topo_bf579ac7c4b1,1
2.0,0.333333,3,2,2,0.666667,"{0: 2, 2: 1}",0.0,2,1,fan_in,1,2,2,1,0,1,3,0,2,"{1: 2, 0: 1}",{0: 2},0.4,ttdf_1bc5eff582f7,train600,meters_from_km|shrink_by_rate|midpoint_value,topo_911586a55488,1
2.0,0.166667,6+,4,4,0.333333,"{0: 2, 1: 3, 2: 1}",0.0,2,1,fan_in,4,2,5,1,0,1,6,0,2,"{1: 5, 0: 1}",{0: 5},0.555556,ttdf_5c1811f269c9,train600,reciprocal_value|root_extract|midpoint_value|celsius_from_fahrenheit|full_groups_of|midpoint_value,topo_2b9a65f092bb,1
2.0,0.333333,3,2,2,0.666667,"{0: 2, 2: 1}",0.0,2,1,fan_in,1,2,2,1,0,1,3,0,2,"{1: 2, 0: 1}",{0: 2},0.4,ttdf_1f212f9fa3ec,train600,reduce_amount|root_extract|reduce_amount,topo_911586a55488,1
3.0,0.25,4,2,2,0.5,"{0: 3, 3: 1}",0.0,3,1,fan_in,1,3,3,1,0,1,4,0,3,"{1: 3, 0: 1}",{0: 3},0.333333,ttdf_59bbfae44744,train600,multiply|reminder|round_to_decimals|sum_of_three,topo_64b2717a77dd,1
1.0,0.0,2,2,2,1.0,"{0: 1, 1: 1}",1.0,1,1,linear,1,1,1,0,0,1,2,0,1,"{1: 1, 0: 1}",{0: 1},0.25,ttdf_dafc1b2ddacc,train600,round_to_decimals|subtract,topo_fdeb50f24873,1
2.0,0.25,4,3,3,0.5,"{0: 2, 1: 1, 2: 1}",0.0,2,1,fan_in,2,2,3,1,0,1,4,0,2,"{1: 3, 0: 1}",{0: 3},0.428571,ttdf_688d7095b683,train600,meters_to_km|decrease_by_percent|average_of_two|multiply,topo_5b37b75596d2,1
1.0,0.0,6+,7,7,0.285714,"{0: 1, 1: 6}",1.0,1,1,linear,6,1,6,0,0,1,7,0,1,"{1: 6, 0: 1}",{0: 6},0.428571,ttdf_0ab6884887d7,train600,portion_by_rate|shrink_by_rate|combine_amounts|shrink_by_rate|per_unit_value|remaining_after|remaining_after,topo_47316b07929b,1
2.0,0.2,5,3,3,0.4,"{0: 2, 1: 2, 2: 1}",0.0,2,1,fan_in,3,2,4,1,0,1,5,0,2,"{1: 4, 0: 1}",{0: 4},0.4,ttdf_b56b10b09351,train600,reduce_amount|portion_by_rate|per_unit_value|per_unit_value|proportion_between,topo_17d840e0415f,1
2.0,0.25,4,3,3,0.5,"{0: 2, 2: 1, 1: 1}",0.0,2,1,fan_in,2,2,3,1,0,1,4,0,2,"{1: 3, 0: 1}",{0: 3},0.3,ttdf_413e32a015a3,train600,round_to_decimals|celsius_to_fahrenheit|add|scale_values,topo_bd3dd51ec1a9,1
2.0,0.333333,3,2,2,0.666667,"{0: 2, 2: 1}",0.0,2,1,fan_in,1,2,2,1,0,1,3,0,2,"{1: 2, 0: 1}",{0: 2},0.4,ttdf_c9ebea5ad6df,train600,fahrenheit_from_celsius|portion_by_rate|reduce_amount,topo_911586a55488,1
2.0,0.166667,6+,4,4,0.333333,"{0: 2, 1: 3, 2: 1}",0.0,2,1,fan_in,4,2,5,1,0,1,6,0,2,"{1: 5, 0: 1}",{0: 5},0.5,ttdf_4c52ea3c35bd,train600,meters_to_km|round_to_decimals|fahrenheit_to_celsius|absolute_difference|difference_of_numbers|difference_of_numbers,topo_5cf1a13edea8,1
1.0,0.0,2,2,2,1.0,"{0: 1, 1: 1}",1.0,1,1,linear,1,1,1,0,0,1,2,0,1,"{1: 1, 0: 1}",{0: 1},0.333333,ttdf_917a92259041,train600,percent_of|nearest_integer,topo_fdeb50f24873,1
1.0,0.0,3,3,3,0.666667,"{0: 1, 1: 2}",1.0,1,1,linear,2,1,2,0,0,1,3,0,1,"{1: 2, 0: 1}",{0: 2},0.285714,ttdf_49957a70aa3d,train600,minutes_to_seconds|sum_two_numbers|scale_values,topo_1c8dbe1830b2,1
1.0,0.0,2,2,2,1.0,"{0: 1, 1: 1}",1.0,1,1,linear,1,1,1,0,0,1,2,0,1,"{1: 1, 0: 1}",{0: 1},0.25,ttdf_49e0ce4e827d,train600,difference_of_numbers|is_greater,topo_fdeb50f24873,1
1.0,0.0,6+,7,7,0.285714,"{0: 1, 1: 6}",1.0,1,1,linear,6,1,6,0,0,1,7,0,1,"{1: 6, 0: 1}",{0: 6},0.4,ttdf_35a57fb64494,train600,series_length|reduce_amount|portion_by_rate|grow_by_rate|reduce_amount|midpoint_value|reduce_amount,topo_47316b07929b,1
1.0,0.0,2,2,2,1.0,"{0: 1, 1: 1}",1.0,1,1,linear,1,1,1,0,0,1,2,0,1,"{1: 1, 0: 1}",{0: 1},0.333333,ttdf_0a363f4ef90e,train600,inverse|decrease_by_percent,topo_fdeb50f24873,1
2.0,0.142857,6+,6,6,0.285714,"{0: 2, 1: 4, 2: 1}",0.0,2,1,fan_in,5,2,6,1,0,1,7,0,2,"{1: 6, 0: 1}",{0: 6},0.428571,ttdf_06baa6056f11,train600,ratio_of|increase_by_percent|decrease_by_percent|sum_two_numbers|sum_two_numbers|ratio_of|sum_two_numbers,topo_4a07cdfdb909,1
2.0,0.2,5,4,4,0.4,"{0: 2, 1: 2, 2: 1}",0.0,2,1,fan_in,3,2,4,1,0,1,5,0,2,"{1: 4, 0: 1}",{0: 4},0.444444,ttdf_03e3390fc795,train600,ratio_of|square_value|round_to_decimals|average_of_two|build_tag,topo_0c51481d8aeb,1
2.0,0.333333,3,2,2,0.666667,"{0: 2, 2: 1}",0.0,2,1,fan_in,1,2,2,1,0,1,3,0,2,"{1: 2, 0: 1}",{0: 2},0.4,ttdf_09d008752f08,train600,percent_of|minutes_to_seconds|ratio_of,topo_911586a55488,1
1.0,0.0,2,2,2,1.0,"{0: 1, 1: 1}",1.0,1,1,linear,1,1,1,0,0,1,2,0,1,"{1: 1, 0: 1}",{0: 1},0.333333,ttdf_208d8d90510f,train600,square_value|whole_quotient,topo_fdeb50f24873,1
2.0,0.333333,3,2,2,0.666667,"{0: 2, 2: 1}",0.0,2,1,fan_in,1,2,2,1,0,1,3,0,2,"{1: 2, 0: 1}",{0: 2},0.5,ttdf_7ac297142d16,train600,km_to_meters|negate|average_of_two,topo_911586a55488,1
1.0,0.0,4,4,4,0.5,"{0: 1, 1: 3}",1.0,1,1,linear,3,1,3,0,0,1,4,0,1,"{1: 3, 0: 1}",{0: 3},0.428571,ttdf_666553ac6372,train600,combine_amounts|reciprocal_value|split_evenly|proportion_between,topo_5296967693d8,1
1.0,0.0,2,2,2,1.0,"{0: 1, 1: 1}",1.0,1,1,linear,1,1,1,0,0,1,2,0,1,"{1: 1, 0: 1}",{0: 1},0.333333,ttdf_045f760dd7ad,train600,round_up_whole|leftover_after_grouping,topo_fdeb50f24873,1
1.0,0.0,2,2,2,1.0,"{0: 1, 1: 1}",1.0,1,1,linear,1,1,1,0,0,1,2,0,1,"{1: 1, 0: 1}",{0: 1},0.333333,ttdf_112bf538ada9,train600,square_value|absolute_difference,topo_fdeb50f24873,1
2.0,0.166667,6+,5,5,0.333333,"{0: 2, 1: 3, 2: 1}",0.0,2,1,fan_in,4,2,5,1,0,1,6,0,2,"{1: 5, 0: 1}",{0: 5},0.416667,ttdf_7e0e78b4893f,train600,floor_divide|round_to_decimals|decrease_by_percent|subtract|divide|multiply,topo_33e36888cf10,1
2.0,0.125,6+,6,6,0.25,"{0: 2, 1: 5, 2: 1}",0.0,2,1,fan_in,6,2,7,1,0,1,8,0,2,"{1: 7, 0: 1}",{0: 7},0.466667,ttdf_23ccce1f1219,train600,minutes_from_hours|gap_between|per_unit_value|remaining_after|per_unit_value|gap_between|proportion_between|exceeds_value,topo_e7c6a0bbee41,1
2.0,0.333333,3,2,2,0.666667,"{0: 2, 2: 1}",0.0,2,1,fan_in,1,2,2,1,0,1,3,0,2,"{1: 2, 0: 1}",{0: 2},0.4,ttdf_f6fe1677dd18,train600,midpoint_value|seconds_from_minutes|gap_between,topo_911586a55488,1
1.0,0.0,2,2,2,1.0,"{0: 1, 1: 1}",1.0,1,1,linear,1,1,1,0,0,1,2,0,1,"{1: 1, 0: 1}",{0: 1},0.333333,ttdf_8e8829f68f1e,train600,seconds_to_full_minutes|format_number_fixed,topo_fdeb50f24873,1
1.0,0.0,2,2,2,1.0,"{0: 1, 1: 1}",1.0,1,1,linear,1,1,1,0,0,1,2,0,1,"{1: 1, 0: 1}",{0: 1},0.333333,ttdf_97529c496948,train600,average_of_two|nearest_integer,topo_fdeb50f24873,1
1.0,0.0,2,2,2,1.0,"{0: 1, 1: 1}",1.0,1,1,linear,1,1,1,0,0,1,2,0,1,"{1: 1, 0: 1}",{0: 1},0.333333,ttdf_50f248e6216d,train600,inverse|sum_two_numbers,topo_fdeb50f24873,1
1.0,0.0,2,2,2,1.0,"{0: 1, 1: 1}",1.0,1,1,linear,1,1,1,0,0,1,2,0,1,"{1: 1, 0: 1}",{0: 1},0.5,ttdf_67fec3daca47,train600,fahrenheit_to_celsius|ceiling,topo_fdeb50f24873,1
2.0,0.142857,6+,6,6,0.285714,"{0: 2, 1: 4, 2: 1}",0.0,2,1,fan_in,5,2,6,1,0,1,7,0,2,"{1: 6, 0: 1}",{0: 6},0.6,ttdf_22ee64ace467,train600,km_from_meters|midpoint_value|root_extract|self_product|midpoint_value|pairwise_product|stringify_amount,topo_aac04d391b9b,1
1.0,0.0,5,5,5,0.4,"{0: 1, 1: 4}",1.0,1,1,linear,4,1,4,0,0,1,5,0,1,"{1: 4, 0: 1}",{0: 4},0.444444,ttdf_710e1c560478,train600,decrease_by_percent|quotient_of|round_to_decimals|absolute_difference|ceiling,topo_d228dd6db98a,1
2.0,0.2,5,4,4,0.4,"{0: 2, 1: 2, 2: 1}",0.0,2,1,fan_in,3,2,4,1,0,1,5,0,2,"{1: 4, 0: 1}",{0: 4},0.444444,ttdf_48b093ad9f09,train600,leftover_after_grouping|flip_sign|midpoint_value|scale_quantity|gap_between,topo_2b041b861492,1
1.0,0.0,2,2,2,1.0,"{0: 1, 1: 1}",1.0,1,1,linear,1,1,1,0,0,1,2,0,1,"{1: 1, 0: 1}",{0: 1},0.166667,ttdf_f4b8a5e5e552,train600,position_of_maximum|decrease_by_percent,topo_fdeb50f24873,1
2.0,0.2,5,3,3,0.4,"{0: 2, 1: 2, 2: 1}",0.0,2,1,fan_in,3,2,4,1,0,1,5,0,2,"{1: 4, 0: 1}",{0: 4},0.4,ttdf_f2a7698941eb,train600,portion_by_rate|gap_between|total_of_pair|pairwise_product|portion_by_rate,topo_17d840e0415f,1
1.0,0.0,5,5,5,0.4,"{0: 1, 1: 4}",1.0,1,1,linear,4,1,4,0,0,1,5,0,1,"{1: 4, 0: 1}",{0: 4},0.444444,ttdf_685b756fbdd3,train600,portion_by_rate|whole_number_of|gap_between|shrink_by_rate|remaining_after,topo_d228dd6db98a,1
1.0,0.0,2,2,2,1.0,"{0: 1, 1: 1}",1.0,1,1,linear,1,1,1,0,0,1,2,0,1,"{1: 1, 0: 1}",{0: 1},0.333333,ttdf_8f43c8661447,train600,floor|decrease_by_percent,topo_fdeb50f24873,1
1.0,0.0,3,3,3,0.666667,"{0: 1, 1: 2}",1.0,1,1,linear,2,1,2,0,0,1,3,0,1,"{1: 2, 0: 1}",{0: 2},0.25,ttdf_e5021edcbcdb,train600,meters_to_km|quotient_of|append_to_values,topo_1c8dbe1830b2,1
1.0,0.0,2,2,2,1.0,"{0: 1, 1: 1}",1.0,1,1,linear,1,1,1,0,0,1,2,0,1,"{1: 1, 0: 1}",{0: 1},0.333333,ttdf_6a084b020415,train600,gap_between|root_extract,topo_fdeb50f24873,1
2.0,0.2,5,4,4,0.4,"{0: 2, 1: 2, 2: 1}",0.0,2,1,fan_in,3,2,4,1,0,1,5,0,2,"{1: 4, 0: 1}",{0: 4},0.5,ttdf_7aabb679c11f,train600,sum_two_numbers|negate|seconds_to_full_minutes|subtract|label_with_unit,topo_0c51481d8aeb,1
1.0,0.0,2,2,2,1.0,"{0: 1, 1: 1}",1.0,1,1,linear,1,1,1,0,0,1,2,0,1,"{1: 1, 0: 1}",{0: 1},0.333333,ttdf_2537c818df85,train600,flip_sign|midpoint_value,topo_fdeb50f24873,1
2.0,0.166667,6+,5,5,0.333333,"{0: 2, 1: 3, 2: 1}",0.0,2,1,fan_in,4,2,5,1,0,1,6,0,2,"{1: 5, 0: 1}",{0: 5},0.454545,ttdf_b1ae05ca3914,train600,ratio_of|meters_to_km|absolute_difference|absolute_difference|floor_divide|ratio_of,topo_33e36888cf10,1
2.0,0.125,6+,6,6,0.25,"{0: 2, 1: 5, 2: 1}",0.0,2,1,fan_in,6,2,7,1,0,1,8,0,2,"{1: 7, 0: 1}",{0: 7},0.466667,ttdf_0544aaee4722,train600,difference_of_numbers|percent_of|fahrenheit_to_celsius|ratio_of|ratio_of|average_of_two|decrease_by_percent|percent_of,topo_e1b2f19eddb9,1
1.0,0.0,3,3,3,0.666667,"{0: 1, 1: 2}",1.0,1,1,linear,2,1,2,0,0,1,3,0,1,"{1: 2, 0: 1}",{0: 2},0.333333,ttdf_15ed3b826bb6,train600,portion_by_rate|combine_amounts|full_groups_of,topo_1c8dbe1830b2,1
1.0,0.0,3,3,3,0.666667,"{0: 1, 1: 2}",1.0,1,1,linear,2,1,2,0,0,1,3,0,1,"{1: 2, 0: 1}",{0: 2},0.285714,ttdf_30f0bb5f9fd4,train600,hours_to_minutes|modulo_of|append_to_values,topo_1c8dbe1830b2,1
2.0,0.166667,6+,4,4,0.333333,"{0: 2, 1: 3, 2: 1}",0.0,2,1,fan_in,4,2,5,1,0,1,6,0,2,"{1: 5, 0: 1}",{0: 5},0.454545,ttdf_06bbbfa6f18b,train600,km_from_meters|trim_precision|fahrenheit_from_celsius|combine_amounts|midpoint_value|inside_limits,topo_f5466e583fca,1
2.0,0.2,5,3,3,0.4,"{0: 2, 1: 2, 2: 1}",0.0,2,1,fan_in,3,2,4,1,0,1,5,0,2,"{1: 4, 0: 1}",{0: 4},0.444444,ttdf_154a1f363756,train600,total_of_pair|midpoint_value|root_extract|total_of_pair|midpoint_value,topo_17d840e0415f,1
1.0,0.0,3,3,3,0.666667,"{0: 1, 1: 2}",1.0,1,1,linear,2,1,2,0,0,1,3,0,1,"{1: 2, 0: 1}",{0: 2},0.285714,ttdf_5f4dcc5a6695,train600,negate|increase_by_percent|scale_values,topo_1c8dbe1830b2,1
1.0,0.0,2,2,2,1.0,"{0: 1, 1: 1}",1.0,1,1,linear,1,1,1,0,0,1,2,0,1,"{1: 1, 0: 1}",{0: 1},0.5,ttdf_4dac06c53ffc,train600,inverse|ceiling,topo_fdeb50f24873,1
2.0,0.142857,6+,6,6,0.285714,"{0: 2, 1: 4, 2: 1}",0.0,2,1,fan_in,5,2,6,1,0,1,7,0,2,"{1: 6, 0: 1}",{0: 6},0.5,ttdf_01346ea692ff,train600,self_product|gap_between|scale_quantity|grow_by_rate|root_extract|portion_by_rate|exceeds_value,topo_6031251ac62a,1
2.0,0.2,5,4,4,0.4,"{0: 2, 1: 2, 2: 1}",0.0,2,1,fan_in,3,2,4,1,0,1,5,0,2,"{1: 4, 0: 1}",{0: 4},0.5,ttdf_d53dcb70fcfc,train600,whole_minutes_from_seconds|gap_between|total_of_pair|fahrenheit_from_celsius|midpoint_value,topo_774030263969,1
2.0,0.333333,3,2,2,0.666667,"{0: 2, 2: 1}",0.0,2,1,fan_in,1,2,2,1,0,1,3,0,2,"{1: 2, 0: 1}",{0: 2},0.4,ttdf_0452b1fd61b6,train600,average_of_two|nearest_integer|percent_of,topo_911586a55488,1
1.0,0.0,2,2,2,1.0,"{0: 1, 1: 1}",1.0,1,1,linear,1,1,1,0,0,1,2,0,1,"{1: 1, 0: 1}",{0: 1},0.333333,ttdf_7274a454727a,train600,negate|ratio_of,topo_fdeb50f24873,1
1.0,0.0,2,2,2,1.0,"{0: 1, 1: 1}",1.0,1,1,linear,1,1,1,0,0,1,2,0,1,"{1: 1, 0: 1}",{0: 1},0.5,ttdf_2143160d07e5,train600,inverse|negate,topo_fdeb50f24873,1
3.0,0.166667,6+,3,3,0.333333,"{0: 3, 1: 2, 3: 1}",0.0,3,1,fan_in,3,3,5,1,0,1,6,0,3,"{1: 5, 0: 1}",{0: 5},0.454545,ttdf_fbce9fc6dfb7,train600,reciprocal_value|root_extract|gap_between|remaining_after|trim_precision|total_of_three_parts,topo_00ac72c33abd,1
1.0,0.0,2,2,2,1.0,"{0: 1, 1: 1}",1.0,1,1,linear,1,1,1,0,0,1,2,0,1,"{1: 1, 0: 1}",{0: 1},0.25,ttdf_0e23839e393f,train600,ratio_of|format_number_fixed,topo_fdeb50f24873,1
1.0,0.0,6+,6,6,0.333333,"{0: 1, 1: 5}",1.0,1,1,linear,5,1,5,0,0,1,6,0,1,"{1: 5, 0: 1}",{0: 5},0.416667,ttdf_4e6c717cea9d,train600,gap_between|gap_between|midpoint_value|split_evenly|leftover_after_grouping|gap_between,topo_02b29308ce2b,1
1.0,0.0,2,2,2,1.0,"{0: 1, 1: 1}",1.0,1,1,linear,1,1,1,0,0,1,2,0,1,"{1: 1, 0: 1}",{0: 1},0.125,ttdf_3addaefa4e6e,train600,rank_of_peak|split_evenly,topo_fdeb50f24873,1
2.0,0.125,6+,6,6,0.25,"{0: 2, 1: 5, 2: 1}",0.0,2,1,fan_in,6,2,7,1,0,1,8,0,2,"{1: 7, 0: 1}",{0: 7},0.538462,ttdf_00928364a3c0,train600,meters_to_km|add|hours_to_minutes|whole_quotient|decrease_by_percent|square_value|average_of_two|divide,topo_e1b2f19eddb9,1
1.0,0.0,2,2,2,1.0,"{0: 1, 1: 1}",1.0,1,1,linear,1,1,1,0,0,1,2,0,1,"{1: 1, 0: 1}",{0: 1},0.333333,ttdf_1071c2f79582,train600,floor|is_greater,topo_fdeb50f24873,1
2.0,0.166667,6+,5,5,0.333333,"{0: 2, 1: 3, 2: 1}",0.0,2,1,fan_in,4,2,5,1,0,1,6,0,2,"{1: 5, 0: 1}",{0: 5},0.5,ttdf_1316b84679bc,train600,km_from_meters|round_up_whole|midpoint_value|per_unit_value|pairwise_product|gap_between,topo_33e36888cf10,1
2.0,0.333333,3,2,2,0.666667,"{0: 2, 2: 1}",0.0,2,1,fan_in,1,2,2,1,0,1,3,0,2,"{1: 2, 0: 1}",{0: 2},0.4,ttdf_0fc896897f84,train600,subtract|seconds_to_full_minutes|sum_two_numbers,topo_911586a55488,1
1.0,0.0,2,2,2,1.0,"{0: 1, 1: 1}",1.0,1,1,linear,1,1,1,0,0,1,2,0,1,"{1: 1, 0: 1}",{0: 1},0.2,ttdf_036f095b0568,train600,series_spread|portion_by_rate,topo_fdeb50f24873,1
2.0,0.333333,3,2,2,0.666667,"{0: 2, 2: 1}",0.0,2,1,fan_in,1,2,2,1,0,1,3,0,2,"{1: 2, 0: 1}",{0: 2},0.333333,ttdf_b50403cc8e20,train600,trim_precision|total_of_pair|total_of_pair,topo_911586a55488,1
1.0,0.0,2,2,2,1.0,"{0: 1, 1: 1}",1.0,1,1,linear,1,1,1,0,0,1,2,0,1,"{1: 1, 0: 1}",{0: 1},0.333333,ttdf_7a000576dfd2,train600,grow_by_rate|reciprocal_value,topo_fdeb50f24873,1
2.0,0.333333,3,2,2,0.666667,"{0: 2, 2: 1}",0.0,2,1,fan_in,1,2,2,1,0,1,3,0,2,"{1: 2, 0: 1}",{0: 2},0.333333,ttdf_9cb7e7824073,train600,trim_precision|portion_by_rate|reduce_amount,topo_911586a55488,1
1.0,0.0,3,3,3,0.666667,"{0: 1, 1: 2}",1.0,1,1,linear,2,1,2,0,0,1,3,0,1,"{1: 2, 0: 1}",{0: 2},0.25,ttdf_102b350308ae,train600,percent_of|difference_of_numbers|append_to_values,topo_1c8dbe1830b2,1
2.0,0.166667,6+,5,5,0.333333,"{0: 2, 1: 3, 2: 1}",0.0,2,1,fan_in,4,2,5,1,0,1,6,0,2,"{1: 5, 0: 1}",{0: 5},0.454545,ttdf_99ac6500d0cb,train600,meters_to_km|increase_by_percent|add|increase_by_percent|absolute_difference|average_of_two,topo_926312b15db7,1
2.0,0.166667,6+,4,4,0.333333,"{0: 2, 1: 3, 2: 1}",0.0,2,1,fan_in,4,2,5,1,0,1,6,0,2,"{1: 5, 0: 1}",{0: 5},0.555556,ttdf_0af61d273c81,train600,hours_to_minutes|minutes_to_seconds|fahrenheit_to_celsius|modulo_of|absolute_difference|add,topo_5cf1a13edea8,1
1.0,0.0,2,2,2,1.0,"{0: 1, 1: 1}",1.0,1,1,linear,1,1,1,0,0,1,2,0,1,"{1: 1, 0: 1}",{0: 1},0.333333,ttdf_6f8c0f3fb0a4,train600,floor|is_divisible_by,topo_fdeb50f24873,1
2.0,0.25,4,3,3,0.5,"{0: 2, 2: 1, 1: 1}",0.0,2,1,fan_in,2,2,3,1,0,1,4,0,2,"{1: 3, 0: 1}",{0: 3},0.333333,ttdf_28f32cd4d522,train600,negate|minutes_to_seconds|sum_two_numbers|append_to_values,topo_bd3dd51ec1a9,1
1.0,0.0,2,2,2,1.0,"{0: 1, 1: 1}",1.0,1,1,linear,1,1,1,0,0,1,2,0,1,"{1: 1, 0: 1}",{0: 1},0.166667,ttdf_51b56b461dcc,train600,mean_of_values|nearest_integer,topo_fdeb50f24873,1
2.0,0.2,5,4,4,0.4,"{0: 2, 1: 2, 2: 1}",0.0,2,1,fan_in,3,2,4,1,0,1,5,0,2,"{1: 4, 0: 1}",{0: 4},0.444444,ttdf_2f3e8bbeba64,train600,scale_quantity|gap_between|portion_by_rate|seconds_from_minutes|remaining_after,topo_774030263969,1
3.0,0.2,5,3,3,0.4,"{0: 3, 1: 1, 3: 1}",0.0,3,1,fan_in,2,3,4,1,0,1,5,0,3,"{1: 4, 0: 1}",{0: 4},0.4,ttdf_1a88bb031c2e,train600,floor_divide|absolute_difference|floor|round_to_decimals|mean_of_three,topo_926c72bac680,1
1.0,0.0,2,2,2,1.0,"{0: 1, 1: 1}",1.0,1,1,linear,1,1,1,0,0,1,2,0,1,"{1: 1, 0: 1}",{0: 1},0.333333,ttdf_b8a6df514d9a,train600,nearest_integer|quotient_of,topo_fdeb50f24873,1
2.0,0.142857,6+,6,6,0.285714,"{0: 2, 1: 4, 2: 1}",0.0,2,1,fan_in,5,2,6,1,0,1,7,0,2,"{1: 6, 0: 1}",{0: 6},0.461538,ttdf_408fac8e50e0,train600,percent_of|increase_by_percent|difference_of_numbers|sqrt|increase_by_percent|percent_of|divide,topo_e5fe9f153cd3,1
1.0,0.0,4,4,4,0.5,"{0: 1, 1: 3}",1.0,1,1,linear,3,1,3,0,0,1,4,0,1,"{1: 3, 0: 1}",{0: 3},0.428571,ttdf_fb9f8138963f,train600,hours_to_minutes|ratio_of|difference_of_numbers|multiply,topo_5296967693d8,1
1.0,0.0,2,2,2,1.0,"{0: 1, 1: 1}",1.0,1,1,linear,1,1,1,0,0,1,2,0,1,"{1: 1, 0: 1}",{0: 1},0.2,ttdf_219e10996f74,train600,central_value|grow_by_rate,topo_fdeb50f24873,1
2.0,0.2,5,4,4,0.4,"{0: 2, 1: 2, 2: 1}",0.0,2,1,fan_in,3,2,4,1,0,1,5,0,2,"{1: 4, 0: 1}",{0: 4},0.444444,ttdf_732ffa44ea03,train600,midpoint_value|root_extract|shrink_by_rate|reduce_amount|midpoint_value,topo_2b041b861492,1
1.0,0.0,6+,6,6,0.333333,"{0: 1, 1: 5}",1.0,1,1,linear,5,1,5,0,0,1,6,0,1,"{1: 5, 0: 1}",{0: 5},0.5,ttdf_4dd3d4ca918b,train600,proportion_between|reciprocal_value|midpoint_value|portion_by_rate|self_product|shrink_by_rate,topo_02b29308ce2b,1
3.0,0.25,4,2,2,0.5,"{0: 3, 3: 1}",0.0,3,1,fan_in,1,3,3,1,0,1,4,0,3,"{1: 3, 0: 1}",{0: 3},0.428571,ttdf_9608810991a9,train600,quotient_of|inverse|floor|range_of_three,topo_64b2717a77dd,1
1.0,0.0,2,2,2,1.0,"{0: 1, 1: 1}",1.0,1,1,linear,1,1,1,0,0,1,2,0,1,"{1: 1, 0: 1}",{0: 1},0.25,ttdf_415f443311b4,train600,reminder|is_greater,topo_fdeb50f24873,1
2.0,0.125,6+,6,6,0.25,"{0: 2, 1: 5, 2: 1}",0.0,2,1,fan_in,6,2,7,1,0,1,8,0,2,"{1: 7, 0: 1}",{0: 7},0.5,ttdf_2625f0f78a47,train600,read_amount_from_text|shrink_by_rate|self_product|gap_between|combine_amounts|proportion_between|split_evenly|render_with_decimals,topo_e7c6a0bbee41,1
1.0,0.0,2,2,2,1.0,"{0: 1, 1: 1}",1.0,1,1,linear,1,1,1,0,0,1,2,0,1,"{1: 1, 0: 1}",{0: 1},0.5,ttdf_15b13550bf04,train600,square_value|number_to_text,topo_fdeb50f24873,1
2.0,0.142857,6+,6,6,0.285714,"{0: 2, 1: 4, 2: 1}",0.0,2,1,fan_in,5,2,6,1,0,1,7,0,2,"{1: 6, 0: 1}",{0: 6},0.5,ttdf_bb1466f2c811,train600,celsius_to_fahrenheit|add|add|reminder|add|inverse|multiply,topo_4a07cdfdb909,1
1.0,0.0,2,2,2,1.0,"{0: 1, 1: 1}",1.0,1,1,linear,1,1,1,0,0,1,2,0,1,"{1: 1, 0: 1}",{0: 1},0.2,ttdf_51dd1d6dfb23,train600,sum_of_values|divide,topo_fdeb50f24873,1
2.0,0.166667,6+,4,4,0.333333,"{0: 2, 1: 3, 2: 1}",0.0,2,1,fan_in,4,2,5,1,0,1,6,0,2,"{1: 5, 0: 1}",{0: 5},0.5,ttdf_64301d42f0c4,train600,minutes_from_hours|combine_amounts|midpoint_value|gap_between|midpoint_value|stringify_amount,topo_f5466e583fca,1
2.0,0.125,6+,7,7,0.25,"{0: 2, 1: 5, 2: 1}",0.0,2,1,fan_in,6,2,7,1,0,1,8,0,2,"{1: 7, 0: 1}",{0: 7},0.466667,ttdf_6f4b719b7203,train600,fahrenheit_to_celsius|average_of_two|round_to_decimals|decrease_by_percent|average_of_two|divide|absolute_difference|percentage_value,topo_4769cc1ff8df,1
2.0,0.333333,3,2,2,0.666667,"{0: 2, 2: 1}",0.0,2,1,fan_in,1,2,2,1,0,1,3,0,2,"{1: 2, 0: 1}",{0: 2},0.4,ttdf_6ace1d0563c6,train600,meters_from_km|full_groups_of|combine_amounts,topo_911586a55488,1
1.0,0.0,2,2,2,1.0,"{0: 1, 1: 1}",1.0,1,1,linear,1,1,1,0,0,1,2,0,1,"{1: 1, 0: 1}",{0: 1},0.333333,ttdf_5cf310c39122,train600,round_up_whole|portion_by_rate,topo_fdeb50f24873,1
2.0,0.333333,3,2,2,0.666667,"{0: 2, 2: 1}",0.0,2,1,fan_in,1,2,2,1,0,1,3,0,2,"{1: 2, 0: 1}",{0: 2},0.4,ttdf_2beb005f756f,train600,minutes_to_seconds|sum_two_numbers|ratio_of,topo_911586a55488,1
1.0,0.0,2,2,2,1.0,"{0: 1, 1: 1}",1.0,1,1,linear,1,1,1,0,0,1,2,0,1,"{1: 1, 0: 1}",{0: 1},0.333333,ttdf_0f3578f1cc38,train600,shrink_by_rate|whole_number_of,topo_fdeb50f24873,1
1.0,0.0,5,5,5,0.4,"{0: 1, 1: 4}",1.0,1,1,linear,4,1,4,0,0,1,5,0,1,"{1: 4, 0: 1}",{0: 4},0.363636,ttdf_9eda2e447265,train600,sum_of_values|absolute_difference|quotient_of|average_of_two|ratio_of,topo_d228dd6db98a,1
1.0,0.0,3,3,3,0.666667,"{0: 1, 1: 2}",1.0,1,1,linear,2,1,2,0,0,1,3,0,1,"{1: 2, 0: 1}",{0: 2},0.285714,ttdf_2571e64ff272,train600,inverse|absolute_difference|scale_values,topo_1c8dbe1830b2,1
1.0,0.0,2,2,2,1.0,"{0: 1, 1: 1}",1.0,1,1,linear,1,1,1,0,0,1,2,0,1,"{1: 1, 0: 1}",{0: 1},0.333333,ttdf_5787e1b2af97,train600,shrink_by_rate|root_extract,topo_fdeb50f24873,1
2.0,0.25,4,3,3,0.5,"{0: 2, 2: 1, 1: 1}",0.0,2,1,fan_in,2,2,3,1,0,1,4,0,2,"{1: 3, 0: 1}",{0: 3},0.6,ttdf_429bce9f89b4,train600,round_up_whole|km_from_meters|reduce_amount|whole_number_of,topo_bd3dd51ec1a9,1
2.0,0.333333,3,2,2,0.666667,"{0: 2, 2: 1}",0.0,2,1,fan_in,1,2,2,1,0,1,3,0,2,"{1: 2, 0: 1}",{0: 2},0.333333,ttdf_258c3a348e60,train600,decrease_by_percent|round_to_decimals|percentage_value,topo_911586a55488,1
2.0,0.25,4,3,3,0.5,"{0: 2, 2: 1, 1: 1}",0.0,2,1,fan_in,2,2,3,1,0,1,4,0,2,"{1: 3, 0: 1}",{0: 3},0.5,ttdf_f6b2887c6919,train600,meters_from_km|self_product|reduce_amount|compose_reference_code,topo_bd3dd51ec1a9,1
1.0,0.0,2,2,2,1.0,"{0: 1, 1: 1}",1.0,1,1,linear,1,1,1,0,0,1,2,0,1,"{1: 1, 0: 1}",{0: 1},0.333333,ttdf_709a6c29cef8,train600,round_up_whole|grow_by_rate,topo_fdeb50f24873,1
1.0,0.0,2,2,2,1.0,"{0: 1, 1: 1}",1.0,1,1,linear,1,1,1,0,0,1,2,0,1,"{1: 1, 0: 1}",{0: 1},0.333333,ttdf_8ccd3ba707ff,train600,product_of_numbers|negate,topo_fdeb50f24873,1
2.0,0.2,5,4,4,0.4,"{0: 2, 1: 2, 2: 1}",0.0,2,1,fan_in,3,2,4,1,0,1,5,0,2,"{1: 4, 0: 1}",{0: 4},0.4,ttdf_7311c2092a1b,train600,pairwise_product|gap_between|shrink_by_rate|full_groups_of|proportion_between,topo_774030263969,1
1.0,0.0,5,5,5,0.4,"{0: 1, 1: 4}",1.0,1,1,linear,4,1,4,0,0,1,5,0,1,"{1: 4, 0: 1}",{0: 4},0.5,ttdf_6e14e31e9579,train600,root_extract|shrink_by_rate|flip_sign|gap_between|total_of_pair,topo_d228dd6db98a,1
2.0,0.2,5,4,4,0.4,"{0: 2, 1: 2, 2: 1}",0.0,2,1,fan_in,3,2,4,1,0,1,5,0,2,"{1: 4, 0: 1}",{0: 4},0.444444,ttdf_1fc3c26d0969,train600,absolute_difference|seconds_to_full_minutes|subtract|percent_of|build_tag,topo_7279e5f4b24a,1
1.0,0.0,4,4,4,0.5,"{0: 1, 1: 3}",1.0,1,1,linear,3,1,3,0,0,1,4,0,1,"{1: 3, 0: 1}",{0: 3},0.428571,ttdf_7289057ea06e,train600,whole_minutes_from_seconds|total_of_pair|per_unit_value|total_of_pair,topo_5296967693d8,1
2.0,0.333333,3,2,2,0.666667,"{0: 2, 2: 1}",0.0,2,1,fan_in,1,2,2,1,0,1,3,0,2,"{1: 2, 0: 1}",{0: 2},0.4,ttdf_416fbd6e271a,train600,sum_two_numbers|inverse|percentage_value,topo_911586a55488,1
1.0,0.0,6+,6,6,0.333333,"{0: 1, 1: 5}",1.0,1,1,linear,5,1,5,0,0,1,6,0,1,"{1: 5, 0: 1}",{0: 5},0.416667,ttdf_0d05fae64d5b,train600,per_unit_value|combine_amounts|midpoint_value|pairwise_product|leftover_after_grouping|reduce_amount,topo_02b29308ce2b,1
2.0,0.2,5,4,4,0.4,"{0: 2, 1: 2, 2: 1}",0.0,2,1,fan_in,3,2,4,1,0,1,5,0,2,"{1: 4, 0: 1}",{0: 4},0.444444,ttdf_572dcb188751,train600,whole_quotient|minutes_to_seconds|quotient_of|percentage_value|build_tag,topo_7279e5f4b24a,1
3.0,0.142857,6+,3,3,0.285714,"{0: 3, 1: 3, 3: 1}",0.0,3,1,fan_in,4,3,6,1,0,1,7,0,3,"{1: 6, 0: 1}",{0: 6},0.4,ttdf_39ac429b179f,train600,absolute_difference|quotient_of|whole_quotient|percent_of|round_to_decimals|add|mean_of_three,topo_b53a306e6f0b,1
2.0,0.333333,3,2,2,0.666667,"{0: 2, 2: 1}",0.0,2,1,fan_in,1,2,2,1,0,1,3,0,2,"{1: 2, 0: 1}",{0: 2},0.4,ttdf_78f7bd06a66f,train600,product_of_numbers|hours_to_minutes|percentage_value,topo_911586a55488,1
1.0,0.0,4,4,4,0.5,"{0: 1, 1: 3}",1.0,1,1,linear,3,1,3,0,0,1,4,0,1,"{1: 3, 0: 1}",{0: 3},0.428571,ttdf_2533314eefc3,train600,decrease_by_percent|negate|absolute_difference|floor_divide,topo_5296967693d8,1
1.0,0.0,2,2,2,1.0,"{0: 1, 1: 1}",1.0,1,1,linear,1,1,1,0,0,1,2,0,1,"{1: 1, 0: 1}",{0: 1},0.142857,ttdf_6a85be2db1d9,train600,range_of_values|decrease_by_percent,topo_fdeb50f24873,1
1.0,0.0,6+,8,8,0.25,"{0: 1, 1: 7}",1.0,1,1,linear,7,1,7,0,0,1,8,0,1,"{1: 7, 0: 1}",{0: 7},0.466667,ttdf_b900bb2f1033,train600,series_spread|root_extract|trim_precision|midpoint_value|portion_by_rate|gap_between|whole_number_of|shrink_by_rate,topo_ff8ead63c33b,1
2.0,0.142857,6+,6,6,0.285714,"{0: 2, 1: 4, 2: 1}",0.0,2,1,fan_in,5,2,6,1,0,1,7,0,2,"{1: 6, 0: 1}",{0: 6},0.461538,ttdf_4044955af159,train600,self_product|combine_amounts|remaining_after|remaining_after|grow_by_rate|pairwise_product|pairwise_product,topo_4a07cdfdb909,1
3.0,0.142857,6+,3,3,0.285714,"{0: 3, 1: 3, 3: 1}",0.0,3,1,fan_in,4,3,6,1,0,1,7,0,3,"{1: 6, 0: 1}",{0: 6},0.461538,ttdf_6551d6cca40e,train600,inverse|nearest_integer|increase_by_percent|product_of_numbers|ratio_of|quotient_of|sum_of_three,topo_b53a306e6f0b,1
1.0,0.0,2,2,2,1.0,"{0: 1, 1: 1}",1.0,1,1,linear,1,1,1,0,0,1,2,0,1,"{1: 1, 0: 1}",{0: 1},0.142857,ttdf_8255f00ac007,train600,central_value|gap_between,topo_fdeb50f24873,1
2.0,0.142857,6+,4,4,0.285714,"{0: 2, 1: 4, 2: 1}",0.0,2,1,fan_in,5,2,6,1,0,1,7,0,2,"{1: 6, 0: 1}",{0: 6},0.545455,ttdf_106079237341,train600,minutes_to_seconds|absolute_difference|negate|km_to_meters|difference_of_numbers|product_of_numbers|difference_of_numbers,topo_63f405a71afa,1
3.0,0.2,5,3,3,0.4,"{0: 3, 1: 1, 3: 1}",0.0,3,1,fan_in,2,3,4,1,0,1,5,0,3,"{1: 4, 0: 1}",{0: 4},0.363636,ttdf_1f9dbc90cbc5,train600,scale_quantity|proportion_between|proportion_between|scale_quantity|balance_of_three,topo_926c72bac680,1
2.0,0.333333,3,2,2,0.666667,"{0: 2, 2: 1}",0.0,2,1,fan_in,1,2,2,1,0,1,3,0,2,"{1: 2, 0: 1}",{0: 2},0.333333,ttdf_7d752789faa8,train600,round_to_decimals|round_to_decimals|percent_of,topo_911586a55488,1
2.0,0.125,6+,5,5,0.25,"{0: 2, 1: 5, 2: 1}",0.0,2,1,fan_in,6,2,7,1,0,1,8,0,2,"{1: 7, 0: 1}",{0: 7},0.466667,ttdf_1717fe795813,train600,round_to_decimals|absolute_difference|increase_by_percent|subtract|inverse|decrease_by_percent|sum_two_numbers|percent_of,topo_bf579ac7c4b1,1
1.0,0.0,2,2,2,1.0,"{0: 1, 1: 1}",1.0,1,1,linear,1,1,1,0,0,1,2,0,1,"{1: 1, 0: 1}",{0: 1},0.142857,ttdf_731a2a977eec,train600,sqrt|append_to_values,topo_fdeb50f24873,1
1.0,0.0,4,4,4,0.5,"{0: 1, 1: 3}",1.0,1,1,linear,3,1,3,0,0,1,4,0,1,"{1: 3, 0: 1}",{0: 3},0.428571,ttdf_3b7bcd984726,train600,multiply|negate|difference_of_numbers|difference_of_numbers,topo_5296967693d8,1
2.0,0.333333,3,2,2,0.666667,"{0: 2, 2: 1}",0.0,2,1,fan_in,1,2,2,1,0,1,3,0,2,"{1: 2, 0: 1}",{0: 2},0.4,ttdf_369f920c5f6d,train600,hours_to_minutes|sum_two_numbers|ratio_of,topo_911586a55488,1
2.0,0.25,4,3,3,0.5,"{0: 2, 1: 1, 2: 1}",0.0,2,1,fan_in,2,2,3,1,0,1,4,0,2,"{1: 3, 0: 1}",{0: 3},0.375,ttdf_2149efb92e7e,train600,sum_two_numbers|product_of_numbers|absolute_difference|ratio_of,topo_5b37b75596d2,1
1.0,0.0,2,2,2,1.0,"{0: 1, 1: 1}",1.0,1,1,linear,1,1,1,0,0,1,2,0,1,"{1: 1, 0: 1}",{0: 1},0.333333,ttdf_71beed1dd4e9,train600,flip_sign|full_groups_of,topo_fdeb50f24873,1
1.0,0.0,2,2,2,1.0,"{0: 1, 1: 1}",1.0,1,1,linear,1,1,1,0,0,1,2,0,1,"{1: 1, 0: 1}",{0: 1},0.5,ttdf_82a29afd210d,train600,meters_to_km|nearest_integer,topo_fdeb50f24873,1
2.0,0.333333,3,2,2,0.666667,"{0: 2, 2: 1}",0.0,2,1,fan_in,1,2,2,1,0,1,3,0,2,"{1: 2, 0: 1}",{0: 2},0.4,ttdf_465911f1b277,train600,subtract|hours_to_minutes|ratio_of,topo_911586a55488,1
2.0,0.333333,3,2,2,0.666667,"{0: 2, 2: 1}",0.0,2,1,fan_in,1,2,2,1,0,1,3,0,2,"{1: 2, 0: 1}",{0: 2},0.4,ttdf_8e16dda3615e,train600,per_unit_value|km_from_meters|proportion_between,topo_911586a55488,1
2.0,0.333333,3,2,2,0.666667,"{0: 2, 2: 1}",0.0,2,1,fan_in,1,2,2,1,0,1,3,0,2,"{1: 2, 0: 1}",{0: 2},0.4,ttdf_a6e8cb98422e,train600,fahrenheit_to_celsius|add|multiply,topo_911586a55488,1
2.0,0.333333,3,2,2,0.666667,"{0: 2, 2: 1}",0.0,2,1,fan_in,1,2,2,1,0,1,3,0,2,"{1: 2, 0: 1}",{0: 2},0.4,ttdf_a4421b7e7790,train600,root_extract|total_of_pair|total_of_pair,topo_911586a55488,1
1.0,0.0,2,2,2,1.0,"{0: 1, 1: 1}",1.0,1,1,linear,1,1,1,0,0,1,2,0,1,"{1: 1, 0: 1}",{0: 1},0.166667,ttdf_19d4ef4b4aa3,train600,rank_of_peak|midpoint_value,topo_fdeb50f24873,1
1.0,0.0,2,2,2,1.0,"{0: 1, 1: 1}",1.0,1,1,linear,1,1,1,0,0,1,2,0,1,"{1: 1, 0: 1}",{0: 1},0.333333,ttdf_2c0a7cae2e35,train600,round_up_whole|total_of_pair,topo_fdeb50f24873,1
2.0,0.166667,6+,5,5,0.333333,"{0: 2, 1: 3, 2: 1}",0.0,2,1,fan_in,4,2,5,1,0,1,6,0,2,"{1: 5, 0: 1}",{0: 5},0.555556,ttdf_66dfb9598de3,train600,self_product|grow_by_rate|shrink_by_rate|self_product|midpoint_value|stringify_amount,topo_6083e580bf00,1
2.0,0.2,5,4,4,0.4,"{0: 2, 1: 2, 2: 1}",0.0,2,1,fan_in,3,2,4,1,0,1,5,0,2,"{1: 4, 0: 1}",{0: 4},0.444444,ttdf_054080797cf0,train600,sum_two_numbers|minutes_to_seconds|whole_quotient|subtract|build_tag,topo_7279e5f4b24a,1
2.0,0.2,5,3,3,0.4,"{0: 2, 1: 2, 2: 1}",0.0,2,1,fan_in,3,2,4,1,0,1,5,0,2,"{1: 4, 0: 1}",{0: 4},0.444444,ttdf_19e4c1441f45,train600,minutes_from_hours|proportion_between|portion_by_rate|trim_precision|midpoint_value,topo_17d840e0415f,1
3.0,0.25,4,2,2,0.5,"{0: 3, 3: 1}",0.0,3,1,fan_in,1,3,3,1,0,1,4,0,3,"{1: 3, 0: 1}",{0: 3},0.375,ttdf_756af6f3e424,train600,percent_of|floor_divide|sqrt|range_of_three,topo_64b2717a77dd,1
2.0,0.333333,3,2,2,0.666667,"{0: 2, 2: 1}",0.0,2,1,fan_in,1,2,2,1,0,1,3,0,2,"{1: 2, 0: 1}",{0: 2},0.5,ttdf_2e44c0fd7518,train600,km_to_meters|sqrt|subtract,topo_911586a55488,1
3.0,0.166667,6+,4,4,0.333333,"{0: 3, 1: 2, 3: 1}",0.0,3,1,fan_in,3,3,5,1,0,1,6,0,3,"{1: 5, 0: 1}",{0: 5},0.416667,ttdf_2416d321d9dc,train600,portion_by_rate|shrink_by_rate|grow_by_rate|reduce_amount|total_of_three_parts|whole_number_of,topo_8c144cdbfcfb,1
3.0,0.2,5,3,3,0.4,"{0: 3, 1: 1, 3: 1}",0.0,3,1,fan_in,2,3,4,1,0,1,5,0,3,"{1: 4, 0: 1}",{0: 4},0.4,ttdf_bfc8d4579c00,train600,reduce_amount|total_of_pair|round_up_whole|portion_by_rate|total_of_three_parts,topo_926c72bac680,1
3.0,0.166667,6+,3,3,0.333333,"{0: 3, 1: 2, 3: 1}",0.0,3,1,fan_in,3,3,5,1,0,1,6,0,3,"{1: 5, 0: 1}",{0: 5},0.454545,ttdf_c46a009b05b5,train600,trim_precision|pairwise_product|flip_sign|shrink_by_rate|whole_number_of|total_of_three_parts,topo_00ac72c33abd,1
1.0,0.0,6+,6,6,0.333333,"{0: 1, 1: 5}",1.0,1,1,linear,5,1,5,0,0,1,6,0,1,"{1: 5, 0: 1}",{0: 5},0.333333,ttdf_1366f3d0cc68,train600,negate|subtract|decrease_by_percent|decrease_by_percent|percent_of|append_to_values,topo_02b29308ce2b,1
2.0,0.333333,3,2,2,0.666667,"{0: 2, 2: 1}",0.0,2,1,fan_in,1,2,2,1,0,1,3,0,2,"{1: 2, 0: 1}",{0: 2},0.4,ttdf_b5a3d8565618,train600,self_product|per_unit_value|total_of_pair,topo_911586a55488,1
3.0,0.125,6+,4,4,0.25,"{0: 3, 1: 4, 3: 1}",0.0,3,1,fan_in,5,3,7,1,0,1,8,0,3,"{1: 7, 0: 1}",{0: 7},0.466667,ttdf_a8c5563d13cb,train600,self_product|midpoint_value|combine_amounts|grow_by_rate|full_groups_of|reduce_amount|total_of_three_parts|whole_number_of,topo_d4b4ab44315e,1
1.0,0.0,2,2,2,1.0,"{0: 1, 1: 1}",1.0,1,1,linear,1,1,1,0,0,1,2,0,1,"{1: 1, 0: 1}",{0: 1},0.166667,ttdf_c20996fb9b18,train600,sum_of_values|floor_divide,topo_fdeb50f24873,1
1.0,0.0,2,2,2,1.0,"{0: 1, 1: 1}",1.0,1,1,linear,1,1,1,0,0,1,2,0,1,"{1: 1, 0: 1}",{0: 1},0.5,ttdf_96493871cda0,train600,minutes_to_seconds|negate,topo_fdeb50f24873,1
1.0,0.0,2,2,2,1.0,"{0: 1, 1: 1}",1.0,1,1,linear,1,1,1,0,0,1,2,0,1,"{1: 1, 0: 1}",{0: 1},0.5,ttdf_6fd76deaf2ef,train600,reciprocal_value|root_extract,topo_fdeb50f24873,1
1.0,0.0,2,2,2,1.0,"{0: 1, 1: 1}",1.0,1,1,linear,1,1,1,0,0,1,2,0,1,"{1: 1, 0: 1}",{0: 1},0.125,ttdf_59047a0cadb3,train600,sum_of_values|quotient_of,topo_fdeb50f24873,1
2.0,0.333333,3,2,2,0.666667,"{0: 2, 2: 1}",0.0,2,1,fan_in,1,2,2,1,0,1,3,0,2,"{1: 2, 0: 1}",{0: 2},0.4,ttdf_2a5ef0a73c01,train600,ratio_of|seconds_to_full_minutes|ratio_of,topo_911586a55488,1
1.0,0.0,2,2,2,1.0,"{0: 1, 1: 1}",1.0,1,1,linear,1,1,1,0,0,1,2,0,1,"{1: 1, 0: 1}",{0: 1},0.2,ttdf_9ca1a7f6ece3,train600,nearest_integer|append_to_values,topo_fdeb50f24873,1
2.0,0.125,6+,7,7,0.25,"{0: 2, 1: 5, 2: 1}",0.0,2,1,fan_in,6,2,7,1,0,1,8,0,2,"{1: 7, 0: 1}",{0: 7},0.411765,ttdf_1f874f2db026,train600,gap_between|split_evenly|shrink_by_rate|remaining_after|leftover_after_grouping|split_evenly|proportion_between|inside_limits,topo_c8e30b6f1914,1
2.0,0.125,6+,7,7,0.25,"{0: 2, 1: 5, 2: 1}",0.0,2,1,fan_in,6,2,7,1,0,1,8,0,2,"{1: 7, 0: 1}",{0: 7},0.5,ttdf_ccbf5884626c,train600,floor|product_of_numbers|negate|absolute_difference|sum_two_numbers|absolute_difference|increase_by_percent|absolute_difference,topo_4769cc1ff8df,1
2.0,0.333333,3,2,2,0.666667,"{0: 2, 2: 1}",0.0,2,1,fan_in,1,2,2,1,0,1,3,0,2,"{1: 2, 0: 1}",{0: 2},0.4,ttdf_bee6f9d9d126,train600,fahrenheit_to_celsius|average_of_two|product_of_numbers,topo_911586a55488,1
1.0,0.0,2,2,2,1.0,"{0: 1, 1: 1}",1.0,1,1,linear,1,1,1,0,0,1,2,0,1,"{1: 1, 0: 1}",{0: 1},0.5,ttdf_bf50584d2761,train600,root_extract|reciprocal_value,topo_fdeb50f24873,1
1.0,0.0,2,2,2,1.0,"{0: 1, 1: 1}",1.0,1,1,linear,1,1,1,0,0,1,2,0,1,"{1: 1, 0: 1}",{0: 1},0.333333,ttdf_0b600a80dfa6,train600,divide|nearest_integer,topo_fdeb50f24873,1
2.0,0.333333,3,2,2,0.666667,"{0: 2, 2: 1}",0.0,2,1,fan_in,1,2,2,1,0,1,3,0,2,"{1: 2, 0: 1}",{0: 2},0.4,ttdf_3f9da81e78be,train600,whole_number_of|full_groups_of|portion_by_rate,topo_911586a55488,1
2.0,0.2,5,4,4,0.4,"{0: 2, 1: 2, 2: 1}",0.0,2,1,fan_in,3,2,4,1,0,1,5,0,2,"{1: 4, 0: 1}",{0: 4},0.4,ttdf_33820d4ecd0d,train600,multiply|subtract|decrease_by_percent|subtract|label_with_unit,topo_7279e5f4b24a,1
1.0,0.0,2,2,2,1.0,"{0: 1, 1: 1}",1.0,1,1,linear,1,1,1,0,0,1,2,0,1,"{1: 1, 0: 1}",{0: 1},0.25,ttdf_424f7d64ac98,train600,round_to_decimals|add,topo_fdeb50f24873,1
1.0,0.0,3,3,3,0.666667,"{0: 1, 1: 2}",1.0,1,1,linear,2,1,2,0,0,1,3,0,1,"{1: 2, 0: 1}",{0: 2},0.25,ttdf_1a1c19a1a727,train600,aggregate_total|grow_by_rate|per_unit_value,topo_1c8dbe1830b2,1
1.0,0.0,6+,6,6,0.333333,"{0: 1, 1: 5}",1.0,1,1,linear,5,1,5,0,0,1,6,0,1,"{1: 5, 0: 1}",{0: 5},0.357143,ttdf_e285d887c8bb,train600,quotient_of|round_to_decimals|percentage_value|floor|negate|scale_values,topo_02b29308ce2b,1
2.0,0.333333,3,2,2,0.666667,"{0: 2, 2: 1}",0.0,2,1,fan_in,1,2,2,1,0,1,3,0,2,"{1: 2, 0: 1}",{0: 2},0.4,ttdf_19f9e9aa46b1,train600,nearest_integer|ratio_of|product_of_numbers,topo_911586a55488,1
2.0,0.166667,6+,5,5,0.333333,"{0: 2, 1: 3, 2: 1}",0.0,2,1,fan_in,4,2,5,1,0,1,6,0,2,"{1: 5, 0: 1}",{0: 5},0.555556,ttdf_abdfa7d0bdfa,train600,km_from_meters|flip_sign|shrink_by_rate|proportion_between|round_up_whole|scale_quantity,topo_926312b15db7,1
1.0,0.0,3,3,3,0.666667,"{0: 1, 1: 2}",1.0,1,1,linear,2,1,2,0,0,1,3,0,1,"{1: 2, 0: 1}",{0: 2},0.4,ttdf_43381ee28a12,train600,proportion_between|grow_by_rate|self_product,topo_1c8dbe1830b2,1
1.0,0.0,2,2,2,1.0,"{0: 1, 1: 1}",1.0,1,1,linear,1,1,1,0,0,1,2,0,1,"{1: 1, 0: 1}",{0: 1},0.333333,ttdf_2c64e7e8778b,train600,round_down_whole|remaining_after,topo_fdeb50f24873,1
2.0,0.2,5,3,3,0.4,"{0: 2, 1: 2, 2: 1}",0.0,2,1,fan_in,3,2,4,1,0,1,5,0,2,"{1: 4, 0: 1}",{0: 4},0.5,ttdf_7632b1c26e76,train600,whole_minutes_from_seconds|full_groups_of|self_product|grow_by_rate|combine_amounts,topo_17d840e0415f,1
1.0,0.0,3,3,3,0.666667,"{0: 1, 1: 2}",1.0,1,1,linear,2,1,2,0,0,1,3,0,1,"{1: 2, 0: 1}",{0: 2},0.222222,ttdf_0982b2624c98,train600,central_value|grow_by_rate|portion_by_rate,topo_1c8dbe1830b2,1
2.0,0.166667,6+,5,5,0.333333,"{0: 2, 1: 3, 2: 1}",0.0,2,1,fan_in,4,2,5,1,0,1,6,0,2,"{1: 5, 0: 1}",{0: 5},0.416667,ttdf_2af211890b32,train600,proportion_between|pairwise_product|midpoint_value|trim_precision|reduce_amount|exceeds_value,topo_2c499c271118,1
1.0,0.0,2,2,2,1.0,"{0: 1, 1: 1}",1.0,1,1,linear,1,1,1,0,0,1,2,0,1,"{1: 1, 0: 1}",{0: 1},0.333333,ttdf_4cca69489d98,train600,flip_sign|per_unit_value,topo_fdeb50f24873,1
1.0,0.0,2,2,2,1.0,"{0: 1, 1: 1}",1.0,1,1,linear,1,1,1,0,0,1,2,0,1,"{1: 1, 0: 1}",{0: 1},0.142857,ttdf_4d8845d5e04b,train600,aggregate_total|reduce_amount,topo_fdeb50f24873,1
2.0,0.25,4,3,3,0.5,"{0: 2, 2: 1, 1: 1}",0.0,2,1,fan_in,2,2,3,1,0,1,4,0,2,"{1: 3, 0: 1}",{0: 3},0.5,ttdf_f28dfa38e566,train600,root_extract|portion_by_rate|reduce_amount|whole_number_of,topo_bd3dd51ec1a9,1
2.0,0.2,5,4,4,0.4,"{0: 2, 1: 2, 2: 1}",0.0,2,1,fan_in,3,2,4,1,0,1,5,0,2,"{1: 4, 0: 1}",{0: 4},0.5,ttdf_d54822449884,heldout,negate|increase_by_percent|meters_to_km|sum_two_numbers|build_tag,topo_0c51481d8aeb,1
1.0,0.0,3,3,3,0.666667,"{0: 1, 1: 2}",1.0,1,1,linear,2,1,2,0,0,1,3,0,1,"{1: 2, 0: 1}",{0: 2},0.333333,ttdf_3cc6dcac27cd,heldout,multiply|modulo_of|label_with_unit,topo_1c8dbe1830b2,1
1.0,0.0,4,4,4,0.5,"{0: 1, 1: 3}",1.0,1,1,linear,3,1,3,0,0,1,4,0,1,"{1: 3, 0: 1}",{0: 3},0.428571,ttdf_241861f5c76d,heldout,sqrt|absolute_difference|absolute_difference|multiply,topo_5296967693d8,1
1.0,0.0,3,3,3,0.666667,"{0: 1, 1: 2}",1.0,1,1,linear,2,1,2,0,0,1,3,0,1,"{1: 2, 0: 1}",{0: 2},0.333333,ttdf_dd1bd790d96e,heldout,modulo_of|ratio_of|build_tag,topo_1c8dbe1830b2,1
2.0,0.142857,6+,5,5,0.285714,"{0: 2, 1: 4, 2: 1}",0.0,2,1,fan_in,5,2,6,1,0,1,7,0,2,"{1: 6, 0: 1}",{0: 6},0.5,ttdf_d3f0b5f8d129,heldout,average_of_two|floor|decrease_by_percent|ratio_of|add|sqrt|ratio_of,topo_9e01698159b0,1
1.0,0.0,2,2,2,1.0,"{0: 1, 1: 1}",1.0,1,1,linear,1,1,1,0,0,1,2,0,1,"{1: 1, 0: 1}",{0: 1},0.333333,ttdf_63d36ca5dbb0,heldout,minutes_to_seconds|add,topo_fdeb50f24873,1
1.0,0.0,2,2,2,1.0,"{0: 1, 1: 1}",1.0,1,1,linear,1,1,1,0,0,1,2,0,1,"{1: 1, 0: 1}",{0: 1},0.333333,ttdf_823f91fcd94c,heldout,meters_to_km|product_of_numbers,topo_fdeb50f24873,1
2.0,0.2,5,4,4,0.4,"{0: 2, 1: 2, 2: 1}",0.0,2,1,fan_in,3,2,4,1,0,1,5,0,2,"{1: 4, 0: 1}",{0: 4},0.4,ttdf_4e6ad70d5ff7,heldout,round_to_decimals|decrease_by_percent|difference_of_numbers|difference_of_numbers|label_with_unit,topo_7279e5f4b24a,1
2.0,0.166667,6+,5,5,0.333333,"{0: 2, 1: 3, 2: 1}",0.0,2,1,fan_in,4,2,5,1,0,1,6,0,2,"{1: 5, 0: 1}",{0: 5},0.416667,ttdf_466f94e3a895,heldout,quotient_of|increase_by_percent|reminder|decrease_by_percent|percent_of|subtract,topo_926312b15db7,1
2.0,0.25,4,3,3,0.5,"{0: 2, 1: 1, 2: 1}",0.0,2,1,fan_in,2,2,3,1,0,1,4,0,2,"{1: 3, 0: 1}",{0: 3},0.428571,ttdf_27aa7816b261,heldout,decrease_by_percent|reminder|ceiling|absolute_difference,topo_30980484d6d7,1
1.0,0.0,4,4,4,0.5,"{0: 1, 1: 3}",1.0,1,1,linear,3,1,3,0,0,1,4,0,1,"{1: 3, 0: 1}",{0: 3},0.375,ttdf_a8417c91966a,heldout,round_to_decimals|difference_of_numbers|multiply|absolute_difference,topo_5296967693d8,1
2.0,0.166667,6+,4,4,0.333333,"{0: 2, 1: 3, 2: 1}",0.0,2,1,fan_in,4,2,5,1,0,1,6,0,2,"{1: 5, 0: 1}",{0: 5},0.5,ttdf_58704243ee98,heldout,read_amount_from_text|per_unit_value|fahrenheit_from_celsius|leftover_after_grouping|combine_amounts|render_with_decimals,topo_f5466e583fca,1
2.0,0.2,5,4,4,0.4,"{0: 2, 1: 2, 2: 1}",0.0,2,1,fan_in,3,2,4,1,0,1,5,0,2,"{1: 4, 0: 1}",{0: 4},0.444444,ttdf_332472d0fd6c,heldout,floor|average_of_two|product_of_numbers|percentage_value|build_tag,topo_7279e5f4b24a,1
2.0,0.333333,3,2,2,0.666667,"{0: 2, 2: 1}",0.0,2,1,fan_in,1,2,2,1,0,1,3,0,2,"{1: 2, 0: 1}",{0: 2},0.333333,ttdf_5a9cf7626c67,heldout,sum_two_numbers|absolute_difference|percent_of,topo_911586a55488,1
1.0,0.0,5,5,5,0.4,"{0: 1, 1: 4}",1.0,1,1,linear,4,1,4,0,0,1,5,0,1,"{1: 4, 0: 1}",{0: 4},0.5,ttdf_0be5b6cb75ae,heldout,sum_two_numbers|inverse|decrease_by_percent|negate|percentage_value,topo_d228dd6db98a,1
2.0,0.2,5,4,4,0.4,"{0: 2, 1: 2, 2: 1}",0.0,2,1,fan_in,3,2,4,1,0,1,5,0,2,"{1: 4, 0: 1}",{0: 4},0.444444,ttdf_6a9a2a0bd796,heldout,floor|decrease_by_percent|subtract|absolute_difference|label_with_unit,topo_7279e5f4b24a,1
1.0,0.0,6+,8,8,0.25,"{0: 1, 1: 7}",1.0,1,1,linear,7,1,7,0,0,1,8,0,1,"{1: 7, 0: 1}",{0: 7},0.333333,ttdf_3b74f9b64437,heldout,mean_of_values|subtract|absolute_difference|ratio_of|product_of_numbers|sqrt|square_value|append_to_values,topo_ff8ead63c33b,1
1.0,0.0,2,2,2,1.0,"{0: 1, 1: 1}",1.0,1,1,linear,1,1,1,0,0,1,2,0,1,"{1: 1, 0: 1}",{0: 1},0.333333,ttdf_85dea9b829ac,heldout,meters_from_km|grow_by_rate,topo_fdeb50f24873,1
1.0,0.0,4,4,4,0.5,"{0: 1, 1: 3}",1.0,1,1,linear,3,1,3,0,0,1,4,0,1,"{1: 3, 0: 1}",{0: 3},0.333333,ttdf_32f8db136cdc,heldout,aggregate_total|scale_quantity|self_product|per_unit_value,topo_5296967693d8,1
1.0,0.0,3,3,3,0.666667,"{0: 1, 1: 2}",1.0,1,1,linear,2,1,2,0,0,1,3,0,1,"{1: 2, 0: 1}",{0: 2},0.333333,ttdf_82f4af32372b,heldout,increase_by_percent|difference_of_numbers|build_tag,topo_1c8dbe1830b2,1
1.0,0.0,6+,6,6,0.333333,"{0: 1, 1: 5}",1.0,1,1,linear,5,1,5,0,0,1,6,0,1,"{1: 5, 0: 1}",{0: 5},0.5,ttdf_038712f026f3,heldout,quotient_of|negate|quotient_of|increase_by_percent|average_of_two|nearest_integer,topo_02b29308ce2b,1
1.0,0.0,3,3,3,0.666667,"{0: 1, 1: 2}",1.0,1,1,linear,2,1,2,0,0,1,3,0,1,"{1: 2, 0: 1}",{0: 2},0.5,ttdf_c962d89a4aad,heldout,celsius_to_fahrenheit|negate|label_with_unit,topo_1c8dbe1830b2,1
2.0,0.166667,6+,4,4,0.333333,"{0: 2, 1: 3, 2: 1}",0.0,2,1,fan_in,4,2,5,1,0,1,6,0,2,"{1: 5, 0: 1}",{0: 5},0.555556,ttdf_7c5dcb38d5aa,heldout,round_down_whole|total_of_pair|minutes_from_hours|grow_by_rate|total_of_pair|stringify_amount,topo_f5466e583fca,1
1.0,0.0,2,2,2,1.0,"{0: 1, 1: 1}",1.0,1,1,linear,1,1,1,0,0,1,2,0,1,"{1: 1, 0: 1}",{0: 1},0.333333,ttdf_1360c7b59372,heldout,meters_to_km|divide,topo_fdeb50f24873,1
2.0,0.333333,3,2,2,0.666667,"{0: 2, 2: 1}",0.0,2,1,fan_in,1,2,2,1,0,1,3,0,2,"{1: 2, 0: 1}",{0: 2},0.333333,ttdf_3f37a8742f19,heldout,absolute_difference|percentage_value|average_of_two,topo_911586a55488,1
2.0,0.25,4,3,3,0.5,"{0: 2, 2: 1, 1: 1}",0.0,2,1,fan_in,2,2,3,1,0,1,4,0,2,"{1: 3, 0: 1}",{0: 3},0.5,ttdf_4258c552ac5e,heldout,minutes_from_hours|whole_minutes_from_seconds|midpoint_value|annotate_measurement,topo_bd3dd51ec1a9,1
2.0,0.166667,6+,4,4,0.333333,"{0: 2, 1: 3, 2: 1}",0.0,2,1,fan_in,4,2,5,1,0,1,6,0,2,"{1: 5, 0: 1}",{0: 5},0.5,ttdf_885279a96d14,heldout,read_amount_from_text|total_of_pair|round_up_whole|total_of_pair|proportion_between|render_with_decimals,topo_f5466e583fca,1
2.0,0.125,6+,5,5,0.25,"{0: 2, 1: 5, 2: 1}",0.0,2,1,fan_in,6,2,7,1,0,1,8,0,2,"{1: 7, 0: 1}",{0: 7},0.538462,ttdf_1958d15d04f6,heldout,divide|subtract|percent_of|negate|nearest_integer|negate|absolute_difference|product_of_numbers,topo_bf579ac7c4b1,1
1.0,0.0,2,2,2,1.0,"{0: 1, 1: 1}",1.0,1,1,linear,1,1,1,0,0,1,2,0,1,"{1: 1, 0: 1}",{0: 1},0.333333,ttdf_3ccfd3f3e56b,heldout,fahrenheit_to_celsius|sum_two_numbers,topo_fdeb50f24873,1
2.0,0.2,5,4,4,0.4,"{0: 2, 1: 2, 2: 1}",0.0,2,1,fan_in,3,2,4,1,0,1,5,0,2,"{1: 4, 0: 1}",{0: 4},0.444444,ttdf_b1097d066f4e,heldout,ceiling|absolute_difference|decrease_by_percent|percentage_value|label_with_unit,topo_7279e5f4b24a,1
1.0,0.0,2,2,2,1.0,"{0: 1, 1: 1}",1.0,1,1,linear,1,1,1,0,0,1,2,0,1,"{1: 1, 0: 1}",{0: 1},0.333333,ttdf_e619444fe2e8,heldout,meters_from_km|full_groups_of,topo_fdeb50f24873,1
2.0,0.166667,6+,4,4,0.333333,"{0: 2, 1: 3, 2: 1}",0.0,2,1,fan_in,4,2,5,1,0,1,6,0,2,"{1: 5, 0: 1}",{0: 5},0.5,ttdf_8ad46422c403,heldout,read_amount_from_text|portion_by_rate|fahrenheit_from_celsius|per_unit_value|proportion_between|render_with_decimals,topo_f5466e583fca,1
3.0,0.125,6+,4,4,0.25,"{0: 3, 1: 4, 3: 1}",0.0,3,1,fan_in,5,3,7,1,0,1,8,0,3,"{1: 7, 0: 1}",{0: 7},0.5,ttdf_15acdf73a603,heldout,nearest_integer|difference_of_numbers|quotient_of|inverse|difference_of_numbers|inverse|add|range_of_three,topo_5eeac3554b19,1
1.0,0.0,2,2,2,1.0,"{0: 1, 1: 1}",1.0,1,1,linear,1,1,1,0,0,1,2,0,1,"{1: 1, 0: 1}",{0: 1},0.333333,ttdf_4a52110a47bb,heldout,meters_from_km|leftover_after_grouping,topo_fdeb50f24873,1
2.0,0.125,6+,7,7,0.25,"{0: 2, 1: 5, 2: 1}",0.0,2,1,fan_in,6,2,7,1,0,1,8,0,2,"{1: 7, 0: 1}",{0: 7},0.4375,ttdf_702899a4d673,heldout,split_evenly|meters_from_km|total_of_pair|total_of_pair|gap_between|midpoint_value|portion_by_rate|inside_limits,topo_eaa9138bf474,1
1.0,0.0,2,2,2,1.0,"{0: 1, 1: 1}",1.0,1,1,linear,1,1,1,0,0,1,2,0,1,"{1: 1, 0: 1}",{0: 1},0.333333,ttdf_3a1270885ff0,heldout,meters_to_km|ratio_of,topo_fdeb50f24873,1
1.0,0.0,3,3,3,0.666667,"{0: 1, 1: 2}",1.0,1,1,linear,2,1,2,0,0,1,3,0,1,"{1: 2, 0: 1}",{0: 2},0.333333,ttdf_2805be8c38e1,heldout,increase_by_percent|divide|build_tag,topo_1c8dbe1830b2,1
1.0,0.0,5,5,5,0.4,"{0: 1, 1: 4}",1.0,1,1,linear,4,1,4,0,0,1,5,0,1,"{1: 4, 0: 1}",{0: 4},0.5,ttdf_0313a502dad3,heldout,celsius_to_fahrenheit|difference_of_numbers|add|sqrt|reminder,topo_d228dd6db98a,1
1.0,0.0,3,3,3,0.666667,"{0: 1, 1: 2}",1.0,1,1,linear,2,1,2,0,0,1,3,0,1,"{1: 2, 0: 1}",{0: 2},0.4,ttdf_4f8b20ce66a0,heldout,meters_from_km|gap_between|scale_quantity,topo_1c8dbe1830b2,1
2.0,0.333333,3,2,2,0.666667,"{0: 2, 2: 1}",0.0,2,1,fan_in,1,2,2,1,0,1,3,0,2,"{1: 2, 0: 1}",{0: 2},0.333333,ttdf_ac129f1b095f,heldout,floor_divide|decrease_by_percent|sum_two_numbers,topo_911586a55488,1
2.0,0.2,5,4,4,0.4,"{0: 2, 1: 2, 2: 1}",0.0,2,1,fan_in,3,2,4,1,0,1,5,0,2,"{1: 4, 0: 1}",{0: 4},0.444444,ttdf_7309e2edef5c,heldout,floor|decrease_by_percent|modulo_of|multiply|build_tag,topo_7279e5f4b24a,1
2.0,0.333333,3,2,2,0.666667,"{0: 2, 2: 1}",0.0,2,1,fan_in,1,2,2,1,0,1,3,0,2,"{1: 2, 0: 1}",{0: 2},0.333333,ttdf_0d742a876302,heldout,absolute_difference|quotient_of|absolute_difference,topo_911586a55488,1
1.0,0.0,2,2,2,1.0,"{0: 1, 1: 1}",1.0,1,1,linear,1,1,1,0,0,1,2,0,1,"{1: 1, 0: 1}",{0: 1},0.333333,ttdf_248d4ea18783,heldout,hours_to_minutes|add,topo_fdeb50f24873,1
1.0,0.0,3,3,3,0.666667,"{0: 1, 1: 2}",1.0,1,1,linear,2,1,2,0,0,1,3,0,1,"{1: 2, 0: 1}",{0: 2},0.4,ttdf_660b4e71ed2b,heldout,celsius_from_fahrenheit|remaining_after|split_evenly,topo_1c8dbe1830b2,1
2.0,0.333333,3,2,2,0.666667,"{0: 2, 2: 1}",0.0,2,1,fan_in,1,2,2,1,0,1,3,0,2,"{1: 2, 0: 1}",{0: 2},0.333333,ttdf_060436c5f0fb,heldout,portion_by_rate|remaining_after|gap_between,topo_911586a55488,1
1.0,0.0,2,2,2,1.0,"{0: 1, 1: 1}",1.0,1,1,linear,1,1,1,0,0,1,2,0,1,"{1: 1, 0: 1}",{0: 1},0.333333,ttdf_21f2b9e6dd95,heldout,celsius_to_fahrenheit|percent_of,topo_fdeb50f24873,1
1.0,0.0,6+,8,8,0.25,"{0: 1, 1: 7}",1.0,1,1,linear,7,1,7,0,0,1,8,0,1,"{1: 7, 0: 1}",{0: 7},0.5,ttdf_21abe1a11bb0,heldout,proportion_between|self_product|proportion_between|combine_amounts|portion_by_rate|root_extract|shrink_by_rate|gap_between,topo_ff8ead63c33b,1
2.0,0.333333,3,2,2,0.666667,"{0: 2, 2: 1}",0.0,2,1,fan_in,1,2,2,1,0,1,3,0,2,"{1: 2, 0: 1}",{0: 2},0.333333,ttdf_14b08e0bfa30,heldout,quotient_of|reminder|product_of_numbers,topo_911586a55488,1
1.0,0.0,2,2,2,1.0,"{0: 1, 1: 1}",1.0,1,1,linear,1,1,1,0,0,1,2,0,1,"{1: 1, 0: 1}",{0: 1},0.333333,ttdf_4f7ac1b4c293,heldout,celsius_from_fahrenheit|grow_by_rate,topo_fdeb50f24873,1
1.0,0.0,3,3,3,0.666667,"{0: 1, 1: 2}",1.0,1,1,linear,2,1,2,0,0,1,3,0,1,"{1: 2, 0: 1}",{0: 2},0.4,ttdf_0e5a967f28e2,heldout,flip_sign|proportion_between|proportion_between,topo_1c8dbe1830b2,1
1.0,0.0,2,2,2,1.0,"{0: 1, 1: 1}",1.0,1,1,linear,1,1,1,0,0,1,2,0,1,"{1: 1, 0: 1}",{0: 1},0.333333,ttdf_462d6c9d30bb,heldout,meters_from_km|remaining_after,topo_fdeb50f24873,1
2.0,0.125,6+,6,6,0.25,"{0: 2, 1: 5, 2: 1}",0.0,2,1,fan_in,6,2,7,1,0,1,8,0,2,"{1: 7, 0: 1}",{0: 7},0.466667,ttdf_e6a1b88306b4,heldout,percent_of|square_value|absolute_difference|whole_quotient|quotient_of|absolute_difference|product_of_numbers|ratio_of,topo_e1b2f19eddb9,1
1.0,0.0,3,3,3,0.666667,"{0: 1, 1: 2}",1.0,1,1,linear,2,1,2,0,0,1,3,0,1,"{1: 2, 0: 1}",{0: 2},0.4,ttdf_5165b1d92f99,heldout,root_extract|leftover_after_grouping|portion_by_rate,topo_1c8dbe1830b2,1
1.0,0.0,2,2,2,1.0,"{0: 1, 1: 1}",1.0,1,1,linear,1,1,1,0,0,1,2,0,1,"{1: 1, 0: 1}",{0: 1},0.333333,ttdf_75c09514eef4,heldout,fahrenheit_to_celsius|ratio_of,topo_fdeb50f24873,1
1.0,0.0,2,2,2,1.0,"{0: 1, 1: 1}",1.0,1,1,linear,1,1,1,0,0,1,2,0,1,"{1: 1, 0: 1}",{0: 1},0.333333,ttdf_573ab0b143a7,heldout,minutes_to_seconds|absolute_difference,topo_fdeb50f24873,1
1.0,0.0,4,4,4,0.5,"{0: 1, 1: 3}",1.0,1,1,linear,3,1,3,0,0,1,4,0,1,"{1: 3, 0: 1}",{0: 3},0.428571,ttdf_96813b8c665e,heldout,negate|divide|decrease_by_percent|add,topo_5296967693d8,1
1.0,0.0,2,2,2,1.0,"{0: 1, 1: 1}",1.0,1,1,linear,1,1,1,0,0,1,2,0,1,"{1: 1, 0: 1}",{0: 1},0.333333,ttdf_276cf0df5a2a,heldout,meters_from_km|per_unit_value,topo_fdeb50f24873,1
2.0,0.125,6+,6,6,0.25,"{0: 2, 1: 5, 2: 1}",0.0,2,1,fan_in,6,2,7,1,0,1,8,0,2,"{1: 7, 0: 1}",{0: 7},0.538462,ttdf_dd3c982b69b6,heldout,fahrenheit_from_celsius|full_groups_of|round_up_whole|shrink_by_rate|grow_by_rate|midpoint_value|reduce_amount|stringify_amount,topo_e7c6a0bbee41,1
2.0,0.333333,3,2,2,0.666667,"{0: 2, 2: 1}",0.0,2,1,fan_in,1,2,2,1,0,1,3,0,2,"{1: 2, 0: 1}",{0: 2},0.333333,ttdf_61775b763e9a,heldout,difference_of_numbers|floor_divide|add,topo_911586a55488,1
2.0,0.25,4,3,3,0.5,"{0: 2, 1: 1, 2: 1}",0.0,2,1,fan_in,2,2,3,1,0,1,4,0,2,"{1: 3, 0: 1}",{0: 3},0.428571,ttdf_02b841f1b4de,heldout,subtract|average_of_two|square_value|ratio_of,topo_30980484d6d7,1
2.0,0.2,5,4,4,0.4,"{0: 2, 1: 2, 2: 1}",0.0,2,1,fan_in,3,2,4,1,0,1,5,0,2,"{1: 4, 0: 1}",{0: 4},0.5,ttdf_0a003c692c1f,heldout,nearest_integer|modulo_of|meters_to_km|average_of_two|label_with_unit,topo_0c51481d8aeb,1
1.0,0.0,6+,6,6,0.333333,"{0: 1, 1: 5}",1.0,1,1,linear,5,1,5,0,0,1,6,0,1,"{1: 5, 0: 1}",{0: 5},0.3125,ttdf_39a7b1b281ec,heldout,aggregate_total|midpoint_value|leftover_after_grouping|portion_by_rate|proportion_between|reduce_amount,topo_02b29308ce2b,1
1.0,0.0,3,3,3,0.666667,"{0: 1, 1: 2}",1.0,1,1,linear,2,1,2,0,0,1,3,0,1,"{1: 2, 0: 1}",{0: 2},0.333333,ttdf_5a74a6e61b85,heldout,percentage_value|whole_quotient|label_with_unit,topo_1c8dbe1830b2,1
1.0,0.0,2,2,2,1.0,"{0: 1, 1: 1}",1.0,1,1,linear,1,1,1,0,0,1,2,0,1,"{1: 1, 0: 1}",{0: 1},0.333333,ttdf_60a9f6da048a,heldout,seconds_from_minutes|reduce_amount,topo_fdeb50f24873,1
3.0,0.25,4,2,2,0.5,"{0: 3, 3: 1}",0.0,3,1,fan_in,1,3,3,1,0,1,4,0,3,"{1: 3, 0: 1}",{0: 3},0.5,ttdf_dfb0addf7c14,heldout,root_extract|round_up_whole|whole_number_of|balance_of_three,topo_64b2717a77dd,1
1.0,0.0,2,2,2,1.0,"{0: 1, 1: 1}",1.0,1,1,linear,1,1,1,0,0,1,2,0,1,"{1: 1, 0: 1}",{0: 1},0.333333,ttdf_7df7acf902f3,heldout,celsius_to_fahrenheit|multiply,topo_fdeb50f24873,1
2.0,0.125,6+,5,5,0.25,"{0: 2, 1: 5, 2: 1}",0.0,2,1,fan_in,6,2,7,1,0,1,8,0,2,"{1: 7, 0: 1}",{0: 7},0.466667,ttdf_34721416cb19,heldout,absolute_difference|multiply|divide|floor|divide|divide|average_of_two|percent_of,topo_c39b8213eda5,1
2.0,0.125,6+,7,7,0.25,"{0: 2, 1: 5, 2: 1}",0.0,2,1,fan_in,6,2,7,1,0,1,8,0,2,"{1: 7, 0: 1}",{0: 7},0.411765,ttdf_7571dee711a6,heldout,per_unit_value|shrink_by_rate|gap_between|portion_by_rate|shrink_by_rate|per_unit_value|gap_between|inside_limits,topo_eaa9138bf474,1
2.0,0.142857,6+,5,5,0.285714,"{0: 2, 1: 4, 2: 1}",0.0,2,1,fan_in,5,2,6,1,0,1,7,0,2,"{1: 6, 0: 1}",{0: 6},0.5,ttdf_1deb4113dfdb,heldout,read_amount_from_text|per_unit_value|self_product|combine_amounts|proportion_between|scale_quantity|render_with_decimals,topo_cd7f4c91b6f3,1
2.0,0.333333,3,2,2,0.666667,"{0: 2, 2: 1}",0.0,2,1,fan_in,1,2,2,1,0,1,3,0,2,"{1: 2, 0: 1}",{0: 2},0.333333,ttdf_67fcaa910587,heldout,gap_between|shrink_by_rate|proportion_between,topo_911586a55488,1
1.0,0.0,5,5,5,0.4,"{0: 1, 1: 4}",1.0,1,1,linear,4,1,4,0,0,1,5,0,1,"{1: 4, 0: 1}",{0: 4},0.444444,ttdf_0abb4826eb7d,heldout,fahrenheit_from_celsius|pairwise_product|proportion_between|midpoint_value|remaining_after,topo_d228dd6db98a,1
2.0,0.2,5,4,4,0.4,"{0: 2, 1: 2, 2: 1}",0.0,2,1,fan_in,3,2,4,1,0,1,5,0,2,"{1: 4, 0: 1}",{0: 4},0.5,ttdf_0261ee5fa88c,heldout,inverse|average_of_two|meters_to_km|absolute_difference|label_with_unit,topo_0c51481d8aeb,1
1.0,0.0,2,2,2,1.0,"{0: 1, 1: 1}",1.0,1,1,linear,1,1,1,0,0,1,2,0,1,"{1: 1, 0: 1}",{0: 1},0.333333,ttdf_138615b6d4ac,heldout,celsius_from_fahrenheit|midpoint_value,topo_fdeb50f24873,1
3.0,0.142857,6+,3,3,0.285714,"{0: 3, 1: 3, 3: 1}",0.0,3,1,fan_in,4,3,6,1,0,1,7,0,3,"{1: 6, 0: 1}",{0: 6},0.4,ttdf_6a93c9abf83e,heldout,proportion_between|gap_between|portion_by_rate|grow_by_rate|remaining_after|full_groups_of|balance_of_three,topo_b53a306e6f0b,1
2.0,0.125,6+,6,6,0.25,"{0: 2, 1: 5, 2: 1}",0.0,2,1,fan_in,6,2,7,1,0,1,8,0,2,"{1: 7, 0: 1}",{0: 7},0.4375,ttdf_232677276db4,heldout,whole_quotient|increase_by_percent|whole_quotient|absolute_difference|modulo_of|decrease_by_percent|increase_by_percent|quotient_of,topo_e1b2f19eddb9,1
3.0,0.142857,6+,3,3,0.285714,"{0: 3, 1: 3, 3: 1}",0.0,3,1,fan_in,4,3,6,1,0,1,7,0,3,"{1: 6, 0: 1}",{0: 6},0.4,ttdf_2c0dac421517,heldout,increase_by_percent|floor_divide|add|absolute_difference|decrease_by_percent|quotient_of|range_of_three,topo_b53a306e6f0b,1
1.0,0.0,5,5,5,0.4,"{0: 1, 1: 4}",1.0,1,1,linear,4,1,4,0,0,1,5,0,1,"{1: 4, 0: 1}",{0: 4},0.444444,ttdf_0368f20771a2,heldout,minutes_from_hours|shrink_by_rate|gap_between|reduce_amount|grow_by_rate,topo_d228dd6db98a,1
1.0,0.0,2,2,2,1.0,"{0: 1, 1: 1}",1.0,1,1,linear,1,1,1,0,0,1,2,0,1,"{1: 1, 0: 1}",{0: 1},0.333333,ttdf_5ee69188cf02,heldout,seconds_to_full_minutes|subtract,topo_fdeb50f24873,1
1.0,0.0,4,4,4,0.5,"{0: 1, 1: 3}",1.0,1,1,linear,3,1,3,0,0,1,4,0,1,"{1: 3, 0: 1}",{0: 3},0.6,ttdf_4afe482200e9,heldout,reciprocal_value|reduce_amount|reciprocal_value|round_down_whole,topo_5296967693d8,1
1.0,0.0,2,2,2,1.0,"{0: 1, 1: 1}",1.0,1,1,linear,1,1,1,0,0,1,2,0,1,"{1: 1, 0: 1}",{0: 1},0.333333,ttdf_518d58821d81,heldout,whole_minutes_from_seconds|scale_quantity,topo_fdeb50f24873,1
1.0,0.0,4,4,4,0.5,"{0: 1, 1: 3}",1.0,1,1,linear,3,1,3,0,0,1,4,0,1,"{1: 3, 0: 1}",{0: 3},0.5,ttdf_04b100a77d6b,heldout,fahrenheit_to_celsius|average_of_two|increase_by_percent|floor,topo_5296967693d8,1
1.0,0.0,2,2,2,1.0,"{0: 1, 1: 1}",1.0,1,1,linear,1,1,1,0,0,1,2,0,1,"{1: 1, 0: 1}",{0: 1},0.333333,ttdf_6d5818e842d2,heldout,seconds_to_full_minutes|average_of_two,topo_fdeb50f24873,1
2.0,0.333333,3,2,2,0.666667,"{0: 2, 2: 1}",0.0,2,1,fan_in,1,2,2,1,0,1,3,0,2,"{1: 2, 0: 1}",{0: 2},0.333333,ttdf_4972d9d643ec,heldout,proportion_between|per_unit_value|portion_by_rate,topo_911586a55488,1
1.0,0.0,2,2,2,1.0,"{0: 1, 1: 1}",1.0,1,1,linear,1,1,1,0,0,1,2,0,1,"{1: 1, 0: 1}",{0: 1},0.333333,ttdf_457971ab0603,heldout,minutes_to_seconds|sum_two_numbers,topo_fdeb50f24873,1
2.0,0.333333,3,2,2,0.666667,"{0: 2, 2: 1}",0.0,2,1,fan_in,1,2,2,1,0,1,3,0,2,"{1: 2, 0: 1}",{0: 2},0.333333,ttdf_72cf6691c37b,heldout,reduce_amount|gap_between|split_evenly,topo_911586a55488,1
1.0,0.0,4,4,4,0.5,"{0: 1, 1: 3}",1.0,1,1,linear,3,1,3,0,0,1,4,0,1,"{1: 3, 0: 1}",{0: 3},0.428571,ttdf_2ec6e08a35b1,heldout,nearest_integer|ratio_of|sum_two_numbers|divide,topo_5296967693d8,1
2.0,0.142857,6+,6,6,0.285714,"{0: 2, 1: 4, 2: 1}",0.0,2,1,fan_in,5,2,6,1,0,1,7,0,2,"{1: 6, 0: 1}",{0: 6},0.5,ttdf_5820dd1199d7,heldout,read_amount_from_text|remaining_after|per_unit_value|total_of_pair|scale_quantity|midpoint_value|stringify_amount,topo_aac04d391b9b,1
1.0,0.0,2,2,2,1.0,"{0: 1, 1: 1}",1.0,1,1,linear,1,1,1,0,0,1,2,0,1,"{1: 1, 0: 1}",{0: 1},0.333333,ttdf_17d9120659cf,heldout,parse_numeric_text|format_number_fixed,topo_fdeb50f24873,1
1.0,0.0,4,4,4,0.5,"{0: 1, 1: 3}",1.0,1,1,linear,3,1,3,0,0,1,4,0,1,"{1: 3, 0: 1}",{0: 3},0.3,ttdf_3eaaf4c17c9c,heldout,series_length|remaining_after|flip_sign|portion_by_rate,topo_5296967693d8,1
2.0,0.125,6+,5,5,0.25,"{0: 2, 1: 5, 2: 1}",0.0,2,1,fan_in,6,2,7,1,0,1,8,0,2,"{1: 7, 0: 1}",{0: 7},0.5,ttdf_4445be849524,heldout,inverse|difference_of_numbers|multiply|minutes_to_seconds|quotient_of|ratio_of|decrease_by_percent|quotient_of,topo_c39b8213eda5,1
2.0,0.25,4,3,3,0.5,"{0: 2, 2: 1, 1: 1}",0.0,2,1,fan_in,2,2,3,1,0,1,4,0,2,"{1: 3, 0: 1}",{0: 3},0.428571,ttdf_0a616614b78f,heldout,midpoint_value|trim_precision|combine_amounts|whole_number_of,topo_bd3dd51ec1a9,1
1.0,0.0,2,2,2,1.0,"{0: 1, 1: 1}",1.0,1,1,linear,1,1,1,0,0,1,2,0,1,"{1: 1, 0: 1}",{0: 1},0.333333,ttdf_3f2d4ea393f1,heldout,parse_numeric_text|format_number_fixed,topo_fdeb50f24873,1
2.0,0.125,6+,7,7,0.25,"{0: 2, 1: 5, 2: 1}",0.0,2,1,fan_in,6,2,7,1,0,1,8,0,2,"{1: 7, 0: 1}",{0: 7},0.538462,ttdf_9f47294a4d41,heldout,fahrenheit_to_celsius|ratio_of|modulo_of|square_value|quotient_of|negate|average_of_two|multiply,topo_596ff8eb2493,1
1.0,0.0,2,2,2,1.0,"{0: 1, 1: 1}",1.0,1,1,linear,1,1,1,0,0,1,2,0,1,"{1: 1, 0: 1}",{0: 1},0.333333,ttdf_76c14c3abe95,heldout,meters_to_km|absolute_difference,topo_fdeb50f24873,1
2.0,0.333333,3,2,2,0.666667,"{0: 2, 2: 1}",0.0,2,1,fan_in,1,2,2,1,0,1,3,0,2,"{1: 2, 0: 1}",{0: 2},0.333333,ttdf_a6094181c3e6,heldout,grow_by_rate|proportion_between|portion_by_rate,topo_911586a55488,1
1.0,0.0,2,2,2,1.0,"{0: 1, 1: 1}",1.0,1,1,linear,1,1,1,0,0,1,2,0,1,"{1: 1, 0: 1}",{0: 1},0.333333,ttdf_63f53ef5648f,heldout,meters_to_km|average_of_two,topo_fdeb50f24873,1
1.0,0.0,3,3,3,0.666667,"{0: 1, 1: 2}",1.0,1,1,linear,2,1,2,0,0,1,3,0,1,"{1: 2, 0: 1}",{0: 2},0.4,ttdf_4f4cfd571d97,heldout,whole_number_of|grow_by_rate|combine_amounts,topo_1c8dbe1830b2,1
1.0,0.0,5,5,5,0.4,"{0: 1, 1: 4}",1.0,1,1,linear,4,1,4,0,0,1,5,0,1,"{1: 4, 0: 1}",{0: 4},0.5,ttdf_c445b5730569,heldout,fahrenheit_to_celsius|reminder|ceiling|product_of_numbers|difference_of_numbers,topo_d228dd6db98a,1
1.0,0.0,6+,8,8,0.25,"{0: 1, 1: 7}",1.0,1,1,linear,7,1,7,0,0,1,8,0,1,"{1: 7, 0: 1}",{0: 7},0.5,ttdf_9db0afeff920,heldout,km_from_meters|reduce_amount|grow_by_rate|grow_by_rate|combine_amounts|flip_sign|reduce_amount|portion_by_rate,topo_ff8ead63c33b,1
2.0,0.166667,6+,5,5,0.333333,"{0: 2, 1: 3, 2: 1}",0.0,2,1,fan_in,4,2,5,1,0,1,6,0,2,"{1: 5, 0: 1}",{0: 5},0.5,ttdf_3469c805d8de,heldout,sqrt|ratio_of|decrease_by_percent|sum_two_numbers|fahrenheit_to_celsius|average_of_two,topo_926312b15db7,1
2.0,0.25,4,3,3,0.5,"{0: 2, 2: 1, 1: 1}",0.0,2,1,fan_in,2,2,3,1,0,1,4,0,2,"{1: 3, 0: 1}",{0: 3},0.5,ttdf_7adc3a2d81cd,heldout,whole_minutes_from_seconds|proportion_between|scale_quantity|whole_number_of,topo_bd3dd51ec1a9,1
2.0,0.333333,3,2,2,0.666667,"{0: 2, 2: 1}",0.0,2,1,fan_in,1,2,2,1,0,1,3,0,2,"{1: 2, 0: 1}",{0: 2},0.333333,ttdf_39f9f4d67abc,heldout,increase_by_percent|multiply|percentage_value,topo_911586a55488,1
2.0,0.166667,6+,4,4,0.333333,"{0: 2, 1: 3, 2: 1}",0.0,2,1,fan_in,4,2,5,1,0,1,6,0,2,"{1: 5, 0: 1}",{0: 5},0.5,ttdf_5ea97b9d2894,heldout,floor_divide|square_value|inverse|multiply|percentage_value|percentage_value,topo_5cf1a13edea8,1
2.0,0.25,4,3,3,0.5,"{0: 2, 2: 1, 1: 1}",0.0,2,1,fan_in,2,2,3,1,0,1,4,0,2,"{1: 3, 0: 1}",{0: 3},0.5,ttdf_5948245b4eb9,heldout,minutes_from_hours|portion_by_rate|midpoint_value|whole_number_of,topo_bd3dd51ec1a9,1
2.0,0.2,5,4,4,0.4,"{0: 2, 1: 2, 2: 1}",0.0,2,1,fan_in,3,2,4,1,0,1,5,0,2,"{1: 4, 0: 1}",{0: 4},0.5,ttdf_7853fbac08f9,heldout,minutes_from_hours|reciprocal_value|portion_by_rate|leftover_after_grouping|pairwise_product,topo_2b041b861492,1
1.0,0.0,2,2,2,1.0,"{0: 1, 1: 1}",1.0,1,1,linear,1,1,1,0,0,1,2,0,1,"{1: 1, 0: 1}",{0: 1},0.333333,ttdf_9d31c62f0125,heldout,hours_to_minutes|decrease_by_percent,topo_fdeb50f24873,1
2.0,0.333333,3,2,2,0.666667,"{0: 2, 2: 1}",0.0,2,1,fan_in,1,2,2,1,0,1,3,0,2,"{1: 2, 0: 1}",{0: 2},0.333333,ttdf_83cdf4eddbb0,heldout,reminder|increase_by_percent|difference_of_numbers,topo_911586a55488,1
2.0,0.333333,3,2,2,0.666667,"{0: 2, 2: 1}",0.0,2,1,fan_in,1,2,2,1,0,1,3,0,2,"{1: 2, 0: 1}",{0: 2},0.333333,ttdf_383ad17e7991,heldout,shrink_by_rate|proportion_between|portion_by_rate,topo_911586a55488,1
2.0,0.333333,3,2,2,0.666667,"{0: 2, 2: 1}",0.0,2,1,fan_in,1,2,2,1,0,1,3,0,2,"{1: 2, 0: 1}",{0: 2},0.333333,ttdf_eb4769ff27e9,heldout,reminder|add|percentage_value,topo_911586a55488,1
1.0,0.0,2,2,2,1.0,"{0: 1, 1: 1}",1.0,1,1,linear,1,1,1,0,0,1,2,0,1,"{1: 1, 0: 1}",{0: 1},0.333333,ttdf_ae2dd5e15a76,heldout,hours_to_minutes|absolute_difference,topo_fdeb50f24873,1
2.0,0.333333,3,2,2,0.666667,"{0: 2, 2: 1}",0.0,2,1,fan_in,1,2,2,1,0,1,3,0,2,"{1: 2, 0: 1}",{0: 2},0.333333,ttdf_8e92bbdc4215,heldout,pairwise_product|proportion_between|midpoint_value,topo_911586a55488,1
1.0,0.0,3,3,3,0.666667,"{0: 1, 1: 2}",1.0,1,1,linear,2,1,2,0,0,1,3,0,1,"{1: 2, 0: 1}",{0: 2},0.285714,ttdf_6ead32c2d93f,heldout,round_to_decimals|sqrt|scale_values,topo_1c8dbe1830b2,1
1.0,0.0,3,3,3,0.666667,"{0: 1, 1: 2}",1.0,1,1,linear,2,1,2,0,0,1,3,0,1,"{1: 2, 0: 1}",{0: 2},0.4,ttdf_16b89c4cec7f,heldout,reciprocal_value|gap_between|pairwise_product,topo_1c8dbe1830b2,1
1.0,0.0,6+,7,7,0.285714,"{0: 1, 1: 6}",1.0,1,1,linear,6,1,6,0,0,1,7,0,1,"{1: 6, 0: 1}",{0: 6},0.461538,ttdf_491aa5f3c39c,heldout,shrink_by_rate|proportion_between|grow_by_rate|per_unit_value|reduce_amount|per_unit_value|flip_sign,topo_47316b07929b,1
1.0,0.0,6+,8,8,0.25,"{0: 1, 1: 7}",1.0,1,1,linear,7,1,7,0,0,1,8,0,1,"{1: 7, 0: 1}",{0: 7},0.5,ttdf_9ccc5f0deb30,heldout,seconds_from_minutes|midpoint_value|leftover_after_grouping|combine_amounts|pairwise_product|round_up_whole|shrink_by_rate|portion_by_rate,topo_ff8ead63c33b,1
2.0,0.333333,3,2,2,0.666667,"{0: 2, 2: 1}",0.0,2,1,fan_in,1,2,2,1,0,1,3,0,2,"{1: 2, 0: 1}",{0: 2},0.333333,ttdf_6deab8d6f51e,heldout,full_groups_of|portion_by_rate|portion_by_rate,topo_911586a55488,1
2.0,0.333333,3,2,2,0.666667,"{0: 2, 2: 1}",0.0,2,1,fan_in,1,2,2,1,0,1,3,0,2,"{1: 2, 0: 1}",{0: 2},0.333333,ttdf_365dca78785f,heldout,portion_by_rate|gap_between|reduce_amount,topo_911586a55488,1
3.0,0.25,4,2,2,0.5,"{0: 3, 3: 1}",0.0,3,1,fan_in,1,3,3,1,0,1,4,0,3,"{1: 3, 0: 1}",{0: 3},0.428571,ttdf_bb66ae347bf3,heldout,trim_precision|root_extract|whole_number_of|balance_of_three,topo_64b2717a77dd,1
2.0,0.125,6+,6,6,0.25,"{0: 2, 1: 5, 2: 1}",0.0,2,1,fan_in,6,2,7,1,0,1,8,0,2,"{1: 7, 0: 1}",{0: 7},0.466667,ttdf_995ed37516a3,heldout,increase_by_percent|ratio_of|subtract|absolute_difference|add|subtract|square_value|divide,topo_ace9c53050f0,1
1.0,0.0,2,2,2,1.0,"{0: 1, 1: 1}",1.0,1,1,linear,1,1,1,0,0,1,2,0,1,"{1: 1, 0: 1}",{0: 1},0.333333,ttdf_bd34d7b48275,heldout,hours_to_minutes|average_of_two,topo_fdeb50f24873,1
1.0,0.0,2,2,2,1.0,"{0: 1, 1: 1}",1.0,1,1,linear,1,1,1,0,0,1,2,0,1,"{1: 1, 0: 1}",{0: 1},0.333333,ttdf_e37b112e5d91,heldout,hours_to_minutes|increase_by_percent,topo_fdeb50f24873,1
1.0,0.0,2,2,2,1.0,"{0: 1, 1: 1}",1.0,1,1,linear,1,1,1,0,0,1,2,0,1,"{1: 1, 0: 1}",{0: 1},0.333333,ttdf_2448b036a606,heldout,km_to_meters|ratio_of,topo_fdeb50f24873,1
2.0,0.25,4,3,3,0.5,"{0: 2, 2: 1, 1: 1}",0.0,2,1,fan_in,2,2,3,1,0,1,4,0,2,"{1: 3, 0: 1}",{0: 3},0.428571,ttdf_3b95bf2af107,heldout,portion_by_rate|per_unit_value|pairwise_product|whole_number_of,topo_bd3dd51ec1a9,1
1.0,0.0,2,2,2,1.0,"{0: 1, 1: 1}",1.0,1,1,linear,1,1,1,0,0,1,2,0,1,"{1: 1, 0: 1}",{0: 1},0.333333,ttdf_1d72d0d59090,heldout,whole_minutes_from_seconds|portion_by_rate,topo_fdeb50f24873,1
2.0,0.2,5,4,4,0.4,"{0: 2, 1: 2, 2: 1}",0.0,2,1,fan_in,3,2,4,1,0,1,5,0,2,"{1: 4, 0: 1}",{0: 4},0.444444,ttdf_070e396f6970,heldout,nearest_integer|decrease_by_percent|increase_by_percent|divide|build_tag,topo_7279e5f4b24a,1
1.0,0.0,3,3,3,0.666667,"{0: 1, 1: 2}",1.0,1,1,linear,2,1,2,0,0,1,3,0,1,"{1: 2, 0: 1}",{0: 2},0.333333,ttdf_5ec5b444f2df,heldout,reminder|multiply|label_with_unit,topo_1c8dbe1830b2,1
3.0,0.25,4,2,2,0.5,"{0: 3, 3: 1}",0.0,3,1,fan_in,1,3,3,1,0,1,4,0,3,"{1: 3, 0: 1}",{0: 3},0.375,ttdf_4720ea0a3695,heldout,round_down_whole|trim_precision|pairwise_product|dispersion_of_three,topo_64b2717a77dd,1
1.0,0.0,3,3,3,0.666667,"{0: 1, 1: 2}",1.0,1,1,linear,2,1,2,0,0,1,3,0,1,"{1: 2, 0: 1}",{0: 2},0.285714,ttdf_2e4108057c2f,heldout,rank_of_peak|portion_by_rate|self_product,topo_1c8dbe1830b2,1
1.0,0.0,2,2,2,1.0,"{0: 1, 1: 1}",1.0,1,1,linear,1,1,1,0,0,1,2,0,1,"{1: 1, 0: 1}",{0: 1},0.333333,ttdf_5466288af998,heldout,celsius_to_fahrenheit|average_of_two,topo_fdeb50f24873,1
1.0,0.0,4,4,4,0.5,"{0: 1, 1: 3}",1.0,1,1,linear,3,1,3,0,0,1,4,0,1,"{1: 3, 0: 1}",{0: 3},0.333333,ttdf_4d42b7a452a5,heldout,series_spread|split_evenly|flip_sign|pairwise_product,topo_5296967693d8,1
3.0,0.125,6+,4,4,0.25,"{0: 3, 1: 4, 3: 1}",0.0,3,1,fan_in,5,3,7,1,0,1,8,0,3,"{1: 7, 0: 1}",{0: 7},0.4375,ttdf_4ea07b767594,heldout,round_to_decimals|whole_quotient|square_value|decrease_by_percent|percent_of|modulo_of|product_of_numbers|mean_of_three,topo_5eeac3554b19,1
2.0,0.142857,6+,4,4,0.285714,"{0: 2, 1: 4, 2: 1}",0.0,2,1,fan_in,5,2,6,1,0,1,7,0,2,"{1: 6, 0: 1}",{0: 6},0.5,ttdf_b80a7b61e0b5,heldout,celsius_to_fahrenheit|ratio_of|sum_two_numbers|minutes_to_seconds|decrease_by_percent|absolute_difference|ratio_of,topo_63f405a71afa,1
1.0,0.0,2,2,2,1.0,"{0: 1, 1: 1}",1.0,1,1,linear,1,1,1,0,0,1,2,0,1,"{1: 1, 0: 1}",{0: 1},0.333333,ttdf_69a435ca0ac8,heldout,meters_from_km|combine_amounts,topo_fdeb50f24873,1
1.0,0.0,2,2,2,1.0,"{0: 1, 1: 1}",1.0,1,1,linear,1,1,1,0,0,1,2,0,1,"{1: 1, 0: 1}",{0: 1},0.333333,ttdf_2ca549098c21,heldout,meters_from_km|midpoint_value,topo_fdeb50f24873,1
1.0,0.0,3,3,3,0.666667,"{0: 1, 1: 2}",1.0,1,1,linear,2,1,2,0,0,1,3,0,1,"{1: 2, 0: 1}",{0: 2},0.333333,ttdf_381f780079f9,heldout,modulo_of|decrease_by_percent|label_with_unit,topo_1c8dbe1830b2,1
2.0,0.25,4,3,3,0.5,"{0: 2, 2: 1, 1: 1}",0.0,2,1,fan_in,2,2,3,1,0,1,4,0,2,"{1: 3, 0: 1}",{0: 3},0.428571,ttdf_537b8945abb4,heldout,pairwise_product|proportion_between|pairwise_product|whole_number_of,topo_bd3dd51ec1a9,1
1.0,0.0,5,5,5,0.4,"{0: 1, 1: 4}",1.0,1,1,linear,4,1,4,0,0,1,5,0,1,"{1: 4, 0: 1}",{0: 4},0.5,ttdf_897b55a7ab9c,heldout,meters_to_km|add|nearest_integer|difference_of_numbers|ratio_of,topo_d228dd6db98a,1
1.0,0.0,3,3,3,0.666667,"{0: 1, 1: 2}",1.0,1,1,linear,2,1,2,0,0,1,3,0,1,"{1: 2, 0: 1}",{0: 2},0.333333,ttdf_ad0c85211ed9,heldout,average_of_two|increase_by_percent|build_tag,topo_1c8dbe1830b2,1
2.0,0.333333,3,2,2,0.666667,"{0: 2, 2: 1}",0.0,2,1,fan_in,1,2,2,1,0,1,3,0,2,"{1: 2, 0: 1}",{0: 2},0.333333,ttdf_5c3510d085ad,heldout,whole_quotient|product_of_numbers|absolute_difference,topo_911586a55488,1
1.0,0.0,3,3,3,0.666667,"{0: 1, 1: 2}",1.0,1,1,linear,2,1,2,0,0,1,3,0,1,"{1: 2, 0: 1}",{0: 2},0.4,ttdf_404c1b18b8c7,heldout,flip_sign|reduce_amount|midpoint_value,topo_1c8dbe1830b2,1
2.0,0.333333,3,2,2,0.666667,"{0: 2, 2: 1}",0.0,2,1,fan_in,1,2,2,1,0,1,3,0,2,"{1: 2, 0: 1}",{0: 2},0.4,ttdf_545d5f117a56,heldout,trim_precision|whole_minutes_from_seconds|midpoint_value,topo_911586a55488,1
1.0,0.0,2,2,2,1.0,"{0: 1, 1: 1}",1.0,1,1,linear,1,1,1,0,0,1,2,0,1,"{1: 1, 0: 1}",{0: 1},0.333333,ttdf_7c16cd835a08,heldout,seconds_from_minutes|proportion_between,topo_fdeb50f24873,1
2.0,0.125,6+,5,5,0.25,"{0: 2, 1: 5, 2: 1}",0.0,2,1,fan_in,6,2,7,1,0,1,8,0,2,"{1: 7, 0: 1}",{0: 7},0.538462,ttdf_5abf2f83049f,heldout,increase_by_percent|ratio_of|negate|minutes_to_seconds|divide|ceiling|absolute_difference|percentage_value,topo_c39b8213eda5,1
3.0,0.166667,6+,3,3,0.333333,"{0: 3, 1: 2, 3: 1}",0.0,3,1,fan_in,3,3,5,1,0,1,6,0,3,"{1: 5, 0: 1}",{0: 5},0.454545,ttdf_2915468f4301,heldout,reciprocal_value|shrink_by_rate|leftover_after_grouping|proportion_between|root_extract|dispersion_of_three,topo_00ac72c33abd,1
1.0,0.0,4,4,4,0.5,"{0: 1, 1: 3}",1.0,1,1,linear,3,1,3,0,0,1,4,0,1,"{1: 3, 0: 1}",{0: 3},0.428571,ttdf_fdcc137bee4d,heldout,sqrt|multiply|absolute_difference|increase_by_percent,topo_5296967693d8,1
1.0,0.0,3,3,3,0.666667,"{0: 1, 1: 2}",1.0,1,1,linear,2,1,2,0,0,1,3,0,1,"{1: 2, 0: 1}",{0: 2},0.4,ttdf_04c828f63ace,heldout,km_from_meters|portion_by_rate|leftover_after_grouping,topo_1c8dbe1830b2,1
1.0,0.0,2,2,2,1.0,"{0: 1, 1: 1}",1.0,1,1,linear,1,1,1,0,0,1,2,0,1,"{1: 1, 0: 1}",{0: 1},0.333333,ttdf_2c51262526aa,heldout,fahrenheit_to_celsius|absolute_difference,topo_fdeb50f24873,1
1.0,0.0,5,5,5,0.4,"{0: 1, 1: 4}",1.0,1,1,linear,4,1,4,0,0,1,5,0,1,"{1: 4, 0: 1}",{0: 4},0.5,ttdf_5a9d8d47cf8d,heldout,km_to_meters|floor_divide|increase_by_percent|inverse|decrease_by_percent,topo_d228dd6db98a,1
1.0,0.0,4,4,4,0.5,"{0: 1, 1: 3}",1.0,1,1,linear,3,1,3,0,0,1,4,0,1,"{1: 3, 0: 1}",{0: 3},0.428571,ttdf_00ae32ac382a,heldout,whole_number_of|split_evenly|midpoint_value|trim_precision,topo_5296967693d8,1
2.0,0.166667,6+,4,4,0.333333,"{0: 2, 1: 3, 2: 1}",0.0,2,1,fan_in,4,2,5,1,0,1,6,0,2,"{1: 5, 0: 1}",{0: 5},0.416667,ttdf_af0ab73a71ef,heldout,flip_sign|scale_quantity|per_unit_value|grow_by_rate|midpoint_value|inside_limits,topo_f5466e583fca,1
2.0,0.333333,3,2,2,0.666667,"{0: 2, 2: 1}",0.0,2,1,fan_in,1,2,2,1,0,1,3,0,2,"{1: 2, 0: 1}",{0: 2},0.333333,ttdf_f340f8bf76b7,heldout,pairwise_product|grow_by_rate|split_evenly,topo_911586a55488,1
2.0,0.333333,3,2,2,0.666667,"{0: 2, 2: 1}",0.0,2,1,fan_in,1,2,2,1,0,1,3,0,2,"{1: 2, 0: 1}",{0: 2},0.333333,ttdf_35c96fe9aa1d,heldout,average_of_two|increase_by_percent|absolute_difference,topo_911586a55488,1
2.0,0.142857,6+,5,5,0.285714,"{0: 2, 1: 4, 2: 1}",0.0,2,1,fan_in,5,2,6,1,0,1,7,0,2,"{1: 6, 0: 1}",{0: 6},0.545455,ttdf_a688cfc68229,heldout,ceiling|sqrt|whole_quotient|decrease_by_percent|meters_to_km|difference_of_numbers|product_of_numbers,topo_ca6030f187be,1
2.0,0.166667,6+,5,5,0.333333,"{0: 2, 1: 3, 2: 1}",0.0,2,1,fan_in,4,2,5,1,0,1,6,0,2,"{1: 5, 0: 1}",{0: 5},0.5,ttdf_37fc2e55ab32,heldout,floor|whole_quotient|subtract|quotient_of|minutes_to_seconds|ratio_of,topo_926312b15db7,1
2.0,0.25,4,3,3,0.5,"{0: 2, 1: 1, 2: 1}",0.0,2,1,fan_in,2,2,3,1,0,1,4,0,2,"{1: 3, 0: 1}",{0: 3},0.5,ttdf_0f03eee4c35d,heldout,nearest_integer|modulo_of|fahrenheit_to_celsius|average_of_two,topo_30980484d6d7,1
1.0,0.0,2,2,2,1.0,"{0: 1, 1: 1}",1.0,1,1,linear,1,1,1,0,0,1,2,0,1,"{1: 1, 0: 1}",{0: 1},0.333333,ttdf_80d15b113a20,heldout,meters_from_km|gap_between,topo_fdeb50f24873,1
2.0,0.333333,3,2,2,0.666667,"{0: 2, 2: 1}",0.0,2,1,fan_in,1,2,2,1,0,1,3,0,2,"{1: 2, 0: 1}",{0: 2},0.4,ttdf_c35f3292b879,heldout,trim_precision|fahrenheit_from_celsius|portion_by_rate,topo_911586a55488,1
1.0,0.0,2,2,2,1.0,"{0: 1, 1: 1}",1.0,1,1,linear,1,1,1,0,0,1,2,0,1,"{1: 1, 0: 1}",{0: 1},0.333333,ttdf_0f55d4284774,heldout,minutes_to_seconds|product_of_numbers,topo_fdeb50f24873,1
1.0,0.0,5,5,5,0.4,"{0: 1, 1: 4}",1.0,1,1,linear,4,1,4,0,0,1,5,0,1,"{1: 4, 0: 1}",{0: 4},0.444444,ttdf_7a5faa26f1c7,heldout,seconds_to_full_minutes|divide|average_of_two|difference_of_numbers|decrease_by_percent,topo_d228dd6db98a,1
1.0,0.0,2,2,2,1.0,"{0: 1, 1: 1}",1.0,1,1,linear,1,1,1,0,0,1,2,0,1,"{1: 1, 0: 1}",{0: 1},0.333333,ttdf_dc48849c7d75,heldout,seconds_from_minutes|midpoint_value,topo_fdeb50f24873,1
1.0,0.0,3,3,3,0.666667,"{0: 1, 1: 2}",1.0,1,1,linear,2,1,2,0,0,1,3,0,1,"{1: 2, 0: 1}",{0: 2},0.333333,ttdf_ee5ee020800c,heldout,decrease_by_percent|average_of_two|build_tag,topo_1c8dbe1830b2,1
2.0,0.166667,6+,4,4,0.333333,"{0: 2, 1: 3, 2: 1}",0.0,2,1,fan_in,4,2,5,1,0,1,6,0,2,"{1: 5, 0: 1}",{0: 5},0.5,ttdf_0ad66a0bbb4a,heldout,seconds_to_full_minutes|absolute_difference|subtract|floor|subtract|sum_two_numbers,topo_2b9a65f092bb,1
3.0,0.25,4,2,2,0.5,"{0: 3, 3: 1}",0.0,3,1,fan_in,1,3,3,1,0,1,4,0,3,"{1: 3, 0: 1}",{0: 3},0.375,ttdf_076b1e52faa6,heldout,trim_precision|round_down_whole|full_groups_of|balance_of_three,topo_64b2717a77dd,1
2.0,0.333333,3,2,2,0.666667,"{0: 2, 2: 1}",0.0,2,1,fan_in,1,2,2,1,0,1,3,0,2,"{1: 2, 0: 1}",{0: 2},0.333333,ttdf_9c211753bb63,heldout,decrease_by_percent|decrease_by_percent|subtract,topo_911586a55488,1
1.0,0.0,2,2,2,1.0,"{0: 1, 1: 1}",1.0,1,1,linear,1,1,1,0,0,1,2,0,1,"{1: 1, 0: 1}",{0: 1},0.333333,ttdf_1a47d69b5c7b,heldout,meters_from_km|portion_by_rate,topo_fdeb50f24873,1
2.0,0.25,4,3,3,0.5,"{0: 2, 1: 1, 2: 1}",0.0,2,1,fan_in,2,2,3,1,0,1,4,0,2,"{1: 3, 0: 1}",{0: 3},0.375,ttdf_63807871db1c,heldout,increase_by_percent|round_to_decimals|multiply|add,topo_30980484d6d7,1
1.0,0.0,2,2,2,1.0,"{0: 1, 1: 1}",1.0,1,1,linear,1,1,1,0,0,1,2,0,1,"{1: 1, 0: 1}",{0: 1},0.333333,ttdf_8822ed65cbf6,heldout,seconds_from_minutes|full_groups_of,topo_fdeb50f24873,1
2.0,0.2,5,4,4,0.4,"{0: 2, 1: 2, 2: 1}",0.0,2,1,fan_in,3,2,4,1,0,1,5,0,2,"{1: 4, 0: 1}",{0: 4},0.5,ttdf_566d5810e06d,heldout,inverse|increase_by_percent|seconds_to_full_minutes|average_of_two|build_tag,topo_0c51481d8aeb,1
2.0,0.333333,3,2,2,0.666667,"{0: 2, 2: 1}",0.0,2,1,fan_in,1,2,2,1,0,1,3,0,2,"{1: 2, 0: 1}",{0: 2},0.333333,ttdf_3babb223deff,heldout,multiply|reminder|quotient_of,topo_911586a55488,1
2.0,0.142857,6+,5,5,0.285714,"{0: 2, 1: 4, 2: 1}",0.0,2,1,fan_in,5,2,6,1,0,1,7,0,2,"{1: 6, 0: 1}",{0: 6},0.545455,ttdf_bd0a82339c02,heldout,seconds_to_full_minutes|absolute_difference|meters_to_km|absolute_difference|difference_of_numbers|negate|absolute_difference,topo_9e01698159b0,1
1.0,0.0,2,2,2,1.0,"{0: 1, 1: 1}",1.0,1,1,linear,1,1,1,0,0,1,2,0,1,"{1: 1, 0: 1}",{0: 1},0.090909,ttdf_675e59088045,heldout,sum_of_values|scale_values,topo_fdeb50f24873,1
2.0,0.125,6+,6,6,0.25,"{0: 2, 1: 5, 2: 1}",0.0,2,1,fan_in,6,2,7,1,0,1,8,0,2,"{1: 7, 0: 1}",{0: 7},0.466667,ttdf_fa1813d66a98,heldout,fahrenheit_to_celsius|difference_of_numbers|reminder|decrease_by_percent|decrease_by_percent|difference_of_numbers|absolute_difference|add,topo_e1b2f19eddb9,1
2.0,0.333333,3,2,2,0.666667,"{0: 2, 2: 1}",0.0,2,1,fan_in,1,2,2,1,0,1,3,0,2,"{1: 2, 0: 1}",{0: 2},0.333333,ttdf_6ef58a7fc6fa,heldout,percent_of|average_of_two|percent_of,topo_911586a55488,1
2.0,0.333333,3,2,2,0.666667,"{0: 2, 2: 1}",0.0,2,1,fan_in,1,2,2,1,0,1,3,0,2,"{1: 2, 0: 1}",{0: 2},0.333333,ttdf_22c0923e5f5b,heldout,grow_by_rate|remaining_after|pairwise_product,topo_911586a55488,1
2.0,0.142857,6+,6,6,0.285714,"{0: 2, 1: 4, 2: 1}",0.0,2,1,fan_in,5,2,6,1,0,1,7,0,2,"{1: 6, 0: 1}",{0: 6},0.461538,ttdf_05d62bcf105b,heldout,pairwise_product|proportion_between|total_of_pair|gap_between|flip_sign|grow_by_rate|total_of_pair,topo_4a07cdfdb909,1
2.0,0.25,4,3,3,0.5,"{0: 2, 2: 1, 1: 1}",0.0,2,1,fan_in,2,2,3,1,0,1,4,0,2,"{1: 3, 0: 1}",{0: 3},0.428571,ttdf_2942bc2f5e05,heldout,leftover_after_grouping|shrink_by_rate|reduce_amount|whole_number_of,topo_bd3dd51ec1a9,1
2.0,0.166667,6+,5,5,0.333333,"{0: 2, 1: 3, 2: 1}",0.0,2,1,fan_in,4,2,5,1,0,1,6,0,2,"{1: 5, 0: 1}",{0: 5},0.384615,ttdf_819338f52941,heldout,shrink_by_rate|proportion_between|total_of_pair|grow_by_rate|portion_by_rate|inside_limits,topo_2c499c271118,1
1.0,0.0,3,3,3,0.666667,"{0: 1, 1: 2}",1.0,1,1,linear,2,1,2,0,0,1,3,0,1,"{1: 2, 0: 1}",{0: 2},0.4,ttdf_5c13fb461b3a,heldout,round_down_whole|grow_by_rate|gap_between,topo_1c8dbe1830b2,1
2.0,0.25,4,3,3,0.5,"{0: 2, 2: 1, 1: 1}",0.0,2,1,fan_in,2,2,3,1,0,1,4,0,2,"{1: 3, 0: 1}",{0: 3},0.5,ttdf_1fe43c61c06d,heldout,fahrenheit_from_celsius|fahrenheit_from_celsius|proportion_between|annotate_measurement,topo_bd3dd51ec1a9,1
1.0,0.0,2,2,2,1.0,"{0: 1, 1: 1}",1.0,1,1,linear,1,1,1,0,0,1,2,0,1,"{1: 1, 0: 1}",{0: 1},0.333333,ttdf_4f6d50bbe220,heldout,parse_numeric_text|format_number_fixed,topo_fdeb50f24873,1
1.0,0.0,2,2,2,1.0,"{0: 1, 1: 1}",1.0,1,1,linear,1,1,1,0,0,1,2,0,1,"{1: 1, 0: 1}",{0: 1},0.333333,ttdf_560ee9d6856e,heldout,fahrenheit_from_celsius|remaining_after,topo_fdeb50f24873,1
2.0,0.125,6+,7,7,0.25,"{0: 2, 1: 5, 2: 1}",0.0,2,1,fan_in,6,2,7,1,0,1,8,0,2,"{1: 7, 0: 1}",{0: 7},0.538462,ttdf_167fa399c2cd,heldout,celsius_from_fahrenheit|meters_from_km|flip_sign|total_of_pair|full_groups_of|proportion_between|total_of_pair|reduce_amount,topo_596ff8eb2493,1
2.0,0.333333,3,2,2,0.666667,"{0: 2, 2: 1}",0.0,2,1,fan_in,1,2,2,1,0,1,3,0,2,"{1: 2, 0: 1}",{0: 2},0.333333,ttdf_14d3edcc7940,heldout,multiply|increase_by_percent|ratio_of,topo_911586a55488,1
3.0,0.166667,6+,3,3,0.333333,"{0: 3, 1: 2, 3: 1}",0.0,3,1,fan_in,3,3,5,1,0,1,6,0,3,"{1: 5, 0: 1}",{0: 5},0.416667,ttdf_0856f94f132b,heldout,quotient_of|ceiling|percentage_value|average_of_two|quotient_of|mean_of_three,topo_00ac72c33abd,1
2.0,0.166667,6+,4,4,0.333333,"{0: 2, 1: 3, 2: 1}",0.0,2,1,fan_in,4,2,5,1,0,1,6,0,2,"{1: 5, 0: 1}",{0: 5},0.416667,ttdf_248079f25b00,heldout,split_evenly|scale_quantity|km_from_meters|scale_quantity|proportion_between|inside_limits,topo_f5466e583fca,1
1.0,0.0,2,2,2,1.0,"{0: 1, 1: 1}",1.0,1,1,linear,1,1,1,0,0,1,2,0,1,"{1: 1, 0: 1}",{0: 1},0.333333,ttdf_10f1603aaeb1,heldout,meters_from_km|remaining_after,topo_fdeb50f24873,1
2.0,0.333333,3,2,2,0.666667,"{0: 2, 2: 1}",0.0,2,1,fan_in,1,2,2,1,0,1,3,0,2,"{1: 2, 0: 1}",{0: 2},0.333333,ttdf_1440dc5c63c9,heldout,sum_two_numbers|percent_of|average_of_two,topo_911586a55488,1
1.0,0.0,2,2,2,1.0,"{0: 1, 1: 1}",1.0,1,1,linear,1,1,1,0,0,1,2,0,1,"{1: 1, 0: 1}",{0: 1},0.333333,ttdf_22a7368bf9c9,heldout,fahrenheit_to_celsius|difference_of_numbers,topo_fdeb50f24873,1
1.0,0.0,2,2,2,1.0,"{0: 1, 1: 1}",1.0,1,1,linear,1,1,1,0,0,1,2,0,1,"{1: 1, 0: 1}",{0: 1},0.333333,ttdf_0de4e601c605,heldout,km_from_meters|shrink_by_rate,topo_fdeb50f24873,1
1.0,0.0,2,2,2,1.0,"{0: 1, 1: 1}",1.0,1,1,linear,1,1,1,0,0,1,2,0,1,"{1: 1, 0: 1}",{0: 1},0.333333,ttdf_bd7769a471fe,heldout,meters_from_km|shrink_by_rate,topo_fdeb50f24873,1
2.0,0.333333,3,2,2,0.666667,"{0: 2, 2: 1}",0.0,2,1,fan_in,1,2,2,1,0,1,3,0,2,"{1: 2, 0: 1}",{0: 2},0.333333,ttdf_2e5af692ac94,heldout,split_evenly|remaining_after|pairwise_product,topo_911586a55488,1
2.0,0.166667,6+,4,4,0.333333,"{0: 2, 1: 3, 2: 1}",0.0,2,1,fan_in,4,2,5,1,0,1,6,0,2,"{1: 5, 0: 1}",{0: 5},0.625,ttdf_12bfaba34c99,heldout,read_amount_from_text|root_extract|meters_from_km|proportion_between|proportion_between|stringify_amount,topo_f5466e583fca,1
2.0,0.166667,6+,4,4,0.333333,"{0: 2, 1: 3, 2: 1}",0.0,2,1,fan_in,4,2,5,1,0,1,6,0,2,"{1: 5, 0: 1}",{0: 5},0.5,ttdf_ceb569735b54,heldout,hours_to_minutes|ratio_of|multiply|ceiling|absolute_difference|subtract,topo_2b9a65f092bb,1
2.0,0.142857,6+,5,5,0.285714,"{0: 2, 1: 4, 2: 1}",0.0,2,1,fan_in,5,2,6,1,0,1,7,0,2,"{1: 6, 0: 1}",{0: 6},0.5,ttdf_41bafe6f5632,heldout,per_unit_value|round_down_whole|per_unit_value|round_down_whole|proportion_between|proportion_between|exceeds_value,topo_cd7f4c91b6f3,1
3.0,0.25,4,2,2,0.5,"{0: 3, 3: 1}",0.0,3,1,fan_in,1,3,3,1,0,1,4,0,3,"{1: 3, 0: 1}",{0: 3},0.5,ttdf_4ff86c8cfd42,heldout,ceiling|nearest_integer|negate|sum_of_three,topo_64b2717a77dd,1
3.0,0.125,6+,4,4,0.25,"{0: 3, 1: 4, 3: 1}",0.0,3,1,fan_in,5,3,7,1,0,1,8,0,3,"{1: 7, 0: 1}",{0: 7},0.411765,ttdf_8cfe36acb2c2,heldout,product_of_numbers|average_of_two|quotient_of|whole_quotient|percent_of|round_to_decimals|sum_two_numbers|mean_of_three,topo_5eeac3554b19,1
2.0,0.25,4,3,3,0.5,"{0: 2, 2: 1, 1: 1}",0.0,2,1,fan_in,2,2,3,1,0,1,4,0,2,"{1: 3, 0: 1}",{0: 3},0.5,ttdf_123c71da5374,heldout,km_from_meters|pairwise_product|midpoint_value|whole_number_of,topo_bd3dd51ec1a9,1
2.0,0.2,5,4,4,0.4,"{0: 2, 1: 2, 2: 1}",0.0,2,1,fan_in,3,2,4,1,0,1,5,0,2,"{1: 4, 0: 1}",{0: 4},0.444444,ttdf_317cbeb45e80,heldout,difference_of_numbers|whole_quotient|inverse|sum_two_numbers|label_with_unit,topo_0c51481d8aeb,1
2.0,0.25,4,3,3,0.5,"{0: 2, 2: 1, 1: 1}",0.0,2,1,fan_in,2,2,3,1,0,1,4,0,2,"{1: 3, 0: 1}",{0: 3},0.428571,ttdf_7c8b35cf7d35,heldout,portion_by_rate|scale_quantity|portion_by_rate|whole_number_of,topo_bd3dd51ec1a9,1
1.0,0.0,3,3,3,0.666667,"{0: 1, 1: 2}",1.0,1,1,linear,2,1,2,0,0,1,3,0,1,"{1: 2, 0: 1}",{0: 2},0.333333,ttdf_2380d486e3cc,heldout,modulo_of|product_of_numbers|label_with_unit,topo_1c8dbe1830b2,1
1.0,0.0,2,2,2,1.0,"{0: 1, 1: 1}",1.0,1,1,linear,1,1,1,0,0,1,2,0,1,"{1: 1, 0: 1}",{0: 1},0.25,ttdf_181203a83aec,reserve,remaining_after|split_evenly,topo_fdeb50f24873,1
1.0,0.0,6+,6,6,0.333333,"{0: 1, 1: 5}",1.0,1,1,linear,5,1,5,0,0,1,6,0,1,"{1: 5, 0: 1}",{0: 5},0.5,ttdf_40fda87a85ea,reserve,seconds_from_minutes|combine_amounts|combine_amounts|split_evenly|root_extract|trim_precision,topo_02b29308ce2b,1
2.0,0.166667,6+,4,4,0.333333,"{0: 2, 1: 3, 2: 1}",0.0,2,1,fan_in,4,2,5,1,0,1,6,0,2,"{1: 5, 0: 1}",{0: 5},0.454545,ttdf_e3b8d371f752,reserve,nearest_integer|ratio_of|divide|absolute_difference|floor_divide|percentage_value,topo_5cf1a13edea8,1
2.0,0.142857,6+,6,6,0.285714,"{0: 2, 1: 4, 2: 1}",0.0,2,1,fan_in,5,2,6,1,0,1,7,0,2,"{1: 6, 0: 1}",{0: 6},0.5,ttdf_771b6a081ddc,reserve,product_of_numbers|celsius_to_fahrenheit|ratio_of|decrease_by_percent|square_value|product_of_numbers|divide,topo_4a07cdfdb909,1
3.0,0.166667,6+,3,3,0.333333,"{0: 3, 1: 2, 3: 1}",0.0,3,1,fan_in,3,3,5,1,0,1,6,0,3,"{1: 5, 0: 1}",{0: 5},0.416667,ttdf_598c896e67fa,reserve,inverse|divide|ratio_of|round_to_decimals|add|range_of_three,topo_00ac72c33abd,1
1.0,0.0,2,2,2,1.0,"{0: 1, 1: 1}",1.0,1,1,linear,1,1,1,0,0,1,2,0,1,"{1: 1, 0: 1}",{0: 1},0.25,ttdf_2be545e711e2,reserve,product_of_numbers|ratio_of,topo_fdeb50f24873,1
2.0,0.25,4,3,3,0.5,"{0: 2, 2: 1, 1: 1}",0.0,2,1,fan_in,2,2,3,1,0,1,4,0,2,"{1: 3, 0: 1}",{0: 3},0.333333,ttdf_0dc6f7931463,reserve,ceiling|sqrt|absolute_difference|scale_values,topo_bd3dd51ec1a9,1
1.0,0.0,3,3,3,0.666667,"{0: 1, 1: 2}",1.0,1,1,linear,2,1,2,0,0,1,3,0,1,"{1: 2, 0: 1}",{0: 2},0.4,ttdf_4c5d4f63aaa0,reserve,floor|reminder|build_tag,topo_1c8dbe1830b2,1
2.0,0.125,6+,7,7,0.25,"{0: 2, 1: 5, 2: 1}",0.0,2,1,fan_in,6,2,7,1,0,1,8,0,2,"{1: 7, 0: 1}",{0: 7},0.466667,ttdf_22fecec0e091,reserve,average_of_two|absolute_difference|decrease_by_percent|average_of_two|multiply|ceiling|divide|difference_of_numbers,topo_4769cc1ff8df,1
2.0,0.2,5,4,4,0.4,"{0: 2, 1: 2, 2: 1}",0.0,2,1,fan_in,3,2,4,1,0,1,5,0,2,"{1: 4, 0: 1}",{0: 4},0.4,ttdf_cd7b69f4037a,reserve,portion_by_rate|total_of_pair|pairwise_product|total_of_pair|portion_by_rate,topo_2b041b861492,1
2.0,0.25,4,3,3,0.5,"{0: 2, 2: 1, 1: 1}",0.0,2,1,fan_in,2,2,3,1,0,1,4,0,2,"{1: 3, 0: 1}",{0: 3},0.428571,ttdf_2dea76ac3bfb,reserve,round_down_whole|scale_quantity|portion_by_rate|compose_reference_code,topo_bd3dd51ec1a9,1
2.0,0.25,4,3,3,0.5,"{0: 2, 2: 1, 1: 1}",0.0,2,1,fan_in,2,2,3,1,0,1,4,0,2,"{1: 3, 0: 1}",{0: 3},0.3,ttdf_01b4e1b4091d,reserve,decrease_by_percent|modulo_of|subtract|scale_values,topo_bd3dd51ec1a9,1
1.0,0.0,2,2,2,1.0,"{0: 1, 1: 1}",1.0,1,1,linear,1,1,1,0,0,1,2,0,1,"{1: 1, 0: 1}",{0: 1},0.25,ttdf_12023a391a53,reserve,whole_quotient|decrease_by_percent,topo_fdeb50f24873,1
1.0,0.0,2,2,2,1.0,"{0: 1, 1: 1}",1.0,1,1,linear,1,1,1,0,0,1,2,0,1,"{1: 1, 0: 1}",{0: 1},0.25,ttdf_52e35bd6ee76,reserve,whole_quotient|increase_by_percent,topo_fdeb50f24873,1
1.0,0.0,2,2,2,1.0,"{0: 1, 1: 1}",1.0,1,1,linear,1,1,1,0,0,1,2,0,1,"{1: 1, 0: 1}",{0: 1},0.25,ttdf_0cdf3dc09788,reserve,ratio_of|decrease_by_percent,topo_fdeb50f24873,1
2.0,0.25,4,3,3,0.5,"{0: 2, 2: 1, 1: 1}",0.0,2,1,fan_in,2,2,3,1,0,1,4,0,2,"{1: 3, 0: 1}",{0: 3},0.272727,ttdf_d4bba4603fea,reserve,ratio_of|absolute_difference|percentage_value|append_to_values,topo_bd3dd51ec1a9,1
2.0,0.25,4,3,3,0.5,"{0: 2, 2: 1, 1: 1}",0.0,2,1,fan_in,2,2,3,1,0,1,4,0,2,"{1: 3, 0: 1}",{0: 3},0.272727,ttdf_28a669feee87,reserve,increase_by_percent|percentage_value|ratio_of|scale_values,topo_bd3dd51ec1a9,1
1.0,0.0,2,2,2,1.0,"{0: 1, 1: 1}",1.0,1,1,linear,1,1,1,0,0,1,2,0,1,"{1: 1, 0: 1}",{0: 1},0.25,ttdf_2c613e7d6cf2,reserve,sum_two_numbers|absolute_difference,topo_fdeb50f24873,1
1.0,0.0,2,2,2,1.0,"{0: 1, 1: 1}",1.0,1,1,linear,1,1,1,0,0,1,2,0,1,"{1: 1, 0: 1}",{0: 1},0.25,ttdf_a623f56cd075,reserve,per_unit_value|shrink_by_rate,topo_fdeb50f24873,1
2.0,0.125,6+,6,6,0.25,"{0: 2, 1: 5, 2: 1}",0.0,2,1,fan_in,6,2,7,1,0,1,8,0,2,"{1: 7, 0: 1}",{0: 7},0.466667,ttdf_b56ef431ae08,reserve,quotient_of|product_of_numbers|whole_quotient|ratio_of|ratio_of|km_to_meters|subtract|ratio_of,topo_ace9c53050f0,1
1.0,0.0,2,2,2,1.0,"{0: 1, 1: 1}",1.0,1,1,linear,1,1,1,0,0,1,2,0,1,"{1: 1, 0: 1}",{0: 1},0.25,ttdf_89ea03ab44af,reserve,portion_by_rate|portion_by_rate,topo_fdeb50f24873,1
1.0,0.0,6+,6,6,0.333333,"{0: 1, 1: 5}",1.0,1,1,linear,5,1,5,0,0,1,6,0,1,"{1: 5, 0: 1}",{0: 5},0.454545,ttdf_11b3f7790d1c,reserve,minutes_from_hours|portion_by_rate|grow_by_rate|grow_by_rate|grow_by_rate|portion_by_rate,topo_02b29308ce2b,1
2.0,0.166667,6+,4,4,0.333333,"{0: 2, 1: 3, 2: 1}",0.0,2,1,fan_in,4,2,5,1,0,1,6,0,2,"{1: 5, 0: 1}",{0: 5},0.5,ttdf_150ab008983a,reserve,hours_to_minutes|minutes_to_seconds|ratio_of|round_to_decimals|floor_divide|absolute_difference,topo_2b9a65f092bb,1
3.0,0.2,5,3,3,0.4,"{0: 3, 1: 1, 3: 1}",0.0,3,1,fan_in,2,3,4,1,0,1,5,0,3,"{1: 4, 0: 1}",{0: 4},0.4,ttdf_9043e4fe2ac6,reserve,subtract|product_of_numbers|floor_divide|ceiling|range_of_three,topo_926c72bac680,1
2.0,0.125,6+,6,6,0.25,"{0: 2, 1: 5, 2: 1}",0.0,2,1,fan_in,6,2,7,1,0,1,8,0,2,"{1: 7, 0: 1}",{0: 7},0.538462,ttdf_7f396d901eea,reserve,meters_from_km|flip_sign|proportion_between|round_up_whole|grow_by_rate|midpoint_value|midpoint_value|exceeds_value,topo_ed6e593acbfc,1
1.0,0.0,2,2,2,1.0,"{0: 1, 1: 1}",1.0,1,1,linear,1,1,1,0,0,1,2,0,1,"{1: 1, 0: 1}",{0: 1},0.25,ttdf_373f7451f5ed,reserve,combine_amounts|per_unit_value,topo_fdeb50f24873,1
1.0,0.0,6+,6,6,0.333333,"{0: 1, 1: 5}",1.0,1,1,linear,5,1,5,0,0,1,6,0,1,"{1: 5, 0: 1}",{0: 5},0.454545,ttdf_0947f0c7b17b,reserve,meters_from_km|shrink_by_rate|per_unit_value|trim_precision|grow_by_rate|full_groups_of,topo_02b29308ce2b,1
1.0,0.0,5,5,5,0.4,"{0: 1, 1: 4}",1.0,1,1,linear,4,1,4,0,0,1,5,0,1,"{1: 4, 0: 1}",{0: 4},0.571429,ttdf_52e634521309,reserve,sqrt|inverse|negate|product_of_numbers|modulo_of,topo_d228dd6db98a,1
1.0,0.0,2,2,2,1.0,"{0: 1, 1: 1}",1.0,1,1,linear,1,1,1,0,0,1,2,0,1,"{1: 1, 0: 1}",{0: 1},0.25,ttdf_bf3ed2473ca3,reserve,percentage_value|whole_quotient,topo_fdeb50f24873,1
1.0,0.0,2,2,2,1.0,"{0: 1, 1: 1}",1.0,1,1,linear,1,1,1,0,0,1,2,0,1,"{1: 1, 0: 1}",{0: 1},0.25,ttdf_ed48f3a2961b,reserve,decrease_by_percent|decrease_by_percent,topo_fdeb50f24873,1
1.0,0.0,2,2,2,1.0,"{0: 1, 1: 1}",1.0,1,1,linear,1,1,1,0,0,1,2,0,1,"{1: 1, 0: 1}",{0: 1},0.25,ttdf_f9a7d7c683c1,reserve,portion_by_rate|scale_quantity,topo_fdeb50f24873,1
1.0,0.0,2,2,2,1.0,"{0: 1, 1: 1}",1.0,1,1,linear,1,1,1,0,0,1,2,0,1,"{1: 1, 0: 1}",{0: 1},0.25,ttdf_18ba307bcdda,reserve,absolute_difference|divide,topo_fdeb50f24873,1
2.0,0.166667,6+,4,4,0.333333,"{0: 2, 1: 3, 2: 1}",0.0,2,1,fan_in,4,2,5,1,0,1,6,0,2,"{1: 5, 0: 1}",{0: 5},0.416667,ttdf_b7e08c41e127,reserve,sum_two_numbers|decrease_by_percent|product_of_numbers|average_of_two|decrease_by_percent|ratio_of,topo_2b9a65f092bb,1
1.0,0.0,2,2,2,1.0,"{0: 1, 1: 1}",1.0,1,1,linear,1,1,1,0,0,1,2,0,1,"{1: 1, 0: 1}",{0: 1},0.25,ttdf_6e97cba80497,reserve,decrease_by_percent|percent_of,topo_fdeb50f24873,1
1.0,0.0,3,3,3,0.666667,"{0: 1, 1: 2}",1.0,1,1,linear,2,1,2,0,0,1,3,0,1,"{1: 2, 0: 1}",{0: 2},0.4,ttdf_a8743e9d9859,reserve,nearest_integer|divide|build_tag,topo_1c8dbe1830b2,1
1.0,0.0,6+,6,6,0.333333,"{0: 1, 1: 5}",1.0,1,1,linear,5,1,5,0,0,1,6,0,1,"{1: 5, 0: 1}",{0: 5},0.454545,ttdf_1774ca010efd,reserve,seconds_from_minutes|remaining_after|midpoint_value|scale_quantity|midpoint_value|remaining_after,topo_02b29308ce2b,1
2.0,0.2,5,4,4,0.4,"{0: 2, 1: 2, 2: 1}",0.0,2,1,fan_in,3,2,4,1,0,1,5,0,2,"{1: 4, 0: 1}",{0: 4},0.444444,ttdf_612a6546a099,reserve,difference_of_numbers|add|inverse|product_of_numbers|build_tag,topo_7279e5f4b24a,1
1.0,0.0,5,5,5,0.4,"{0: 1, 1: 4}",1.0,1,1,linear,4,1,4,0,0,1,5,0,1,"{1: 4, 0: 1}",{0: 4},0.444444,ttdf_506f7e9862c7,reserve,inverse|average_of_two|increase_by_percent|average_of_two|percentage_value,topo_d228dd6db98a,1
2.0,0.2,5,3,3,0.4,"{0: 2, 1: 2, 2: 1}",0.0,2,1,fan_in,3,2,4,1,0,1,5,0,2,"{1: 4, 0: 1}",{0: 4},0.444444,ttdf_fb000649497d,reserve,reciprocal_value|combine_amounts|leftover_after_grouping|shrink_by_rate|gap_between,topo_17d840e0415f,1
2.0,0.2,5,4,4,0.4,"{0: 2, 1: 2, 2: 1}",0.0,2,1,fan_in,3,2,4,1,0,1,5,0,2,"{1: 4, 0: 1}",{0: 4},0.444444,ttdf_70c44edf2f37,reserve,midpoint_value|seconds_from_minutes|scale_quantity|combine_amounts|per_unit_value,topo_2b041b861492,1
1.0,0.0,6+,6,6,0.333333,"{0: 1, 1: 5}",1.0,1,1,linear,5,1,5,0,0,1,6,0,1,"{1: 5, 0: 1}",{0: 5},0.5,ttdf_0969cde120d2,reserve,seconds_from_minutes|full_groups_of|scale_quantity|root_extract|gap_between|remaining_after,topo_02b29308ce2b,1
2.0,0.125,6+,6,6,0.25,"{0: 2, 1: 5, 2: 1}",0.0,2,1,fan_in,6,2,7,1,0,1,8,0,2,"{1: 7, 0: 1}",{0: 7},0.538462,ttdf_28f300c853ba,reserve,round_to_decimals|floor|ratio_of|percentage_value|inverse|reminder|inverse|absolute_difference,topo_ace9c53050f0,1
2.0,0.2,5,4,4,0.4,"{0: 2, 1: 2, 2: 1}",0.0,2,1,fan_in,3,2,4,1,0,1,5,0,2,"{1: 4, 0: 1}",{0: 4},0.444444,ttdf_adb68ccec1be,reserve,minutes_to_seconds|increase_by_percent|add|product_of_numbers|label_with_unit,topo_7279e5f4b24a,1
2.0,0.25,4,3,3,0.5,"{0: 2, 2: 1, 1: 1}",0.0,2,1,fan_in,2,2,3,1,0,1,4,0,2,"{1: 3, 0: 1}",{0: 3},0.333333,ttdf_61d732e0d929,reserve,sqrt|negate|percent_of|append_to_values,topo_bd3dd51ec1a9,1
1.0,0.0,2,2,2,1.0,"{0: 1, 1: 1}",1.0,1,1,linear,1,1,1,0,0,1,2,0,1,"{1: 1, 0: 1}",{0: 1},0.25,ttdf_033d8b7dbad3,reserve,modulo_of|absolute_difference,topo_fdeb50f24873,1
1.0,0.0,2,2,2,1.0,"{0: 1, 1: 1}",1.0,1,1,linear,1,1,1,0,0,1,2,0,1,"{1: 1, 0: 1}",{0: 1},0.25,ttdf_1522d79e5551,reserve,portion_by_rate|gap_between,topo_fdeb50f24873,1
1.0,0.0,2,2,2,1.0,"{0: 1, 1: 1}",1.0,1,1,linear,1,1,1,0,0,1,2,0,1,"{1: 1, 0: 1}",{0: 1},0.25,ttdf_55dc4ad32d54,reserve,increase_by_percent|multiply,topo_fdeb50f24873,1
1.0,0.0,2,2,2,1.0,"{0: 1, 1: 1}",1.0,1,1,linear,1,1,1,0,0,1,2,0,1,"{1: 1, 0: 1}",{0: 1},0.25,ttdf_63ce622685ae,reserve,pairwise_product|reduce_amount,topo_fdeb50f24873,1
1.0,0.0,3,3,3,0.666667,"{0: 1, 1: 2}",1.0,1,1,linear,2,1,2,0,0,1,3,0,1,"{1: 2, 0: 1}",{0: 2},0.4,ttdf_ab68e53e25d0,reserve,nearest_integer|divide|label_with_unit,topo_1c8dbe1830b2,1
1.0,0.0,2,2,2,1.0,"{0: 1, 1: 1}",1.0,1,1,linear,1,1,1,0,0,1,2,0,1,"{1: 1, 0: 1}",{0: 1},0.25,ttdf_1fb8ff0fff33,reserve,whole_quotient|absolute_difference,topo_fdeb50f24873,1
2.0,0.142857,6+,5,5,0.285714,"{0: 2, 1: 4, 2: 1}",0.0,2,1,fan_in,5,2,6,1,0,1,7,0,2,"{1: 6, 0: 1}",{0: 6},0.461538,ttdf_ae627b883d9e,reserve,meters_to_km|difference_of_numbers|floor_divide|ratio_of|percent_of|floor_divide|multiply,topo_ca6030f187be,1
1.0,0.0,6+,6,6,0.333333,"{0: 1, 1: 5}",1.0,1,1,linear,5,1,5,0,0,1,6,0,1,"{1: 5, 0: 1}",{0: 5},0.625,ttdf_c918ff392065,reserve,hours_to_minutes|absolute_difference|sqrt|absolute_difference|sqrt|nearest_integer,topo_02b29308ce2b,1
3.0,0.166667,6+,3,3,0.333333,"{0: 3, 1: 2, 3: 1}",0.0,3,1,fan_in,3,3,5,1,0,1,6,0,3,"{1: 5, 0: 1}",{0: 5},0.384615,ttdf_25766125cdc9,reserve,portion_by_rate|scale_quantity|portion_by_rate|midpoint_value|grow_by_rate|balance_of_three,topo_00ac72c33abd,1
1.0,0.0,4,4,4,0.5,"{0: 1, 1: 3}",1.0,1,1,linear,3,1,3,0,0,1,4,0,1,"{1: 3, 0: 1}",{0: 3},0.375,ttdf_4c96522d390c,reserve,proportion_between|portion_by_rate|gap_between|proportion_between,topo_5296967693d8,1
1.0,0.0,2,2,2,1.0,"{0: 1, 1: 1}",1.0,1,1,linear,1,1,1,0,0,1,2,0,1,"{1: 1, 0: 1}",{0: 1},0.25,ttdf_35f2599b7c9b,reserve,multiply|whole_quotient,topo_fdeb50f24873,1
1.0,0.0,2,2,2,1.0,"{0: 1, 1: 1}",1.0,1,1,linear,1,1,1,0,0,1,2,0,1,"{1: 1, 0: 1}",{0: 1},0.25,ttdf_32779d4cdbaf,reserve,divide|average_of_two,topo_fdeb50f24873,1
2.0,0.125,6+,5,5,0.25,"{0: 2, 1: 5, 2: 1}",0.0,2,1,fan_in,6,2,7,1,0,1,8,0,2,"{1: 7, 0: 1}",{0: 7},0.538462,ttdf_8cafd41aced9,reserve,km_to_meters|add|percent_of|increase_by_percent|celsius_to_fahrenheit|nearest_integer|whole_quotient|percent_of,topo_bf579ac7c4b1,1
1.0,0.0,3,3,3,0.666667,"{0: 1, 1: 2}",1.0,1,1,linear,2,1,2,0,0,1,3,0,1,"{1: 2, 0: 1}",{0: 2},0.5,ttdf_6f4c532b9065,reserve,celsius_from_fahrenheit|gap_between|whole_number_of,topo_1c8dbe1830b2,1
2.0,0.142857,6+,5,5,0.285714,"{0: 2, 1: 4, 2: 1}",0.0,2,1,fan_in,5,2,6,1,0,1,7,0,2,"{1: 6, 0: 1}",{0: 6},0.461538,ttdf_024206a60dbd,reserve,absolute_difference|inverse|percent_of|subtract|floor_divide|add|absolute_difference,topo_9e01698159b0,1
2.0,0.125,6+,5,5,0.25,"{0: 2, 1: 5, 2: 1}",0.0,2,1,fan_in,6,2,7,1,0,1,8,0,2,"{1: 7, 0: 1}",{0: 7},0.5,ttdf_9628b96023be,reserve,grow_by_rate|full_groups_of|root_extract|flip_sign|grow_by_rate|shrink_by_rate|gap_between|midpoint_value,topo_c39b8213eda5,1
1.0,0.0,2,2,2,1.0,"{0: 1, 1: 1}",1.0,1,1,linear,1,1,1,0,0,1,2,0,1,"{1: 1, 0: 1}",{0: 1},0.25,ttdf_042125292075,reserve,decrease_by_percent|sum_two_numbers,topo_fdeb50f24873,1
3.0,0.2,5,3,3,0.4,"{0: 3, 1: 1, 3: 1}",0.0,3,1,fan_in,2,3,4,1,0,1,5,0,3,"{1: 4, 0: 1}",{0: 4},0.4,ttdf_6cfc9d0e20a0,reserve,scale_quantity|leftover_after_grouping|per_unit_value|flip_sign|balance_of_three,topo_926c72bac680,1
1.0,0.0,2,2,2,1.0,"{0: 1, 1: 1}",1.0,1,1,linear,1,1,1,0,0,1,2,0,1,"{1: 1, 0: 1}",{0: 1},0.25,ttdf_213d7b5c781b,reserve,split_evenly|gap_between,topo_fdeb50f24873,1
2.0,0.25,4,3,3,0.5,"{0: 2, 1: 1, 2: 1}",0.0,2,1,fan_in,2,2,3,1,0,1,4,0,2,"{1: 3, 0: 1}",{0: 3},0.5,ttdf_2015b088a84d,reserve,hours_to_minutes|floor|decrease_by_percent|multiply,topo_5b37b75596d2,1
1.0,0.0,6+,6,6,0.333333,"{0: 1, 1: 5}",1.0,1,1,linear,5,1,5,0,0,1,6,0,1,"{1: 5, 0: 1}",{0: 5},0.454545,ttdf_8796c89d442f,reserve,km_from_meters|proportion_between|midpoint_value|total_of_pair|midpoint_value|leftover_after_grouping,topo_02b29308ce2b,1
2.0,0.166667,6+,4,4,0.333333,"{0: 2, 1: 3, 2: 1}",0.0,2,1,fan_in,4,2,5,1,0,1,6,0,2,"{1: 5, 0: 1}",{0: 5},0.454545,ttdf_62771b678d5b,reserve,proportion_between|split_evenly|round_down_whole|gap_between|remaining_after|midpoint_value,topo_5cf1a13edea8,1
2.0,0.166667,6+,4,4,0.333333,"{0: 2, 1: 3, 2: 1}",0.0,2,1,fan_in,4,2,5,1,0,1,6,0,2,"{1: 5, 0: 1}",{0: 5},0.416667,ttdf_2a57787c5881,reserve,whole_quotient|subtract|percentage_value|decrease_by_percent|multiply|divide,topo_5cf1a13edea8,1
2.0,0.125,6+,7,7,0.25,"{0: 2, 1: 5, 2: 1}",0.0,2,1,fan_in,6,2,7,1,0,1,8,0,2,"{1: 7, 0: 1}",{0: 7},0.5,ttdf_3b34002fc84e,reserve,whole_number_of|meters_from_km|gap_between|leftover_after_grouping|root_extract|midpoint_value|pairwise_product|inside_limits,topo_eaa9138bf474,1
2.0,0.166667,6+,4,4,0.333333,"{0: 2, 1: 3, 2: 1}",0.0,2,1,fan_in,4,2,5,1,0,1,6,0,2,"{1: 5, 0: 1}",{0: 5},0.555556,ttdf_0eaeb3a156de,reserve,read_amount_from_text|grow_by_rate|whole_minutes_from_seconds|flip_sign|midpoint_value|render_with_decimals,topo_f5466e583fca,1
2.0,0.25,4,3,3,0.5,"{0: 2, 1: 1, 2: 1}",0.0,2,1,fan_in,2,2,3,1,0,1,4,0,2,"{1: 3, 0: 1}",{0: 3},0.5,ttdf_feca9749fcb1,reserve,celsius_to_fahrenheit|inverse|average_of_two|add,topo_5b37b75596d2,1
1.0,0.0,2,2,2,1.0,"{0: 1, 1: 1}",1.0,1,1,linear,1,1,1,0,0,1,2,0,1,"{1: 1, 0: 1}",{0: 1},0.25,ttdf_5698fd778da0,reserve,portion_by_rate|leftover_after_grouping,topo_fdeb50f24873,1
1.0,0.0,2,2,2,1.0,"{0: 1, 1: 1}",1.0,1,1,linear,1,1,1,0,0,1,2,0,1,"{1: 1, 0: 1}",{0: 1},0.25,ttdf_5bef437c8288,reserve,portion_by_rate|grow_by_rate,topo_fdeb50f24873,1
1.0,0.0,2,2,2,1.0,"{0: 1, 1: 1}",1.0,1,1,linear,1,1,1,0,0,1,2,0,1,"{1: 1, 0: 1}",{0: 1},0.25,ttdf_20c8cf9360ec,reserve,grow_by_rate|pairwise_product,topo_fdeb50f24873,1
1.0,0.0,2,2,2,1.0,"{0: 1, 1: 1}",1.0,1,1,linear,1,1,1,0,0,1,2,0,1,"{1: 1, 0: 1}",{0: 1},0.25,ttdf_07c8fdfe57b6,reserve,grow_by_rate|proportion_between,topo_fdeb50f24873,1
2.0,0.25,4,3,3,0.5,"{0: 2, 2: 1, 1: 1}",0.0,2,1,fan_in,2,2,3,1,0,1,4,0,2,"{1: 3, 0: 1}",{0: 3},0.272727,ttdf_182d784da46f,reserve,fahrenheit_to_celsius|average_of_two|sum_two_numbers|append_to_values,topo_bd3dd51ec1a9,1
3.0,0.2,5,3,3,0.4,"{0: 3, 1: 1, 3: 1}",0.0,3,1,fan_in,2,3,4,1,0,1,5,0,3,"{1: 4, 0: 1}",{0: 4},0.4,ttdf_441384bb0445,reserve,product_of_numbers|percent_of|decrease_by_percent|floor|mean_of_three,topo_926c72bac680,1
2.0,0.2,5,4,4,0.4,"{0: 2, 1: 2, 2: 1}",0.0,2,1,fan_in,3,2,4,1,0,1,5,0,2,"{1: 4, 0: 1}",{0: 4},0.5,ttdf_4ae2d37c20c5,reserve,seconds_to_full_minutes|percentage_value|km_to_meters|ratio_of|build_tag,topo_0c51481d8aeb,1
3.0,0.125,6+,4,4,0.25,"{0: 3, 1: 4, 3: 1}",0.0,3,1,fan_in,5,3,7,1,0,1,8,0,3,"{1: 7, 0: 1}",{0: 7},0.4375,ttdf_4e2a3eb7132f,reserve,portion_by_rate|total_of_pair|proportion_between|trim_precision|trim_precision|per_unit_value|balance_of_three|whole_number_of,topo_d4b4ab44315e,1
2.0,0.25,4,3,3,0.5,"{0: 2, 2: 1, 1: 1}",0.0,2,1,fan_in,2,2,3,1,0,1,4,0,2,"{1: 3, 0: 1}",{0: 3},0.272727,ttdf_20f94c09362b,reserve,quotient_of|ratio_of|quotient_of|append_to_values,topo_bd3dd51ec1a9,1
1.0,0.0,2,2,2,1.0,"{0: 1, 1: 1}",1.0,1,1,linear,1,1,1,0,0,1,2,0,1,"{1: 1, 0: 1}",{0: 1},0.25,ttdf_5d8dcc4c5ff3,reserve,portion_by_rate|midpoint_value,topo_fdeb50f24873,1
2.0,0.142857,6+,5,5,0.285714,"{0: 2, 1: 4, 2: 1}",0.0,2,1,fan_in,5,2,6,1,0,1,7,0,2,"{1: 6, 0: 1}",{0: 6},0.461538,ttdf_92c1346e1a68,reserve,hours_to_minutes|increase_by_percent|difference_of_numbers|percentage_value|increase_by_percent|whole_quotient|sum_two_numbers,topo_ca6030f187be,1
3.0,0.166667,6+,3,3,0.333333,"{0: 3, 1: 2, 3: 1}",0.0,3,1,fan_in,3,3,5,1,0,1,6,0,3,"{1: 5, 0: 1}",{0: 5},0.416667,ttdf_f70368144623,reserve,quotient_of|floor_divide|reminder|quotient_of|ceiling|sum_of_three,topo_00ac72c33abd,1
2.0,0.25,4,3,3,0.5,"{0: 2, 2: 1, 1: 1}",0.0,2,1,fan_in,2,2,3,1,0,1,4,0,2,"{1: 3, 0: 1}",{0: 3},0.428571,ttdf_345a597e7cc9,reserve,shrink_by_rate|self_product|portion_by_rate|annotate_measurement,topo_bd3dd51ec1a9,1
2.0,0.2,5,3,3,0.4,"{0: 2, 1: 2, 2: 1}",0.0,2,1,fan_in,3,2,4,1,0,1,5,0,2,"{1: 4, 0: 1}",{0: 4},0.444444,ttdf_ad66ed97e961,reserve,root_extract|gap_between|midpoint_value|scale_quantity|scale_quantity,topo_17d840e0415f,1
1.0,0.0,2,2,2,1.0,"{0: 1, 1: 1}",1.0,1,1,linear,1,1,1,0,0,1,2,0,1,"{1: 1, 0: 1}",{0: 1},0.25,ttdf_8e070bd07cfe,reserve,add|increase_by_percent,topo_fdeb50f24873,1
1.0,0.0,2,2,2,1.0,"{0: 1, 1: 1}",1.0,1,1,linear,1,1,1,0,0,1,2,0,1,"{1: 1, 0: 1}",{0: 1},0.25,ttdf_67869db54563,reserve,combine_amounts|leftover_after_grouping,topo_fdeb50f24873,1
1.0,0.0,4,4,4,0.5,"{0: 1, 1: 3}",1.0,1,1,linear,3,1,3,0,0,1,4,0,1,"{1: 3, 0: 1}",{0: 3},0.375,ttdf_2f4bbfee307c,reserve,ratio_of|increase_by_percent|modulo_of|quotient_of,topo_5296967693d8,1
3.0,0.25,4,2,2,0.5,"{0: 3, 3: 1}",0.0,3,1,fan_in,1,3,3,1,0,1,4,0,3,"{1: 3, 0: 1}",{0: 3},0.375,ttdf_8c4efd16cc6a,reserve,decrease_by_percent|square_value|ratio_of|range_of_three,topo_64b2717a77dd,1
3.0,0.166667,6+,3,3,0.333333,"{0: 3, 1: 2, 3: 1}",0.0,3,1,fan_in,3,3,5,1,0,1,6,0,3,"{1: 5, 0: 1}",{0: 5},0.416667,ttdf_9db3a054c7bd,reserve,round_to_decimals|whole_quotient|sqrt|decrease_by_percent|subtract|mean_of_three,topo_00ac72c33abd,1
2.0,0.25,4,3,3,0.5,"{0: 2, 2: 1, 1: 1}",0.0,2,1,fan_in,2,2,3,1,0,1,4,0,2,"{1: 3, 0: 1}",{0: 3},0.428571,ttdf_4ba6b0816493,reserve,portion_by_rate|reciprocal_value|portion_by_rate|compose_reference_code,topo_bd3dd51ec1a9,1
3.0,0.166667,6+,3,3,0.333333,"{0: 3, 1: 2, 3: 1}",0.0,3,1,fan_in,3,3,5,1,0,1,6,0,3,"{1: 5, 0: 1}",{0: 5},0.416667,ttdf_317920ebbe0d,reserve,modulo_of|increase_by_percent|multiply|sqrt|percent_of|mean_of_three,topo_00ac72c33abd,1
1.0,0.0,2,2,2,1.0,"{0: 1, 1: 1}",1.0,1,1,linear,1,1,1,0,0,1,2,0,1,"{1: 1, 0: 1}",{0: 1},0.25,ttdf_10a367518acb,reserve,scale_quantity|shrink_by_rate,topo_fdeb50f24873,1
2.0,0.142857,6+,5,5,0.285714,"{0: 2, 1: 4, 2: 1}",0.0,2,1,fan_in,5,2,6,1,0,1,7,0,2,"{1: 6, 0: 1}",{0: 6},0.5,ttdf_6dac99337a3f,reserve,average_of_two|increase_by_percent|quotient_of|negate|inverse|whole_quotient|multiply,topo_9e01698159b0,1
1.0,0.0,2,2,2,1.0,"{0: 1, 1: 1}",1.0,1,1,linear,1,1,1,0,0,1,2,0,1,"{1: 1, 0: 1}",{0: 1},0.25,ttdf_001a8a6cb828,reserve,product_of_numbers|increase_by_percent,topo_fdeb50f24873,1
1.0,0.0,4,4,4,0.5,"{0: 1, 1: 3}",1.0,1,1,linear,3,1,3,0,0,1,4,0,1,"{1: 3, 0: 1}",{0: 3},0.375,ttdf_8104b5b00242,reserve,scale_quantity|midpoint_value|grow_by_rate|midpoint_value,topo_5296967693d8,1
2.0,0.166667,6+,4,4,0.333333,"{0: 2, 1: 3, 2: 1}",0.0,2,1,fan_in,4,2,5,1,0,1,6,0,2,"{1: 5, 0: 1}",{0: 5},0.416667,ttdf_7e8a91761acf,reserve,total_of_pair|midpoint_value|pairwise_product|grow_by_rate|shrink_by_rate|portion_by_rate,topo_2b9a65f092bb,1
1.0,0.0,2,2,2,1.0,"{0: 1, 1: 1}",1.0,1,1,linear,1,1,1,0,0,1,2,0,1,"{1: 1, 0: 1}",{0: 1},0.25,ttdf_3e02cc2c4df5,reserve,modulo_of|absolute_difference,topo_fdeb50f24873,1
2.0,0.2,5,3,3,0.4,"{0: 2, 1: 2, 2: 1}",0.0,2,1,fan_in,3,2,4,1,0,1,5,0,2,"{1: 4, 0: 1}",{0: 4},0.4,ttdf_eccdfcb80b2d,reserve,trim_precision|proportion_between|gap_between|gap_between|portion_by_rate,topo_17d840e0415f,1
3.0,0.25,4,2,2,0.5,"{0: 3, 3: 1}",0.0,3,1,fan_in,1,3,3,1,0,1,4,0,3,"{1: 3, 0: 1}",{0: 3},0.375,ttdf_f36ac0228b85,reserve,pairwise_product|root_extract|grow_by_rate|dispersion_of_three,topo_64b2717a77dd,1
1.0,0.0,2,2,2,1.0,"{0: 1, 1: 1}",1.0,1,1,linear,1,1,1,0,0,1,2,0,1,"{1: 1, 0: 1}",{0: 1},0.25,ttdf_35acee514df8,reserve,floor_divide|percent_of,topo_fdeb50f24873,1
1.0,0.0,2,2,2,1.0,"{0: 1, 1: 1}",1.0,1,1,linear,1,1,1,0,0,1,2,0,1,"{1: 1, 0: 1}",{0: 1},0.25,ttdf_4ec2a03a3c11,reserve,per_unit_value|remaining_after,topo_fdeb50f24873,1
1.0,0.0,2,2,2,1.0,"{0: 1, 1: 1}",1.0,1,1,linear,1,1,1,0,0,1,2,0,1,"{1: 1, 0: 1}",{0: 1},0.25,ttdf_5e589e92f7e0,reserve,add|percent_of,topo_fdeb50f24873,1
1.0,0.0,5,5,5,0.4,"{0: 1, 1: 4}",1.0,1,1,linear,4,1,4,0,0,1,5,0,1,"{1: 4, 0: 1}",{0: 4},0.307692,ttdf_15cfb85dc85a,reserve,mean_of_values|increase_by_percent|average_of_two|floor|subtract,topo_d228dd6db98a,1
1.0,0.0,2,2,2,1.0,"{0: 1, 1: 1}",1.0,1,1,linear,1,1,1,0,0,1,2,0,1,"{1: 1, 0: 1}",{0: 1},0.25,ttdf_63c232d1ac82,reserve,combine_amounts|combine_amounts,topo_fdeb50f24873,1
1.0,0.0,2,2,2,1.0,"{0: 1, 1: 1}",1.0,1,1,linear,1,1,1,0,0,1,2,0,1,"{1: 1, 0: 1}",{0: 1},0.25,ttdf_3bca5bde5cbc,reserve,subtract|percent_of,topo_fdeb50f24873,1
2.0,0.25,4,3,3,0.5,"{0: 2, 2: 1, 1: 1}",0.0,2,1,fan_in,2,2,3,1,0,1,4,0,2,"{1: 3, 0: 1}",{0: 3},0.333333,ttdf_0b7c14ba204d,reserve,increase_by_percent|meters_to_km|average_of_two|scale_values,topo_bd3dd51ec1a9,1
1.0,0.0,6+,8,8,0.25,"{0: 1, 1: 7}",1.0,1,1,linear,7,1,7,0,0,1,8,0,1,"{1: 7, 0: 1}",{0: 7},0.5,ttdf_5d6ed6cb3ee0,reserve,average_of_two|negate|multiply|modulo_of|percent_of|whole_quotient|divide|nearest_integer,topo_ff8ead63c33b,1
1.0,0.0,6+,8,8,0.25,"{0: 1, 1: 7}",1.0,1,1,linear,7,1,7,0,0,1,8,0,1,"{1: 7, 0: 1}",{0: 7},0.5,ttdf_46375cd341af,reserve,fahrenheit_to_celsius|divide|absolute_difference|ratio_of|absolute_difference|increase_by_percent|round_to_decimals|nearest_integer,topo_ff8ead63c33b,1
1.0,0.0,3,3,3,0.666667,"{0: 1, 1: 2}",1.0,1,1,linear,2,1,2,0,0,1,3,0,1,"{1: 2, 0: 1}",{0: 2},0.4,ttdf_9245e5dbb191,reserve,nearest_integer|increase_by_percent|build_tag,topo_1c8dbe1830b2,1
1.0,0.0,2,2,2,1.0,"{0: 1, 1: 1}",1.0,1,1,linear,1,1,1,0,0,1,2,0,1,"{1: 1, 0: 1}",{0: 1},0.25,ttdf_a11d10d72b0b,reserve,midpoint_value|grow_by_rate,topo_fdeb50f24873,1
1.0,0.0,2,2,2,1.0,"{0: 1, 1: 1}",1.0,1,1,linear,1,1,1,0,0,1,2,0,1,"{1: 1, 0: 1}",{0: 1},0.25,ttdf_6a745ba85b70,reserve,leftover_after_grouping|combine_amounts,topo_fdeb50f24873,1
1.0,0.0,2,2,2,1.0,"{0: 1, 1: 1}",1.0,1,1,linear,1,1,1,0,0,1,2,0,1,"{1: 1, 0: 1}",{0: 1},0.25,ttdf_47b2cba3d33b,reserve,combine_amounts|full_groups_of,topo_fdeb50f24873,1
3.0,0.166667,6+,3,3,0.333333,"{0: 3, 1: 2, 3: 1}",0.0,3,1,fan_in,3,3,5,1,0,1,6,0,3,"{1: 5, 0: 1}",{0: 5},0.384615,ttdf_25c7a9dcff69,reserve,percent_of|average_of_two|multiply|percent_of|increase_by_percent|range_of_three,topo_00ac72c33abd,1
2.0,0.25,4,3,3,0.5,"{0: 2, 2: 1, 1: 1}",0.0,2,1,fan_in,2,2,3,1,0,1,4,0,2,"{1: 3, 0: 1}",{0: 3},0.272727,ttdf_a45feb4d2f20,reserve,average_of_two|percent_of|percent_of|append_to_values,topo_bd3dd51ec1a9,1
1.0,0.0,3,3,3,0.666667,"{0: 1, 1: 2}",1.0,1,1,linear,2,1,2,0,0,1,3,0,1,"{1: 2, 0: 1}",{0: 2},0.25,ttdf_1da0a5216a24,reserve,count_of_values|sqrt|append_to_values,topo_1c8dbe1830b2,1
1.0,0.0,2,2,2,1.0,"{0: 1, 1: 1}",1.0,1,1,linear,1,1,1,0,0,1,2,0,1,"{1: 1, 0: 1}",{0: 1},0.25,ttdf_225780a1efbc,reserve,shrink_by_rate|reduce_amount,topo_fdeb50f24873,1
1.0,0.0,5,5,5,0.4,"{0: 1, 1: 4}",1.0,1,1,linear,4,1,4,0,0,1,5,0,1,"{1: 4, 0: 1}",{0: 4},0.333333,ttdf_1880e8fb14b2,reserve,central_value|remaining_after|shrink_by_rate|whole_number_of|gap_between,topo_d228dd6db98a,1
1.0,0.0,2,2,2,1.0,"{0: 1, 1: 1}",1.0,1,1,linear,1,1,1,0,0,1,2,0,1,"{1: 1, 0: 1}",{0: 1},0.25,ttdf_4a23e9529187,reserve,absolute_difference|percent_of,topo_fdeb50f24873,1
2.0,0.2,5,4,4,0.4,"{0: 2, 1: 2, 2: 1}",0.0,2,1,fan_in,3,2,4,1,0,1,5,0,2,"{1: 4, 0: 1}",{0: 4},0.444444,ttdf_83547f995a2f,reserve,round_to_decimals|nearest_integer|ratio_of|average_of_two|build_tag,topo_0c51481d8aeb,1
2.0,0.125,6+,5,5,0.25,"{0: 2, 1: 5, 2: 1}",0.0,2,1,fan_in,6,2,7,1,0,1,8,0,2,"{1: 7, 0: 1}",{0: 7},0.5,ttdf_aebad2a599b6,reserve,square_value|absolute_difference|reminder|floor_divide|meters_to_km|absolute_difference|sum_two_numbers|multiply,topo_bf579ac7c4b1,1
2.0,0.166667,6+,4,4,0.333333,"{0: 2, 1: 3, 2: 1}",0.0,2,1,fan_in,4,2,5,1,0,1,6,0,2,"{1: 5, 0: 1}",{0: 5},0.416667,ttdf_87e48cdc84c4,reserve,portion_by_rate|gap_between|full_groups_of|full_groups_of|gap_between|per_unit_value,topo_5cf1a13edea8,1
2.0,0.2,5,4,4,0.4,"{0: 2, 1: 2, 2: 1}",0.0,2,1,fan_in,3,2,4,1,0,1,5,0,2,"{1: 4, 0: 1}",{0: 4},0.444444,ttdf_d9c11467af94,reserve,trim_precision|split_evenly|leftover_after_grouping|whole_minutes_from_seconds|gap_between,topo_774030263969,1
1.0,0.0,4,4,4,0.5,"{0: 1, 1: 3}",1.0,1,1,linear,3,1,3,0,0,1,4,0,1,"{1: 3, 0: 1}",{0: 3},0.5,ttdf_482029db7024,reserve,fahrenheit_from_celsius|flip_sign|midpoint_value|remaining_after,topo_5296967693d8,1
2.0,0.166667,6+,4,4,0.333333,"{0: 2, 1: 3, 2: 1}",0.0,2,1,fan_in,4,2,5,1,0,1,6,0,2,"{1: 5, 0: 1}",{0: 5},0.416667,ttdf_ba0ccef45573,reserve,decrease_by_percent|ratio_of|quotient_of|difference_of_numbers|decrease_by_percent|quotient_of,topo_5cf1a13edea8,1
1.0,0.0,2,2,2,1.0,"{0: 1, 1: 1}",1.0,1,1,linear,1,1,1,0,0,1,2,0,1,"{1: 1, 0: 1}",{0: 1},0.25,ttdf_fa5c7aa24c3c,reserve,ratio_of|percent_of,topo_fdeb50f24873,1
1.0,0.0,3,3,3,0.666667,"{0: 1, 1: 2}",1.0,1,1,linear,2,1,2,0,0,1,3,0,1,"{1: 2, 0: 1}",{0: 2},0.4,ttdf_ec3c21b06fa2,reserve,ceiling|increase_by_percent|label_with_unit,topo_1c8dbe1830b2,1
2.0,0.2,5,3,3,0.4,"{0: 2, 1: 2, 2: 1}",0.0,2,1,fan_in,3,2,4,1,0,1,5,0,2,"{1: 4, 0: 1}",{0: 4},0.444444,ttdf_f1e1de1c1dea,reserve,round_up_whole|midpoint_value|per_unit_value|total_of_pair|portion_by_rate,topo_17d840e0415f,1
1.0,0.0,2,2,2,1.0,"{0: 1, 1: 1}",1.0,1,1,linear,1,1,1,0,0,1,2,0,1,"{1: 1, 0: 1}",{0: 1},0.25,ttdf_ca4b95b5d454,reserve,difference_of_numbers|absolute_difference,topo_fdeb50f24873,1
1.0,0.0,2,2,2,1.0,"{0: 1, 1: 1}",1.0,1,1,linear,1,1,1,0,0,1,2,0,1,"{1: 1, 0: 1}",{0: 1},0.25,ttdf_6aec5de4e7f7,reserve,average_of_two|percentage_value,topo_fdeb50f24873,1
2.0,0.2,5,4,4,0.4,"{0: 2, 1: 2, 2: 1}",0.0,2,1,fan_in,3,2,4,1,0,1,5,0,2,"{1: 4, 0: 1}",{0: 4},0.444444,ttdf_2a28d37d2ef4,reserve,multiply|absolute_difference|sqrt|multiply|build_tag,topo_7279e5f4b24a,1
1.0,0.0,2,2,2,1.0,"{0: 1, 1: 1}",1.0,1,1,linear,1,1,1,0,0,1,2,0,1,"{1: 1, 0: 1}",{0: 1},0.25,ttdf_30020ec8be31,reserve,decrease_by_percent|increase_by_percent,topo_fdeb50f24873,1
1.0,0.0,2,2,2,1.0,"{0: 1, 1: 1}",1.0,1,1,linear,1,1,1,0,0,1,2,0,1,"{1: 1, 0: 1}",{0: 1},0.25,ttdf_6452f617580a,reserve,add|decrease_by_percent,topo_fdeb50f24873,1
1.0,0.0,2,2,2,1.0,"{0: 1, 1: 1}",1.0,1,1,linear,1,1,1,0,0,1,2,0,1,"{1: 1, 0: 1}",{0: 1},0.25,ttdf_72f483a21e02,reserve,increase_by_percent|subtract,topo_fdeb50f24873,1
1.0,0.0,2,2,2,1.0,"{0: 1, 1: 1}",1.0,1,1,linear,1,1,1,0,0,1,2,0,1,"{1: 1, 0: 1}",{0: 1},0.25,ttdf_6113058a1595,reserve,average_of_two|modulo_of,topo_fdeb50f24873,1
1.0,0.0,2,2,2,1.0,"{0: 1, 1: 1}",1.0,1,1,linear,1,1,1,0,0,1,2,0,1,"{1: 1, 0: 1}",{0: 1},0.25,ttdf_4da093974893,reserve,grow_by_rate|split_evenly,topo_fdeb50f24873,1
2.0,0.125,6+,5,5,0.25,"{0: 2, 1: 5, 2: 1}",0.0,2,1,fan_in,6,2,7,1,0,1,8,0,2,"{1: 7, 0: 1}",{0: 7},0.5,ttdf_0596699c3f07,reserve,full_groups_of|leftover_after_grouping|proportion_between|midpoint_value|per_unit_value|whole_number_of|remaining_after|stringify_amount,topo_1165ab851c6a,1
2.0,0.25,4,3,3,0.5,"{0: 2, 1: 1, 2: 1}",0.0,2,1,fan_in,2,2,3,1,0,1,4,0,2,"{1: 3, 0: 1}",{0: 3},0.5,ttdf_7c2600233dfc,reserve,km_to_meters|hours_to_minutes|average_of_two|average_of_two,topo_5b37b75596d2,1
1.0,0.0,2,2,2,1.0,"{0: 1, 1: 1}",1.0,1,1,linear,1,1,1,0,0,1,2,0,1,"{1: 1, 0: 1}",{0: 1},0.25,ttdf_2581668297ff,reserve,scale_quantity|midpoint_value,topo_fdeb50f24873,1
2.0,0.2,5,4,4,0.4,"{0: 2, 1: 2, 2: 1}",0.0,2,1,fan_in,3,2,4,1,0,1,5,0,2,"{1: 4, 0: 1}",{0: 4},0.444444,ttdf_4bcc0bcb441d,reserve,absolute_difference|increase_by_percent|square_value|percent_of|label_with_unit,topo_7279e5f4b24a,1
1.0,0.0,2,2,2,1.0,"{0: 1, 1: 1}",1.0,1,1,linear,1,1,1,0,0,1,2,0,1,"{1: 1, 0: 1}",{0: 1},0.25,ttdf_fa43734949c6,reserve,midpoint_value|shrink_by_rate,topo_fdeb50f24873,1
1.0,0.0,2,2,2,1.0,"{0: 1, 1: 1}",1.0,1,1,linear,1,1,1,0,0,1,2,0,1,"{1: 1, 0: 1}",{0: 1},0.25,ttdf_2d9f2ebc27ee,reserve,add|percentage_value,topo_fdeb50f24873,1
2.0,0.25,4,3,3,0.5,"{0: 2, 2: 1, 1: 1}",0.0,2,1,fan_in,2,2,3,1,0,1,4,0,2,"{1: 3, 0: 1}",{0: 3},0.333333,ttdf_180ccdf36fa8,reserve,floor|square_value|sum_two_numbers|scale_values,topo_bd3dd51ec1a9,1
1.0,0.0,2,2,2,1.0,"{0: 1, 1: 1}",1.0,1,1,linear,1,1,1,0,0,1,2,0,1,"{1: 1, 0: 1}",{0: 1},0.25,ttdf_069024eac854,reserve,leftover_after_grouping|grow_by_rate,topo_fdeb50f24873,1
1.0,0.0,2,2,2,1.0,"{0: 1, 1: 1}",1.0,1,1,linear,1,1,1,0,0,1,2,0,1,"{1: 1, 0: 1}",{0: 1},0.25,ttdf_cfb926e65520,reserve,full_groups_of|remaining_after,topo_fdeb50f24873,1
2.0,0.142857,6+,5,5,0.285714,"{0: 2, 1: 4, 2: 1}",0.0,2,1,fan_in,5,2,6,1,0,1,7,0,2,"{1: 6, 0: 1}",{0: 6},0.5,ttdf_623b3e2c0ebf,reserve,floor|quotient_of|nearest_integer|sum_two_numbers|quotient_of|absolute_difference|sum_two_numbers,topo_9e01698159b0,1
2.0,0.142857,6+,5,5,0.285714,"{0: 2, 1: 4, 2: 1}",0.0,2,1,fan_in,5,2,6,1,0,1,7,0,2,"{1: 6, 0: 1}",{0: 6},0.461538,ttdf_73739ee74f73,reserve,inverse|add|average_of_two|average_of_two|subtract|subtract|absolute_difference,topo_9e01698159b0,1
1.0,0.0,4,4,4,0.5,"{0: 1, 1: 3}",1.0,1,1,linear,3,1,3,0,0,1,4,0,1,"{1: 3, 0: 1}",{0: 3},0.428571,ttdf_09f79b10c5d0,reserve,gap_between|gap_between|reduce_amount|root_extract,topo_5296967693d8,1
1.0,0.0,2,2,2,1.0,"{0: 1, 1: 1}",1.0,1,1,linear,1,1,1,0,0,1,2,0,1,"{1: 1, 0: 1}",{0: 1},0.25,ttdf_bf6906d0d9f4,reserve,total_of_pair|proportion_between,topo_fdeb50f24873,1
1.0,0.0,2,2,2,1.0,"{0: 1, 1: 1}",1.0,1,1,linear,1,1,1,0,0,1,2,0,1,"{1: 1, 0: 1}",{0: 1},0.25,ttdf_8ad2f02c573e,reserve,full_groups_of|split_evenly,topo_fdeb50f24873,1
1.0,0.0,2,2,2,1.0,"{0: 1, 1: 1}",1.0,1,1,linear,1,1,1,0,0,1,2,0,1,"{1: 1, 0: 1}",{0: 1},0.25,ttdf_4241c5b98748,reserve,decrease_by_percent|floor_divide,topo_fdeb50f24873,1
1.0,0.0,2,2,2,1.0,"{0: 1, 1: 1}",1.0,1,1,linear,1,1,1,0,0,1,2,0,1,"{1: 1, 0: 1}",{0: 1},0.25,ttdf_1c85bb80d1da,reserve,proportion_between|pairwise_product,topo_fdeb50f24873,1
1.0,0.0,2,2,2,1.0,"{0: 1, 1: 1}",1.0,1,1,linear,1,1,1,0,0,1,2,0,1,"{1: 1, 0: 1}",{0: 1},0.25,ttdf_429cf87a90f1,reserve,modulo_of|decrease_by_percent,topo_fdeb50f24873,1
2.0,0.25,4,3,3,0.5,"{0: 2, 2: 1, 1: 1}",0.0,2,1,fan_in,2,2,3,1,0,1,4,0,2,"{1: 3, 0: 1}",{0: 3},0.25,ttdf_29b45330ea62,reserve,average_of_two|add|subtract|append_to_values,topo_bd3dd51ec1a9,1
2.0,0.166667,6+,4,4,0.333333,"{0: 2, 1: 3, 2: 1}",0.0,2,1,fan_in,4,2,5,1,0,1,6,0,2,"{1: 5, 0: 1}",{0: 5},0.416667,ttdf_81085fa2f69b,reserve,multiply|sum_two_numbers|round_to_decimals|subtract|multiply|average_of_two,topo_5cf1a13edea8,1
1.0,0.0,3,3,3,0.666667,"{0: 1, 1: 2}",1.0,1,1,linear,2,1,2,0,0,1,3,0,1,"{1: 2, 0: 1}",{0: 2},0.4,ttdf_02b9979d809f,reserve,negate|whole_quotient|label_with_unit,topo_1c8dbe1830b2,1
1.0,0.0,2,2,2,1.0,"{0: 1, 1: 1}",1.0,1,1,linear,1,1,1,0,0,1,2,0,1,"{1: 1, 0: 1}",{0: 1},0.25,ttdf_64d56bda5f38,reserve,multiply|absolute_difference,topo_fdeb50f24873,1
1.0,0.0,4,4,4,0.5,"{0: 1, 1: 3}",1.0,1,1,linear,3,1,3,0,0,1,4,0,1,"{1: 3, 0: 1}",{0: 3},0.375,ttdf_4e0c9dcf3a26,reserve,increase_by_percent|divide|multiply|absolute_difference,topo_5296967693d8,1
1.0,0.0,4,4,4,0.5,"{0: 1, 1: 3}",1.0,1,1,linear,3,1,3,0,0,1,4,0,1,"{1: 3, 0: 1}",{0: 3},0.375,ttdf_eae387a58233,reserve,absolute_difference|subtract|modulo_of|percentage_value,topo_5296967693d8,1
1.0,0.0,5,5,5,0.4,"{0: 1, 1: 4}",1.0,1,1,linear,4,1,4,0,0,1,5,0,1,"{1: 4, 0: 1}",{0: 4},0.333333,ttdf_49f1fbac65e2,reserve,range_of_values|absolute_difference|floor_divide|inverse|average_of_two,topo_d228dd6db98a,1
2.0,0.2,5,4,4,0.4,"{0: 2, 1: 2, 2: 1}",0.0,2,1,fan_in,3,2,4,1,0,1,5,0,2,"{1: 4, 0: 1}",{0: 4},0.444444,ttdf_172d28a34e28,reserve,round_to_decimals|floor|quotient_of|absolute_difference|build_tag,topo_0c51481d8aeb,1
2.0,0.166667,6+,5,5,0.333333,"{0: 2, 1: 3, 2: 1}",0.0,2,1,fan_in,4,2,5,1,0,1,6,0,2,"{1: 5, 0: 1}",{0: 5},0.555556,ttdf_2432f8fea920,reserve,flip_sign|reciprocal_value|split_evenly|full_groups_of|minutes_from_hours|midpoint_value,topo_926312b15db7,1
2.0,0.125,6+,7,7,0.25,"{0: 2, 1: 5, 2: 1}",0.0,2,1,fan_in,6,2,7,1,0,1,8,0,2,"{1: 7, 0: 1}",{0: 7},0.466667,ttdf_a5f6b61a4d15,reserve,round_to_decimals|quotient_of|sqrt|decrease_by_percent|decrease_by_percent|ratio_of|add|average_of_two,topo_596ff8eb2493,1
1.0,0.0,2,2,2,1.0,"{0: 1, 1: 1}",1.0,1,1,linear,1,1,1,0,0,1,2,0,1,"{1: 1, 0: 1}",{0: 1},0.25,ttdf_8e3ba4561df0,reserve,ratio_of|increase_by_percent,topo_fdeb50f24873,1
1.0,0.0,2,2,2,1.0,"{0: 1, 1: 1}",1.0,1,1,linear,1,1,1,0,0,1,2,0,1,"{1: 1, 0: 1}",{0: 1},0.25,ttdf_24061c952ca2,reserve,portion_by_rate|split_evenly,topo_fdeb50f24873,1
1.0,0.0,2,2,2,1.0,"{0: 1, 1: 1}",1.0,1,1,linear,1,1,1,0,0,1,2,0,1,"{1: 1, 0: 1}",{0: 1},0.25,ttdf_1ed8a644cc8a,reserve,absolute_difference|decrease_by_percent,topo_fdeb50f24873,1
1.0,0.0,2,2,2,1.0,"{0: 1, 1: 1}",1.0,1,1,linear,1,1,1,0,0,1,2,0,1,"{1: 1, 0: 1}",{0: 1},0.25,ttdf_069f0c213682,reserve,grow_by_rate|gap_between,topo_fdeb50f24873,1
2.0,0.125,6+,6,6,0.25,"{0: 2, 1: 5, 2: 1}",0.0,2,1,fan_in,6,2,7,1,0,1,8,0,2,"{1: 7, 0: 1}",{0: 7},0.5,ttdf_87a83c863318,reserve,inverse|floor_divide|km_to_meters|difference_of_numbers|quotient_of|quotient_of|floor_divide|percent_of,topo_e1b2f19eddb9,1
2.0,0.166667,6+,5,5,0.333333,"{0: 2, 1: 3, 2: 1}",0.0,2,1,fan_in,4,2,5,1,0,1,6,0,2,"{1: 5, 0: 1}",{0: 5},0.454545,ttdf_43d6f3aed5e9,reserve,whole_minutes_from_seconds|celsius_from_fahrenheit|grow_by_rate|combine_amounts|proportion_between|inside_limits,topo_6083e580bf00,1
2.0,0.166667,6+,4,4,0.333333,"{0: 2, 1: 3, 2: 1}",0.0,2,1,fan_in,4,2,5,1,0,1,6,0,2,"{1: 5, 0: 1}",{0: 5},0.555556,ttdf_363ab1452ad4,reserve,round_up_whole|root_extract|grow_by_rate|self_product|gap_between|portion_by_rate,topo_5cf1a13edea8,1
2.0,0.166667,6+,4,4,0.333333,"{0: 2, 1: 3, 2: 1}",0.0,2,1,fan_in,4,2,5,1,0,1,6,0,2,"{1: 5, 0: 1}",{0: 5},0.5,ttdf_07a8b076e2d7,reserve,km_to_meters|ratio_of|round_to_decimals|multiply|nearest_integer|quotient_of,topo_5cf1a13edea8,1
2.0,0.25,4,3,3,0.5,"{0: 2, 2: 1, 1: 1}",0.0,2,1,fan_in,2,2,3,1,0,1,4,0,2,"{1: 3, 0: 1}",{0: 3},0.272727,ttdf_8567bc6bbd4e,reserve,add|decrease_by_percent|difference_of_numbers|append_to_values,topo_bd3dd51ec1a9,1
2.0,0.2,5,4,4,0.4,"{0: 2, 1: 2, 2: 1}",0.0,2,1,fan_in,3,2,4,1,0,1,5,0,2,"{1: 4, 0: 1}",{0: 4},0.5,ttdf_12bbd8dcffa2,reserve,root_extract|reciprocal_value|proportion_between|split_evenly|split_evenly,topo_2b041b861492,1
2.0,0.125,6+,6,6,0.25,"{0: 2, 1: 5, 2: 1}",0.0,2,1,fan_in,6,2,7,1,0,1,8,0,2,"{1: 7, 0: 1}",{0: 7},0.5,ttdf_2176b3b3b058,reserve,celsius_to_fahrenheit|decrease_by_percent|square_value|average_of_two|decrease_by_percent|decrease_by_percent|percentage_value|multiply,topo_e1b2f19eddb9,1
1.0,0.0,6+,6,6,0.333333,"{0: 1, 1: 5}",1.0,1,1,linear,5,1,5,0,0,1,6,0,1,"{1: 5, 0: 1}",{0: 5},0.5,ttdf_167da4be895e,reserve,product_of_numbers|subtract|decrease_by_percent|nearest_integer|percentage_value|nearest_integer,topo_02b29308ce2b,1
1.0,0.0,2,2,2,1.0,"{0: 1, 1: 1}",1.0,1,1,linear,1,1,1,0,0,1,2,0,1,"{1: 1, 0: 1}",{0: 1},0.25,ttdf_474a2f6c7c11,reserve,quotient_of|ratio_of,topo_fdeb50f24873,1
1.0,0.0,2,2,2,1.0,"{0: 1, 1: 1}",1.0,1,1,linear,1,1,1,0,0,1,2,0,1,"{1: 1, 0: 1}",{0: 1},0.25,ttdf_452d4d9e37b4,reserve,reminder|whole_quotient,topo_fdeb50f24873,1
1.0,0.0,2,2,2,1.0,"{0: 1, 1: 1}",1.0,1,1,linear,1,1,1,0,0,1,2,0,1,"{1: 1, 0: 1}",{0: 1},0.25,ttdf_090dbebb31b0,reserve,proportion_between|leftover_after_grouping,topo_fdeb50f24873,1
1.0,0.0,2,2,2,1.0,"{0: 1, 1: 1}",1.0,1,1,linear,1,1,1,0,0,1,2,0,1,"{1: 1, 0: 1}",{0: 1},0.25,ttdf_5da59aa8ff1b,reserve,average_of_two|average_of_two,topo_fdeb50f24873,1
2.0,0.2,5,4,4,0.4,"{0: 2, 1: 2, 2: 1}",0.0,2,1,fan_in,3,2,4,1,0,1,5,0,2,"{1: 4, 0: 1}",{0: 4},0.444444,ttdf_2a35550d05a9,reserve,gap_between|minutes_from_hours|grow_by_rate|leftover_after_grouping|gap_between,topo_2b041b861492,1
2.0,0.166667,6+,4,4,0.333333,"{0: 2, 1: 3, 2: 1}",0.0,2,1,fan_in,4,2,5,1,0,1,6,0,2,"{1: 5, 0: 1}",{0: 5},0.5,ttdf_67233fc03313,reserve,minutes_from_hours|proportion_between|whole_minutes_from_seconds|grow_by_rate|portion_by_rate|exceeds_value,topo_f5466e583fca,1
1.0,0.0,2,2,2,1.0,"{0: 1, 1: 1}",1.0,1,1,linear,1,1,1,0,0,1,2,0,1,"{1: 1, 0: 1}",{0: 1},0.25,ttdf_00c1f0c05af6,reserve,full_groups_of|midpoint_value,topo_fdeb50f24873,1
1.0,0.0,2,2,2,1.0,"{0: 1, 1: 1}",1.0,1,1,linear,1,1,1,0,0,1,2,0,1,"{1: 1, 0: 1}",{0: 1},0.25,ttdf_8e6a4c7c5521,reserve,proportion_between|gap_between,topo_fdeb50f24873,1
2.0,0.2,5,4,4,0.4,"{0: 2, 1: 2, 2: 1}",0.0,2,1,fan_in,3,2,4,1,0,1,5,0,2,"{1: 4, 0: 1}",{0: 4},0.444444,ttdf_42ae658b30be,reserve,minutes_to_seconds|average_of_two|ratio_of|multiply|build_tag,topo_7279e5f4b24a,1
3.0,0.2,5,3,3,0.4,"{0: 3, 1: 1, 3: 1}",0.0,3,1,fan_in,2,3,4,1,0,1,5,0,3,"{1: 4, 0: 1}",{0: 4},0.5,ttdf_04b00af46982,reserve,square_value|percentage_value|square_value|sqrt|mean_of_three,topo_926c72bac680,1
1.0,0.0,2,2,2,1.0,"{0: 1, 1: 1}",1.0,1,1,linear,1,1,1,0,0,1,2,0,1,"{1: 1, 0: 1}",{0: 1},0.25,ttdf_21ddc3e26696,reserve,full_groups_of|midpoint_value,topo_fdeb50f24873,1
1.0,0.0,2,2,2,1.0,"{0: 1, 1: 1}",1.0,1,1,linear,1,1,1,0,0,1,2,0,1,"{1: 1, 0: 1}",{0: 1},0.25,ttdf_5d2954405111,reserve,subtract|ratio_of,topo_fdeb50f24873,1
1.0,0.0,2,2,2,1.0,"{0: 1, 1: 1}",1.0,1,1,linear,1,1,1,0,0,1,2,0,1,"{1: 1, 0: 1}",{0: 1},0.25,ttdf_1fa9f28f0c4d,reserve,proportion_between|gap_between,topo_fdeb50f24873,1
1.0,0.0,2,2,2,1.0,"{0: 1, 1: 1}",1.0,1,1,linear,1,1,1,0,0,1,2,0,1,"{1: 1, 0: 1}",{0: 1},0.25,ttdf_09324c309e3a,reserve,leftover_after_grouping|combine_amounts,topo_fdeb50f24873,1
1.0,0.0,2,2,2,1.0,"{0: 1, 1: 1}",1.0,1,1,linear,1,1,1,0,0,1,2,0,1,"{1: 1, 0: 1}",{0: 1},0.25,ttdf_9824da9eb833,reserve,portion_by_rate|total_of_pair,topo_fdeb50f24873,1
1.0,0.0,2,2,2,1.0,"{0: 1, 1: 1}",1.0,1,1,linear,1,1,1,0,0,1,2,0,1,"{1: 1, 0: 1}",{0: 1},0.25,ttdf_73282ea5cdf9,reserve,quotient_of|quotient_of,topo_fdeb50f24873,1
1.0,0.0,4,4,4,0.5,"{0: 1, 1: 3}",1.0,1,1,linear,3,1,3,0,0,1,4,0,1,"{1: 3, 0: 1}",{0: 3},0.5,ttdf_3404af54d32c,reserve,absolute_difference|square_value|inverse|absolute_difference,topo_5296967693d8,1
1.0,0.0,2,2,2,1.0,"{0: 1, 1: 1}",1.0,1,1,linear,1,1,1,0,0,1,2,0,1,"{1: 1, 0: 1}",{0: 1},0.25,ttdf_6a1a26b1dca0,reserve,full_groups_of|reduce_amount,topo_fdeb50f24873,1
1.0,0.0,2,2,2,1.0,"{0: 1, 1: 1}",1.0,1,1,linear,1,1,1,0,0,1,2,0,1,"{1: 1, 0: 1}",{0: 1},0.25,ttdf_64e47d0ba54a,reserve,average_of_two|subtract,topo_fdeb50f24873,1
2.0,0.125,6+,7,7,0.25,"{0: 2, 1: 5, 2: 1}",0.0,2,1,fan_in,6,2,7,1,0,1,8,0,2,"{1: 7, 0: 1}",{0: 7},0.466667,ttdf_bce4747496f7,reserve,leftover_after_grouping|gap_between|proportion_between|portion_by_rate|gap_between|self_product|gap_between|portion_by_rate,topo_596ff8eb2493,1
1.0,0.0,5,5,5,0.4,"{0: 1, 1: 4}",1.0,1,1,linear,4,1,4,0,0,1,5,0,1,"{1: 4, 0: 1}",{0: 4},0.444444,ttdf_1658c021d868,reserve,sqrt|quotient_of|quotient_of|multiply|quotient_of,topo_d228dd6db98a,1
3.0,0.25,4,2,2,0.5,"{0: 3, 3: 1}",0.0,3,1,fan_in,1,3,3,1,0,1,4,0,3,"{1: 3, 0: 1}",{0: 3},0.375,ttdf_634621d7690c,reserve,whole_quotient|negate|percentage_value|mean_of_three,topo_64b2717a77dd,1
2.0,0.25,4,3,3,0.5,"{0: 2, 2: 1, 1: 1}",0.0,2,1,fan_in,2,2,3,1,0,1,4,0,2,"{1: 3, 0: 1}",{0: 3},0.375,ttdf_4490958f84f8,reserve,inverse|square_value|percentage_value|append_to_values,topo_bd3dd51ec1a9,1
1.0,0.0,2,2,2,1.0,"{0: 1, 1: 1}",1.0,1,1,linear,1,1,1,0,0,1,2,0,1,"{1: 1, 0: 1}",{0: 1},0.25,ttdf_00dd27463fb8,reserve,proportion_between|split_evenly,topo_fdeb50f24873,1
1.0,0.0,2,2,2,1.0,"{0: 1, 1: 1}",1.0,1,1,linear,1,1,1,0,0,1,2,0,1,"{1: 1, 0: 1}",{0: 1},0.25,ttdf_c8c8cd64f217,reserve,reminder|product_of_numbers,topo_fdeb50f24873,1
1.0,0.0,2,2,2,1.0,"{0: 1, 1: 1}",1.0,1,1,linear,1,1,1,0,0,1,2,0,1,"{1: 1, 0: 1}",{0: 1},0.25,ttdf_ec447209249f,reserve,per_unit_value|portion_by_rate,topo_fdeb50f24873,1
1.0,0.0,2,2,2,1.0,"{0: 1, 1: 1}",1.0,1,1,linear,1,1,1,0,0,1,2,0,1,"{1: 1, 0: 1}",{0: 1},0.25,ttdf_1000941721cb,pilot2_train,ratio_of|decrease_by_percent,topo_fdeb50f24873,1
1.0,0.0,2,2,2,1.0,"{0: 1, 1: 1}",1.0,1,1,linear,1,1,1,0,0,1,2,0,1,"{1: 1, 0: 1}",{0: 1},0.25,ttdf_068257a109d7,pilot2_train,round_to_decimals|quotient_of,topo_fdeb50f24873,1
2.0,0.25,4,3,3,0.5,"{0: 2, 1: 1, 2: 1}",0.0,2,1,fan_in,2,2,3,1,0,1,4,0,2,"{1: 3, 0: 1}",{0: 3},0.375,ttdf_01441b6413d8,pilot2_train,modulo_of|floor_divide|decrease_by_percent|average_of_two,topo_30980484d6d7,1
3.0,0.25,4,2,2,0.5,"{0: 3, 3: 1}",0.0,3,1,fan_in,1,3,3,1,0,1,4,0,3,"{1: 3, 0: 1}",{0: 3},0.375,ttdf_4720ea0a3695,pilot2_train,round_down_whole|trim_precision|pairwise_product|dispersion_of_three,topo_64b2717a77dd,1
3.0,0.166667,6+,3,3,0.333333,"{0: 3, 1: 2, 3: 1}",0.0,3,1,fan_in,3,3,5,1,0,1,6,0,3,"{1: 5, 0: 1}",{0: 5},0.384615,ttdf_25c7a9dcff69,pilot2_train,percent_of|average_of_two|multiply|percent_of|increase_by_percent|range_of_three,topo_00ac72c33abd,1
1.0,0.0,2,2,2,1.0,"{0: 1, 1: 1}",1.0,1,1,linear,1,1,1,0,0,1,2,0,1,"{1: 1, 0: 1}",{0: 1},0.25,ttdf_1383fff20ea7,pilot2_train,midpoint_value|leftover_after_grouping,topo_fdeb50f24873,1
1.0,0.0,2,2,2,1.0,"{0: 1, 1: 1}",1.0,1,1,linear,1,1,1,0,0,1,2,0,1,"{1: 1, 0: 1}",{0: 1},0.333333,ttdf_045f760dd7ad,pilot2_train,round_up_whole|leftover_after_grouping,topo_fdeb50f24873,1
1.0,0.0,2,2,2,1.0,"{0: 1, 1: 1}",1.0,1,1,linear,1,1,1,0,0,1,2,0,1,"{1: 1, 0: 1}",{0: 1},0.2,ttdf_04e494f5a70b,pilot2_train,percent_of|is_within_range,topo_fdeb50f24873,1
1.0,0.0,2,2,2,1.0,"{0: 1, 1: 1}",1.0,1,1,linear,1,1,1,0,0,1,2,0,1,"{1: 1, 0: 1}",{0: 1},0.25,ttdf_31aafccd0bf1,pilot2_train,multiply|is_greater,topo_fdeb50f24873,1
2.0,0.333333,3,2,2,0.666667,"{0: 2, 2: 1}",0.0,2,1,fan_in,1,2,2,1,0,1,3,0,2,"{1: 2, 0: 1}",{0: 2},0.4,ttdf_4c2bafc00fb5,pilot2_train,negate|multiply|subtract,topo_911586a55488,1
1.0,0.0,2,2,2,1.0,"{0: 1, 1: 1}",1.0,1,1,linear,1,1,1,0,0,1,2,0,1,"{1: 1, 0: 1}",{0: 1},0.25,ttdf_429cf87a90f1,pilot2_train,modulo_of|decrease_by_percent,topo_fdeb50f24873,1
1.0,0.0,2,2,2,1.0,"{0: 1, 1: 1}",1.0,1,1,linear,1,1,1,0,0,1,2,0,1,"{1: 1, 0: 1}",{0: 1},0.25,ttdf_292151c533bf,pilot2_train,absolute_difference|sum_two_numbers,topo_fdeb50f24873,1
2.0,0.25,4,3,3,0.5,"{0: 2, 1: 1, 2: 1}",0.0,2,1,fan_in,2,2,3,1,0,1,4,0,2,"{1: 3, 0: 1}",{0: 3},0.5,ttdf_3bb1f63d6eb9,pilot2_train,square_value|inverse|absolute_difference|absolute_difference,topo_5b37b75596d2,1
2.0,0.2,5,4,4,0.4,"{0: 2, 1: 2, 2: 1}",0.0,2,1,fan_in,3,2,4,1,0,1,5,0,2,"{1: 4, 0: 1}",{0: 4},0.444444,ttdf_4bcc0bcb441d,pilot2_train,absolute_difference|increase_by_percent|square_value|percent_of|label_with_unit,topo_7279e5f4b24a,1
2.0,0.333333,3,2,2,0.666667,"{0: 2, 2: 1}",0.0,2,1,fan_in,1,2,2,1,0,1,3,0,2,"{1: 2, 0: 1}",{0: 2},0.4,ttdf_07480376bda3,pilot2_train,round_down_whole|scale_quantity|proportion_between,topo_911586a55488,1
3.0,0.2,5,3,3,0.4,"{0: 3, 1: 1, 3: 1}",0.0,3,1,fan_in,2,3,4,1,0,1,5,0,3,"{1: 4, 0: 1}",{0: 4},0.4,ttdf_3799eac59203,pilot2_train,round_down_whole|reduce_amount|scale_quantity|per_unit_value|balance_of_three,topo_926c72bac680,1
1.0,0.0,2,2,2,1.0,"{0: 1, 1: 1}",1.0,1,1,linear,1,1,1,0,0,1,2,0,1,"{1: 1, 0: 1}",{0: 1},0.333333,ttdf_96a14a958d05,pilot2_train,km_to_meters|format_number_fixed,topo_fdeb50f24873,1
2.0,0.2,5,4,4,0.4,"{0: 2, 1: 2, 2: 1}",0.0,2,1,fan_in,3,2,4,1,0,1,5,0,2,"{1: 4, 0: 1}",{0: 4},0.444444,ttdf_a966bd3a5396,pilot2_train,subtract|negate|modulo_of|percent_of|build_tag,topo_0c51481d8aeb,1
1.0,0.0,2,2,2,1.0,"{0: 1, 1: 1}",1.0,1,1,linear,1,1,1,0,0,1,2,0,1,"{1: 1, 0: 1}",{0: 1},0.166667,ttdf_05ddbc95808c,pilot2_train,sum_two_numbers|append_to_values,topo_fdeb50f24873,1
2.0,0.25,4,3,3,0.5,"{0: 2, 1: 1, 2: 1}",0.0,2,1,fan_in,2,2,3,1,0,1,4,0,2,"{1: 3, 0: 1}",{0: 3},0.375,ttdf_4ba278446d22,pilot2_train,difference_of_numbers|floor_divide|ratio_of|percent_of,topo_5b37b75596d2,1
1.0,0.0,3,3,3,0.666667,"{0: 1, 1: 2}",1.0,1,1,linear,2,1,2,0,0,1,3,0,1,"{1: 2, 0: 1}",{0: 2},0.285714,ttdf_39fadad53c92,pilot2_train,nearest_integer|subtract|scale_values,topo_1c8dbe1830b2,1
2.0,0.25,4,3,3,0.5,"{0: 2, 2: 1, 1: 1}",0.0,2,1,fan_in,2,2,3,1,0,1,4,0,2,"{1: 3, 0: 1}",{0: 3},0.5,ttdf_1691c4ac38d4,pilot2_train,km_from_meters|self_product|midpoint_value|annotate_measurement,topo_bd3dd51ec1a9,1
1.0,0.0,6+,6,6,0.333333,"{0: 1, 1: 5}",1.0,1,1,linear,5,1,5,0,0,1,6,0,1,"{1: 5, 0: 1}",{0: 5},0.5,ttdf_0ba79c037326,pilot2_train,negate|whole_quotient|average_of_two|absolute_difference|absolute_difference|nearest_integer,topo_02b29308ce2b,1
1.0,0.0,2,2,2,1.0,"{0: 1, 1: 1}",1.0,1,1,linear,1,1,1,0,0,1,2,0,1,"{1: 1, 0: 1}",{0: 1},0.25,ttdf_0db7283b8762,pilot2_train,average_of_two|subtract,topo_fdeb50f24873,1
3.0,0.166667,6+,4,4,0.333333,"{0: 3, 1: 2, 3: 1}",0.0,3,1,fan_in,3,3,5,1,0,1,6,0,3,"{1: 5, 0: 1}",{0: 5},0.5,ttdf_21c32f38a7df,pilot2_train,round_up_whole|scale_quantity|reciprocal_value|per_unit_value|balance_of_three|whole_number_of,topo_8c144cdbfcfb,1
1.0,0.0,3,3,3,0.666667,"{0: 1, 1: 2}",1.0,1,1,linear,2,1,2,0,0,1,3,0,1,"{1: 2, 0: 1}",{0: 2},0.4,ttdf_2186abc0c6f9,pilot2_train,proportion_between|midpoint_value|whole_number_of,topo_1c8dbe1830b2,1
2.0,0.333333,3,2,2,0.666667,"{0: 2, 2: 1}",0.0,2,1,fan_in,1,2,2,1,0,1,3,0,2,"{1: 2, 0: 1}",{0: 2},0.4,ttdf_095955eab09a,pilot2_train,total_of_pair|round_up_whole|scale_quantity,topo_911586a55488,1
1.0,0.0,4,4,4,0.5,"{0: 1, 1: 3}",1.0,1,1,linear,3,1,3,0,0,1,4,0,1,"{1: 3, 0: 1}",{0: 3},0.428571,ttdf_0bb1edecd7d4,pilot2_train,whole_minutes_from_seconds|total_of_pair|proportion_between|grow_by_rate,topo_5296967693d8,1
1.0,0.0,2,2,2,1.0,"{0: 1, 1: 1}",1.0,1,1,linear,1,1,1,0,0,1,2,0,1,"{1: 1, 0: 1}",{0: 1},0.25,ttdf_090dbebb31b0,pilot2_train,proportion_between|leftover_after_grouping,topo_fdeb50f24873,1
3.0,0.125,6+,4,4,0.25,"{0: 3, 1: 4, 3: 1}",0.0,3,1,fan_in,5,3,7,1,0,1,8,0,3,"{1: 7, 0: 1}",{0: 7},0.4375,ttdf_093f5f1c7a5c,pilot2_train,combine_amounts|gap_between|grow_by_rate|midpoint_value|remaining_after|shrink_by_rate|dispersion_of_three|whole_number_of,topo_d4b4ab44315e,1
1.0,0.0,2,2,2,1.0,"{0: 1, 1: 1}",1.0,1,1,linear,1,1,1,0,0,1,2,0,1,"{1: 1, 0: 1}",{0: 1},0.25,ttdf_21cfed40077b,pilot2_train,trim_precision|per_unit_value,topo_fdeb50f24873,1
3.0,0.125,6+,4,4,0.25,"{0: 3, 1: 4, 3: 1}",0.0,3,1,fan_in,5,3,7,1,0,1,8,0,3,"{1: 7, 0: 1}",{0: 7},0.4375,ttdf_4e2a3eb7132f,pilot2_train,portion_by_rate|total_of_pair|proportion_between|trim_precision|trim_precision|per_unit_value|balance_of_three|whole_number_of,topo_d4b4ab44315e,1
3.0,0.2,5,3,3,0.4,"{0: 3, 1: 1, 3: 1}",0.0,3,1,fan_in,2,3,4,1,0,1,5,0,3,"{1: 4, 0: 1}",{0: 4},0.4,ttdf_f08af46ff06c,pilot2_train,ceiling|add|absolute_difference|reminder|range_of_three,topo_926c72bac680,1
2.0,0.125,6+,7,7,0.25,"{0: 2, 1: 5, 2: 1}",0.0,2,1,fan_in,6,2,7,1,0,1,8,0,2,"{1: 7, 0: 1}",{0: 7},0.466667,ttdf_a5f6b61a4d15,pilot2_train,round_to_decimals|quotient_of|sqrt|decrease_by_percent|decrease_by_percent|ratio_of|add|average_of_two,topo_596ff8eb2493,1
3.0,0.25,4,2,2,0.5,"{0: 3, 3: 1}",0.0,3,1,fan_in,1,3,3,1,0,1,4,0,3,"{1: 3, 0: 1}",{0: 3},0.428571,ttdf_9608810991a9,pilot2_train,quotient_of|inverse|floor|range_of_three,topo_64b2717a77dd,1
1.0,0.0,2,2,2,1.0,"{0: 1, 1: 1}",1.0,1,1,linear,1,1,1,0,0,1,2,0,1,"{1: 1, 0: 1}",{0: 1},0.25,ttdf_069024eac854,pilot2_train,leftover_after_grouping|grow_by_rate,topo_fdeb50f24873,1
2.0,0.333333,3,2,2,0.666667,"{0: 2, 2: 1}",0.0,2,1,fan_in,1,2,2,1,0,1,3,0,2,"{1: 2, 0: 1}",{0: 2},0.4,ttdf_4c8465251e67,pilot2_train,multiply|seconds_to_full_minutes|percentage_value,topo_911586a55488,1
2.0,0.125,6+,6,6,0.25,"{0: 2, 1: 5, 2: 1}",0.0,2,1,fan_in,6,2,7,1,0,1,8,0,2,"{1: 7, 0: 1}",{0: 7},0.4375,ttdf_232677276db4,pilot2_train,whole_quotient|increase_by_percent|whole_quotient|absolute_difference|modulo_of|decrease_by_percent|increase_by_percent|quotient_of,topo_e1b2f19eddb9,1
1.0,0.0,4,4,4,0.5,"{0: 1, 1: 3}",1.0,1,1,linear,3,1,3,0,0,1,4,0,1,"{1: 3, 0: 1}",{0: 3},0.375,ttdf_2f4bbfee307c,pilot2_train,ratio_of|increase_by_percent|modulo_of|quotient_of,topo_5296967693d8,1
2.0,0.25,4,3,3,0.5,"{0: 2, 1: 1, 2: 1}",0.0,2,1,fan_in,2,2,3,1,0,1,4,0,2,"{1: 3, 0: 1}",{0: 3},0.428571,ttdf_0cd5545bbadf,pilot2_train,average_of_two|inverse|absolute_difference|quotient_of,topo_5b37b75596d2,1
1.0,0.0,4,4,4,0.5,"{0: 1, 1: 3}",1.0,1,1,linear,3,1,3,0,0,1,4,0,1,"{1: 3, 0: 1}",{0: 3},0.375,ttdf_88e4f6fda445,pilot2_train,add|percent_of|average_of_two|multiply,topo_5296967693d8,1
2.0,0.2,5,4,4,0.4,"{0: 2, 1: 2, 2: 1}",0.0,2,1,fan_in,3,2,4,1,0,1,5,0,2,"{1: 4, 0: 1}",{0: 4},0.444444,ttdf_572dcb188751,pilot2_train,whole_quotient|minutes_to_seconds|quotient_of|percentage_value|build_tag,topo_7279e5f4b24a,1
3.0,0.2,5,3,3,0.4,"{0: 3, 1: 1, 3: 1}",0.0,3,1,fan_in,2,3,4,1,0,1,5,0,3,"{1: 4, 0: 1}",{0: 4},0.444444,ttdf_6d13bfbfea76,pilot2_train,round_down_whole|gap_between|proportion_between|root_extract|balance_of_three,topo_926c72bac680,1
2.0,0.333333,3,2,2,0.666667,"{0: 2, 2: 1}",0.0,2,1,fan_in,1,2,2,1,0,1,3,0,2,"{1: 2, 0: 1}",{0: 2},0.4,ttdf_18bd5adee8cd,pilot2_train,whole_quotient|km_to_meters|difference_of_numbers,topo_911586a55488,1
1.0,0.0,6+,6,6,0.333333,"{0: 1, 1: 5}",1.0,1,1,linear,5,1,5,0,0,1,6,0,1,"{1: 5, 0: 1}",{0: 5},0.5,ttdf_4dd3d4ca918b,pilot2_train,proportion_between|reciprocal_value|midpoint_value|portion_by_rate|self_product|shrink_by_rate,topo_02b29308ce2b,1
1.0,0.0,3,3,3,0.666667,"{0: 1, 1: 2}",1.0,1,1,linear,2,1,2,0,0,1,3,0,1,"{1: 2, 0: 1}",{0: 2},0.222222,ttdf_42de687464ef,pilot2_train,minutes_to_seconds|decrease_by_percent|append_to_values,topo_1c8dbe1830b2,1
1.0,0.0,6+,6,6,0.333333,"{0: 1, 1: 5}",1.0,1,1,linear,5,1,5,0,0,1,6,0,1,"{1: 5, 0: 1}",{0: 5},0.5,ttdf_35b069fedb22,pilot2_train,gap_between|midpoint_value|whole_number_of|proportion_between|round_down_whole|grow_by_rate,topo_02b29308ce2b,1
3.0,0.166667,6+,3,3,0.333333,"{0: 3, 1: 2, 3: 1}",0.0,3,1,fan_in,3,3,5,1,0,1,6,0,3,"{1: 5, 0: 1}",{0: 5},0.5,ttdf_1d3da88ad525,pilot2_train,increase_by_percent|negate|ceiling|average_of_two|inverse|range_of_three,topo_00ac72c33abd,1
1.0,0.0,2,2,2,1.0,"{0: 1, 1: 1}",1.0,1,1,linear,1,1,1,0,0,1,2,0,1,"{1: 1, 0: 1}",{0: 1},0.333333,ttdf_ccc26b298f62,pilot2_train,seconds_to_full_minutes|format_number_fixed,topo_fdeb50f24873,1
1.0,0.0,6+,6,6,0.333333,"{0: 1, 1: 5}",1.0,1,1,linear,5,1,5,0,0,1,6,0,1,"{1: 5, 0: 1}",{0: 5},0.454545,ttdf_18823f7abe99,pilot2_train,full_groups_of|self_product|split_evenly|gap_between|gap_between|remaining_after,topo_02b29308ce2b,1
3.0,0.166667,6+,3,3,0.333333,"{0: 3, 1: 2, 3: 1}",0.0,3,1,fan_in,3,3,5,1,0,1,6,0,3,"{1: 5, 0: 1}",{0: 5},0.416667,ttdf_f70368144623,pilot2_train,quotient_of|floor_divide|reminder|quotient_of|ceiling|sum_of_three,topo_00ac72c33abd,1
2.0,0.25,4,3,3,0.5,"{0: 2, 1: 1, 2: 1}",0.0,2,1,fan_in,2,2,3,1,0,1,4,0,2,"{1: 3, 0: 1}",{0: 3},0.5,ttdf_5d102b7a07ae,pilot2_train,inverse|seconds_to_full_minutes|increase_by_percent|percentage_value,topo_5b37b75596d2,1
2.0,0.333333,3,2,2,0.666667,"{0: 2, 2: 1}",0.0,2,1,fan_in,1,2,2,1,0,1,3,0,2,"{1: 2, 0: 1}",{0: 2},0.4,ttdf_7d383d22fb7a,pilot2_train,absolute_difference|square_value|percentage_value,topo_911586a55488,1
1.0,0.0,2,2,2,1.0,"{0: 1, 1: 1}",1.0,1,1,linear,1,1,1,0,0,1,2,0,1,"{1: 1, 0: 1}",{0: 1},0.166667,ttdf_668279c9c151,pilot2_train,quotient_of|scale_values,topo_fdeb50f24873,1
2.0,0.2,5,4,4,0.4,"{0: 2, 1: 2, 2: 1}",0.0,2,1,fan_in,3,2,4,1,0,1,5,0,2,"{1: 4, 0: 1}",{0: 4},0.444444,ttdf_054080797cf0,pilot2_train,sum_two_numbers|minutes_to_seconds|whole_quotient|subtract|build_tag,topo_7279e5f4b24a,1
2.0,0.25,4,3,3,0.5,"{0: 2, 2: 1, 1: 1}",0.0,2,1,fan_in,2,2,3,1,0,1,4,0,2,"{1: 3, 0: 1}",{0: 3},0.5,ttdf_1fe43c61c06d,pilot2_train,fahrenheit_from_celsius|fahrenheit_from_celsius|proportion_between|annotate_measurement,topo_bd3dd51ec1a9,1
1.0,0.0,2,2,2,1.0,"{0: 1, 1: 1}",1.0,1,1,linear,1,1,1,0,0,1,2,0,1,"{1: 1, 0: 1}",{0: 1},0.333333,ttdf_6e2494a01e40,pilot2_train,root_extract|midpoint_value,topo_fdeb50f24873,1
1.0,0.0,2,2,2,1.0,"{0: 1, 1: 1}",1.0,1,1,linear,1,1,1,0,0,1,2,0,1,"{1: 1, 0: 1}",{0: 1},0.25,ttdf_13d04cca4cdf,pilot2_train,split_evenly|proportion_between,topo_fdeb50f24873,1
2.0,0.166667,6+,4,4,0.333333,"{0: 2, 1: 3, 2: 1}",0.0,2,1,fan_in,4,2,5,1,0,1,6,0,2,"{1: 5, 0: 1}",{0: 5},0.5,ttdf_079265fa50ee,pilot2_train,km_to_meters|percent_of|sqrt|reminder|divide|product_of_numbers,topo_5cf1a13edea8,1
1.0,0.0,6+,6,6,0.333333,"{0: 1, 1: 5}",1.0,1,1,linear,5,1,5,0,0,1,6,0,1,"{1: 5, 0: 1}",{0: 5},0.416667,ttdf_0d05fae64d5b,pilot2_train,per_unit_value|combine_amounts|midpoint_value|pairwise_product|leftover_after_grouping|reduce_amount,topo_02b29308ce2b,1
1.0,0.0,2,2,2,1.0,"{0: 1, 1: 1}",1.0,1,1,linear,1,1,1,0,0,1,2,0,1,"{1: 1, 0: 1}",{0: 1},0.25,ttdf_1e418c5c678e,pilot2_train,full_groups_of|full_groups_of,topo_fdeb50f24873,1
1.0,0.0,2,2,2,1.0,"{0: 1, 1: 1}",1.0,1,1,linear,1,1,1,0,0,1,2,0,1,"{1: 1, 0: 1}",{0: 1},0.25,ttdf_138347c0e655,pilot2_train,quotient_of|decrease_by_percent,topo_fdeb50f24873,1
1.0,0.0,4,4,4,0.5,"{0: 1, 1: 3}",1.0,1,1,linear,3,1,3,0,0,1,4,0,1,"{1: 3, 0: 1}",{0: 3},0.375,ttdf_b3bdf5fac82d,pilot2_train,modulo_of|average_of_two|subtract|divide,topo_5296967693d8,1
1.0,0.0,2,2,2,1.0,"{0: 1, 1: 1}",1.0,1,1,linear,1,1,1,0,0,1,2,0,1,"{1: 1, 0: 1}",{0: 1},0.25,ttdf_0da1c6bff8e9,pilot2_train,ratio_of|is_greater,topo_fdeb50f24873,1
1.0,0.0,6+,6,6,0.333333,"{0: 1, 1: 5}",1.0,1,1,linear,5,1,5,0,0,1,6,0,1,"{1: 5, 0: 1}",{0: 5},0.625,ttdf_3f2e1b780bcd,pilot2_train,floor|multiply|negate|square_value|percent_of|nearest_integer,topo_02b29308ce2b,1
1.0,0.0,6+,6,6,0.333333,"{0: 1, 1: 5}",1.0,1,1,linear,5,1,5,0,0,1,6,0,1,"{1: 5, 0: 1}",{0: 5},0.5,ttdf_a4c6ec0562d9,pilot2_train,negate|decrease_by_percent|ratio_of|average_of_two|reminder|nearest_integer,topo_02b29308ce2b,1
1.0,0.0,6+,6,6,0.333333,"{0: 1, 1: 5}",1.0,1,1,linear,5,1,5,0,0,1,6,0,1,"{1: 5, 0: 1}",{0: 5},0.5,ttdf_b000d0825af9,pilot2_train,sqrt|ratio_of|product_of_numbers|subtract|divide|nearest_integer,topo_02b29308ce2b,1
1.0,0.0,6+,6,6,0.333333,"{0: 1, 1: 5}",1.0,1,1,linear,5,1,5,0,0,1,6,0,1,"{1: 5, 0: 1}",{0: 5},0.555556,ttdf_664ae574e153,pilot2_train,km_to_meters|absolute_difference|meters_to_km|ratio_of|multiply|nearest_integer,topo_02b29308ce2b,1
2.0,0.2,5,4,4,0.4,"{0: 2, 1: 2, 2: 1}",0.0,2,1,fan_in,3,2,4,1,0,1,5,0,2,"{1: 4, 0: 1}",{0: 4},0.4,ttdf_388100fe8a5d,pilot2_train,trim_precision|midpoint_value|split_evenly|remaining_after|portion_by_rate,topo_2b041b861492,1
1.0,0.0,3,3,3,0.666667,"{0: 1, 1: 2}",1.0,1,1,linear,2,1,2,0,0,1,3,0,1,"{1: 2, 0: 1}",{0: 2},0.4,ttdf_4f3817ff74f8,pilot2_train,shrink_by_rate|gap_between|flip_sign,topo_1c8dbe1830b2,1
2.0,0.25,4,3,3,0.5,"{0: 2, 2: 1, 1: 1}",0.0,2,1,fan_in,2,2,3,1,0,1,4,0,2,"{1: 3, 0: 1}",{0: 3},0.428571,ttdf_345a597e7cc9,pilot2_train,shrink_by_rate|self_product|portion_by_rate|annotate_measurement,topo_bd3dd51ec1a9,1
1.0,0.0,2,2,2,1.0,"{0: 1, 1: 1}",1.0,1,1,linear,1,1,1,0,0,1,2,0,1,"{1: 1, 0: 1}",{0: 1},0.25,ttdf_1067fd7be5ba,pilot2_train,midpoint_value|per_unit_value,topo_fdeb50f24873,1
2.0,0.25,4,3,3,0.5,"{0: 2, 1: 1, 2: 1}",0.0,2,1,fan_in,2,2,3,1,0,1,4,0,2,"{1: 3, 0: 1}",{0: 3},0.428571,ttdf_4c4179dc2d06,pilot2_train,negate|percent_of|quotient_of|ratio_of,topo_5b37b75596d2,1
1.0,0.0,2,2,2,1.0,"{0: 1, 1: 1}",1.0,1,1,linear,1,1,1,0,0,1,2,0,1,"{1: 1, 0: 1}",{0: 1},0.25,ttdf_39de1d7ca9c1,pilot2_train,shrink_by_rate|shrink_by_rate,topo_fdeb50f24873,1
1.0,0.0,2,2,2,1.0,"{0: 1, 1: 1}",1.0,1,1,linear,1,1,1,0,0,1,2,0,1,"{1: 1, 0: 1}",{0: 1},0.333333,ttdf_855c0bfa1729,pilot2_train,whole_number_of|combine_amounts,topo_fdeb50f24873,1
1.0,0.0,2,2,2,1.0,"{0: 1, 1: 1}",1.0,1,1,linear,1,1,1,0,0,1,2,0,1,"{1: 1, 0: 1}",{0: 1},0.166667,ttdf_488643ad6bd5,pilot2_train,absolute_difference|scale_values,topo_fdeb50f24873,1
2.0,0.333333,3,2,2,0.666667,"{0: 2, 2: 1}",0.0,2,1,fan_in,1,2,2,1,0,1,3,0,2,"{1: 2, 0: 1}",{0: 2},0.4,ttdf_19b91e7a1afd,pilot2_train,combine_amounts|whole_minutes_from_seconds|gap_between,topo_911586a55488,1
1.0,0.0,2,2,2,1.0,"{0: 1, 1: 1}",1.0,1,1,linear,1,1,1,0,0,1,2,0,1,"{1: 1, 0: 1}",{0: 1},0.25,ttdf_38f244a7df84,pilot2_train,floor_divide|average_of_two,topo_fdeb50f24873,1
3.0,0.25,4,2,2,0.5,"{0: 3, 3: 1}",0.0,3,1,fan_in,1,3,3,1,0,1,4,0,3,"{1: 3, 0: 1}",{0: 3},0.375,ttdf_28a45ed58282,pilot2_train,absolute_difference|increase_by_percent|inverse|range_of_three,topo_64b2717a77dd,1
2.0,0.333333,3,2,2,0.666667,"{0: 2, 2: 1}",0.0,2,1,fan_in,1,2,2,1,0,1,3,0,2,"{1: 2, 0: 1}",{0: 2},0.4,ttdf_345e33c16f78,pilot2_train,round_up_whole|per_unit_value|pairwise_product,topo_911586a55488,1
1.0,0.0,6+,8,8,0.25,"{0: 1, 1: 7}",1.0,1,1,linear,7,1,7,0,0,1,8,0,1,"{1: 7, 0: 1}",{0: 7},0.411765,ttdf_11eb15dd5179,pilot2_train,aggregate_total|shrink_by_rate|gap_between|round_down_whole|remaining_after|per_unit_value|round_up_whole|total_of_pair,topo_ff8ead63c33b,1
1.0,0.0,3,3,3,0.666667,"{0: 1, 1: 2}",1.0,1,1,linear,2,1,2,0,0,1,3,0,1,"{1: 2, 0: 1}",{0: 2},0.285714,ttdf_30f0bb5f9fd4,pilot2_train,hours_to_minutes|modulo_of|append_to_values,topo_1c8dbe1830b2,1
2.0,0.25,4,3,3,0.5,"{0: 2, 1: 1, 2: 1}",0.0,2,1,fan_in,2,2,3,1,0,1,4,0,2,"{1: 3, 0: 1}",{0: 3},0.375,ttdf_63807871db1c,pilot2_train,increase_by_percent|round_to_decimals|multiply|add,topo_30980484d6d7,1
1.0,0.0,2,2,2,1.0,"{0: 1, 1: 1}",1.0,1,1,linear,1,1,1,0,0,1,2,0,1,"{1: 1, 0: 1}",{0: 1},0.25,ttdf_2d9f2ebc27ee,pilot2_train,add|percentage_value,topo_fdeb50f24873,1
2.0,0.25,4,3,3,0.5,"{0: 2, 2: 1, 1: 1}",0.0,2,1,fan_in,2,2,3,1,0,1,4,0,2,"{1: 3, 0: 1}",{0: 3},0.5,ttdf_60f2ad07a54c,pilot2_train,fahrenheit_from_celsius|whole_number_of|gap_between|compose_reference_code,topo_bd3dd51ec1a9,1
1.0,0.0,3,3,3,0.666667,"{0: 1, 1: 2}",1.0,1,1,linear,2,1,2,0,0,1,3,0,1,"{1: 2, 0: 1}",{0: 2},0.222222,ttdf_11520fc95946,pilot2_train,minutes_to_seconds|subtract|scale_values,topo_1c8dbe1830b2,1
2.0,0.25,4,3,3,0.5,"{0: 2, 2: 1, 1: 1}",0.0,2,1,fan_in,2,2,3,1,0,1,4,0,2,"{1: 3, 0: 1}",{0: 3},0.428571,ttdf_59aa09761393,pilot2_train,round_up_whole|grow_by_rate|remaining_after|annotate_measurement,topo_bd3dd51ec1a9,1
2.0,0.25,4,3,3,0.5,"{0: 2, 1: 1, 2: 1}",0.0,2,1,fan_in,2,2,3,1,0,1,4,0,2,"{1: 3, 0: 1}",{0: 3},0.375,ttdf_8184ea063f73,pilot2_train,round_to_decimals|ratio_of|add|ratio_of,topo_30980484d6d7,1
1.0,0.0,4,4,4,0.5,"{0: 1, 1: 3}",1.0,1,1,linear,3,1,3,0,0,1,4,0,1,"{1: 3, 0: 1}",{0: 3},0.6,ttdf_4afe482200e9,pilot2_train,reciprocal_value|reduce_amount|reciprocal_value|round_down_whole,topo_5296967693d8,1
1.0,0.0,2,2,2,1.0,"{0: 1, 1: 1}",1.0,1,1,linear,1,1,1,0,0,1,2,0,1,"{1: 1, 0: 1}",{0: 1},0.25,ttdf_5d7ab71f1f38,pilot2_train,leftover_after_grouping|pairwise_product,topo_fdeb50f24873,1
1.0,0.0,2,2,2,1.0,"{0: 1, 1: 1}",1.0,1,1,linear,1,1,1,0,0,1,2,0,1,"{1: 1, 0: 1}",{0: 1},0.2,ttdf_06ba5fd3d7c3,pilot2_train,ratio_of|is_within_range,topo_fdeb50f24873,1
1.0,0.0,2,2,2,1.0,"{0: 1, 1: 1}",1.0,1,1,linear,1,1,1,0,0,1,2,0,1,"{1: 1, 0: 1}",{0: 1},0.333333,ttdf_2cbb342f97b7,pilot2_train,inverse|quotient_of,topo_fdeb50f24873,1
3.0,0.25,4,2,2,0.5,"{0: 3, 3: 1}",0.0,3,1,fan_in,1,3,3,1,0,1,4,0,3,"{1: 3, 0: 1}",{0: 3},0.375,ttdf_72bdb8dd4fbf,pilot2_train,per_unit_value|per_unit_value|root_extract|total_of_three_parts,topo_64b2717a77dd,1
2.0,0.142857,6+,4,4,0.285714,"{0: 2, 1: 4, 2: 1}",0.0,2,1,fan_in,5,2,6,1,0,1,7,0,2,"{1: 6, 0: 1}",{0: 6},0.461538,ttdf_11007d7e7377,pilot2_train,difference_of_numbers|average_of_two|modulo_of|celsius_to_fahrenheit|percent_of|product_of_numbers|absolute_difference,topo_63f405a71afa,1
2.0,0.166667,6+,5,5,0.333333,"{0: 2, 1: 3, 2: 1}",0.0,2,1,fan_in,4,2,5,1,0,1,6,0,2,"{1: 5, 0: 1}",{0: 5},0.555556,ttdf_5832b7b98c41,pilot2_train,nearest_integer|floor|product_of_numbers|sqrt|average_of_two|percentage_value,topo_33e36888cf10,1
1.0,0.0,6+,6,6,0.333333,"{0: 1, 1: 5}",1.0,1,1,linear,5,1,5,0,0,1,6,0,1,"{1: 5, 0: 1}",{0: 5},0.454545,ttdf_1a01c6d536a4,pilot2_train,percentage_value|subtract|floor_divide|increase_by_percent|absolute_difference|nearest_integer,topo_02b29308ce2b,1
2.0,0.333333,3,2,2,0.666667,"{0: 2, 2: 1}",0.0,2,1,fan_in,1,2,2,1,0,1,3,0,2,"{1: 2, 0: 1}",{0: 2},0.4,ttdf_8f88fd432c9f,pilot2_train,flip_sign|midpoint_value|midpoint_value,topo_911586a55488,1
2.0,0.166667,6+,4,4,0.333333,"{0: 2, 1: 3, 2: 1}",0.0,2,1,fan_in,4,2,5,1,0,1,6,0,2,"{1: 5, 0: 1}",{0: 5},0.416667,ttdf_7e8a91761acf,pilot2_train,total_of_pair|midpoint_value|pairwise_product|grow_by_rate|shrink_by_rate|portion_by_rate,topo_2b9a65f092bb,1
1.0,0.0,2,2,2,1.0,"{0: 1, 1: 1}",1.0,1,1,linear,1,1,1,0,0,1,2,0,1,"{1: 1, 0: 1}",{0: 1},0.125,ttdf_f92c36f7cea2,pilot2_train,decrease_by_percent|scale_values,topo_fdeb50f24873,1
2.0,0.25,4,3,3,0.5,"{0: 2, 1: 1, 2: 1}",0.0,2,1,fan_in,2,2,3,1,0,1,4,0,2,"{1: 3, 0: 1}",{0: 3},0.375,ttdf_e66bdf672840,pilot2_train,absolute_difference|add|add|percent_of,topo_5b37b75596d2,1
1.0,0.0,2,2,2,1.0,"{0: 1, 1: 1}",1.0,1,1,linear,1,1,1,0,0,1,2,0,1,"{1: 1, 0: 1}",{0: 1},0.125,ttdf_41c88cf7597f,pilot2_train,absolute_difference|append_to_values,topo_fdeb50f24873,1
1.0,0.0,3,3,3,0.666667,"{0: 1, 1: 2}",1.0,1,1,linear,2,1,2,0,0,1,3,0,1,"{1: 2, 0: 1}",{0: 2},0.333333,ttdf_4d939df092b1,pilot2_train,scale_quantity|split_evenly|split_evenly,topo_1c8dbe1830b2,1
2.0,0.333333,3,2,2,0.666667,"{0: 2, 2: 1}",0.0,2,1,fan_in,1,2,2,1,0,1,3,0,2,"{1: 2, 0: 1}",{0: 2},0.4,ttdf_57b5548d9406,pilot2_train,divide|sqrt|percentage_value,topo_911586a55488,1
1.0,0.0,2,2,2,1.0,"{0: 1, 1: 1}",1.0,1,1,linear,1,1,1,0,0,1,2,0,1,"{1: 1, 0: 1}",{0: 1},0.333333,ttdf_94adadc888d5,pilot2_train,whole_number_of|midpoint_value,topo_fdeb50f24873,1
1.0,0.0,2,2,2,1.0,"{0: 1, 1: 1}",1.0,1,1,linear,1,1,1,0,0,1,2,0,1,"{1: 1, 0: 1}",{0: 1},0.25,ttdf_314ea5b76065,pilot2_train,reminder|average_of_two,topo_fdeb50f24873,1
2.0,0.25,4,3,3,0.5,"{0: 2, 1: 1, 2: 1}",0.0,2,1,fan_in,2,2,3,1,0,1,4,0,2,"{1: 3, 0: 1}",{0: 3},0.375,ttdf_2149efb92e7e,pilot2_train,sum_two_numbers|product_of_numbers|absolute_difference|ratio_of,topo_5b37b75596d2,1
1.0,0.0,2,2,2,1.0,"{0: 1, 1: 1}",1.0,1,1,linear,1,1,1,0,0,1,2,0,1,"{1: 1, 0: 1}",{0: 1},0.25,ttdf_64a78fd53317,pilot2_train,percentage_value|difference_of_numbers,topo_fdeb50f24873,1
1.0,0.0,3,3,3,0.666667,"{0: 1, 1: 2}",1.0,1,1,linear,2,1,2,0,0,1,3,0,1,"{1: 2, 0: 1}",{0: 2},0.4,ttdf_04c828f63ace,pilot2_train,km_from_meters|portion_by_rate|leftover_after_grouping,topo_1c8dbe1830b2,1
2.0,0.166667,6+,5,5,0.333333,"{0: 2, 1: 3, 2: 1}",0.0,2,1,fan_in,4,2,5,1,0,1,6,0,2,"{1: 5, 0: 1}",{0: 5},0.5,ttdf_408521e81a3f,pilot2_train,km_to_meters|average_of_two|reminder|floor|multiply|ratio_of,topo_926312b15db7,1
1.0,0.0,2,2,2,1.0,"{0: 1, 1: 1}",1.0,1,1,linear,1,1,1,0,0,1,2,0,1,"{1: 1, 0: 1}",{0: 1},0.25,ttdf_1ed8a644cc8a,pilot2_train,absolute_difference|decrease_by_percent,topo_fdeb50f24873,1
1.0,0.0,5,5,5,0.4,"{0: 1, 1: 4}",1.0,1,1,linear,4,1,4,0,0,1,5,0,1,"{1: 4, 0: 1}",{0: 4},0.444444,ttdf_6f17398ee5d4,pilot2_train,celsius_to_fahrenheit|product_of_numbers|reminder|ratio_of|average_of_two,topo_d228dd6db98a,1
3.0,0.25,4,2,2,0.5,"{0: 3, 3: 1}",0.0,3,1,fan_in,1,3,3,1,0,1,4,0,3,"{1: 3, 0: 1}",{0: 3},0.375,ttdf_283f1d6b4583,pilot2_train,negate|multiply|whole_quotient|range_of_three,topo_64b2717a77dd,1
1.0,0.0,6+,8,8,0.25,"{0: 1, 1: 7}",1.0,1,1,linear,7,1,7,0,0,1,8,0,1,"{1: 7, 0: 1}",{0: 7},0.5,ttdf_46375cd341af,pilot2_train,fahrenheit_to_celsius|divide|absolute_difference|ratio_of|absolute_difference|increase_by_percent|round_to_decimals|nearest_integer,topo_ff8ead63c33b,1
1.0,0.0,2,2,2,1.0,"{0: 1, 1: 1}",1.0,1,1,linear,1,1,1,0,0,1,2,0,1,"{1: 1, 0: 1}",{0: 1},0.25,ttdf_042a02215c83,pilot2_train,trim_precision|reduce_amount,topo_fdeb50f24873,1
1.0,0.0,2,2,2,1.0,"{0: 1, 1: 1}",1.0,1,1,linear,1,1,1,0,0,1,2,0,1,"{1: 1, 0: 1}",{0: 1},0.333333,ttdf_b34b38ffe304,pilot2_train,root_extract|full_groups_of,topo_fdeb50f24873,1
1.0,0.0,2,2,2,1.0,"{0: 1, 1: 1}",1.0,1,1,linear,1,1,1,0,0,1,2,0,1,"{1: 1, 0: 1}",{0: 1},0.25,ttdf_df1956030c8d,pilot2_train,absolute_difference|ratio_of,topo_fdeb50f24873,1
1.0,0.0,2,2,2,1.0,"{0: 1, 1: 1}",1.0,1,1,linear,1,1,1,0,0,1,2,0,1,"{1: 1, 0: 1}",{0: 1},0.25,ttdf_127c85b67981,pilot2_train,grow_by_rate|midpoint_value,topo_fdeb50f24873,1
1.0,0.0,5,5,5,0.4,"{0: 1, 1: 4}",1.0,1,1,linear,4,1,4,0,0,1,5,0,1,"{1: 4, 0: 1}",{0: 4},0.285714,ttdf_30ca87b646fd,pilot2_train,sum_of_values|absolute_difference|divide|round_to_decimals|divide,topo_d228dd6db98a,1
2.0,0.25,4,3,3,0.5,"{0: 2, 1: 1, 2: 1}",0.0,2,1,fan_in,2,2,3,1,0,1,4,0,2,"{1: 3, 0: 1}",{0: 3},0.428571,ttdf_0242d9777a3f,pilot2_train,ceiling|percentage_value|absolute_difference|average_of_two,topo_5b37b75596d2,1
2.0,0.333333,3,2,2,0.666667,"{0: 2, 2: 1}",0.0,2,1,fan_in,1,2,2,1,0,1,3,0,2,"{1: 2, 0: 1}",{0: 2},0.4,ttdf_4f5fa4d0edc3,pilot2_train,ratio_of|meters_to_km|percent_of,topo_911586a55488,1
2.0,0.166667,6+,4,4,0.333333,"{0: 2, 1: 3, 2: 1}",0.0,2,1,fan_in,4,2,5,1,0,1,6,0,2,"{1: 5, 0: 1}",{0: 5},0.5,ttdf_07a8b076e2d7,pilot2_train,km_to_meters|ratio_of|round_to_decimals|multiply|nearest_integer|quotient_of,topo_5cf1a13edea8,1
1.0,0.0,3,3,3,0.666667,"{0: 1, 1: 2}",1.0,1,1,linear,2,1,2,0,0,1,3,0,1,"{1: 2, 0: 1}",{0: 2},0.285714,ttdf_0fd1d2ecd27d,pilot2_train,seconds_to_full_minutes|absolute_difference|append_to_values,topo_1c8dbe1830b2,1
1.0,0.0,2,2,2,1.0,"{0: 1, 1: 1}",1.0,1,1,linear,1,1,1,0,0,1,2,0,1,"{1: 1, 0: 1}",{0: 1},0.333333,ttdf_178a8a0f527a,pilot2_train,self_product|reduce_amount,topo_fdeb50f24873,1
1.0,0.0,3,3,3,0.666667,"{0: 1, 1: 2}",1.0,1,1,linear,2,1,2,0,0,1,3,0,1,"{1: 2, 0: 1}",{0: 2},0.4,ttdf_13647563f2d7,pilot2_train,midpoint_value|portion_by_rate|whole_number_of,topo_1c8dbe1830b2,1
2.0,0.125,6+,7,7,0.25,"{0: 2, 1: 5, 2: 1}",0.0,2,1,fan_in,6,2,7,1,0,1,8,0,2,"{1: 7, 0: 1}",{0: 7},0.538462,ttdf_b7ee3cebcd0d,pilot2_train,fahrenheit_from_celsius|flip_sign|remaining_after|shrink_by_rate|leftover_after_grouping|round_down_whole|gap_between|remaining_after,topo_596ff8eb2493,1
1.0,0.0,3,3,3,0.666667,"{0: 1, 1: 2}",1.0,1,1,linear,2,1,2,0,0,1,3,0,1,"{1: 2, 0: 1}",{0: 2},0.333333,ttdf_15ed3b826bb6,pilot2_train,portion_by_rate|combine_amounts|full_groups_of,topo_1c8dbe1830b2,1
2.0,0.25,4,3,3,0.5,"{0: 2, 2: 1, 1: 1}",0.0,2,1,fan_in,2,2,3,1,0,1,4,0,2,"{1: 3, 0: 1}",{0: 3},0.428571,ttdf_2dea76ac3bfb,pilot2_train,round_down_whole|scale_quantity|portion_by_rate|compose_reference_code,topo_bd3dd51ec1a9,1
1.0,0.0,2,2,2,1.0,"{0: 1, 1: 1}",1.0,1,1,linear,1,1,1,0,0,1,2,0,1,"{1: 1, 0: 1}",{0: 1},0.25,ttdf_69a8f87de877,pilot2_train,total_of_pair|shrink_by_rate,topo_fdeb50f24873,1
1.0,0.0,2,2,2,1.0,"{0: 1, 1: 1}",1.0,1,1,linear,1,1,1,0,0,1,2,0,1,"{1: 1, 0: 1}",{0: 1},0.5,ttdf_5ab1d2b6b663,pilot2_train,flip_sign|reciprocal_value,topo_fdeb50f24873,1
2.0,0.2,5,4,4,0.4,"{0: 2, 1: 2, 2: 1}",0.0,2,1,fan_in,3,2,4,1,0,1,5,0,2,"{1: 4, 0: 1}",{0: 4},0.571429,ttdf_01c4b480c3d9,pilot2_train,round_down_whole|celsius_from_fahrenheit|leftover_after_grouping|round_up_whole|gap_between,topo_2b041b861492,1
2.0,0.333333,3,2,2,0.666667,"{0: 2, 2: 1}",0.0,2,1,fan_in,1,2,2,1,0,1,3,0,2,"{1: 2, 0: 1}",{0: 2},0.4,ttdf_aa4d18091e7c,pilot2_train,floor|divide|product_of_numbers,topo_911586a55488,1
2.0,0.333333,3,2,2,0.666667,"{0: 2, 2: 1}",0.0,2,1,fan_in,1,2,2,1,0,1,3,0,2,"{1: 2, 0: 1}",{0: 2},0.4,ttdf_1723a9be8ad7,pilot2_train,average_of_two|seconds_to_full_minutes|percentage_value,topo_911586a55488,1
1.0,0.0,3,3,3,0.666667,"{0: 1, 1: 2}",1.0,1,1,linear,2,1,2,0,0,1,3,0,1,"{1: 2, 0: 1}",{0: 2},0.333333,ttdf_42dfe03aa03e,pilot2_train,per_unit_value|gap_between|scale_quantity,topo_1c8dbe1830b2,1
2.0,0.142857,6+,4,4,0.285714,"{0: 2, 1: 4, 2: 1}",0.0,2,1,fan_in,5,2,6,1,0,1,7,0,2,"{1: 6, 0: 1}",{0: 6},0.461538,ttdf_45c1968f9754,pilot2_train,round_up_whole|proportion_between|combine_amounts|leftover_after_grouping|midpoint_value|proportion_between|gap_between,topo_63f405a71afa,1
2.0,0.166667,6+,4,4,0.333333,"{0: 2, 1: 3, 2: 1}",0.0,2,1,fan_in,4,2,5,1,0,1,6,0,2,"{1: 5, 0: 1}",{0: 5},0.416667,ttdf_81085fa2f69b,pilot2_train,multiply|sum_two_numbers|round_to_decimals|subtract|multiply|average_of_two,topo_5cf1a13edea8,1
3.0,0.25,4,2,2,0.5,"{0: 3, 3: 1}",0.0,3,1,fan_in,1,3,3,1,0,1,4,0,3,"{1: 3, 0: 1}",{0: 3},0.428571,ttdf_155c26d9d75a,pilot2_train,round_up_whole|round_up_whole|per_unit_value|total_of_three_parts,topo_64b2717a77dd,1
3.0,0.166667,6+,3,3,0.333333,"{0: 3, 1: 2, 3: 1}",0.0,3,1,fan_in,3,3,5,1,0,1,6,0,3,"{1: 5, 0: 1}",{0: 5},0.416667,ttdf_fe5ae9b9a99a,pilot2_train,negate|ratio_of|quotient_of|difference_of_numbers|multiply|mean_of_three,topo_00ac72c33abd,1
1.0,0.0,2,2,2,1.0,"{0: 1, 1: 1}",1.0,1,1,linear,1,1,1,0,0,1,2,0,1,"{1: 1, 0: 1}",{0: 1},0.25,ttdf_35132b97327f,pilot2_train,average_of_two|is_greater,topo_fdeb50f24873,1
2.0,0.333333,3,2,2,0.666667,"{0: 2, 2: 1}",0.0,2,1,fan_in,1,2,2,1,0,1,3,0,2,"{1: 2, 0: 1}",{0: 2},0.4,ttdf_297b6a171cb4,pilot2_train,shrink_by_rate|meters_from_km|portion_by_rate,topo_911586a55488,1
2.0,0.333333,3,2,2,0.666667,"{0: 2, 2: 1}",0.0,2,1,fan_in,1,2,2,1,0,1,3,0,2,"{1: 2, 0: 1}",{0: 2},0.4,ttdf_014175c51425,pilot2_train,shrink_by_rate|seconds_from_minutes|midpoint_value,topo_911586a55488,1
1.0,0.0,2,2,2,1.0,"{0: 1, 1: 1}",1.0,1,1,linear,1,1,1,0,0,1,2,0,1,"{1: 1, 0: 1}",{0: 1},0.25,ttdf_32779d4cdbaf,pilot2_train,divide|average_of_two,topo_fdeb50f24873,1
2.0,0.166667,6+,5,5,0.333333,"{0: 2, 1: 3, 2: 1}",0.0,2,1,fan_in,4,2,5,1,0,1,6,0,2,"{1: 5, 0: 1}",{0: 5},0.5,ttdf_9bebf639b493,pilot2_train,increase_by_percent|square_value|average_of_two|sqrt|decrease_by_percent|sum_two_numbers,topo_926312b15db7,1
1.0,0.0,2,2,2,1.0,"{0: 1, 1: 1}",1.0,1,1,linear,1,1,1,0,0,1,2,0,1,"{1: 1, 0: 1}",{0: 1},0.333333,ttdf_2b986e6bdea7,pilot2_train,sqrt|decrease_by_percent,topo_fdeb50f24873,1
1.0,0.0,2,2,2,1.0,"{0: 1, 1: 1}",1.0,1,1,linear,1,1,1,0,0,1,2,0,1,"{1: 1, 0: 1}",{0: 1},0.25,ttdf_3bfb5f490e04,pilot2_train,midpoint_value|grow_by_rate,topo_fdeb50f24873,1
1.0,0.0,3,3,3,0.666667,"{0: 1, 1: 2}",1.0,1,1,linear,2,1,2,0,0,1,3,0,1,"{1: 2, 0: 1}",{0: 2},0.285714,ttdf_38ab9ad4cef6,pilot2_train,round_to_decimals|inverse|scale_values,topo_1c8dbe1830b2,1
1.0,0.0,2,2,2,1.0,"{0: 1, 1: 1}",1.0,1,1,linear,1,1,1,0,0,1,2,0,1,"{1: 1, 0: 1}",{0: 1},0.25,ttdf_b817ed62a478,pilot2_train,pairwise_product|proportion_between,topo_fdeb50f24873,1
2.0,0.142857,6+,5,5,0.285714,"{0: 2, 1: 4, 2: 1}",0.0,2,1,fan_in,5,2,6,1,0,1,7,0,2,"{1: 6, 0: 1}",{0: 6},0.461538,ttdf_58f08c4edc40,pilot2_train,combine_amounts|reduce_amount|leftover_after_grouping|gap_between|reciprocal_value|midpoint_value|midpoint_value,topo_9e01698159b0,1
2.0,0.25,4,3,3,0.5,"{0: 2, 1: 1, 2: 1}",0.0,2,1,fan_in,2,2,3,1,0,1,4,0,2,"{1: 3, 0: 1}",{0: 3},0.428571,ttdf_67945aea207c,pilot2_train,floor|modulo_of|decrease_by_percent|divide,topo_30980484d6d7,1
1.0,0.0,2,2,2,1.0,"{0: 1, 1: 1}",1.0,1,1,linear,1,1,1,0,0,1,2,0,1,"{1: 1, 0: 1}",{0: 1},0.333333,ttdf_00a9b63f9539,pilot2_train,round_down_whole|midpoint_value,topo_fdeb50f24873,1
3.0,0.142857,6+,3,3,0.285714,"{0: 3, 1: 3, 3: 1}",0.0,3,1,fan_in,4,3,6,1,0,1,7,0,3,"{1: 6, 0: 1}",{0: 6},0.461538,ttdf_300011213666,pilot2_train,add|absolute_difference|inverse|difference_of_numbers|difference_of_numbers|square_value|sum_of_three,topo_b53a306e6f0b,1
1.0,0.0,2,2,2,1.0,"{0: 1, 1: 1}",1.0,1,1,linear,1,1,1,0,0,1,2,0,1,"{1: 1, 0: 1}",{0: 1},0.25,ttdf_73282ea5cdf9,pilot2_train,quotient_of|quotient_of,topo_fdeb50f24873,1
1.0,0.0,6+,6,6,0.333333,"{0: 1, 1: 5}",1.0,1,1,linear,5,1,5,0,0,1,6,0,1,"{1: 5, 0: 1}",{0: 5},0.454545,ttdf_07bf20b2416e,pilot2_train,gap_between|leftover_after_grouping|scale_quantity|per_unit_value|scale_quantity|root_extract,topo_02b29308ce2b,1
1.0,0.0,2,2,2,1.0,"{0: 1, 1: 1}",1.0,1,1,linear,1,1,1,0,0,1,2,0,1,"{1: 1, 0: 1}",{0: 1},0.166667,ttdf_1b08044d3347,pilot2_train,range_of_values|is_within_range,topo_fdeb50f24873,1
1.0,0.0,2,2,2,1.0,"{0: 1, 1: 1}",1.0,1,1,linear,1,1,1,0,0,1,2,0,1,"{1: 1, 0: 1}",{0: 1},0.25,ttdf_8e3ba4561df0,pilot2_train,ratio_of|increase_by_percent,topo_fdeb50f24873,1
2.0,0.333333,3,2,2,0.666667,"{0: 2, 2: 1}",0.0,2,1,fan_in,1,2,2,1,0,1,3,0,2,"{1: 2, 0: 1}",{0: 2},0.4,ttdf_74694b7d01eb,pilot2_train,absolute_difference|nearest_integer|percentage_value,topo_911586a55488,1
1.0,0.0,2,2,2,1.0,"{0: 1, 1: 1}",1.0,1,1,linear,1,1,1,0,0,1,2,0,1,"{1: 1, 0: 1}",{0: 1},0.25,ttdf_272ce16153d2,pilot2_train,floor_divide|is_divisible_by,topo_fdeb50f24873,1
2.0,0.333333,3,2,2,0.666667,"{0: 2, 2: 1}",0.0,2,1,fan_in,1,2,2,1,0,1,3,0,2,"{1: 2, 0: 1}",{0: 2},0.4,ttdf_19f9e9aa46b1,pilot2_train,nearest_integer|ratio_of|product_of_numbers,topo_911586a55488,1
2.0,0.2,5,4,4,0.4,"{0: 2, 1: 2, 2: 1}",0.0,2,1,fan_in,3,2,4,1,0,1,5,0,2,"{1: 4, 0: 1}",{0: 4},0.444444,ttdf_28ea68541817,pilot2_train,percentage_value|nearest_integer|floor_divide|ratio_of|build_tag,topo_0c51481d8aeb,1
1.0,0.0,4,4,4,0.5,"{0: 1, 1: 3}",1.0,1,1,linear,3,1,3,0,0,1,4,0,1,"{1: 3, 0: 1}",{0: 3},0.5,ttdf_04b100a77d6b,pilot2_train,fahrenheit_to_celsius|average_of_two|increase_by_percent|floor,topo_5296967693d8,1
1.0,0.0,2,2,2,1.0,"{0: 1, 1: 1}",1.0,1,1,linear,1,1,1,0,0,1,2,0,1,"{1: 1, 0: 1}",{0: 1},0.25,ttdf_4241c5b98748,pilot2_train,decrease_by_percent|floor_divide,topo_fdeb50f24873,1
2.0,0.333333,3,2,2,0.666667,"{0: 2, 2: 1}",0.0,2,1,fan_in,1,2,2,1,0,1,3,0,2,"{1: 2, 0: 1}",{0: 2},0.333333,000b6bed-2a29-4199-a359-0e107922a1ff,diagnostic,add|add|divide,topo_911586a55488,1
1.0,0.0,2,2,2,1.0,"{0: 1, 1: 1}",1.0,1,1,linear,1,1,1,0,0,1,2,0,1,"{1: 1, 0: 1}",{0: 1},0.166667,01e1c208-31dc-4ae6-89ae-da9efb73c7e3,diagnostic,find_negative|format_number,topo_fdeb50f24873,1
1.0,0.0,5,5,5,0.4,"{0: 1, 1: 4}",1.0,1,1,linear,4,1,4,0,0,1,5,0,1,"{1: 4, 0: 1}",{0: 4},0.4,0214b225-23ae-4a8f-bb93-8fbaec94831c,diagnostic,divide|multiply|subtract|divide|divide,topo_d228dd6db98a,1
1.0,0.0,2,2,2,1.0,"{0: 1, 1: 1}",1.0,1,1,linear,1,1,1,0,0,1,2,0,1,"{1: 1, 0: 1}",{0: 1},0.333333,0219f9a1-ced9-4e6d-9b99-1570e1178b66,diagnostic,round_to_ceiling|multiply_without_star,topo_fdeb50f24873,1
2.0,0.25,4,3,3,0.5,"{0: 2, 1: 1, 2: 1}",0.0,2,1,fan_in,2,2,3,1,0,1,4,0,2,"{1: 3, 0: 1}",{0: 3},0.375,037ab7a7-2503-4a04-9bde-f2d81c184790,diagnostic,multiply|add|subtract|divide,topo_30980484d6d7,1
1.0,0.0,2,2,2,1.0,"{0: 1, 1: 1}",1.0,1,1,linear,1,1,1,0,0,1,2,0,1,"{1: 1, 0: 1}",{0: 1},0.25,038f3d86-b97b-49e6-b878-1b80c73fb744,diagnostic,divide|multiply,topo_fdeb50f24873,1
1.0,0.0,2,2,2,1.0,"{0: 1, 1: 1}",1.0,1,1,linear,1,1,1,0,0,1,2,0,1,"{1: 1, 0: 1}",{0: 1},0.25,047fb639-ca36-4a73-9407-507b8c3b4c5d,diagnostic,add|divide,topo_fdeb50f24873,1
2.0,0.333333,3,2,2,0.666667,"{0: 2, 2: 1}",0.0,2,1,fan_in,1,2,2,1,0,1,3,0,2,"{1: 2, 0: 1}",{0: 2},0.333333,04bd68f8-3e77-4cda-b43f-c42616d95d33,diagnostic,subtract|subtract|divide,topo_911586a55488,1
2.0,0.142857,6+,5,5,0.285714,"{0: 2, 1: 4, 2: 1}",0.0,2,1,fan_in,5,2,6,1,0,1,7,0,2,"{1: 6, 0: 1}",{0: 6},0.428571,04d81d58-98bf-4665-87aa-6eed765ce6f0,diagnostic,multiply|power|multiply|power|subtract|subtract|divide,topo_619388d6c582,1
1.0,0.0,2,2,2,1.0,"{0: 1, 1: 1}",1.0,1,1,linear,1,1,1,0,0,1,2,0,1,"{1: 1, 0: 1}",{0: 1},0.25,05b1bdbd-de3f-4773-b867-990b6006aef2,diagnostic,subtract|divide,topo_fdeb50f24873,1
1.0,0.0,4,4,4,0.5,"{0: 1, 1: 3}",1.0,1,1,linear,3,1,3,0,0,1,4,0,1,"{1: 3, 0: 1}",{0: 3},0.375,05ec87ae-0659-42c3-82e8-a0645c4a70df,diagnostic,divide|subtract|divide|subtract,topo_5296967693d8,1
1.0,0.0,2,2,2,1.0,"{0: 1, 1: 1}",1.0,1,1,linear,1,1,1,0,0,1,2,0,1,"{1: 1, 0: 1}",{0: 1},0.25,06706b83-4657-4e2c-b372-af1d826f1b6e,diagnostic,replace_title|evaluate_boolean_expression,topo_fdeb50f24873,1
2.0,0.25,6+,10,10,0.055556,"{0: 10, 1: 17, 2: 9}",0.0,2,1,fan_in,26,10,35,9,0,1,36,0,10,"{1: 35, 0: 1}",{0: 35},0.486111,07df2ad6-7ac0-4c6a-b79a-0b02782d0235,diagnostic,add|add|subtract|add|add|divide|multiply|add|add|add|subtract|add|add|divide|add|add|add|subtract|add|add|divide|add|add|add|subtract|add|add|divide|add|add|add|subtract|add|add|divide|add,topo_94b2ebdeffae,1
2.0,0.2,5,4,4,0.4,"{0: 2, 1: 2, 2: 1}",0.0,2,1,fan_in,3,2,4,1,0,1,5,0,2,"{1: 4, 0: 1}",{0: 4},0.4,081ad64a-4bb8-4a0c-b2df-c21b7bc8cc35,diagnostic,multiply|multiply|add|add|divide,topo_2b041b861492,1
1.0,0.0,2,2,2,1.0,"{0: 1, 1: 1}",1.0,1,1,linear,1,1,1,0,0,1,2,0,1,"{1: 1, 0: 1}",{0: 1},0.142857,091b5d2a-206a-4ac4-81df-754ec6393b92,diagnostic,madlib_transformer|string_replace,topo_fdeb50f24873,1
2.0,0.2,5,4,4,0.4,"{0: 2, 1: 2, 2: 1}",0.0,2,1,fan_in,3,2,4,1,0,1,5,0,2,"{1: 4, 0: 1}",{0: 4},0.4,0a126d0d-6cfc-4370-b0e1-765cae294529,diagnostic,multiply|multiply|multiply|subtract|divide,topo_0c51481d8aeb,1
2.0,0.25,4,3,3,0.5,"{0: 2, 2: 1, 1: 1}",0.0,2,1,fan_in,2,2,3,1,0,1,4,0,2,"{1: 3, 0: 1}",{0: 3},0.375,0a78c579-29ef-4c96-918c-e8df417194dc,diagnostic,divide|divide|add|multiply,topo_bd3dd51ec1a9,1
2.0,0.25,4,3,3,0.5,"{0: 2, 1: 1, 2: 1}",0.0,2,1,fan_in,2,2,3,1,0,1,4,0,2,"{1: 3, 0: 1}",{0: 3},0.375,0af2696a-9970-4e55-ad31-57e14ca65f20,diagnostic,subtract|divide|divide|subtract,topo_30980484d6d7,1
1.0,0.0,3,3,3,0.666667,"{0: 1, 1: 2}",1.0,1,1,linear,2,1,2,0,0,1,3,0,1,"{1: 2, 0: 1}",{0: 2},0.333333,0b84b61f-8ee3-443f-a2f6-120462682951,diagnostic,divide|multiply|add,topo_1c8dbe1830b2,1
1.0,0.0,4,4,4,0.5,"{0: 1, 1: 3}",1.0,1,1,linear,3,1,3,0,0,1,4,0,1,"{1: 3, 0: 1}",{0: 3},0.375,0b8c39be-fcda-4d8c-b2d9-710a48d8d955,diagnostic,add|divide|divide|add,topo_5296967693d8,1
2.0,0.2,5,4,4,0.4,"{0: 2, 1: 2, 2: 1}",0.0,2,1,fan_in,3,2,4,1,0,1,5,0,2,"{1: 4, 0: 1}",{0: 4},0.571429,0baca5f1-6810-42b0-a9b4-051f76316bf1,diagnostic,inverse|inverse|divide|add|inverse,topo_7279e5f4b24a,1
1.0,0.0,2,2,2,1.0,"{0: 1, 1: 1}",1.0,1,1,linear,1,1,1,0,0,1,2,0,1,"{1: 1, 0: 1}",{0: 1},0.142857,0bb06ff9-8b0e-4eba-ae38-7dbab0ccc741,diagnostic,create_list|find_integers,topo_fdeb50f24873,1
1.0,0.0,2,2,2,1.0,"{0: 1, 1: 1}",1.0,1,1,linear,1,1,1,0,0,1,2,0,1,"{1: 1, 0: 1}",{0: 1},0.25,0c3f5a6d-1aec-4d52-9310-c0e0ab651fef,diagnostic,add|divide,topo_fdeb50f24873,1
1.0,0.0,2,2,2,1.0,"{0: 1, 1: 1}",1.0,1,1,linear,1,1,1,0,0,1,2,0,1,"{1: 1, 0: 1}",{0: 1},0.25,0c5881b2-9556-42dd-8922-00d35a26becd,diagnostic,divide|subtract,topo_fdeb50f24873,1
1.0,0.0,2,2,2,1.0,"{0: 1, 1: 1}",1.0,1,1,linear,1,1,1,0,0,1,2,0,1,"{1: 1, 0: 1}",{0: 1},0.333333,0cea3214-8bbb-443a-943e-de9038f8b5f9,diagnostic,repeat_str|convert_to_opposite_case,topo_fdeb50f24873,1
1.0,0.0,2,2,2,1.0,"{0: 1, 1: 1}",1.0,1,1,linear,1,1,1,0,0,1,2,0,1,"{1: 1, 0: 1}",{0: 1},0.333333,0d77d7ab-46ff-419f-882f-a34511651f6a,diagnostic,find_substrings|concatenate_with_commas,topo_fdeb50f24873,1
2.0,0.25,4,3,3,0.5,"{0: 2, 2: 1, 1: 1}",0.0,2,1,fan_in,2,2,3,1,0,1,4,0,2,"{1: 3, 0: 1}",{0: 3},0.375,0e370f74-67af-4218-a65f-8f39d4562c48,diagnostic,multiply|divide|multiply|divide,topo_bd3dd51ec1a9,1
2.0,0.363636,6+,5,5,0.181818,"{0: 5, 1: 2, 2: 4}",0.0,2,1,fan_in,6,5,10,4,0,1,11,0,5,"{1: 10, 0: 1}",{0: 10},0.454545,0edcb8a5-990e-4830-b55e-f920ac2ec474,diagnostic,divide|multiply|divide|multiply|divide|divide|multiply|subtract|divide|divide|divide,topo_dd4701abf20a,1
1.0,0.0,3,3,3,0.666667,"{0: 1, 1: 2}",1.0,1,1,linear,2,1,2,0,0,1,3,0,1,"{1: 2, 0: 1}",{0: 2},0.333333,0ef8ad41-e5ac-47dc-bc73-3ff7e647aa7e,diagnostic,subtract|divide|multiply,topo_1c8dbe1830b2,1
1.0,0.0,2,2,2,1.0,"{0: 1, 1: 1}",1.0,1,1,linear,1,1,1,0,0,1,2,0,1,"{1: 1, 0: 1}",{0: 1},0.5,0f0a365f-d57e-4682-891b-b43b9d244d33,diagnostic,sqrt_rounded|fib,topo_fdeb50f24873,1
1.0,0.0,4,4,4,0.5,"{0: 1, 1: 3}",1.0,1,1,linear,3,1,3,0,0,1,4,0,1,"{1: 3, 0: 1}",{0: 3},0.375,0f1d3aca-4e40-45a9-b1e8-9ef76e1e1cd2,diagnostic,add|add|divide|multiply,topo_5296967693d8,1
2.0,0.4,5,3,3,0.4,"{0: 3, 2: 2}",0.0,2,1,fan_in,2,3,4,2,0,1,5,0,3,"{1: 4, 0: 1}",{0: 4},0.4,0f4234c1-7508-46d2-85b3-6f659be4a9e5,diagnostic,add|speed|speed|add|divide,topo_5dc2042eea23,1
2.0,0.2,5,4,4,0.4,"{0: 2, 1: 2, 2: 1}",0.0,2,1,fan_in,3,2,4,1,0,1,5,0,2,"{1: 4, 0: 1}",{0: 4},0.4,0fcd0f80-2059-4e14-ba8f-04a89cb13ec8,diagnostic,multiply|subtract|subtract|subtract|divide,topo_774030263969,1
1.0,0.0,3,3,3,0.666667,"{0: 1, 1: 2}",1.0,1,1,linear,2,1,2,0,0,1,3,0,1,"{1: 2, 0: 1}",{0: 2},0.333333,100cb8c9-03ec-428f-ad0c-75e2fc296aaa,diagnostic,divide|multiply|multiply,topo_1c8dbe1830b2,1
2.0,0.333333,3,2,2,0.666667,"{0: 2, 2: 1}",0.0,2,1,fan_in,1,2,2,1,0,1,3,0,2,"{1: 2, 0: 1}",{0: 2},0.333333,10994d45-1097-43fa-965c-6cbdd1f7a2a0,diagnostic,multiply|add|divide,topo_911586a55488,1
2.0,0.25,4,3,3,0.5,"{0: 2, 1: 1, 2: 1}",0.0,2,1,fan_in,2,2,3,1,0,1,4,0,2,"{1: 3, 0: 1}",{0: 3},0.375,115e0164-7c78-42bc-9fd9-9ef06892325b,diagnostic,divide|divide|multiply|divide,topo_5b37b75596d2,1
2.0,0.210526,6+,7,7,0.105263,"{0: 5, 1: 10, 2: 4}",0.0,2,1,fan_in,14,5,18,4,0,1,19,0,5,"{1: 18, 0: 1}",{0: 18},0.473684,1163aa42-d931-4ae3-a9af-3800e1200319,diagnostic,divide|multiply|add|multiply|multiply|add|add|multiply|subtract|multiply|add|divide|multiply|multiply|add|divide|add|divide|multiply,topo_15e3d1d41487,1
2.0,0.333333,6+,4,4,0.333333,"{0: 3, 2: 2, 1: 1}",0.0,2,1,fan_in,3,3,5,2,0,1,6,0,3,"{1: 5, 0: 1}",{0: 5},0.5,123ce206-69a4-4901-93c1-ec1089eb8660,diagnostic,sqrt|subtract|sqrt|divide|multiply|subtract,topo_37f1fc553f96,1
2.0,0.4,5,3,3,0.4,"{0: 3, 2: 2}",0.0,2,1,fan_in,2,3,4,2,0,1,5,0,3,"{1: 4, 0: 1}",{0: 4},0.4,127a6fdd-24ca-4bfb-841c-3e1d9605dc1e,diagnostic,divide|divide|divide|add|add,topo_5dc2042eea23,1
2.0,0.4,5,3,3,0.4,"{0: 3, 2: 2}",0.0,2,1,fan_in,2,3,4,2,0,1,5,0,3,"{1: 4, 0: 1}",{0: 4},0.4,12b16d2a-7804-4be3-b278-86320411678e,diagnostic,subtract|subtract|divide|multiply|add,topo_5dc2042eea23,1
2.0,0.25,6+,4,4,0.25,"{0: 3, 1: 3, 2: 2}",0.0,2,1,fan_in,5,3,7,2,0,1,8,0,3,"{1: 7, 0: 1}",{0: 7},0.4375,12dc2f74-7b39-4722-a840-bca49488c27e,diagnostic,subtract|divide|subtract|divide|multiply|subtract|divide|multiply,topo_2048dd2b78ee,1
2.0,0.333333,3,2,2,0.666667,"{0: 2, 2: 1}",0.0,2,1,fan_in,1,2,2,1,0,1,3,0,2,"{1: 2, 0: 1}",{0: 2},0.333333,1310e585-1996-4df5-93f4-9f0b5a0838fd,diagnostic,multiply|divide|multiply,topo_911586a55488,1
2.0,0.2,5,3,3,0.4,"{0: 2, 1: 2, 2: 1}",0.0,2,1,fan_in,3,2,4,1,0,1,5,0,2,"{1: 4, 0: 1}",{0: 4},0.4,139b3427-bcac-4e67-aa20-de8bd3ad996b,diagnostic,subtract|multiply|subtract|subtract|divide,topo_17d840e0415f,1
1.0,0.0,2,2,2,1.0,"{0: 1, 1: 1}",1.0,1,1,linear,1,1,1,0,0,1,2,0,1,"{1: 1, 0: 1}",{0: 1},0.25,13cbad3d-d768-4d4d-bfce-542b6af4c28c,diagnostic,multiply|subtract,topo_fdeb50f24873,1
1.0,0.0,2,2,2,1.0,"{0: 1, 1: 1}",1.0,1,1,linear,1,1,1,0,0,1,2,0,1,"{1: 1, 0: 1}",{0: 1},0.25,141c02ac-0e10-4b84-8fee-d2c6d9878ff1,diagnostic,multiply|add,topo_fdeb50f24873,1
2.0,0.25,4,3,3,0.5,"{0: 2, 2: 1, 1: 1}",0.0,2,1,fan_in,2,2,3,1,0,1,4,0,2,"{1: 3, 0: 1}",{0: 3},0.375,147ffda7-4f8d-49e7-b4d7-799e4e43d10a,diagnostic,subtract|add|divide|multiply,topo_bd3dd51ec1a9,1
1.0,0.0,2,2,2,1.0,"{0: 1, 1: 1}",1.0,1,1,linear,1,1,1,0,0,1,2,0,1,"{1: 1, 0: 1}",{0: 1},0.2,14dcf34c-1e76-4163-ae1e-b5d073ab2e30,diagnostic,convert_from_srm_to_rgb|matrix_scale_multiply,topo_fdeb50f24873,1
2.0,0.25,4,3,3,0.5,"{0: 2, 2: 1, 1: 1}",0.0,2,1,fan_in,2,2,3,1,0,1,4,0,2,"{1: 3, 0: 1}",{0: 3},0.375,15475c99-4877-45c2-acb6-82b1b8fda842,diagnostic,divide|add|multiply|multiply,topo_bd3dd51ec1a9,1
2.0,0.2,5,4,4,0.4,"{0: 2, 1: 2, 2: 1}",0.0,2,1,fan_in,3,2,4,1,0,1,5,0,2,"{1: 4, 0: 1}",{0: 4},0.4,15c44ed2-3566-4319-b273-97c4c86fee73,diagnostic,multiply|divide|subtract|divide|divide,topo_774030263969,1
2.0,0.25,4,3,3,0.5,"{0: 2, 2: 1, 1: 1}",0.0,2,1,fan_in,2,2,3,1,0,1,4,0,2,"{1: 3, 0: 1}",{0: 3},0.428571,162bc9d2-4ec9-4bed-9e0b-4e9353dd8a93,diagnostic,divide|divide|subtract|inverse,topo_bd3dd51ec1a9,1
2.0,0.2,5,4,4,0.4,"{0: 2, 1: 2, 2: 1}",0.0,2,1,fan_in,3,2,4,1,0,1,5,0,2,"{1: 4, 0: 1}",{0: 4},0.444444,168257a8-a944-4dbc-8ae6-9b183edb9018,diagnostic,sqrt|add|divide|multiply|rectangle_area,topo_7279e5f4b24a,1
2.0,0.166667,6+,5,5,0.333333,"{0: 2, 1: 3, 2: 1}",0.0,2,1,fan_in,4,2,5,1,0,1,6,0,2,"{1: 5, 0: 1}",{0: 5},0.416667,1687e9c2-fcd0-43f9-9cd4-ffbcdb497c48,diagnostic,add|add|multiply|divide|subtract|subtract,topo_6083e580bf00,1
1.0,0.0,2,2,2,1.0,"{0: 1, 1: 1}",1.0,1,1,linear,1,1,1,0,0,1,2,0,1,"{1: 1, 0: 1}",{0: 1},0.25,1717147f-edc7-419b-9f2d-5f7fd6e2314b,diagnostic,divide|multiply,topo_fdeb50f24873,1
1.0,0.0,5,5,5,0.4,"{0: 1, 1: 4}",1.0,1,1,linear,4,1,4,0,0,1,5,0,1,"{1: 4, 0: 1}",{0: 4},0.4,174a02ed-7ae5-4508-9754-d9408a886790,diagnostic,divide|add|power|subtract|multiply,topo_d228dd6db98a,1
2.0,0.2,5,3,3,0.4,"{0: 2, 1: 2, 2: 1}",0.0,2,1,fan_in,3,2,4,1,0,1,5,0,2,"{1: 4, 0: 1}",{0: 4},0.4,1810cf06-7295-4bcb-aafb-ae1e0b6244cf,diagnostic,multiply|multiply|multiply|subtract|divide,topo_17d840e0415f,1
2.0,0.125,6+,7,7,0.25,"{0: 2, 1: 5, 2: 1}",0.0,2,1,fan_in,6,2,7,1,0,1,8,0,2,"{1: 7, 0: 1}",{0: 7},0.4375,185a7140-1b85-41cf-bcf2-ae8025282e07,diagnostic,multiply|multiply|add|multiply|add|add|add|subtract,topo_76993c3ca74e,1
1.0,0.0,2,2,2,1.0,"{0: 1, 1: 1}",1.0,1,1,linear,1,1,1,0,0,1,2,0,1,"{1: 1, 0: 1}",{0: 1},0.125,18c1e7de-838f-402c-b0eb-92740963761e,diagnostic,find_interval_distance|int_to_base_n,topo_fdeb50f24873,1
2.0,0.333333,3,2,2,0.666667,"{0: 2, 2: 1}",0.0,2,1,fan_in,1,2,2,1,0,1,3,0,2,"{1: 2, 0: 1}",{0: 2},0.333333,18f2119a-53e9-4e04-bd1a-2b88f2e68919,diagnostic,multiply|subtract|divide,topo_911586a55488,1
2.0,0.222222,6+,5,5,0.222222,"{0: 3, 1: 4, 2: 2}",0.0,2,1,fan_in,6,3,8,2,0,1,9,0,3,"{1: 8, 0: 1}",{0: 8},0.444444,19dd3e9b-c499-4369-a5ba-c81c8c76f165,diagnostic,multiply|divide|multiply|divide|subtract|add|divide|subtract|divide,topo_48ee082e2dae,1
1.0,0.0,2,2,2,1.0,"{0: 1, 1: 1}",1.0,1,1,linear,1,1,1,0,0,1,2,0,1,"{1: 1, 0: 1}",{0: 1},0.25,1a23d01d-1bf7-4680-bcfc-784c194f031c,diagnostic,string_list|modify_text,topo_fdeb50f24873,1
1.0,0.0,4,4,4,0.5,"{0: 1, 1: 3}",1.0,1,1,linear,3,1,3,0,0,1,4,0,1,"{1: 3, 0: 1}",{0: 3},0.375,1a95ac9a-3832-4f34-9b24-c5b7f210d666,diagnostic,subtract|divide|divide|multiply,topo_5296967693d8,1
2.0,0.2,5,4,4,0.4,"{0: 2, 1: 2, 2: 1}",0.0,2,1,fan_in,3,2,4,1,0,1,5,0,2,"{1: 4, 0: 1}",{0: 4},0.4,1b676365-4461-4b1a-b034-1e3f7906cb26,diagnostic,divide|subtract|multiply|add|add,topo_7279e5f4b24a,1
2.0,0.333333,3,2,2,0.666667,"{0: 2, 2: 1}",0.0,2,1,fan_in,1,2,2,1,0,1,3,0,2,"{1: 2, 0: 1}",{0: 2},0.333333,1c055a2e-5491-46d7-aa89-b52d6c44c2d4,diagnostic,multiply|subtract|divide,topo_911586a55488,1
1.0,0.0,2,2,2,1.0,"{0: 1, 1: 1}",1.0,1,1,linear,1,1,1,0,0,1,2,0,1,"{1: 1, 0: 1}",{0: 1},1.0,1c5f421d-82a1-41ee-82f1-44efc7f013ff,diagnostic,generate_and_encode|get_variable_type,topo_fdeb50f24873,1
2.0,0.25,4,3,3,0.5,"{0: 2, 1: 1, 2: 1}",0.0,2,1,fan_in,2,2,3,1,0,1,4,0,2,"{1: 3, 0: 1}",{0: 3},0.375,1d7544df-ed8c-43e9-abb0-f7bc6228e485,diagnostic,multiply|divide|multiply|multiply,topo_30980484d6d7,1
1.0,0.0,2,2,2,1.0,"{0: 1, 1: 1}",1.0,1,1,linear,1,1,1,0,0,1,2,0,1,"{1: 1, 0: 1}",{0: 1},0.25,1dcdbf2f-b7ae-4293-ba08-46491c9a32eb,diagnostic,subtract|multiply,topo_fdeb50f24873,1
1.0,0.0,5,5,5,0.4,"{0: 1, 1: 4}",1.0,1,1,linear,4,1,4,0,0,1,5,0,1,"{1: 4, 0: 1}",{0: 4},0.4,1ddeac74-83ee-4119-9100-83133001b0f5,diagnostic,multiply|divide|multiply|divide|subtract,topo_d228dd6db98a,1
2.0,0.4,5,3,3,0.4,"{0: 3, 2: 2}",0.0,2,1,fan_in,2,3,4,2,0,1,5,0,3,"{1: 4, 0: 1}",{0: 4},0.4,1ed76362-d447-432f-8693-6b77e9b03e61,diagnostic,multiply|multiply|multiply|multiply|divide,topo_52c12a6fa235,1
2.0,0.2,5,4,4,0.4,"{0: 2, 1: 2, 2: 1}",0.0,2,1,fan_in,3,2,4,1,0,1,5,0,2,"{1: 4, 0: 1}",{0: 4},0.4,1fdcc183-f3ca-49ca-b7d9-2a8466034136,diagnostic,divide|subtract|divide|multiply|subtract,topo_7279e5f4b24a,1
2.0,0.2,5,4,4,0.4,"{0: 2, 1: 2, 2: 1}",0.0,2,1,fan_in,3,2,4,1,0,1,5,0,2,"{1: 4, 0: 1}",{0: 4},0.4,1ff34864-aaf4-45ad-9132-b96cc6de3c63,diagnostic,subtract|multiply|divide|subtract|subtract,topo_2b041b861492,1
2.0,0.2,5,4,4,0.4,"{0: 2, 2: 1, 1: 2}",0.0,2,1,fan_in,3,2,4,1,0,1,5,0,2,"{1: 4, 0: 1}",{0: 4},0.4,203ee03e-405f-4fed-9322-30d5b03a0364,diagnostic,power|power|divide|multiply|divide,topo_6011a58939eb,1
2.0,0.25,4,3,3,0.5,"{0: 2, 1: 1, 2: 1}",0.0,2,1,fan_in,2,2,3,1,0,1,4,0,2,"{1: 3, 0: 1}",{0: 3},0.375,2074df88-ff97-47f7-824b-f0dea1f34aa8,diagnostic,add|multiply|divide|divide,topo_5b37b75596d2,1
2.0,0.25,4,3,3,0.5,"{0: 2, 2: 1, 1: 1}",0.0,2,1,fan_in,2,2,3,1,0,1,4,0,2,"{1: 3, 0: 1}",{0: 3},0.375,2092563a-202f-4984-b18b-d971f42a0f6e,diagnostic,subtract|subtract|divide|multiply,topo_bd3dd51ec1a9,1
2.0,0.375,6+,4,4,0.25,"{0: 4, 2: 3, 1: 1}",0.0,2,1,fan_in,4,4,7,3,0,1,8,0,4,"{1: 7, 0: 1}",{0: 7},0.4375,2137514c-b124-42a1-a902-7b903792d2c7,diagnostic,subtract|subtract|divide|subtract|subtract|divide|subtract|divide,topo_d8766ac6f63e,1
1.0,0.0,2,2,2,1.0,"{0: 1, 1: 1}",1.0,1,1,linear,1,1,1,0,0,1,2,0,1,"{1: 1, 0: 1}",{0: 1},0.142857,2140a918-5ea0-4afb-bf9c-a6eaf5f74a1e,diagnostic,pad_buffer|search_min_max,topo_fdeb50f24873,1
1.0,0.0,4,4,4,0.5,"{0: 1, 1: 3}",1.0,1,1,linear,3,1,3,0,0,1,4,0,1,"{1: 3, 0: 1}",{0: 3},0.375,215a654f-549a-47c1-b1ce-772fc2910045,diagnostic,divide|add|power|divide,topo_5296967693d8,1
1.0,0.0,3,3,3,0.666667,"{0: 1, 1: 2}",1.0,1,1,linear,2,1,2,0,0,1,3,0,1,"{1: 2, 0: 1}",{0: 2},0.333333,21611a3d-1312-4ca5-a55d-53ac907b8b95,diagnostic,subtract|subtract|subtract,topo_1c8dbe1830b2,1
1.0,0.0,2,2,2,1.0,"{0: 1, 1: 1}",1.0,1,1,linear,1,1,1,0,0,1,2,0,1,"{1: 1, 0: 1}",{0: 1},0.166667,21d13279-bf86-4ffe-92fd-c65f65389f43,diagnostic,group_by_first_char|sort_by_len_and_lex,topo_fdeb50f24873,1
1.0,0.0,3,3,3,0.666667,"{0: 1, 1: 2}",1.0,1,1,linear,2,1,2,0,0,1,3,0,1,"{1: 2, 0: 1}",{0: 2},0.333333,22040b6d-3b03-4762-a3bb-9688fac0fd97,diagnostic,subtract|divide|subtract,topo_1c8dbe1830b2,1
1.0,0.0,3,3,3,0.666667,"{0: 1, 1: 2}",1.0,1,1,linear,2,1,2,0,0,1,3,0,1,"{1: 2, 0: 1}",{0: 2},0.333333,22e261c5-6873-4bf8-9ad4-59bb993bed31,diagnostic,power|multiply|divide,topo_1c8dbe1830b2,1
2.0,0.4,5,3,3,0.4,"{0: 3, 2: 2}",0.0,2,1,fan_in,2,3,4,2,0,1,5,0,3,"{1: 4, 0: 1}",{0: 4},0.4,236b5116-b02d-45f2-9a4e-18c83a35e11b,diagnostic,add|add|multiply|multiply|subtract,topo_52c12a6fa235,1
2.0,0.25,4,3,3,0.5,"{0: 2, 2: 1, 1: 1}",0.0,2,1,fan_in,2,2,3,1,0,1,4,0,2,"{1: 3, 0: 1}",{0: 3},0.375,23fb2017-6788-4dc2-a28a-403c6b473adb,diagnostic,divide|divide|multiply|divide,topo_bd3dd51ec1a9,1
1.0,0.0,4,4,4,0.5,"{0: 1, 1: 3}",1.0,1,1,linear,3,1,3,0,0,1,4,0,1,"{1: 3, 0: 1}",{0: 3},0.375,24a1101f-819c-4ca7-a4e4-e7dee741c4f6,diagnostic,multiply|subtract|add|divide,topo_5296967693d8,1
1.0,0.0,2,2,2,1.0,"{0: 1, 1: 1}",1.0,1,1,linear,1,1,1,0,0,1,2,0,1,"{1: 1, 0: 1}",{0: 1},0.25,24ae4dc9-6d14-426d-8a74-b148e2546e4d,diagnostic,generate_method_name|escape_reserved_keywords,topo_fdeb50f24873,1
2.0,0.25,4,3,3,0.5,"{0: 2, 1: 1, 2: 1}",0.0,2,1,fan_in,2,2,3,1,0,1,4,0,2,"{1: 3, 0: 1}",{0: 3},0.375,25558ef9-4c6d-4de8-b3a4-a1f4bf6eb7b9,diagnostic,divide|multiply|divide|divide,topo_5b37b75596d2,1
1.0,0.0,3,3,3,0.666667,"{0: 1, 1: 2}",1.0,1,1,linear,2,1,2,0,0,1,3,0,1,"{1: 2, 0: 1}",{0: 2},0.333333,25632e5c-db71-4cc7-a47b-b41c35a1d514,diagnostic,divide|multiply|multiply,topo_1c8dbe1830b2,1
1.0,0.0,4,4,4,0.5,"{0: 1, 1: 3}",1.0,1,1,linear,3,1,3,0,0,1,4,0,1,"{1: 3, 0: 1}",{0: 3},0.375,2570300a-af5a-4e4c-baa7-a5da634ac67c,diagnostic,divide|subtract|multiply|multiply,topo_5296967693d8,1
1.0,0.0,2,2,2,1.0,"{0: 1, 1: 1}",1.0,1,1,linear,1,1,1,0,0,1,2,0,1,"{1: 1, 0: 1}",{0: 1},0.333333,266ec704-de4a-42a9-b0fe-5bded7b4ed40,diagnostic,last_occurrence|get_digit_sum,topo_fdeb50f24873,1
2.0,0.333333,3,2,2,0.666667,"{0: 2, 2: 1}",0.0,2,1,fan_in,1,2,2,1,0,1,3,0,2,"{1: 2, 0: 1}",{0: 2},0.333333,27468e82-a565-4ac8-861b-13a7170839e9,diagnostic,choose|choose|subtract,topo_911586a55488,1
2.0,0.25,4,3,3,0.5,"{0: 2, 2: 1, 1: 1}",0.0,2,1,fan_in,2,2,3,1,0,1,4,0,2,"{1: 3, 0: 1}",{0: 3},0.375,2829663a-a30b-420d-a777-ba7c289924c8,diagnostic,multiply|multiply|add|divide,topo_bd3dd51ec1a9,1
2.0,0.333333,6+,4,4,0.333333,"{0: 3, 2: 2, 1: 1}",0.0,2,1,fan_in,3,3,5,2,0,1,6,0,3,"{1: 5, 0: 1}",{0: 5},0.416667,2866f717-aa3b-44b8-b672-a0593d2207a3,diagnostic,divide|divide|divide|subtract|subtract|divide,topo_37f1fc553f96,1
2.0,0.25,4,3,3,0.5,"{0: 2, 2: 1, 1: 1}",0.0,2,1,fan_in,2,2,3,1,0,1,4,0,2,"{1: 3, 0: 1}",{0: 3},0.375,28cc5dca-3281-4afc-949b-f41784c210a4,diagnostic,divide|divide|add|divide,topo_bd3dd51ec1a9,1
1.0,0.0,2,2,2,1.0,"{0: 1, 1: 1}",1.0,1,1,linear,1,1,1,0,0,1,2,0,1,"{1: 1, 0: 1}",{0: 1},0.25,2a22dbc6-0db5-454d-9f51-08ae20dc6d47,diagnostic,subtract|power,topo_fdeb50f24873,1
2.0,0.25,4,3,3,0.5,"{0: 2, 2: 1, 1: 1}",0.0,2,1,fan_in,2,2,3,1,0,1,4,0,2,"{1: 3, 0: 1}",{0: 3},0.428571,2b2c1931-a5c2-44a9-8283-08a4067256c2,diagnostic,power|power|subtract|sqrt,topo_bd3dd51ec1a9,1
2.0,0.4,5,3,3,0.4,"{0: 3, 2: 2}",0.0,2,1,fan_in,2,3,4,2,0,1,5,0,3,"{1: 4, 0: 1}",{0: 4},0.4,2b51319c-9997-4760-9111-50cec120c41c,diagnostic,add|add|multiply|multiply|subtract,topo_52c12a6fa235,1
2.0,0.25,4,3,3,0.5,"{0: 2, 1: 1, 2: 1}",0.0,2,1,fan_in,2,2,3,1,0,1,4,0,2,"{1: 3, 0: 1}",{0: 3},0.375,2b820d2a-4e43-433b-939c-69e6e8719c57,diagnostic,add|power|multiply|subtract,topo_30980484d6d7,1
1.0,0.0,2,2,2,1.0,"{0: 1, 1: 1}",1.0,1,1,linear,1,1,1,0,0,1,2,0,1,"{1: 1, 0: 1}",{0: 1},0.333333,2b837d55-e28b-4101-aba9-0f5bb4a2bfdf,diagnostic,generate_hyperlink|reversed_string_with_message,topo_fdeb50f24873,1
1.0,0.0,2,2,2,1.0,"{0: 1, 1: 1}",1.0,1,1,linear,1,1,1,0,0,1,2,0,1,"{1: 1, 0: 1}",{0: 1},0.142857,2bb28af9-3cd9-4287-bfe3-c43b74cc6675,diagnostic,index_of_min|evaluate_instruction,topo_fdeb50f24873,1
2.0,0.25,4,3,3,0.5,"{0: 2, 1: 1, 2: 1}",0.0,2,1,fan_in,2,2,3,1,0,1,4,0,2,"{1: 3, 0: 1}",{0: 3},0.375,2c4dad3c-1c93-456b-a172-846d887fe793,diagnostic,add|add|add|divide,topo_5b37b75596d2,1
1.0,0.0,3,3,3,0.666667,"{0: 1, 1: 2}",1.0,1,1,linear,2,1,2,0,0,1,3,0,1,"{1: 2, 0: 1}",{0: 2},0.333333,2c787f80-62fe-4cd5-8205-930bb711b22a,diagnostic,add|divide|add,topo_1c8dbe1830b2,1
2.0,0.333333,3,2,2,0.666667,"{0: 2, 2: 1}",0.0,2,1,fan_in,1,2,2,1,0,1,3,0,2,"{1: 2, 0: 1}",{0: 2},0.333333,2d151251-59a4-4470-a5ce-2b961771cce9,diagnostic,multiply|divide|multiply,topo_911586a55488,1
2.0,0.2,5,4,4,0.4,"{0: 2, 1: 2, 2: 1}",0.0,2,1,fan_in,3,2,4,1,0,1,5,0,2,"{1: 4, 0: 1}",{0: 4},0.4,2d87c2a9-119e-4dca-a137-bad72526368e,diagnostic,divide|subtract|divide|subtract|divide,topo_0c51481d8aeb,1
2.0,0.2,5,4,4,0.4,"{0: 2, 2: 1, 1: 2}",0.0,2,1,fan_in,3,2,4,1,0,1,5,0,2,"{1: 4, 0: 1}",{0: 4},0.4,2de63c8e-4a0e-418c-a608-998e6157ba44,diagnostic,divide|divide|multiply|add|divide,topo_6011a58939eb,1
1.0,0.0,3,3,3,0.666667,"{0: 1, 1: 2}",1.0,1,1,linear,2,1,2,0,0,1,3,0,1,"{1: 2, 0: 1}",{0: 2},0.333333,2e458b03-c3d8-4794-8fc6-25f505ecbdc1,diagnostic,multiply|subtract|add,topo_1c8dbe1830b2,1
2.0,0.150943,6+,10,10,0.037736,"{0: 9, 1: 36, 2: 8}",0.0,2,1,fan_in,44,9,52,8,0,1,53,0,9,"{1: 52, 0: 1}",{0: 52},0.490566,2e70b1d4-a123-4c7a-b4a7-3e31ac5cb464,diagnostic,divide|divide|divide|divide|divide|divide|add|add|divide|divide|divide|divide|add|divide|divide|divide|divide|divide|add|divide|divide|divide|divide|divide|divide|add|divide|divide|divide|divide|divide|divide|divide|add|divide|divide|divide|divide|divide|divide|divide|divide|add|divide|divide|divide|divide|divide|divide|divide|divide|divide|add,topo_d03a09e50cd7,1
2.0,0.2,5,4,4,0.4,"{0: 2, 1: 2, 2: 1}",0.0,2,1,fan_in,3,2,4,1,0,1,5,0,2,"{1: 4, 0: 1}",{0: 4},0.4,2e76a708-23a4-4091-bbd5-1ac893b3f389,diagnostic,add|divide|multiply|add|multiply,topo_774030263969,1
2.0,0.25,6+,4,4,0.25,"{0: 3, 1: 3, 2: 2}",0.0,2,1,fan_in,5,3,7,2,0,1,8,0,3,"{1: 7, 0: 1}",{0: 7},0.4375,2effd81d-6cc7-4291-a06f-ad803a993312,diagnostic,multiply|multiply|subtract|multiply|subtract|multiply|subtract|divide,topo_86dba62bb2ea,1
2.0,0.333333,6+,6,6,0.166667,"{0: 5, 1: 3, 2: 4}",0.0,2,1,fan_in,7,5,11,4,0,1,12,0,5,"{1: 11, 0: 1}",{0: 11},0.458333,2fda8d65-cacf-41a7-ac58-3f96be3fdc8b,diagnostic,multiply|multiply|multiply|multiply|divide|multiply|multiply|multiply|subtract|divide|divide|add,topo_a4f44e275b70,1
2.0,0.266667,6+,8,8,0.133333,"{0: 5, 1: 6, 2: 4}",0.0,2,1,fan_in,10,5,14,4,0,1,15,0,5,"{1: 14, 0: 1}",{0: 14},0.466667,30559c69-6370-4eb4-82e8-724968e008b3,diagnostic,multiply|multiply|divide|multiply|multiply|subtract|multiply|subtract|divide|multiply|subtract|multiply|multiply|divide|multiply,topo_9c6659eccfdc,1
1.0,0.0,2,2,2,1.0,"{0: 1, 1: 1}",1.0,1,1,linear,1,1,1,0,0,1,2,0,1,"{1: 1, 0: 1}",{0: 1},0.166667,309caad0-09b3-4ebf-8ea8-2456d45ec64c,diagnostic,average_value|sinh,topo_fdeb50f24873,1
2.0,0.25,4,3,3,0.5,"{0: 2, 1: 1, 2: 1}",0.0,2,1,fan_in,2,2,3,1,0,1,4,0,2,"{1: 3, 0: 1}",{0: 3},0.375,3129f9c0-c62b-4e2e-a3a5-11e8398b8403,diagnostic,multiply|multiply|divide|divide,topo_5b37b75596d2,1
1.0,0.0,3,2,2,0.333333,"{0: 2, 1: 1}",0.0,1,1,mixed,1,2,1,0,0,2,3,0,2,"{0: 2, 1: 1}",{0: 1},0.076923,3171c089-3152-48db-90be-f576f555dfd6,diagnostic,find_nth_smallest|zeroes_to_binary|count_leading_and_trailing_spaces,topo_5c49d2fff8bb,2
1.0,0.0,4,4,4,0.5,"{0: 1, 1: 3}",1.0,1,1,linear,3,1,3,0,0,1,4,0,1,"{1: 3, 0: 1}",{0: 3},0.375,320629df-4548-4c22-984d-6ca08f47f331,diagnostic,multiply|divide|multiply|divide,topo_5296967693d8,1
2.0,0.2,5,4,4,0.4,"{0: 2, 1: 2, 2: 1}",0.0,2,1,fan_in,3,2,4,1,0,1,5,0,2,"{1: 4, 0: 1}",{0: 4},0.4,32881593-1d74-40fd-9d4e-9ea812030a17,diagnostic,divide|power|divide|multiply|multiply,topo_0c51481d8aeb,1
1.0,0.0,5,5,5,0.4,"{0: 1, 1: 4}",1.0,1,1,linear,4,1,4,0,0,1,5,0,1,"{1: 4, 0: 1}",{0: 4},0.4,335daef0-edbe-4bb7-ae22-e68e0d60c81d,diagnostic,divide|add|divide|subtract|divide,topo_d228dd6db98a,1
1.0,0.0,4,4,4,0.5,"{0: 1, 1: 3}",1.0,1,1,linear,3,1,3,0,0,1,4,0,1,"{1: 3, 0: 1}",{0: 3},0.375,338fc6ec-f0b9-4659-8fad-cffa199b9b14,diagnostic,divide|subtract|multiply|multiply,topo_5296967693d8,1
2.0,0.2,5,4,4,0.4,"{0: 2, 1: 2, 2: 1}",0.0,2,1,fan_in,3,2,4,1,0,1,5,0,2,"{1: 4, 0: 1}",{0: 4},0.4,35adf4ad-dada-47dd-8c92-1af9100d6a8a,diagnostic,add|power|add|multiply|subtract,topo_774030263969,1
1.0,0.0,4,4,4,0.5,"{0: 1, 1: 3}",1.0,1,1,linear,3,1,3,0,0,1,4,0,1,"{1: 3, 0: 1}",{0: 3},0.375,35fc7be7-e78c-4c96-9cf6-a78a9b542ffe,diagnostic,multiply|divide|subtract|divide,topo_5296967693d8,1
1.0,0.0,2,2,2,1.0,"{0: 1, 1: 1}",1.0,1,1,linear,1,1,1,0,0,1,2,0,1,"{1: 1, 0: 1}",{0: 1},0.25,368861a1-8382-4f9e-8574-1f9d7ad05f3e,diagnostic,add|power,topo_fdeb50f24873,1
2.0,0.125,6+,6,6,0.25,"{0: 2, 1: 5, 2: 1}",0.0,2,1,fan_in,6,2,7,1,0,1,8,0,2,"{1: 7, 0: 1}",{0: 7},0.4375,36ac0316-5e89-40e1-b85a-3dfc02daf78e,diagnostic,subtract|divide|subtract|multiply|divide|subtract|divide|divide,topo_ace9c53050f0,1
2.0,0.25,4,3,3,0.5,"{0: 2, 1: 1, 2: 1}",0.0,2,1,fan_in,2,2,3,1,0,1,4,0,2,"{1: 3, 0: 1}",{0: 3},0.375,36ba10c3-3023-4b26-b449-84787b535d77,diagnostic,add|multiply|multiply|subtract,topo_30980484d6d7,1
2.0,0.25,4,3,3,0.5,"{0: 2, 1: 1, 2: 1}",0.0,2,1,fan_in,2,2,3,1,0,1,4,0,2,"{1: 3, 0: 1}",{0: 3},0.375,370cba6c-f86f-4d80-a269-2c26578acd1a,diagnostic,divide|divide|divide|add,topo_5b37b75596d2,1
1.0,0.0,2,2,2,1.0,"{0: 1, 1: 1}",1.0,1,1,linear,1,1,1,0,0,1,2,0,1,"{1: 1, 0: 1}",{0: 1},0.25,383d4437-b8f5-42dc-b2f9-ccb05d1c595d,diagnostic,add|add,topo_fdeb50f24873,1
1.0,0.0,3,3,3,0.666667,"{0: 1, 1: 2}",1.0,1,1,linear,2,1,2,0,0,1,3,0,1,"{1: 2, 0: 1}",{0: 2},0.333333,38e7c22f-c209-4f49-8bbd-08bc3cb08203,diagnostic,multiply|subtract|divide,topo_1c8dbe1830b2,1
1.0,0.0,3,3,3,0.666667,"{0: 1, 1: 2}",1.0,1,1,linear,2,1,2,0,0,1,3,0,1,"{1: 2, 0: 1}",{0: 2},0.333333,3a4b7b77-f0a1-4537-8623-432023f545bb,diagnostic,divide|multiply|add,topo_1c8dbe1830b2,1
1.0,0.0,4,4,4,0.5,"{0: 1, 1: 3}",1.0,1,1,linear,3,1,3,0,0,1,4,0,1,"{1: 3, 0: 1}",{0: 3},0.375,3b98a2de-9a2c-46d8-8a0a-3bdb46a33559,diagnostic,add|multiply|divide|divide,topo_5296967693d8,1
1.0,0.0,3,3,3,0.666667,"{0: 1, 1: 2}",1.0,1,1,linear,2,1,2,0,0,1,3,0,1,"{1: 2, 0: 1}",{0: 2},0.333333,3baf684d-f14a-4696-b90f-0191b1df884b,diagnostic,divide|multiply|subtract,topo_1c8dbe1830b2,1
1.0,0.0,2,2,2,1.0,"{0: 1, 1: 1}",1.0,1,1,linear,1,1,1,0,0,1,2,0,1,"{1: 1, 0: 1}",{0: 1},0.1,3ca6bc7f-564f-40d0-ac57-c818298f26d5,diagnostic,select_first_and_last|sort_and_add,topo_fdeb50f24873,1
2.0,0.25,4,3,3,0.5,"{0: 2, 1: 1, 2: 1}",0.0,2,1,fan_in,2,2,3,1,0,1,4,0,2,"{1: 3, 0: 1}",{0: 3},0.375,3ccc5de6-a0ef-4ef2-90b5-bd9bbf562ec1,diagnostic,divide|subtract|subtract|divide,topo_30980484d6d7,1
2.0,0.25,4,3,3,0.5,"{0: 2, 2: 1, 1: 1}",0.0,2,1,fan_in,2,2,3,1,0,1,4,0,2,"{1: 3, 0: 1}",{0: 3},0.375,3dc09ed5-bf3e-4aaf-827b-597690c8b7c5,diagnostic,multiply|multiply|add|subtract,topo_bd3dd51ec1a9,1
2.0,0.25,4,3,3,0.5,"{0: 2, 1: 1, 2: 1}",0.0,2,1,fan_in,2,2,3,1,0,1,4,0,2,"{1: 3, 0: 1}",{0: 3},0.375,3df11343-0943-44cd-9caa-7191dea7d6be,diagnostic,divide|add|add|multiply,topo_5b37b75596d2,1
2.0,0.333333,6+,4,4,0.333333,"{0: 3, 2: 2, 1: 1}",0.0,2,1,fan_in,3,3,5,2,0,1,6,0,3,"{1: 5, 0: 1}",{0: 5},0.625,3e23d38f-95ac-4ec8-842e-f7ab9f1be7d0,diagnostic,volume_cube|volume_cube|volume_cube|add|add|cube_edge_by_volume,topo_37f1fc553f96,1
2.0,0.25,4,3,3,0.5,"{0: 2, 2: 1, 1: 1}",0.0,2,1,fan_in,2,2,3,1,0,1,4,0,2,"{1: 3, 0: 1}",{0: 3},0.375,3e45d5f1-f141-4cec-b2a5-a53cd05ddb0c,diagnostic,subtract|add|divide|multiply,topo_bd3dd51ec1a9,1
2.0,0.125,6+,5,5,0.25,"{0: 2, 1: 5, 2: 1}",0.0,2,1,fan_in,6,2,7,1,0,1,8,0,2,"{1: 7, 0: 1}",{0: 7},0.4375,3ef15f18-9bfb-404e-9fca-fe7b88f5e633,diagnostic,add|multiply|multiply|add|multiply|add|multiply|divide,topo_c39b8213eda5,1
2.0,0.2,5,4,4,0.4,"{0: 2, 1: 2, 2: 1}",0.0,2,1,fan_in,3,2,4,1,0,1,5,0,2,"{1: 4, 0: 1}",{0: 4},0.4,3f2bc63d-be93-4575-8013-1eb180ddfbb5,diagnostic,add|divide|multiply|add|multiply,topo_774030263969,1
2.0,0.333333,3,2,2,0.666667,"{0: 2, 2: 1}",0.0,2,1,fan_in,1,2,2,1,0,1,3,0,2,"{1: 2, 0: 1}",{0: 2},0.333333,3f50ec13-757f-4270-80cd-1fd2b0b1b89d,diagnostic,divide|divide|divide,topo_911586a55488,1
1.0,0.0,2,2,2,1.0,"{0: 1, 1: 1}",1.0,1,1,linear,1,1,1,0,0,1,2,0,1,"{1: 1, 0: 1}",{0: 1},0.25,3f5153aa-ea03-4045-94b3-523fd229373f,diagnostic,subtract|subtract,topo_fdeb50f24873,1
2.0,0.2,5,4,4,0.4,"{0: 2, 1: 2, 2: 1}",0.0,2,1,fan_in,3,2,4,1,0,1,5,0,2,"{1: 4, 0: 1}",{0: 4},0.4,3f62db24-5089-4f1c-a461-837f1498207a,diagnostic,divide|subtract|divide|subtract|divide,topo_0c51481d8aeb,1
1.0,0.0,2,2,2,1.0,"{0: 1, 1: 1}",1.0,1,1,linear,1,1,1,0,0,1,2,0,1,"{1: 1, 0: 1}",{0: 1},0.333333,3fbf0c1d-ef09-4354-a9e0-207deb35c439,diagnostic,calculate_elastic_modulus|convert_to_mmhg,topo_fdeb50f24873,1
1.0,0.0,3,3,3,0.666667,"{0: 1, 1: 2}",1.0,1,1,linear,2,1,2,0,0,1,3,0,1,"{1: 2, 0: 1}",{0: 2},0.333333,406d0c79-b87a-4a04-885d-81ac834107e9,diagnostic,subtract|divide|multiply,topo_1c8dbe1830b2,1
2.0,0.125,6+,7,7,0.25,"{0: 2, 1: 5, 2: 1}",0.0,2,1,fan_in,6,2,7,1,0,1,8,0,2,"{1: 7, 0: 1}",{0: 7},0.4375,4181facd-49ba-4f9d-8ced-f01adcdd8782,diagnostic,multiply|divide|add|divide|multiply|subtract|subtract|divide,topo_596ff8eb2493,1
2.0,0.333333,3,2,2,0.666667,"{0: 2, 2: 1}",0.0,2,1,fan_in,1,2,2,1,0,1,3,0,2,"{1: 2, 0: 1}",{0: 2},0.333333,41b60c1c-6d88-4a34-9242-2aacf2837738,diagnostic,add|add|divide,topo_911586a55488,1
1.0,0.0,5,5,5,0.4,"{0: 1, 1: 4}",1.0,1,1,linear,4,1,4,0,0,1,5,0,1,"{1: 4, 0: 1}",{0: 4},0.4,42143b4c-1a3d-4f30-a3a6-c5e10facc1fe,diagnostic,divide|divide|multiply|add|divide,topo_d228dd6db98a,1
1.0,0.0,3,3,3,0.666667,"{0: 1, 1: 2}",1.0,1,1,linear,2,1,2,0,0,1,3,0,1,"{1: 2, 0: 1}",{0: 2},0.333333,42c97dd0-2684-4c6a-a6cb-91c85788531d,diagnostic,multiply|divide|multiply,topo_1c8dbe1830b2,1
1.0,0.0,3,3,3,0.666667,"{0: 1, 1: 2}",1.0,1,1,linear,2,1,2,0,0,1,3,0,1,"{1: 2, 0: 1}",{0: 2},0.333333,43928d2f-402c-46bd-9e94-2994f3163b69,diagnostic,multiply|multiply|divide,topo_1c8dbe1830b2,1
2.0,0.25,4,3,3,0.5,"{0: 2, 2: 1, 1: 1}",0.0,2,1,fan_in,2,2,3,1,0,1,4,0,2,"{1: 3, 0: 1}",{0: 3},0.375,449a8672-1f24-4e89-9e8d-70661d89a8eb,diagnostic,divide|divide|subtract|divide,topo_bd3dd51ec1a9,1
2.0,0.2,5,4,4,0.4,"{0: 2, 2: 1, 1: 2}",0.0,2,1,fan_in,3,2,4,1,0,1,5,0,2,"{1: 4, 0: 1}",{0: 4},0.444444,44fa9fda-8603-41e1-94ae-67ba830613cf,diagnostic,power|power|subtract|sqrt|rectangle_area,topo_6011a58939eb,1
1.0,0.0,2,2,2,1.0,"{0: 1, 1: 1}",1.0,1,1,linear,1,1,1,0,0,1,2,0,1,"{1: 1, 0: 1}",{0: 1},0.142857,4511ccb4-e31c-4cc8-b585-04dda07d21cf,diagnostic,moving_average|extract_first_value,topo_fdeb50f24873,1
1.0,0.0,3,3,3,0.666667,"{0: 1, 1: 2}",1.0,1,1,linear,2,1,2,0,0,1,3,0,1,"{1: 2, 0: 1}",{0: 2},0.333333,453e02e3-d928-41c4-b059-9b6aee990044,diagnostic,subtract|multiply|add,topo_1c8dbe1830b2,1
1.0,0.0,2,2,2,1.0,"{0: 1, 1: 1}",1.0,1,1,linear,1,1,1,0,0,1,2,0,1,"{1: 1, 0: 1}",{0: 1},0.25,47342c39-7c8d-4583-8135-cfd39372a0ff,diagnostic,subtract|divide,topo_fdeb50f24873,1
2.0,0.25,4,3,3,0.5,"{0: 2, 1: 1, 2: 1}",0.0,2,1,fan_in,2,2,3,1,0,1,4,0,2,"{1: 3, 0: 1}",{0: 3},0.375,47c68fdc-38e9-492e-b5f2-118a3d68088b,diagnostic,add|divide|add|divide,topo_5b37b75596d2,1
1.0,0.0,4,4,4,0.5,"{0: 1, 1: 3}",1.0,1,1,linear,3,1,3,0,0,1,4,0,1,"{1: 3, 0: 1}",{0: 3},0.375,47fbefed-c16e-4a5c-a88a-ac17e2d5c863,diagnostic,multiply|divide|multiply|divide,topo_5296967693d8,1
2.0,0.2,5,4,4,0.4,"{0: 2, 1: 2, 2: 1}",0.0,2,1,fan_in,3,2,4,1,0,1,5,0,2,"{1: 4, 0: 1}",{0: 4},0.4,4812e166-3663-4ebe-9671-daa88afb4e1d,diagnostic,multiply|subtract|multiply|divide|divide,topo_0c51481d8aeb,1
2.0,0.25,4,3,3,0.5,"{0: 2, 1: 1, 2: 1}",0.0,2,1,fan_in,2,2,3,1,0,1,4,0,2,"{1: 3, 0: 1}",{0: 3},0.375,4a6b0fd5-d75b-47c0-8130-ff584963f6c4,diagnostic,divide|add|add|divide,topo_30980484d6d7,1
2.0,0.2,5,4,4,0.4,"{0: 2, 1: 2, 2: 1}",0.0,2,1,fan_in,3,2,4,1,0,1,5,0,2,"{1: 4, 0: 1}",{0: 4},0.4,4a6ee89a-2122-4e68-81d0-a52608c90f25,diagnostic,add|multiply|subtract|multiply|add,topo_0c51481d8aeb,1
2.0,0.25,4,3,3,0.5,"{0: 2, 1: 1, 2: 1}",0.0,2,1,fan_in,2,2,3,1,0,1,4,0,2,"{1: 3, 0: 1}",{0: 3},0.375,4b17cac8-6e1c-479c-9f0c-541a50964d92,diagnostic,subtract|multiply|add|divide,topo_30980484d6d7,1
2.0,0.25,4,3,3,0.5,"{0: 2, 1: 1, 2: 1}",0.0,2,1,fan_in,2,2,3,1,0,1,4,0,2,"{1: 3, 0: 1}",{0: 3},0.375,4b54ac08-7d24-4d16-b63d-c4d07aaccd80,diagnostic,multiply|multiply|subtract|divide,topo_5b37b75596d2,1
2.0,0.3,6+,8,8,0.1,"{0: 7, 1: 7, 2: 6}",0.0,2,1,fan_in,13,7,19,6,0,1,20,0,7,"{1: 19, 0: 1}",{0: 19},0.542857,4b755960-987b-447a-a680-dbcd6c465ed5,diagnostic,negate|multiply|multiply|negate|add|multiply|subtract|divide|negate|add|divide|negate|multiply|multiply|negate|add|multiply|subtract|divide|add,topo_3c002cc9f59b,1
1.0,0.0,3,3,3,0.666667,"{0: 1, 1: 2}",1.0,1,1,linear,2,1,2,0,0,1,3,0,1,"{1: 2, 0: 1}",{0: 2},0.333333,4c733cb3-3e30-46f4-9570-225aabee657f,diagnostic,multiply|multiply|divide,topo_1c8dbe1830b2,1
2.0,0.307692,6+,7,7,0.153846,"{0: 5, 2: 4, 1: 4}",0.0,2,1,fan_in,8,5,12,4,0,1,13,0,5,"{1: 12, 0: 1}",{0: 12},0.461538,4e462942-5adc-44e4-9771-749e1759751a,diagnostic,add|add|divide|multiply|add|add|divide|multiply|subtract|subtract|add|divide|multiply,topo_db1e543362bf,1
2.0,0.2,5,4,4,0.4,"{0: 2, 2: 1, 1: 2}",0.0,2,1,fan_in,3,2,4,1,0,1,5,0,2,"{1: 4, 0: 1}",{0: 4},0.4,4f7d0836-34fa-4d6d-8956-3bd8d62dc577,diagnostic,multiply|add|divide|divide|multiply,topo_6011a58939eb,1
1.0,0.0,2,2,2,1.0,"{0: 1, 1: 1}",1.0,1,1,linear,1,1,1,0,0,1,2,0,1,"{1: 1, 0: 1}",{0: 1},0.076923,50b9c98d-fcb8-43bb-ae56-e6b61d607f7c,diagnostic,get_positive_integer_index|pad_number_to_length,topo_fdeb50f24873,1
2.0,0.125,6+,5,5,0.25,"{0: 2, 1: 5, 2: 1}",0.0,2,1,fan_in,6,2,7,1,0,1,8,0,2,"{1: 7, 0: 1}",{0: 7},0.4375,51cbe578-e2fa-447e-8352-3ee8990283f3,diagnostic,add|multiply|multiply|add|multiply|add|multiply|divide,topo_c39b8213eda5,1
2.0,0.25,4,3,3,0.5,"{0: 2, 2: 1, 1: 1}",0.0,2,1,fan_in,2,2,3,1,0,1,4,0,2,"{1: 3, 0: 1}",{0: 3},0.428571,52136fd0-87d3-4086-968b-fa7b8523c333,diagnostic,divide|divide|add|inverse,topo_bd3dd51ec1a9,1
2.0,0.2,5,3,3,0.4,"{0: 2, 1: 2, 2: 1}",0.0,2,1,fan_in,3,2,4,1,0,1,5,0,2,"{1: 4, 0: 1}",{0: 4},0.444444,522157eb-3858-46ea-9052-f0b2e73bf024,diagnostic,multiply|multiply|divide|volume_cube|divide,topo_17d840e0415f,1
1.0,0.0,2,2,2,1.0,"{0: 1, 1: 1}",1.0,1,1,linear,1,1,1,0,0,1,2,0,1,"{1: 1, 0: 1}",{0: 1},0.25,52373c4f-e3e9-49cc-ada0-260f70efa0d3,diagnostic,bitwise_left_shift|power_without_pow,topo_fdeb50f24873,1
2.0,0.4,5,3,3,0.4,"{0: 3, 2: 2}",0.0,2,1,fan_in,2,3,4,2,0,1,5,0,3,"{1: 4, 0: 1}",{0: 4},0.4,527e54a6-fd36-4274-b93c-a57e88c04eb6,diagnostic,multiply|multiply|add|multiply|subtract,topo_52c12a6fa235,1
2.0,0.25,4,3,3,0.5,"{0: 2, 1: 1, 2: 1}",0.0,2,1,fan_in,2,2,3,1,0,1,4,0,2,"{1: 3, 0: 1}",{0: 3},0.375,52f03f10-d69f-4d1b-bae6-961f4f39d975,diagnostic,add|divide|divide|subtract,topo_5b37b75596d2,1
2.0,0.2,5,3,3,0.4,"{0: 2, 1: 2, 2: 1}",0.0,2,1,fan_in,3,2,4,1,0,1,5,0,2,"{1: 4, 0: 1}",{0: 4},0.4,53276548-b18e-49cc-aac4-30ba51dfba76,diagnostic,add|divide|add|divide|multiply,topo_17d840e0415f,1
2.0,0.333333,3,2,2,0.666667,"{0: 2, 2: 1}",0.0,2,1,fan_in,1,2,2,1,0,1,3,0,2,"{1: 2, 0: 1}",{0: 2},0.333333,535072fe-c1ab-4eda-adbf-feeb2bf4d808,diagnostic,multiply|subtract|divide,topo_911586a55488,1
1.0,0.0,2,2,2,1.0,"{0: 1, 1: 1}",1.0,1,1,linear,1,1,1,0,0,1,2,0,1,"{1: 1, 0: 1}",{0: 1},0.5,537aefe1-0523-46ff-a08c-e6657a622fa5,diagnostic,calculate_diameter|activation_function,topo_fdeb50f24873,1
1.0,0.0,2,2,2,1.0,"{0: 1, 1: 1}",1.0,1,1,linear,1,1,1,0,0,1,2,0,1,"{1: 1, 0: 1}",{0: 1},0.25,53a4529b-b5be-4be5-9daf-fdb735bea3eb,diagnostic,my_sqrt|check_in_range,topo_fdeb50f24873,1
2.0,0.166667,6+,4,4,0.333333,"{0: 2, 1: 3, 2: 1}",0.0,2,1,fan_in,4,2,5,1,0,1,6,0,2,"{1: 5, 0: 1}",{0: 5},0.416667,53be30fe-7e4c-4ff3-ac84-f26073bbe1d2,diagnostic,add|multiply|subtract|add|add|divide,topo_2b9a65f092bb,1
1.0,0.0,2,2,2,1.0,"{0: 1, 1: 1}",1.0,1,1,linear,1,1,1,0,0,1,2,0,1,"{1: 1, 0: 1}",{0: 1},0.25,5467bbb8-42c8-4997-b46f-5bf9bbc96f76,diagnostic,multiply|subtract,topo_fdeb50f24873,1
2.0,0.2,5,4,4,0.4,"{0: 2, 1: 2, 2: 1}",0.0,2,1,fan_in,3,2,4,1,0,1,5,0,2,"{1: 4, 0: 1}",{0: 4},0.4,55927c49-9d82-41ca-8402-4272bac69678,diagnostic,divide|subtract|subtract|multiply|add,topo_0c51481d8aeb,1
2.0,0.25,4,3,3,0.5,"{0: 2, 1: 1, 2: 1}",0.0,2,1,fan_in,2,2,3,1,0,1,4,0,2,"{1: 3, 0: 1}",{0: 3},0.375,56a1c574-6d93-4367-a3df-128fecbda809,diagnostic,divide|subtract|divide|subtract,topo_30980484d6d7,1
2.0,0.25,4,3,3,0.5,"{0: 2, 1: 1, 2: 1}",0.0,2,1,fan_in,2,2,3,1,0,1,4,0,2,"{1: 3, 0: 1}",{0: 3},0.375,56ae2af3-97e8-47a4-8510-7a3af9dd3177,diagnostic,subtract|divide|subtract|multiply,topo_30980484d6d7,1
1.0,0.0,2,2,2,1.0,"{0: 1, 1: 1}",1.0,1,1,linear,1,1,1,0,0,1,2,0,1,"{1: 1, 0: 1}",{0: 1},0.5,577a4547-9566-49d5-a1f9-8ec7720aa38a,diagnostic,reverse_vowels|create_md5_hash,topo_fdeb50f24873,1
1.0,0.0,4,4,4,0.5,"{0: 1, 1: 3}",1.0,1,1,linear,3,1,3,0,0,1,4,0,1,"{1: 3, 0: 1}",{0: 3},0.375,5830f67e-aed1-4252-a279-f107ab8d15bb,diagnostic,multiply|divide|multiply|multiply,topo_5296967693d8,1
2.0,0.333333,3,2,2,0.666667,"{0: 2, 2: 1}",0.0,2,1,fan_in,1,2,2,1,0,1,3,0,2,"{1: 2, 0: 1}",{0: 2},0.333333,58f0da42-f029-4773-86a1-dc7548859054,diagnostic,add|add|divide,topo_911586a55488,1
1.0,0.0,2,2,2,1.0,"{0: 1, 1: 1}",1.0,1,1,linear,1,1,1,0,0,1,2,0,1,"{1: 1, 0: 1}",{0: 1},0.333333,59212b7c-319b-47b5-b45c-2e375e846970,diagnostic,date_format|count_differences,topo_fdeb50f24873,1
1.0,0.0,3,2,2,0.333333,"{0: 2, 1: 1}",0.0,1,1,mixed,1,2,1,0,0,2,3,0,2,"{1: 1, 0: 2}",{0: 1},0.090909,5bbe0356-c4f3-40f1-ba56-bbf37156213a,diagnostic,get_sum_of_squares_of_evens|count_distinct_integers|factorial_bitwise,topo_c654e84914a1,2
1.0,0.0,2,2,2,1.0,"{0: 1, 1: 1}",1.0,1,1,linear,1,1,1,0,0,1,2,0,1,"{1: 1, 0: 1}",{0: 1},0.5,5c1b3296-9e7c-4627-acb3-13704d18bd95,diagnostic,parse_string_to_floats|unique_substring,topo_fdeb50f24873,1
1.0,0.0,4,4,4,0.5,"{0: 1, 1: 3}",1.0,1,1,linear,3,1,3,0,0,1,4,0,1,"{1: 3, 0: 1}",{0: 3},0.375,5cca94f3-e9c1-41b2-8119-20c0ddbee477,diagnostic,divide|add|divide|multiply,topo_5296967693d8,1
1.0,0.0,6+,6,6,0.333333,"{0: 1, 1: 5}",1.0,1,1,linear,5,1,5,0,0,1,6,0,1,"{1: 5, 0: 1}",{0: 5},0.454545,5da516a1-715a-4249-9f59-3b3d30e1b82d,diagnostic,multiply|multiply|add|sqrt|add|divide,topo_02b29308ce2b,1
1.0,0.0,4,4,4,0.5,"{0: 1, 1: 3}",1.0,1,1,linear,3,1,3,0,0,1,4,0,1,"{1: 3, 0: 1}",{0: 3},0.375,5ece6f80-a4fb-48a9-95cd-8c8c2a49ab08,diagnostic,divide|add|divide|subtract,topo_5296967693d8,1
2.0,0.4,5,3,3,0.4,"{0: 3, 2: 2}",0.0,2,1,fan_in,2,3,4,2,0,1,5,0,3,"{1: 4, 0: 1}",{0: 4},0.4,5f2689b9-c33d-4981-bb29-c52e7b2ce153,diagnostic,divide|divide|subtract|divide|divide,topo_52c12a6fa235,1
1.0,0.0,3,2,2,0.333333,"{0: 2, 1: 1}",0.0,1,1,mixed,1,2,1,0,0,2,3,0,2,"{1: 1, 0: 2}",{0: 1},0.2,5fa7ff50-c123-4abc-be8a-6113e3dfafa7,diagnostic,polygon|beta_value|add_tab,topo_5651f3cf682e,2
2.0,0.333333,3,2,2,0.666667,"{0: 2, 2: 1}",0.0,2,1,fan_in,1,2,2,1,0,1,3,0,2,"{1: 2, 0: 1}",{0: 2},0.333333,600a9f10-9c69-4fa2-803a-c43737d4e42d,diagnostic,multiply|multiply|multiply,topo_911586a55488,1
2.0,0.142857,6+,4,4,0.285714,"{0: 2, 1: 4, 2: 1}",0.0,2,1,fan_in,5,2,6,1,0,1,7,0,2,"{1: 6, 0: 1}",{0: 6},0.428571,603b4a8b-a4dc-4b16-bb35-ab167c6c45c7,diagnostic,multiply|divide|subtract|multiply|divide|subtract|add,topo_63f405a71afa,1
2.0,0.166667,6+,5,5,0.333333,"{0: 2, 1: 3, 2: 1}",0.0,2,1,fan_in,4,2,5,1,0,1,6,0,2,"{1: 5, 0: 1}",{0: 5},0.416667,60b0664f-1f02-4484-9101-def1ca77fd1a,diagnostic,add|add|multiply|subtract|divide|multiply,topo_274cced67f83,1
1.0,0.0,3,3,3,0.666667,"{0: 1, 1: 2}",1.0,1,1,linear,2,1,2,0,0,1,3,0,1,"{1: 2, 0: 1}",{0: 2},0.333333,61cbd84c-a854-43b2-a962-3ed64fa2bea5,diagnostic,add|subtract|subtract,topo_1c8dbe1830b2,1
1.0,0.0,2,2,2,1.0,"{0: 1, 1: 1}",1.0,1,1,linear,1,1,1,0,0,1,2,0,1,"{1: 1, 0: 1}",{0: 1},0.333333,61fc2914-10f0-405d-af90-8e5cbe65909a,diagnostic,int_to_bit_string|extract_numeric_values,topo_fdeb50f24873,1
1.0,0.0,2,2,2,1.0,"{0: 1, 1: 1}",1.0,1,1,linear,1,1,1,0,0,1,2,0,1,"{1: 1, 0: 1}",{0: 1},0.083333,620e82cc-c653-4faf-953b-510000552cd0,diagnostic,scale_linearly|calc_vector_distances,topo_fdeb50f24873,1
2.0,0.2,5,4,4,0.4,"{0: 2, 2: 1, 1: 2}",0.0,2,1,fan_in,3,2,4,1,0,1,5,0,2,"{1: 4, 0: 1}",{0: 4},0.4,623b1c5a-4ee6-4845-9f6f-d41129369bcc,diagnostic,divide|divide|add|divide|multiply,topo_6011a58939eb,1
1.0,0.0,2,2,2,1.0,"{0: 1, 1: 1}",1.0,1,1,linear,1,1,1,0,0,1,2,0,1,"{1: 1, 0: 1}",{0: 1},0.333333,62ab7c42-6aad-4d9c-9012-eb52fb01a82b,diagnostic,division_floor|is_member_of_coset,topo_fdeb50f24873,1
1.0,0.0,2,2,2,1.0,"{0: 1, 1: 1}",1.0,1,1,linear,1,1,1,0,0,1,2,0,1,"{1: 1, 0: 1}",{0: 1},0.090909,63854dc5-cf6e-40bd-94e9-f4f930165cb7,diagnostic,scale_to_zero_mean_and_unit_variance|product_of_vectors,topo_fdeb50f24873,1
1.0,0.0,2,2,2,1.0,"{0: 1, 1: 1}",1.0,1,1,linear,1,1,1,0,0,1,2,0,1,"{1: 1, 0: 1}",{0: 1},0.333333,63a86d01-04f7-43e6-a8c9-e8ac53331b71,diagnostic,get_param_value|format_diff_minutes,topo_fdeb50f24873,1
2.0,0.166667,6+,4,4,0.333333,"{0: 2, 1: 3, 2: 1}",0.0,2,1,fan_in,4,2,5,1,0,1,6,0,2,"{1: 5, 0: 1}",{0: 5},0.416667,63decc75-1337-4064-a0f1-abd398d5985e,diagnostic,divide|add|divide|add|multiply|divide,topo_f5466e583fca,1
2.0,0.2,5,4,4,0.4,"{0: 2, 1: 2, 2: 1}",0.0,2,1,fan_in,3,2,4,1,0,1,5,0,2,"{1: 4, 0: 1}",{0: 4},0.4,65148711-a63a-4d3f-98f7-192c73c15ac1,diagnostic,subtract|divide|multiply|divide|divide,topo_774030263969,1
1.0,0.0,3,3,3,0.666667,"{0: 1, 1: 2}",1.0,1,1,linear,2,1,2,0,0,1,3,0,1,"{1: 2, 0: 1}",{0: 2},0.333333,654ce42c-5be5-4e84-838a-38364d7ec723,diagnostic,multiply|add|subtract,topo_1c8dbe1830b2,1
1.0,0.0,2,2,2,1.0,"{0: 1, 1: 1}",1.0,1,1,linear,1,1,1,0,0,1,2,0,1,"{1: 1, 0: 1}",{0: 1},0.1,66312c55-87f2-4eb8-9ba2-f5158c1db300,diagnostic,select_first_element_of_each_list|create_bulleted_list,topo_fdeb50f24873,1
2.0,0.2,5,4,4,0.4,"{0: 2, 1: 2, 2: 1}",0.0,2,1,fan_in,3,2,4,1,0,1,5,0,2,"{1: 4, 0: 1}",{0: 4},0.4,664a9ab5-d49e-4c80-9ce8-0b867ef97777,diagnostic,subtract|multiply|divide|multiply|add,topo_774030263969,1
2.0,0.25,4,3,3,0.5,"{0: 2, 1: 1, 2: 1}",0.0,2,1,fan_in,2,2,3,1,0,1,4,0,2,"{1: 3, 0: 1}",{0: 3},0.375,665f96da-1bc5-4429-bc38-58046cdfd1c2,diagnostic,subtract|multiply|add|divide,topo_30980484d6d7,1
1.0,0.0,3,3,3,0.666667,"{0: 1, 1: 2}",1.0,1,1,linear,2,1,2,0,0,1,3,0,1,"{1: 2, 0: 1}",{0: 2},0.333333,6661b550-224b-4330-9109-59404e7b811a,diagnostic,divide|subtract|subtract,topo_1c8dbe1830b2,1
2.0,0.2,5,4,4,0.4,"{0: 2, 2: 1, 1: 2}",0.0,2,1,fan_in,3,2,4,1,0,1,5,0,2,"{1: 4, 0: 1}",{0: 4},0.4,6895651a-8731-47bc-bef3-42a4944392c9,diagnostic,add|subtract|subtract|divide|divide,topo_6011a58939eb,1
2.0,0.25,6+,5,5,0.25,"{0: 3, 1: 3, 2: 2}",0.0,2,1,fan_in,5,3,7,2,0,1,8,0,3,"{1: 7, 0: 1}",{0: 7},0.4375,68bb325d-be6c-4a56-a70b-be023b8f068b,diagnostic,divide|multiply|subtract|divide|divide|add|divide|subtract,topo_549e2ec96bd6,1
2.0,0.2,5,4,4,0.4,"{0: 2, 2: 1, 1: 2}",0.0,2,1,fan_in,3,2,4,1,0,1,5,0,2,"{1: 4, 0: 1}",{0: 4},0.444444,69bacfb5-3461-450d-bee0-3311e75bf7aa,diagnostic,add|add|add|divide|floor,topo_6011a58939eb,1
1.0,0.0,3,3,3,0.666667,"{0: 1, 1: 2}",1.0,1,1,linear,2,1,2,0,0,1,3,0,1,"{1: 2, 0: 1}",{0: 2},0.333333,6a001923-6ece-46ae-9e4e-ae2308bad269,diagnostic,multiply|divide|subtract,topo_1c8dbe1830b2,1
2.0,0.125,6+,7,7,0.25,"{0: 2, 1: 5, 2: 1}",0.0,2,1,fan_in,6,2,7,1,0,1,8,0,2,"{1: 7, 0: 1}",{0: 7},0.4375,6a069715-af16-4353-b530-2c68b1045702,diagnostic,multiply|subtract|multiply|divide|divide|multiply|divide|add,topo_3d776f83e4a8,1
2.0,0.2,5,4,4,0.4,"{0: 2, 1: 2, 2: 1}",0.0,2,1,fan_in,3,2,4,1,0,1,5,0,2,"{1: 4, 0: 1}",{0: 4},0.4,6a42f278-ce39-4b47-ae02-60f80782c2c6,diagnostic,subtract|subtract|divide|add|multiply,topo_2b041b861492,1
2.0,0.2,6+,12,12,0.08,"{0: 6, 1: 14, 2: 5}",0.0,2,1,fan_in,19,6,24,5,0,1,25,0,6,"{1: 24, 0: 1}",{0: 24},0.48,6a580394-2cd8-4a80-bac8-d81c88244059,diagnostic,multiply|add|multiply|add|multiply|add|divide|subtract|add|add|add|multiply|add|multiply|add|multiply|add|divide|subtract|add|add|add|add|divide|multiply,topo_91a9e4f44c24,1
1.0,0.0,2,2,2,1.0,"{0: 1, 1: 1}",1.0,1,1,linear,1,1,1,0,0,1,2,0,1,"{1: 1, 0: 1}",{0: 1},0.333333,6a8f3121-3467-477e-9f28-26b4632178cc,diagnostic,convert_to_url_path|make_lists,topo_fdeb50f24873,1
2.0,0.25,4,3,3,0.5,"{0: 2, 2: 1, 1: 1}",0.0,2,1,fan_in,2,2,3,1,0,1,4,0,2,"{1: 3, 0: 1}",{0: 3},0.375,6accc733-a657-438c-97a2-d9b11b97edb8,diagnostic,multiply|multiply|subtract|divide,topo_bd3dd51ec1a9,1
2.0,0.45,6+,8,8,0.1,"{0: 10, 2: 9, 1: 1}",0.0,2,1,fan_in,10,10,19,9,0,1,20,0,10,"{1: 19, 0: 1}",{0: 19},0.558824,6b3f28d1-703c-4a21-b432-d84505bf42f1,diagnostic,multiply|inverse|multiply|multiply|inverse|inverse|inverse|add|subtract|multiply|multiply|inverse|multiply|add|multiply|inverse|multiply|add|divide|multiply,topo_adbf88b7e219,1
2.0,0.2,5,3,3,0.4,"{0: 2, 1: 2, 2: 1}",0.0,2,1,fan_in,3,2,4,1,0,1,5,0,2,"{1: 4, 0: 1}",{0: 4},0.4,6b6884c6-f22a-4f7a-8fc4-73036ab9a0c3,diagnostic,power|divide|power|divide|multiply,topo_17d840e0415f,1
1.0,0.0,2,2,2,1.0,"{0: 1, 1: 1}",1.0,1,1,linear,1,1,1,0,0,1,2,0,1,"{1: 1, 0: 1}",{0: 1},0.333333,6b6c601e-23fc-49f8-ad28-e62718aa3852,diagnostic,generate_ns_uuid|tokenize_line,topo_fdeb50f24873,1
2.0,0.4,5,3,3,0.4,"{0: 3, 2: 2}",0.0,2,1,fan_in,2,3,4,2,0,1,5,0,3,"{1: 4, 0: 1}",{0: 4},0.4,6bcc90ed-8253-46d4-86a6-ebc1c8550f7a,diagnostic,multiply|multiply|multiply|add|subtract,topo_5dc2042eea23,1
1.0,0.0,3,3,3,0.666667,"{0: 1, 1: 2}",1.0,1,1,linear,2,1,2,0,0,1,3,0,1,"{1: 2, 0: 1}",{0: 2},0.333333,6c0d717a-af97-47db-ad9d-45255f829e0d,diagnostic,divide|subtract|multiply,topo_1c8dbe1830b2,1
2.0,0.25,4,3,3,0.5,"{0: 2, 2: 1, 1: 1}",0.0,2,1,fan_in,2,2,3,1,0,1,4,0,2,"{1: 3, 0: 1}",{0: 3},0.428571,6c5bf32e-9b63-4950-a348-72e08943a6d5,diagnostic,divide|divide|add|inverse,topo_bd3dd51ec1a9,1
2.0,0.166667,6+,5,5,0.333333,"{0: 2, 2: 1, 1: 3}",0.0,2,1,fan_in,4,2,5,1,0,1,6,0,2,"{1: 5, 0: 1}",{0: 5},0.416667,6c668a48-30d8-46ba-a9ac-8e0c58f9d9f0,diagnostic,multiply|subtract|divide|add|multiply|divide,topo_864e6cf733bb,1
2.0,0.25,4,3,3,0.5,"{0: 2, 1: 1, 2: 1}",0.0,2,1,fan_in,2,2,3,1,0,1,4,0,2,"{1: 3, 0: 1}",{0: 3},0.375,6d2f296f-b21b-4c5d-9a0c-1a4bb82df7bc,diagnostic,multiply|subtract|multiply|add,topo_5b37b75596d2,1
1.0,0.0,2,2,2,1.0,"{0: 1, 1: 1}",1.0,1,1,linear,1,1,1,0,0,1,2,0,1,"{1: 1, 0: 1}",{0: 1},0.25,6dc00645-b34d-4f6b-a00e-046b14a8ece5,diagnostic,multiply|divide,topo_fdeb50f24873,1
1.0,0.0,2,2,2,1.0,"{0: 1, 1: 1}",1.0,1,1,linear,1,1,1,0,0,1,2,0,1,"{1: 1, 0: 1}",{0: 1},0.5,6e091b41-13a2-4a4a-b4d9-105cf1b9ef85,diagnostic,get_substrings_after_api|pad_to_len,topo_fdeb50f24873,1
2.0,0.3,6+,5,5,0.2,"{0: 4, 2: 3, 1: 3}",0.0,2,1,fan_in,6,4,9,3,0,1,10,0,4,"{1: 9, 0: 1}",{0: 9},0.45,6e46d58b-4319-430e-b6ca-72689e56a189,diagnostic,multiply|multiply|add|divide|multiply|multiply|multiply|add|divide|multiply,topo_606006e98bc2,1
2.0,0.222222,6+,5,5,0.222222,"{0: 3, 1: 4, 2: 2}",0.0,2,1,fan_in,6,3,8,2,0,1,9,0,3,"{1: 8, 0: 1}",{0: 8},0.444444,6e91a284-bb94-4086-85c0-179782989414,diagnostic,divide|divide|divide|subtract|divide|subtract|multiply|multiply|divide,topo_f2c32ff10fdc,1
2.0,0.25,4,3,3,0.5,"{0: 2, 2: 1, 1: 1}",0.0,2,1,fan_in,2,2,3,1,0,1,4,0,2,"{1: 3, 0: 1}",{0: 3},0.375,6ea6a1a9-f0e3-43ea-925a-4c627fce8951,diagnostic,divide|add|divide|multiply,topo_bd3dd51ec1a9,1
2.0,0.2,5,3,3,0.4,"{0: 2, 1: 2, 2: 1}",0.0,2,1,fan_in,3,2,4,1,0,1,5,0,2,"{1: 4, 0: 1}",{0: 4},0.4,6fb9747f-205d-4057-98a9-bebfa690d3fe,diagnostic,multiply|multiply|multiply|multiply|divide,topo_17d840e0415f,1
2.0,0.4,5,3,3,0.4,"{0: 3, 2: 2}",0.0,2,1,fan_in,2,3,4,2,0,1,5,0,3,"{1: 4, 0: 1}",{0: 4},0.4,702881c1-d5ba-4b90-aa65-8a17d9a3a5a6,diagnostic,multiply|multiply|subtract|subtract|divide,topo_52c12a6fa235,1
1.0,0.0,2,2,2,1.0,"{0: 1, 1: 1}",1.0,1,1,linear,1,1,1,0,0,1,2,0,1,"{1: 1, 0: 1}",{0: 1},0.25,71425aa1-18ff-4f04-a644-a91a2052e572,diagnostic,subtract|divide,topo_fdeb50f24873,1
1.0,0.0,3,3,3,0.666667,"{0: 1, 1: 2}",1.0,1,1,linear,2,1,2,0,0,1,3,0,1,"{1: 2, 0: 1}",{0: 2},0.333333,714d3faf-b9d9-42a7-95b5-610d47e43332,diagnostic,divide|divide|subtract,topo_1c8dbe1830b2,1
2.0,0.166667,6+,4,4,0.333333,"{0: 2, 1: 3, 2: 1}",0.0,2,1,fan_in,4,2,5,1,0,1,6,0,2,"{1: 5, 0: 1}",{0: 5},0.416667,71d06959-7b76-48fb-906f-16f634884bf2,diagnostic,divide|add|divide|divide|add|divide,topo_2b9a65f092bb,1
2.0,0.25,4,3,3,0.5,"{0: 2, 1: 1, 2: 1}",0.0,2,1,fan_in,2,2,3,1,0,1,4,0,2,"{1: 3, 0: 1}",{0: 3},0.375,73456b3f-d04d-4746-ae18-622952722f11,diagnostic,add|add|add|subtract,topo_30980484d6d7,1
2.0,0.25,4,3,3,0.5,"{0: 2, 1: 1, 2: 1}",0.0,2,1,fan_in,2,2,3,1,0,1,4,0,2,"{1: 3, 0: 1}",{0: 3},0.375,73d62322-04e8-4039-866f-787dc05fda19,diagnostic,add|divide|add|divide,topo_5b37b75596d2,1
2.0,0.2,5,4,4,0.4,"{0: 2, 1: 2, 2: 1}",0.0,2,1,fan_in,3,2,4,1,0,1,5,0,2,"{1: 4, 0: 1}",{0: 4},0.4,746c4d4f-e28a-483b-a0d7-b63e766dc071,diagnostic,subtract|multiply|subtract|divide|add,topo_0c51481d8aeb,1
1.0,0.0,3,3,3,0.666667,"{0: 1, 1: 2}",1.0,1,1,linear,2,1,2,0,0,1,3,0,1,"{1: 2, 0: 1}",{0: 2},0.333333,76446ae7-0565-4df5-bff6-bddcaf386d0f,diagnostic,multiply|divide|multiply,topo_1c8dbe1830b2,1
1.0,0.0,2,2,2,1.0,"{0: 1, 1: 1}",1.0,1,1,linear,1,1,1,0,0,1,2,0,1,"{1: 1, 0: 1}",{0: 1},0.25,766a4d29-1adf-4c1b-ae0b-bda50257dfb3,diagnostic,multiply|divide,topo_fdeb50f24873,1
2.0,0.307692,6+,6,6,0.153846,"{0: 5, 1: 4, 2: 4}",0.0,2,1,fan_in,8,5,12,4,0,1,13,0,5,"{1: 12, 0: 1}",{0: 12},0.461538,767452b7-f09a-4ccc-ab2d-674c207f7a5e,diagnostic,multiply|subtract|divide|subtract|divide|subtract|divide|multiply|subtract|divide|multiply|subtract|divide,topo_c373e6561341,1
1.0,0.0,3,3,3,0.666667,"{0: 1, 1: 2}",1.0,1,1,linear,2,1,2,0,0,1,3,0,1,"{1: 2, 0: 1}",{0: 2},0.333333,77a1ae43-b83e-4a6c-81a6-fa95a2cc6d1a,diagnostic,divide|multiply|subtract,topo_1c8dbe1830b2,1
1.0,0.0,3,2,2,0.333333,"{0: 2, 1: 1}",0.0,1,1,mixed,1,2,1,0,0,2,3,0,2,"{0: 2, 1: 1}",{0: 1},0.083333,77bb5969-f300-4f68-99d4-179bcd9ba304,diagnostic,find_intervals|strip_timezone_info|skip_first,topo_5c49d2fff8bb,2
2.0,0.2,5,4,4,0.4,"{0: 2, 1: 2, 2: 1}",0.0,2,1,fan_in,3,2,4,1,0,1,5,0,2,"{1: 4, 0: 1}",{0: 4},0.4,79548961-64d6-432c-aac2-5846fd124032,diagnostic,divide|multiply|divide|add|divide,topo_7279e5f4b24a,1
2.0,0.333333,3,2,2,0.666667,"{0: 2, 2: 1}",0.0,2,1,fan_in,1,2,2,1,0,1,3,0,2,"{1: 2, 0: 1}",{0: 2},0.333333,79f31629-56a4-4e40-8a4d-c1619abcda9b,diagnostic,add|subtract|subtract,topo_911586a55488,1
2.0,0.2,5,4,4,0.4,"{0: 2, 1: 2, 2: 1}",0.0,2,1,fan_in,3,2,4,1,0,1,5,0,2,"{1: 4, 0: 1}",{0: 4},0.4,7a8717da-4b2a-4cc4-86a8-c03bfeab7c6c,diagnostic,add|power|add|multiply|subtract,topo_774030263969,1
2.0,0.2,5,4,4,0.4,"{0: 2, 1: 2, 2: 1}",0.0,2,1,fan_in,3,2,4,1,0,1,5,0,2,"{1: 4, 0: 1}",{0: 4},0.4,7b7f782d-2389-49ad-b393-3367a22a8bcd,diagnostic,add|divide|add|multiply|subtract,topo_0c51481d8aeb,1
1.0,0.0,2,2,2,1.0,"{0: 1, 1: 1}",1.0,1,1,linear,1,1,1,0,0,1,2,0,1,"{1: 1, 0: 1}",{0: 1},0.25,7baf91da-a05b-42ae-b79f-6b0b5ef45fb7,diagnostic,gcd|gcd,topo_fdeb50f24873,1
1.0,0.0,3,3,3,0.666667,"{0: 1, 1: 2}",1.0,1,1,linear,2,1,2,0,0,1,3,0,1,"{1: 2, 0: 1}",{0: 2},0.333333,7bdd0e4f-6c99-4f49-b9e8-2afc9546891b,diagnostic,subtract|divide|multiply,topo_1c8dbe1830b2,1
2.0,0.25,4,3,3,0.5,"{0: 2, 1: 1, 2: 1}",0.0,2,1,fan_in,2,2,3,1,0,1,4,0,2,"{1: 3, 0: 1}",{0: 3},0.375,7d0d1b23-f8ba-474b-84fd-e78eaaf967e2,diagnostic,subtract|divide|subtract|divide,topo_5b37b75596d2,1
2.0,0.333333,6+,4,4,0.333333,"{0: 3, 2: 2, 1: 1}",0.0,2,1,fan_in,3,3,5,2,0,1,6,0,3,"{1: 5, 0: 1}",{0: 5},0.416667,7da0f6e7-2a24-4fa8-b48d-cc84cae3e578,diagnostic,divide|divide|divide|subtract|subtract|divide,topo_37f1fc553f96,1
2.0,0.2,5,4,4,0.4,"{0: 2, 1: 2, 2: 1}",0.0,2,1,fan_in,3,2,4,1,0,1,5,0,2,"{1: 4, 0: 1}",{0: 4},0.4,7f38a354-d596-4f17-b24b-028e4c29b99b,diagnostic,divide|subtract|multiply|divide|multiply,topo_774030263969,1
2.0,0.333333,3,2,2,0.666667,"{0: 2, 2: 1}",0.0,2,1,fan_in,1,2,2,1,0,1,3,0,2,"{1: 2, 0: 1}",{0: 2},0.333333,7f651bd9-4bf0-42ee-9102-106f475f86ed,diagnostic,multiply|add|divide,topo_911586a55488,1
1.0,0.0,4,4,4,0.5,"{0: 1, 1: 3}",1.0,1,1,linear,3,1,3,0,0,1,4,0,1,"{1: 3, 0: 1}",{0: 3},0.375,800b2e64-e7fb-43b5-a258-9e19828e1db1,diagnostic,multiply|divide|multiply|divide,topo_5296967693d8,1
2.0,0.25,4,3,3,0.5,"{0: 2, 2: 1, 1: 1}",0.0,2,1,fan_in,2,2,3,1,0,1,4,0,2,"{1: 3, 0: 1}",{0: 3},0.375,80906cae-8547-47ad-863b-9db070fd41ae,diagnostic,divide|divide|add|divide,topo_bd3dd51ec1a9,1
1.0,0.0,3,3,3,0.666667,"{0: 1, 1: 2}",1.0,1,1,linear,2,1,2,0,0,1,3,0,1,"{1: 2, 0: 1}",{0: 2},0.666667,8298a332-f803-4f19-97d3-b0b12607538f,diagnostic,generate_random_string_of_length|split_and_title|most_common_word,topo_1c8dbe1830b2,1
1.0,0.0,2,2,2,1.0,"{0: 1, 1: 1}",1.0,1,1,linear,1,1,1,0,0,1,2,0,1,"{1: 1, 0: 1}",{0: 1},0.2,837f59f5-0d19-4246-993f-061525bd8d67,diagnostic,is_all_even|convert_bits,topo_fdeb50f24873,1
2.0,0.3,6+,6,6,0.2,"{0: 4, 1: 3, 2: 3}",0.0,2,1,fan_in,6,4,9,3,0,1,10,0,4,"{1: 9, 0: 1}",{0: 9},0.45,83e87247-0e5d-4f60-a88f-8aa6069ce66c,diagnostic,multiply|multiply|multiply|divide|multiply|multiply|add|multiply|add|divide,topo_c48b6a5162a2,1
2.0,0.25,4,3,3,0.5,"{0: 2, 2: 1, 1: 1}",0.0,2,1,fan_in,2,2,3,1,0,1,4,0,2,"{1: 3, 0: 1}",{0: 3},0.428571,844ce8e2-be74-4db0-8541-132f5bebeb1b,diagnostic,divide|divide|add|inverse,topo_bd3dd51ec1a9,1
1.0,0.0,2,2,2,1.0,"{0: 1, 1: 1}",1.0,1,1,linear,1,1,1,0,0,1,2,0,1,"{1: 1, 0: 1}",{0: 1},0.090909,84d4c1eb-d7c3-40c2-abda-780dded290ee,diagnostic,calculate_ab_error|sort_sequence,topo_fdeb50f24873,1
1.0,0.0,6+,6,6,0.333333,"{0: 1, 1: 5}",1.0,1,1,linear,5,1,5,0,0,1,6,0,1,"{1: 5, 0: 1}",{0: 5},0.416667,856f6b32-e3a3-42e7-adad-f6b3802a6772,diagnostic,add|add|add|add|divide|multiply,topo_02b29308ce2b,1
1.0,0.0,2,2,2,1.0,"{0: 1, 1: 1}",1.0,1,1,linear,1,1,1,0,0,1,2,0,1,"{1: 1, 0: 1}",{0: 1},0.25,85deb9a0-ca7b-440c-a975-553cc92ff009,diagnostic,add|multiply,topo_fdeb50f24873,1
2.0,0.4,5,3,3,0.4,"{0: 3, 2: 2}",0.0,2,1,fan_in,2,3,4,2,0,1,5,0,3,"{1: 4, 0: 1}",{0: 4},0.4,85ee192d-9b18-47b8-8f8f-e99639042c19,diagnostic,multiply|multiply|add|add|divide,topo_52c12a6fa235,1
1.0,0.0,2,2,2,1.0,"{0: 1, 1: 1}",1.0,1,1,linear,1,1,1,0,0,1,2,0,1,"{1: 1, 0: 1}",{0: 1},0.166667,87282615-28ca-4fe6-bfd8-dc80f913307a,diagnostic,min_gap|factor,topo_fdeb50f24873,1
2.0,0.307692,6+,7,7,0.153846,"{0: 5, 2: 4, 1: 4}",0.0,2,1,fan_in,8,5,12,4,0,1,13,0,5,"{1: 12, 0: 1}",{0: 12},0.5,87481cd4-e4d1-4eb7-ad02-0c29677ddb8c,diagnostic,divide|divide|power|floor|divide|divide|power|floor|power|subtract|divide|power|multiply,topo_2bf14060bc2a,1
2.0,0.25,4,3,3,0.5,"{0: 2, 2: 1, 1: 1}",0.0,2,1,fan_in,2,2,3,1,0,1,4,0,2,"{1: 3, 0: 1}",{0: 3},0.375,88659452-fa94-4511-b6c2-f44d1d792cfe,diagnostic,multiply|multiply|subtract|divide,topo_bd3dd51ec1a9,1
2.0,0.2,5,4,4,0.4,"{0: 2, 1: 2, 2: 1}",0.0,2,1,fan_in,3,2,4,1,0,1,5,0,2,"{1: 4, 0: 1}",{0: 4},0.4,887b6d7e-5fb5-4523-9b28-f7ab29cf7636,diagnostic,subtract|divide|divide|multiply|multiply,topo_7279e5f4b24a,1
2.0,0.333333,3,2,2,0.666667,"{0: 2, 2: 1}",0.0,2,1,fan_in,1,2,2,1,0,1,3,0,2,"{1: 2, 0: 1}",{0: 2},0.25,88b88263-a647-4da2-9c9a-329970a6aa3a,diagnostic,sum_of_consecutive_numbers|max_minus_min|compare_variables,topo_911586a55488,1
2.0,0.4,5,3,3,0.4,"{0: 3, 2: 2}",0.0,2,1,fan_in,2,3,4,2,0,1,5,0,3,"{1: 4, 0: 1}",{0: 4},0.4,8917020a-8354-4100-8b7a-6c06c6428b57,diagnostic,multiply|multiply|multiply|add|subtract,topo_5dc2042eea23,1
2.0,0.25,4,3,3,0.5,"{0: 2, 2: 1, 1: 1}",0.0,2,1,fan_in,2,2,3,1,0,1,4,0,2,"{1: 3, 0: 1}",{0: 3},0.375,894ae2ce-c653-4e07-9bc9-296ea3f12aef,diagnostic,divide|divide|subtract|divide,topo_bd3dd51ec1a9,1
1.0,0.0,3,3,3,0.666667,"{0: 1, 1: 2}",1.0,1,1,linear,2,1,2,0,0,1,3,0,1,"{1: 2, 0: 1}",{0: 2},0.333333,8954bf4e-0de5-4497-8b91-09e6e039d6b6,diagnostic,subtract|divide|multiply,topo_1c8dbe1830b2,1
1.0,0.0,2,2,2,1.0,"{0: 1, 1: 1}",1.0,1,1,linear,1,1,1,0,0,1,2,0,1,"{1: 1, 0: 1}",{0: 1},0.25,8a74c126-ba35-450d-a992-1b2f69197bf4,diagnostic,divide|multiply,topo_fdeb50f24873,1
2.0,0.444444,6+,6,6,0.111111,"{0: 9, 2: 8, 1: 1}",0.0,2,1,fan_in,9,9,17,8,0,1,18,0,9,"{1: 17, 0: 1}",{0: 17},0.472222,8ab9d4d5-0011-4e49-85cb-ee24f852f350,diagnostic,multiply|subtract|subtract|multiply|add|multiply|add|subtract|multiply|add|add|divide|multiply|subtract|subtract|multiply|add|multiply,topo_a4503152b38a,1
2.0,0.285714,6+,5,5,0.285714,"{0: 3, 1: 2, 2: 2}",0.0,2,1,fan_in,4,3,6,2,0,1,7,0,3,"{1: 6, 0: 1}",{0: 6},0.545455,8abb3f96-fd86-4948-b034-3a404caaf078,diagnostic,add|square_area|square_area|subtract|multiply|square_area|divide,topo_9a499ee71ea4,1
1.0,0.0,3,3,3,0.666667,"{0: 1, 1: 2}",1.0,1,1,linear,2,1,2,0,0,1,3,0,1,"{1: 2, 0: 1}",{0: 2},0.333333,8b135424-72ba-47d7-818e-5d13b21334db,diagnostic,subtract|subtract|subtract,topo_1c8dbe1830b2,1
2.0,0.166667,6+,4,4,0.333333,"{0: 2, 1: 3, 2: 1}",0.0,2,1,fan_in,4,2,5,1,0,1,6,0,2,"{1: 5, 0: 1}",{0: 5},0.416667,8b3a28e9-ba64-44cd-bfe2-d7094471b5d7,diagnostic,divide|add|divide|add|multiply|divide,topo_f5466e583fca,1
2.0,0.25,4,3,3,0.5,"{0: 2, 2: 1, 1: 1}",0.0,2,1,fan_in,2,2,3,1,0,1,4,0,2,"{1: 3, 0: 1}",{0: 3},0.375,8b77968f-aa3b-443c-a226-7a628b611fb1,diagnostic,multiply|multiply|divide|multiply,topo_bd3dd51ec1a9,1
2.0,0.2,5,3,3,0.4,"{0: 2, 1: 2, 2: 1}",0.0,2,1,fan_in,3,2,4,1,0,1,5,0,2,"{1: 4, 0: 1}",{0: 4},0.4,8d50fe89-d76a-4b2d-8e61-b805e25170a5,diagnostic,multiply|multiply|subtract|multiply|divide,topo_17d840e0415f,1
1.0,0.0,5,5,5,0.4,"{0: 1, 1: 4}",1.0,1,1,linear,4,1,4,0,0,1,5,0,1,"{1: 4, 0: 1}",{0: 4},0.4,8d963cd2-0004-45db-9312-d295f0367c1c,diagnostic,divide|add|divide|multiply|subtract,topo_d228dd6db98a,1
1.0,0.0,2,2,2,1.0,"{0: 1, 1: 1}",1.0,1,1,linear,1,1,1,0,0,1,2,0,1,"{1: 1, 0: 1}",{0: 1},0.5,8de7580b-2f9f-4516-a3bd-4b5933ca1e2e,diagnostic,sentence_to_words|is_alphabetically_sorted,topo_fdeb50f24873,1
2.0,0.2,5,4,4,0.4,"{0: 2, 1: 2, 2: 1}",0.0,2,1,fan_in,3,2,4,1,0,1,5,0,2,"{1: 4, 0: 1}",{0: 4},0.4,8ee1d3b2-4632-4455-b3b1-7a165383c55b,diagnostic,multiply|subtract|subtract|subtract|divide,topo_774030263969,1
2.0,0.2,5,3,3,0.4,"{0: 2, 1: 2, 2: 1}",0.0,2,1,fan_in,3,2,4,1,0,1,5,0,2,"{1: 4, 0: 1}",{0: 4},0.4,8f239e7b-b2e5-4165-8b67-9103c60d155b,diagnostic,divide|multiply|divide|multiply|subtract,topo_17d840e0415f,1
2.0,0.4,5,3,3,0.4,"{0: 3, 2: 2}",0.0,2,1,fan_in,2,3,4,2,0,1,5,0,3,"{1: 4, 0: 1}",{0: 4},0.4,8f5235bc-6703-4af2-a441-ec906357889e,diagnostic,multiply|add|subtract|subtract|divide,topo_5dc2042eea23,1
2.0,0.25,4,3,3,0.5,"{0: 2, 2: 1, 1: 1}",0.0,2,1,fan_in,2,2,3,1,0,1,4,0,2,"{1: 3, 0: 1}",{0: 3},0.375,9169ba71-aeda-4b8f-99a4-c5772cf2efb8,diagnostic,subtract|divide|divide|subtract,topo_bd3dd51ec1a9,1
2.0,0.3,6+,5,5,0.2,"{0: 4, 1: 3, 2: 3}",0.0,2,1,fan_in,6,4,9,3,0,1,10,0,4,"{1: 9, 0: 1}",{0: 9},0.45,916b2049-ac2d-4d32-b022-e9182f258024,diagnostic,add|divide|add|divide|subtract|add|divide|divide|add|multiply,topo_b08dfd9f1e9d,1
2.0,0.25,4,3,3,0.5,"{0: 2, 1: 1, 2: 1}",0.0,2,1,fan_in,2,2,3,1,0,1,4,0,2,"{1: 3, 0: 1}",{0: 3},0.375,92366bd5-f065-4719-91a2-c44123746ce6,diagnostic,add|multiply|divide|divide,topo_5b37b75596d2,1
1.0,0.0,2,2,2,1.0,"{0: 1, 1: 1}",1.0,1,1,linear,1,1,1,0,0,1,2,0,1,"{1: 1, 0: 1}",{0: 1},0.166667,925e5a42-be49-45d0-ae48-9f76fbe1a0a2,diagnostic,max_change|convert_seconds,topo_fdeb50f24873,1
1.0,0.0,3,3,3,0.666667,"{0: 1, 1: 2}",1.0,1,1,linear,2,1,2,0,0,1,3,0,1,"{1: 2, 0: 1}",{0: 2},0.333333,927a732c-c4df-4035-830a-e635368d29d7,diagnostic,subtract|divide|multiply,topo_1c8dbe1830b2,1
1.0,0.0,3,3,3,0.666667,"{0: 1, 1: 2}",1.0,1,1,linear,2,1,2,0,0,1,3,0,1,"{1: 2, 0: 1}",{0: 2},0.333333,92b6a1d2-d0d7-4915-a3ea-9361f588979a,diagnostic,power|subtract|divide,topo_1c8dbe1830b2,1
2.0,0.25,4,3,3,0.5,"{0: 2, 1: 1, 2: 1}",0.0,2,1,fan_in,2,2,3,1,0,1,4,0,2,"{1: 3, 0: 1}",{0: 3},0.375,9305c8b4-aa65-4648-9332-329619fbbb48,diagnostic,divide|add|divide|divide,topo_30980484d6d7,1
1.0,0.0,2,2,2,1.0,"{0: 1, 1: 1}",1.0,1,1,linear,1,1,1,0,0,1,2,0,1,"{1: 1, 0: 1}",{0: 1},0.166667,93a99349-900a-4d49-8964-8e944e49ff25,diagnostic,insert_into_dict|check_nested_dicts,topo_fdeb50f24873,1
1.0,0.0,2,2,2,1.0,"{0: 1, 1: 1}",1.0,1,1,linear,1,1,1,0,0,1,2,0,1,"{1: 1, 0: 1}",{0: 1},0.25,93d702d6-5124-4500-a02f-78d32c9c26c4,diagnostic,multiply|multiply,topo_fdeb50f24873,1
2.0,0.166667,6+,5,5,0.333333,"{0: 2, 1: 3, 2: 1}",0.0,2,1,fan_in,4,2,5,1,0,1,6,0,2,"{1: 5, 0: 1}",{0: 5},0.416667,93dcf0b5-0d95-4bc6-be39-0eb316ee8721,diagnostic,add|multiply|add|subtract|add|divide,topo_274cced67f83,1
2.0,0.2,5,4,4,0.4,"{0: 2, 2: 1, 1: 2}",0.0,2,1,fan_in,3,2,4,1,0,1,5,0,2,"{1: 4, 0: 1}",{0: 4},0.4,95ba5a83-de0c-4ec2-a53c-05c00643cb34,diagnostic,divide|divide|add|divide|divide,topo_6011a58939eb,1
1.0,0.0,4,4,4,0.5,"{0: 1, 1: 3}",1.0,1,1,linear,3,1,3,0,0,1,4,0,1,"{1: 3, 0: 1}",{0: 3},0.375,96b0ed5c-cf47-4b92-9cf5-0d69f7a864a9,diagnostic,add|divide|subtract|power,topo_5296967693d8,1
2.0,0.2,5,4,4,0.4,"{0: 2, 1: 2, 2: 1}",0.0,2,1,fan_in,3,2,4,1,0,1,5,0,2,"{1: 4, 0: 1}",{0: 4},0.4,9855f520-4ad7-4658-85fc-b66003e186bb,diagnostic,divide|subtract|divide|divide|divide,topo_774030263969,1
1.0,0.0,2,2,2,1.0,"{0: 1, 1: 1}",1.0,1,1,linear,1,1,1,0,0,1,2,0,1,"{1: 1, 0: 1}",{0: 1},0.5,98780c7e-93fa-496c-b2a4-5ed84b9cd8ee,diagnostic,gid2name|string_to_md5,topo_fdeb50f24873,1
1.0,0.0,2,2,2,1.0,"{0: 1, 1: 1}",1.0,1,1,linear,1,1,1,0,0,1,2,0,1,"{1: 1, 0: 1}",{0: 1},0.111111,98cad833-bb80-4583-9158-b9d1984eec6e,diagnostic,hypotenuse_length|ode_model,topo_fdeb50f24873,1
2.0,0.222222,6+,7,7,0.222222,"{0: 3, 1: 4, 2: 2}",0.0,2,1,fan_in,6,3,8,2,0,1,9,0,3,"{1: 8, 0: 1}",{0: 8},0.444444,99501e17-529b-42b7-ae83-e98b576c8019,diagnostic,add|subtract|divide|multiply|add|subtract|add|divide|multiply,topo_53d4d124e14a,1
1.0,0.0,2,2,2,1.0,"{0: 1, 1: 1}",1.0,1,1,linear,1,1,1,0,0,1,2,0,1,"{1: 1, 0: 1}",{0: 1},0.333333,9a10a5a0-8ece-4a88-be4b-8d88099d5266,diagnostic,cube_density|convert_val_to_float,topo_fdeb50f24873,1
2.0,0.307692,6+,5,5,0.153846,"{0: 5, 1: 4, 2: 4}",0.0,2,1,fan_in,8,5,12,4,0,1,13,0,5,"{1: 12, 0: 1}",{0: 12},0.461538,9a23a3ec-0f70-4acf-867f-1a82c0ca5b17,diagnostic,multiply|divide|subtract|multiply|divide|divide|divide|multiply|divide|subtract|multiply|multiply|add,topo_2c3eca3d7e46,1
1.0,0.0,3,3,3,0.666667,"{0: 1, 1: 2}",1.0,1,1,linear,2,1,2,0,0,1,3,0,1,"{1: 2, 0: 1}",{0: 2},0.166667,9a752e1c-dffb-4c71-84d5-687970836ce7,diagnostic,count_empty_strings|generate_random_integer|sum_less_than_n,topo_1c8dbe1830b2,1
1.0,0.0,2,2,2,1.0,"{0: 1, 1: 1}",1.0,1,1,linear,1,1,1,0,0,1,2,0,1,"{1: 1, 0: 1}",{0: 1},0.25,9adb7a75-2ecb-406d-8a46-542b79eb6e32,diagnostic,divide|subtract,topo_fdeb50f24873,1
2.0,0.333333,3,2,2,0.666667,"{0: 2, 2: 1}",0.0,2,1,fan_in,1,2,2,1,0,1,3,0,2,"{1: 2, 0: 1}",{0: 2},0.333333,9bb69164-80c4-4c4e-a9d2-fa3fa8bee4e3,diagnostic,multiply|multiply|divide,topo_911586a55488,1
2.0,0.461538,6+,5,5,0.153846,"{0: 7, 2: 6}",0.0,2,1,fan_in,6,7,12,6,0,1,13,0,7,"{1: 12, 0: 1}",{0: 12},0.461538,9c4c6a80-d210-46e3-bb30-8ab2ca8e8f3a,diagnostic,multiply|multiply|add|add|divide|multiply|multiply|add|add|divide|divide|multiply|add,topo_41ec797c710c,1
2.0,0.357143,6+,7,7,0.142857,"{0: 6, 1: 3, 2: 5}",0.0,2,1,fan_in,8,6,13,5,0,1,14,0,6,"{1: 13, 0: 1}",{0: 13},0.464286,9cbda69c-2a36-4f07-87cb-e0fa23cebf60,diagnostic,divide|multiply|subtract|add|divide|multiply|subtract|divide|divide|add|divide|add|add|add,topo_5391d564a99d,1
2.0,0.2,5,4,4,0.4,"{0: 2, 1: 2, 2: 1}",0.0,2,1,fan_in,3,2,4,1,0,1,5,0,2,"{1: 4, 0: 1}",{0: 4},0.4,9d6d1fcc-912d-4543-ba01-900bc1bc60d2,diagnostic,subtract|divide|divide|add|divide,topo_0c51481d8aeb,1
1.0,0.0,4,4,4,0.5,"{0: 1, 1: 3}",1.0,1,1,linear,3,1,3,0,0,1,4,0,1,"{1: 3, 0: 1}",{0: 3},0.428571,9e473074-b414-4c07-9d2b-8d2512055475,diagnostic,multiply|sqrt|divide|divide,topo_5296967693d8,1
2.0,0.25,4,3,3,0.5,"{0: 2, 1: 1, 2: 1}",0.0,2,1,fan_in,2,2,3,1,0,1,4,0,2,"{1: 3, 0: 1}",{0: 3},0.375,9ecefde1-85a5-4e50-948e-ee9c2bbf414f,diagnostic,subtract|multiply|divide|divide,topo_30980484d6d7,1
2.0,0.111111,6+,6,6,0.222222,"{0: 2, 1: 6, 2: 1}",0.0,2,1,fan_in,7,2,8,1,0,1,9,0,2,"{1: 8, 0: 1}",{0: 8},0.444444,9ee13b1f-14b3-4e54-b629-7a77a03e4262,diagnostic,multiply|divide|subtract|multiply|divide|subtract|multiply|divide|subtract,topo_0d3a7c5d1144,1
2.0,0.142857,6+,5,5,0.285714,"{0: 2, 1: 4, 2: 1}",0.0,2,1,fan_in,5,2,6,1,0,1,7,0,2,"{1: 6, 0: 1}",{0: 6},0.428571,9f02bfaf-4adb-40b5-837c-aac1bc3fac30,diagnostic,divide|subtract|divide|subtract|multiply|multiply|subtract,topo_619388d6c582,1
1.0,0.0,3,3,3,0.666667,"{0: 1, 1: 2}",1.0,1,1,linear,2,1,2,0,0,1,3,0,1,"{1: 2, 0: 1}",{0: 2},0.333333,a1d8cfc2-84b1-49dd-8ddc-6b51b110038a,diagnostic,subtract|multiply|divide,topo_1c8dbe1830b2,1
1.0,0.0,3,3,3,0.666667,"{0: 1, 1: 2}",1.0,1,1,linear,2,1,2,0,0,1,3,0,1,"{1: 2, 0: 1}",{0: 2},0.333333,a2172da9-3fb2-4aca-b2d5-20a4579d2266,diagnostic,multiply|divide|multiply,topo_1c8dbe1830b2,1
2.0,0.2,5,4,4,0.4,"{0: 2, 1: 2, 2: 1}",0.0,2,1,fan_in,3,2,4,1,0,1,5,0,2,"{1: 4, 0: 1}",{0: 4},0.4,a30048e8-000d-4e5a-addc-0e6c6e5c6fb8,diagnostic,multiply|divide|multiply|multiply|multiply,topo_774030263969,1
1.0,0.0,3,3,3,0.666667,"{0: 1, 1: 2}",1.0,1,1,linear,2,1,2,0,0,1,3,0,1,"{1: 2, 0: 1}",{0: 2},0.333333,a330bb9e-a3eb-456a-87c3-63caf6822fad,diagnostic,divide|subtract|multiply,topo_1c8dbe1830b2,1
2.0,0.25,4,3,3,0.5,"{0: 2, 2: 1, 1: 1}",0.0,2,1,fan_in,2,2,3,1,0,1,4,0,2,"{1: 3, 0: 1}",{0: 3},0.375,a44c74fd-b0bf-4f35-a8f0-b0a888135fee,diagnostic,divide|divide|subtract|divide,topo_bd3dd51ec1a9,1
1.0,0.0,5,5,5,0.4,"{0: 1, 1: 4}",1.0,1,1,linear,4,1,4,0,0,1,5,0,1,"{1: 4, 0: 1}",{0: 4},0.444444,a5446ce3-edec-4898-b802-cc9b4c5864b6,diagnostic,add|divide|multiply|floor|add,topo_d228dd6db98a,1
1.0,0.0,4,4,4,0.5,"{0: 1, 1: 3}",1.0,1,1,linear,3,1,3,0,0,1,4,0,1,"{1: 3, 0: 1}",{0: 3},0.375,a5562121-119c-4737-adbe-0ce66cab3f20,diagnostic,subtract|divide|multiply|divide,topo_5296967693d8,1
1.0,0.0,2,2,2,1.0,"{0: 1, 1: 1}",1.0,1,1,linear,1,1,1,0,0,1,2,0,1,"{1: 1, 0: 1}",{0: 1},0.25,a58be90a-b73e-4d45-a4e2-2ba9db73e912,diagnostic,calculate_gcd|calculate_profit,topo_fdeb50f24873,1
1.0,0.0,2,2,2,1.0,"{0: 1, 1: 1}",1.0,1,1,linear,1,1,1,0,0,1,2,0,1,"{1: 1, 0: 1}",{0: 1},0.1,a7d0c985-3d04-47c8-a063-8276616af274,diagnostic,extract_matrix_elements|split_into_parts,topo_fdeb50f24873,1
1.0,0.0,2,2,2,1.0,"{0: 1, 1: 1}",1.0,1,1,linear,1,1,1,0,0,1,2,0,1,"{1: 1, 0: 1}",{0: 1},0.25,a7f3e2d8-d639-488d-97c5-2e51f42ad83e,diagnostic,multiply|divide,topo_fdeb50f24873,1
2.0,0.333333,3,2,2,0.666667,"{0: 2, 2: 1}",0.0,2,1,fan_in,1,2,2,1,0,1,3,0,2,"{1: 2, 0: 1}",{0: 2},0.333333,a845fa23-f94d-436b-b550-86cb6f3da886,diagnostic,add|subtract|subtract,topo_911586a55488,1
2.0,0.181818,6+,6,6,0.181818,"{0: 3, 1: 6, 2: 2}",0.0,2,1,fan_in,8,3,10,2,0,1,11,0,3,"{1: 10, 0: 1}",{0: 10},0.454545,a90adb78-71aa-4125-b7c4-6151ed659a80,diagnostic,subtract|subtract|divide|subtract|multiply|add|divide|subtract|multiply|add|multiply,topo_b66425026a59,1
1.0,0.0,3,3,3,0.666667,"{0: 1, 1: 2}",1.0,1,1,linear,2,1,2,0,0,1,3,0,1,"{1: 2, 0: 1}",{0: 2},0.333333,aa1ea1ba-bf16-4e55-a707-c3a3aa6ab0d6,diagnostic,multiply|divide|multiply,topo_1c8dbe1830b2,1
2.0,0.166667,6+,5,5,0.333333,"{0: 2, 2: 1, 1: 3}",0.0,2,1,fan_in,4,2,5,1,0,1,6,0,2,"{1: 5, 0: 1}",{0: 5},0.416667,aa8adc5d-1f45-46ca-9c85-3819910c0296,diagnostic,add|subtract|add|divide|subtract|multiply,topo_864e6cf733bb,1
2.0,0.2,5,4,4,0.4,"{0: 2, 1: 2, 2: 1}",0.0,2,1,fan_in,3,2,4,1,0,1,5,0,2,"{1: 4, 0: 1}",{0: 4},0.4,aaece8ba-0384-4d94-a479-fe00d0eb94e0,diagnostic,divide|divide|multiply|divide|add,topo_2b041b861492,1
1.0,0.0,4,4,4,0.5,"{0: 1, 1: 3}",1.0,1,1,linear,3,1,3,0,0,1,4,0,1,"{1: 3, 0: 1}",{0: 3},0.375,abb922e2-ecb4-444d-8602-41700a00639b,diagnostic,divide|multiply|multiply|divide,topo_5296967693d8,1
2.0,0.25,6+,5,5,0.25,"{0: 3, 1: 3, 2: 2}",0.0,2,1,fan_in,5,3,7,2,0,1,8,0,3,"{1: 7, 0: 1}",{0: 7},0.4375,ac43d21d-8330-4f5d-9a90-85756af20656,diagnostic,add|subtract|divide|multiply|subtract|divide|multiply|subtract,topo_f371c45e3895,1
2.0,0.166667,6+,4,4,0.333333,"{0: 2, 1: 3, 2: 1}",0.0,2,1,fan_in,4,2,5,1,0,1,6,0,2,"{1: 5, 0: 1}",{0: 5},0.5,ac7f18f4-b4e7-424c-bb4e-b81a8a7e507c,diagnostic,negate|add|negate|add|add|add,topo_5cf1a13edea8,1
2.0,0.285714,6+,5,5,0.285714,"{0: 3, 2: 2, 1: 2}",0.0,2,1,fan_in,4,3,6,2,0,1,7,0,3,"{1: 6, 0: 1}",{0: 6},0.428571,ac7ff9ba-5f9b-45db-ac99-a27751c32a2f,diagnostic,divide|divide|add|divide|divide|subtract|divide,topo_ae6ad51c2944,1
1.0,0.0,2,2,2,1.0,"{0: 1, 1: 1}",1.0,1,1,linear,1,1,1,0,0,1,2,0,1,"{1: 1, 0: 1}",{0: 1},0.25,aca13c04-25c4-452c-8ce5-f9ac7668a980,diagnostic,subtract|subtract,topo_fdeb50f24873,1
2.0,0.4,5,3,3,0.4,"{0: 3, 2: 2}",0.0,2,1,fan_in,2,3,4,2,0,1,5,0,3,"{1: 4, 0: 1}",{0: 4},0.4,acb996d1-a48e-47b8-b370-8cf14d0db3a7,diagnostic,multiply|multiply|subtract|subtract|divide,topo_52c12a6fa235,1
2.0,0.333333,3,2,2,0.666667,"{0: 2, 2: 1}",0.0,2,1,fan_in,1,2,2,1,0,1,3,0,2,"{1: 2, 0: 1}",{0: 2},0.333333,ace2a45d-4588-4ddc-bfe9-f98c2cff0427,diagnostic,divide|divide|subtract,topo_911586a55488,1
1.0,0.0,3,3,3,0.666667,"{0: 1, 1: 2}",1.0,1,1,linear,2,1,2,0,0,1,3,0,1,"{1: 2, 0: 1}",{0: 2},0.333333,ad9fe842-7db1-4922-a922-d011caecdb6f,diagnostic,multiply|divide|multiply,topo_1c8dbe1830b2,1
1.0,0.0,2,2,2,1.0,"{0: 1, 1: 1}",1.0,1,1,linear,1,1,1,0,0,1,2,0,1,"{1: 1, 0: 1}",{0: 1},0.166667,ae2442dc-f285-4963-a108-fef08dffe49a,diagnostic,compute_entropy|calculate_ratio_and_compare,topo_fdeb50f24873,1
2.0,0.272727,6+,5,5,0.181818,"{0: 4, 1: 4, 2: 3}",0.0,2,1,fan_in,7,4,10,3,0,1,11,0,4,"{1: 10, 0: 1}",{0: 10},0.454545,ae7cc681-a44c-4143-8bf2-a2a9680acf0d,diagnostic,divide|multiply|divide|divide|subtract|divide|divide|multiply|divide|subtract|divide,topo_7a3a64b95a12,1
2.0,0.142857,6+,6,6,0.285714,"{0: 2, 2: 1, 1: 4}",0.0,2,1,fan_in,5,2,6,1,0,1,7,0,2,"{1: 6, 0: 1}",{0: 6},0.428571,aed65d8f-b112-4cd6-ab82-07ae242a8947,diagnostic,add|add|add|multiply|subtract|divide|multiply,topo_1419cc3c6547,1
2.0,0.2,5,3,3,0.4,"{0: 2, 1: 2, 2: 1}",0.0,2,1,fan_in,3,2,4,1,0,1,5,0,2,"{1: 4, 0: 1}",{0: 4},0.4,af2e5ab1-979e-48ac-af4f-d35487975b62,diagnostic,divide|multiply|divide|multiply|subtract,topo_17d840e0415f,1
1.0,0.0,3,3,3,0.666667,"{0: 1, 1: 2}",1.0,1,1,linear,2,1,2,0,0,1,3,0,1,"{1: 2, 0: 1}",{0: 2},0.333333,b0062a20-23f1-4af6-bdf3-6441af3aacca,diagnostic,divide|multiply|add,topo_1c8dbe1830b2,1
1.0,0.0,2,2,2,1.0,"{0: 1, 1: 1}",1.0,1,1,linear,1,1,1,0,0,1,2,0,1,"{1: 1, 0: 1}",{0: 1},0.25,b0643ded-c098-4051-958b-db37c7b2aa00,diagnostic,dict_to_list_of_dicts|generate_slack_message,topo_fdeb50f24873,1
1.0,0.0,3,3,3,0.666667,"{0: 1, 1: 2}",1.0,1,1,linear,2,1,2,0,0,1,3,0,1,"{1: 2, 0: 1}",{0: 2},0.333333,b0ec8b50-3b10-47e9-a151-fe2085d45c5d,diagnostic,add|divide|multiply,topo_1c8dbe1830b2,1
2.0,0.4,5,3,3,0.4,"{0: 3, 2: 2}",0.0,2,1,fan_in,2,3,4,2,0,1,5,0,3,"{1: 4, 0: 1}",{0: 4},0.4,b169f0ea-3a25-4627-9795-9d390379e73f,diagnostic,add|add|multiply|multiply|subtract,topo_52c12a6fa235,1
2.0,0.142857,6+,6,6,0.285714,"{0: 2, 2: 1, 1: 4}",0.0,2,1,fan_in,5,2,6,1,0,1,7,0,2,"{1: 6, 0: 1}",{0: 6},0.428571,b1706900-e187-49c5-ace6-8cbfc5fbd566,diagnostic,subtract|add|multiply|divide|divide|subtract|multiply,topo_1419cc3c6547,1
2.0,0.333333,3,2,2,0.666667,"{0: 2, 2: 1}",0.0,2,1,fan_in,1,2,2,1,0,1,3,0,2,"{1: 2, 0: 1}",{0: 2},0.333333,b170ed97-4af8-4589-8a83-7509c597837c,diagnostic,multiply|multiply|divide,topo_911586a55488,1
1.0,0.0,6+,6,6,0.333333,"{0: 1, 1: 5}",1.0,1,1,linear,5,1,5,0,0,1,6,0,1,"{1: 5, 0: 1}",{0: 5},0.416667,b174255f-9249-4dc5-a214-1bfed5112330,diagnostic,subtract|divide|multiply|multiply|divide|subtract,topo_02b29308ce2b,1
1.0,0.0,5,5,5,0.4,"{0: 1, 1: 4}",1.0,1,1,linear,4,1,4,0,0,1,5,0,1,"{1: 4, 0: 1}",{0: 4},0.4,b17fe079-7816-4882-98fd-ba692caae2e3,diagnostic,divide|subtract|multiply|divide|multiply,topo_d228dd6db98a,1
2.0,0.2,5,3,3,0.4,"{0: 2, 1: 2, 2: 1}",0.0,2,1,fan_in,3,2,4,1,0,1,5,0,2,"{1: 4, 0: 1}",{0: 4},0.4,b19cf53c-de8d-45ec-a1f1-812364690f45,diagnostic,add|divide|add|multiply|multiply,topo_17d840e0415f,1
1.0,0.0,3,3,3,0.666667,"{0: 1, 1: 2}",1.0,1,1,linear,2,1,2,0,0,1,3,0,1,"{1: 2, 0: 1}",{0: 2},0.333333,b2861b15-913e-4b89-a37e-16a3468170a6,diagnostic,divide|multiply|multiply,topo_1c8dbe1830b2,1
1.0,0.0,3,3,3,0.666667,"{0: 1, 1: 2}",1.0,1,1,linear,2,1,2,0,0,1,3,0,1,"{1: 2, 0: 1}",{0: 2},0.333333,b33d1976-3a2d-46a9-bf8b-2c72336683eb,diagnostic,subtract|divide|multiply,topo_1c8dbe1830b2,1
2.0,0.166667,6+,5,5,0.333333,"{0: 2, 1: 3, 2: 1}",0.0,2,1,fan_in,4,2,5,1,0,1,6,0,2,"{1: 5, 0: 1}",{0: 5},0.416667,b370d25b-a241-486b-9630-7dbd523312c2,diagnostic,multiply|subtract|multiply|subtract|add|divide,topo_053156353fa9,1
1.0,0.0,5,5,5,0.4,"{0: 1, 1: 4}",1.0,1,1,linear,4,1,4,0,0,1,5,0,1,"{1: 4, 0: 1}",{0: 4},0.4,b39c0196-4991-47b9-b5b4-18d53615fd00,diagnostic,multiply|divide|multiply|divide|divide,topo_d228dd6db98a,1
1.0,0.0,2,2,2,1.0,"{0: 1, 1: 1}",1.0,1,1,linear,1,1,1,0,0,1,2,0,1,"{1: 1, 0: 1}",{0: 1},0.5,b3bc6c17-de42-43cf-8c68-4c0f8b5465f2,diagnostic,scale_temperature_C_to_F|compute_md5,topo_fdeb50f24873,1
2.0,0.2,5,4,4,0.4,"{0: 2, 1: 2, 2: 1}",0.0,2,1,fan_in,3,2,4,1,0,1,5,0,2,"{1: 4, 0: 1}",{0: 4},0.444444,b3e268c9-2465-41d5-ba04-adfe860d791f,diagnostic,divide|divide|divide|add|inverse,topo_7279e5f4b24a,1
1.0,0.0,2,2,2,1.0,"{0: 1, 1: 1}",1.0,1,1,linear,1,1,1,0,0,1,2,0,1,"{1: 1, 0: 1}",{0: 1},0.25,b3ec3724-bfb1-40be-b92e-9e28cabf8a68,diagnostic,multiply|multiply,topo_fdeb50f24873,1
2.0,0.3,6+,5,5,0.2,"{0: 4, 1: 3, 2: 3}",0.0,2,1,fan_in,6,4,9,3,0,1,10,0,4,"{1: 9, 0: 1}",{0: 9},0.45,b4bb577d-08f8-4f80-9502-1a65c664048a,diagnostic,multiply|add|subtract|divide|multiply|add|subtract|divide|subtract|subtract,topo_57e4cb13eb3f,1
2.0,0.25,4,3,3,0.5,"{0: 2, 1: 1, 2: 1}",0.0,2,1,fan_in,2,2,3,1,0,1,4,0,2,"{1: 3, 0: 1}",{0: 3},0.375,b5e08c7a-e09e-4302-a09d-be4395a38a3e,diagnostic,power|multiply|power|divide,topo_30980484d6d7,1
2.0,0.2,5,4,4,0.4,"{0: 2, 2: 1, 1: 2}",0.0,2,1,fan_in,3,2,4,1,0,1,5,0,2,"{1: 4, 0: 1}",{0: 4},0.4,b6014609-5bd3-4f6a-8f09-1df7d9477c98,diagnostic,divide|divide|add|add|divide,topo_6011a58939eb,1
1.0,0.0,3,3,3,0.666667,"{0: 1, 1: 2}",1.0,1,1,linear,2,1,2,0,0,1,3,0,1,"{1: 2, 0: 1}",{0: 2},0.333333,b7a49346-8333-4c96-9ed8-9dca8f299089,diagnostic,reminder|subtract|add,topo_1c8dbe1830b2,1
2.0,0.4,5,3,3,0.4,"{0: 3, 2: 2}",0.0,2,1,fan_in,2,3,4,2,0,1,5,0,3,"{1: 4, 0: 1}",{0: 4},0.4,b840daf0-a3b9-4324-a06f-03c6b44595f4,diagnostic,multiply|multiply|add|add|divide,topo_52c12a6fa235,1
1.0,0.0,2,2,2,1.0,"{0: 1, 1: 1}",1.0,1,1,linear,1,1,1,0,0,1,2,0,1,"{1: 1, 0: 1}",{0: 1},0.25,b89b5c12-ccc2-4109-bc87-24857dd99e40,diagnostic,divide|divide,topo_fdeb50f24873,1
1.0,0.0,2,2,2,1.0,"{0: 1, 1: 1}",1.0,1,1,linear,1,1,1,0,0,1,2,0,1,"{1: 1, 0: 1}",{0: 1},0.5,b930b196-c49a-4b90-9772-7b9b22f5d83a,diagnostic,find_sum_of_numbers_in_string|seconds_to_time_string,topo_fdeb50f24873,1
1.0,0.0,3,3,3,0.666667,"{0: 1, 1: 2}",1.0,1,1,linear,2,1,2,0,0,1,3,0,1,"{1: 2, 0: 1}",{0: 2},0.333333,bc894a80-53b4-4831-a5c6-cf982a369283,diagnostic,subtract|divide|multiply,topo_1c8dbe1830b2,1
1.0,0.0,4,4,4,0.5,"{0: 1, 1: 3}",1.0,1,1,linear,3,1,3,0,0,1,4,0,1,"{1: 3, 0: 1}",{0: 3},0.375,bef72027-79fd-4e32-8407-b6fab9c37847,diagnostic,divide|add|multiply|divide,topo_5296967693d8,1
1.0,0.0,3,3,3,0.666667,"{0: 1, 1: 2}",1.0,1,1,linear,2,1,2,0,0,1,3,0,1,"{1: 2, 0: 1}",{0: 2},0.333333,bf63e869-1ed2-4bd3-9f1a-bfd48e7084db,diagnostic,subtract|divide|add,topo_1c8dbe1830b2,1
2.0,0.25,4,3,3,0.5,"{0: 2, 1: 1, 2: 1}",0.0,2,1,fan_in,2,2,3,1,0,1,4,0,2,"{1: 3, 0: 1}",{0: 3},0.375,bff28333-e7e5-483f-ae1b-2ad95bedc37d,diagnostic,divide|subtract|divide|subtract,topo_30980484d6d7,1
2.0,0.2,5,4,4,0.4,"{0: 2, 1: 2, 2: 1}",0.0,2,1,fan_in,3,2,4,1,0,1,5,0,2,"{1: 4, 0: 1}",{0: 4},0.4,c034b3cd-f436-40e6-9aea-87b2e1f363f3,diagnostic,power|multiply|divide|multiply|multiply,topo_0c51481d8aeb,1
1.0,0.0,4,4,4,0.5,"{0: 1, 1: 3}",1.0,1,1,linear,3,1,3,0,0,1,4,0,1,"{1: 3, 0: 1}",{0: 3},0.375,c0aa6d66-e540-49d5-b7ef-89d6e5fd57df,diagnostic,multiply|subtract|multiply|add,topo_5296967693d8,1
2.0,0.4,5,3,3,0.4,"{0: 3, 2: 2}",0.0,2,1,fan_in,2,3,4,2,0,1,5,0,3,"{1: 4, 0: 1}",{0: 4},0.4,c0d6a53d-874b-48fd-b352-d21a35f2ab58,diagnostic,multiply|multiply|multiply|add|subtract,topo_5dc2042eea23,1
2.0,0.166667,6+,4,4,0.333333,"{0: 2, 1: 3, 2: 1}",0.0,2,1,fan_in,4,2,5,1,0,1,6,0,2,"{1: 5, 0: 1}",{0: 5},0.416667,c2145e21-7a24-4dbb-a9b1-c8948147f0d9,diagnostic,multiply|subtract|subtract|divide|multiply|divide,topo_5cf1a13edea8,1
1.0,0.0,4,4,4,0.5,"{0: 1, 1: 3}",1.0,1,1,linear,3,1,3,0,0,1,4,0,1,"{1: 3, 0: 1}",{0: 3},0.375,c28f3807-67fa-4513-8fdc-7802409d49d9,diagnostic,divide|multiply|subtract|divide,topo_5296967693d8,1
2.0,0.2,5,3,3,0.4,"{0: 2, 1: 2, 2: 1}",0.0,2,1,fan_in,3,2,4,1,0,1,5,0,2,"{1: 4, 0: 1}",{0: 4},0.4,c35dfbfd-76ae-45d3-a7b2-7a46c10936df,diagnostic,multiply|subtract|multiply|divide|multiply,topo_17d840e0415f,1
1.0,0.0,2,2,2,1.0,"{0: 1, 1: 1}",1.0,1,1,linear,1,1,1,0,0,1,2,0,1,"{1: 1, 0: 1}",{0: 1},0.333333,c38329a3-eaab-4596-9096-47e80ad97843,diagnostic,divide|floor,topo_fdeb50f24873,1
2.0,0.142857,6+,5,5,0.285714,"{0: 2, 1: 4, 2: 1}",0.0,2,1,fan_in,5,2,6,1,0,1,7,0,2,"{1: 6, 0: 1}",{0: 6},0.428571,c3a4c2c9-0453-4b32-a1b1-440de236f8ce,diagnostic,divide|add|divide|add|subtract|multiply|divide,topo_619388d6c582,1
1.0,0.0,4,4,4,0.5,"{0: 1, 1: 3}",1.0,1,1,linear,3,1,3,0,0,1,4,0,1,"{1: 3, 0: 1}",{0: 3},0.375,c48c671c-3759-4d22-9625-a53f947af6a4,diagnostic,add|subtract|divide|multiply,topo_5296967693d8,1
1.0,0.0,2,2,2,1.0,"{0: 1, 1: 1}",1.0,1,1,linear,1,1,1,0,0,1,2,0,1,"{1: 1, 0: 1}",{0: 1},0.333333,c4cd0862-234b-459c-805c-14099acf49d8,diagnostic,square_root_approx|convert_to_int_or_none,topo_fdeb50f24873,1
1.0,0.0,2,2,2,1.0,"{0: 1, 1: 1}",1.0,1,1,linear,1,1,1,0,0,1,2,0,1,"{1: 1, 0: 1}",{0: 1},0.5,c549eed3-2aa2-4baf-ace6-9a250dbf4924,diagnostic,arithmetic_list|reverse_str,topo_fdeb50f24873,1
1.0,0.0,4,4,4,0.5,"{0: 1, 1: 3}",1.0,1,1,linear,3,1,3,0,0,1,4,0,1,"{1: 3, 0: 1}",{0: 3},0.375,c5f39bd0-95b9-4db8-b487-739ff47c120c,diagnostic,subtract|divide|divide|multiply,topo_5296967693d8,1
1.0,0.0,3,3,3,0.666667,"{0: 1, 1: 2}",1.0,1,1,linear,2,1,2,0,0,1,3,0,1,"{1: 2, 0: 1}",{0: 2},0.333333,c5fbeefb-86ff-46b9-adb3-c8f4cd4adba1,diagnostic,add|divide|multiply,topo_1c8dbe1830b2,1
2.0,0.25,4,3,3,0.5,"{0: 2, 1: 1, 2: 1}",0.0,2,1,fan_in,2,2,3,1,0,1,4,0,2,"{1: 3, 0: 1}",{0: 3},0.375,c74a3ed2-40ab-4106-a64f-a221e039b517,diagnostic,subtract|divide|divide|subtract,topo_30980484d6d7,1
2.0,0.2,5,3,3,0.4,"{0: 2, 1: 2, 2: 1}",0.0,2,1,fan_in,3,2,4,1,0,1,5,0,2,"{1: 4, 0: 1}",{0: 4},0.4,c74f7663-6aa1-4f96-8333-8a2a2129a547,diagnostic,divide|subtract|divide|subtract|add,topo_17d840e0415f,1
2.0,0.333333,3,2,2,0.666667,"{0: 2, 2: 1}",0.0,2,1,fan_in,1,2,2,1,0,1,3,0,2,"{1: 2, 0: 1}",{0: 2},0.333333,c7b272cc-11fe-4633-a9e2-de51f80b8451,diagnostic,multiply|add|subtract,topo_911586a55488,1
2.0,0.285714,6+,5,5,0.285714,"{0: 3, 1: 2, 2: 2}",0.0,2,1,fan_in,4,3,6,2,0,1,7,0,3,"{1: 6, 0: 1}",{0: 6},0.428571,c8266f26-e536-4db5-b0d6-382bfd0a91d3,diagnostic,divide|subtract|divide|divide|divide|divide|divide,topo_a3f910781fb0,1
2.0,0.333333,3,2,2,0.666667,"{0: 2, 2: 1}",0.0,2,1,fan_in,1,2,2,1,0,1,3,0,2,"{1: 2, 0: 1}",{0: 2},0.333333,c870a3f6-2c45-4bec-a40b-f74ecd268bec,diagnostic,divide|multiply|divide,topo_911586a55488,1
2.0,0.3,6+,5,5,0.2,"{0: 4, 1: 3, 2: 3}",0.0,2,1,fan_in,6,4,9,3,0,1,10,0,4,"{1: 9, 0: 1}",{0: 9},0.45,c8832b6f-c67b-4a49-8e7e-bfe4d6e8a8d8,diagnostic,multiply|multiply|multiply|multiply|add|divide|divide|add|divide|subtract,topo_6c52cad17634,1
1.0,0.0,2,2,2,1.0,"{0: 1, 1: 1}",1.0,1,1,linear,1,1,1,0,0,1,2,0,1,"{1: 1, 0: 1}",{0: 1},0.111111,c89ea41f-51cc-44d0-a095-087c2d39285d,diagnostic,calculate_average_speed|lookup_symmetric_table,topo_fdeb50f24873,1
2.0,0.25,4,3,3,0.5,"{0: 2, 1: 1, 2: 1}",0.0,2,1,fan_in,2,2,3,1,0,1,4,0,2,"{1: 3, 0: 1}",{0: 3},0.375,c8ae8811-ce45-4165-afd2-65f9720e5c03,diagnostic,subtract|divide|subtract|divide,topo_5b37b75596d2,1
2.0,0.142857,6+,5,5,0.285714,"{0: 2, 1: 4, 2: 1}",0.0,2,1,fan_in,5,2,6,1,0,1,7,0,2,"{1: 6, 0: 1}",{0: 6},0.428571,c8d82893-19ba-40ae-bb44-fe06ff67cdcc,diagnostic,add|power|multiply|power|multiply|divide|multiply,topo_cd7f4c91b6f3,1
2.0,0.25,4,3,3,0.5,"{0: 2, 1: 1, 2: 1}",0.0,2,1,fan_in,2,2,3,1,0,1,4,0,2,"{1: 3, 0: 1}",{0: 3},0.375,c8fe1b79-5601-4660-a8ea-16c6fff9c744,diagnostic,add|add|subtract|multiply,topo_5b37b75596d2,1
2.0,0.25,4,3,3,0.5,"{0: 2, 1: 1, 2: 1}",0.0,2,1,fan_in,2,2,3,1,0,1,4,0,2,"{1: 3, 0: 1}",{0: 3},0.375,c922d80c-b8ba-4680-9cbe-dc73c0f6eab3,diagnostic,add|multiply|multiply|subtract,topo_30980484d6d7,1
2.0,0.333333,6+,3,3,0.333333,"{0: 3, 1: 1, 2: 2}",0.0,2,1,fan_in,3,3,5,2,0,1,6,0,3,"{1: 5, 0: 1}",{0: 5},0.416667,c9bd9463-a78f-4d8f-83e9-7e5d14f6994b,diagnostic,divide|multiply|subtract|divide|multiply|add,topo_8c9ca7dddd8f,1
2.0,0.25,4,3,3,0.5,"{0: 2, 2: 1, 1: 1}",0.0,2,1,fan_in,2,2,3,1,0,1,4,0,2,"{1: 3, 0: 1}",{0: 3},0.375,ca30039f-334d-4462-8912-ff7996912bb9,diagnostic,multiply|subtract|divide|multiply,topo_bd3dd51ec1a9,1
1.0,0.0,2,2,2,1.0,"{0: 1, 1: 1}",1.0,1,1,linear,1,1,1,0,0,1,2,0,1,"{1: 1, 0: 1}",{0: 1},0.5,ca85531d-bc1d-40e8-8769-438c3e886fe2,diagnostic,hexa2dec|is_even_and_more_than_zero,topo_fdeb50f24873,1
2.0,0.166667,6+,7,7,0.166667,"{0: 3, 1: 7, 2: 2}",0.0,2,1,fan_in,9,3,11,2,0,1,12,0,3,"{1: 11, 0: 1}",{0: 11},0.458333,cb292a5a-b3fa-4310-b4f8-7532f24792a6,diagnostic,divide|multiply|subtract|divide|multiply|subtract|add|add|add|add|divide|multiply,topo_877fd82ed260,1
1.0,0.0,2,2,2,1.0,"{0: 1, 1: 1}",1.0,1,1,linear,1,1,1,0,0,1,2,0,1,"{1: 1, 0: 1}",{0: 1},0.5,cb993fec-f656-4b15-904b-084c311bd7e2,diagnostic,multiples_of_n|percentiles,topo_fdeb50f24873,1
1.0,0.0,2,2,2,1.0,"{0: 1, 1: 1}",1.0,1,1,linear,1,1,1,0,0,1,2,0,1,"{1: 1, 0: 1}",{0: 1},0.25,cbc30b4f-03b3-47ff-a914-e801e5717d55,diagnostic,add|add,topo_fdeb50f24873,1
2.0,0.25,4,3,3,0.5,"{0: 2, 2: 1, 1: 1}",0.0,2,1,fan_in,2,2,3,1,0,1,4,0,2,"{1: 3, 0: 1}",{0: 3},0.375,cc2a8330-c94f-4949-a2d7-f4bc71c1138c,diagnostic,divide|divide|add|divide,topo_bd3dd51ec1a9,1
1.0,0.0,4,4,4,0.5,"{0: 1, 1: 3}",1.0,1,1,linear,3,1,3,0,0,1,4,0,1,"{1: 3, 0: 1}",{0: 3},0.375,ccb458fa-d81d-49cc-a872-78e6f78891d2,diagnostic,divide|multiply|subtract|divide,topo_5296967693d8,1
2.0,0.285714,6+,4,4,0.285714,"{0: 3, 1: 2, 2: 2}",0.0,2,1,fan_in,4,3,6,2,0,1,7,0,3,"{1: 6, 0: 1}",{0: 6},0.428571,ccf24406-7e65-4813-b8a4-64bd142b13e7,diagnostic,multiply|multiply|subtract|multiply|multiply|subtract|multiply,topo_db320d0d30c9,1
1.0,0.0,3,3,3,0.666667,"{0: 1, 1: 2}",1.0,1,1,linear,2,1,2,0,0,1,3,0,1,"{1: 2, 0: 1}",{0: 2},0.333333,cd2c11f9-7d61-4b5b-8292-304878bc8f34,diagnostic,add|divide|multiply,topo_1c8dbe1830b2,1
2.0,0.25,4,3,3,0.5,"{0: 2, 1: 1, 2: 1}",0.0,2,1,fan_in,2,2,3,1,0,1,4,0,2,"{1: 3, 0: 1}",{0: 3},0.375,cd504733-bb25-4995-9fcc-2c786689fd98,diagnostic,add|add|subtract|multiply,topo_5b37b75596d2,1
2.0,0.25,6+,5,5,0.25,"{0: 3, 2: 2, 1: 3}",0.0,2,1,fan_in,5,3,7,2,0,1,8,0,3,"{1: 7, 0: 1}",{0: 7},0.4375,cd6b81c1-5157-4920-93ec-3ed00b01621b,diagnostic,divide|divide|add|subtract|add|subtract|divide|divide,topo_3fc4ea9607be,1
2.0,0.333333,6+,4,4,0.333333,"{0: 3, 1: 1, 2: 2}",0.0,2,1,fan_in,3,3,5,2,0,1,6,0,3,"{1: 5, 0: 1}",{0: 5},0.416667,cdadfe2d-be7f-4395-8d5c-765e99d0815d,diagnostic,divide|subtract|multiply|multiply|add|multiply,topo_a3a2cea2761d,1
2.0,0.285714,6+,7,7,0.142857,"{0: 5, 1: 5, 2: 4}",0.0,2,1,fan_in,9,5,13,4,0,1,14,0,5,"{1: 13, 0: 1}",{0: 13},0.464286,cdfc6ae1-e182-443e-b66e-1162b3d38a03,diagnostic,multiply|multiply|divide|multiply|divide|multiply|divide|add|add|divide|multiply|divide|subtract|divide,topo_488ca23233c7,1
1.0,0.0,3,3,3,0.666667,"{0: 1, 1: 2}",1.0,1,1,linear,2,1,2,0,0,1,3,0,1,"{1: 2, 0: 1}",{0: 2},0.4,ced97929-b113-413a-a5be-c01d4b59c073,diagnostic,multiply|add|sqrt,topo_1c8dbe1830b2,1
1.0,0.0,3,3,3,0.666667,"{0: 1, 1: 2}",1.0,1,1,linear,2,1,2,0,0,1,3,0,1,"{1: 2, 0: 1}",{0: 2},0.333333,cffae660-6fc6-4c48-8bfc-51be4385eb41,diagnostic,divide|add|divide,topo_1c8dbe1830b2,1
2.0,0.166667,6+,4,4,0.333333,"{0: 2, 1: 3, 2: 1}",0.0,2,1,fan_in,4,2,5,1,0,1,6,0,2,"{1: 5, 0: 1}",{0: 5},0.416667,d010385a-4346-45ae-baaf-5eb5ff4a0071,diagnostic,add|multiply|divide|add|divide|multiply,topo_2b9a65f092bb,1
2.0,0.2,5,4,4,0.4,"{0: 2, 1: 2, 2: 1}",0.0,2,1,fan_in,3,2,4,1,0,1,5,0,2,"{1: 4, 0: 1}",{0: 4},0.4,d0b81e07-1120-4d16-bb30-210922380178,diagnostic,divide|divide|subtract|divide|multiply,topo_774030263969,1
2.0,0.2,5,4,4,0.4,"{0: 2, 1: 2, 2: 1}",0.0,2,1,fan_in,3,2,4,1,0,1,5,0,2,"{1: 4, 0: 1}",{0: 4},0.4,d0e4ce58-0809-48bf-bc0f-af4904c1b6f7,diagnostic,multiply|subtract|subtract|divide|multiply,topo_0c51481d8aeb,1
2.0,0.2,5,4,4,0.4,"{0: 2, 1: 2, 2: 1}",0.0,2,1,fan_in,3,2,4,1,0,1,5,0,2,"{1: 4, 0: 1}",{0: 4},0.4,d13b28e8-59e7-4b1d-bcf8-efd26d9e8de3,diagnostic,add|multiply|subtract|multiply|add,topo_0c51481d8aeb,1
2.0,0.166667,6+,5,5,0.333333,"{0: 2, 1: 3, 2: 1}",0.0,2,1,fan_in,4,2,5,1,0,1,6,0,2,"{1: 5, 0: 1}",{0: 5},0.416667,d15de72b-e688-459e-bf1d-fc9c79c5aab0,diagnostic,add|subtract|divide|multiply|divide|multiply,topo_053156353fa9,1
2.0,0.166667,6+,5,5,0.333333,"{0: 2, 1: 3, 2: 1}",0.0,2,1,fan_in,4,2,5,1,0,1,6,0,2,"{1: 5, 0: 1}",{0: 5},0.416667,d1c052b8-7b8f-4276-b609-102af3933429,diagnostic,multiply|subtract|multiply|subtract|add|divide,topo_053156353fa9,1
2.0,0.25,4,3,3,0.5,"{0: 2, 1: 1, 2: 1}",0.0,2,1,fan_in,2,2,3,1,0,1,4,0,2,"{1: 3, 0: 1}",{0: 3},0.5,d1f08f46-390b-49ea-9534-ee1639221aec,diagnostic,sqrt|sqrt|divide|multiply,topo_5b37b75596d2,1
2.0,0.125,6+,5,5,0.25,"{0: 2, 1: 5, 2: 1}",0.0,2,1,fan_in,6,2,7,1,0,1,8,0,2,"{1: 7, 0: 1}",{0: 7},0.5,d20d683a-d14b-4108-8b0b-20d2dde2ad44,diagnostic,divide|divide|surface_cube|add|divide|divide|surface_cube|divide,topo_c39b8213eda5,1
1.0,0.0,3,3,3,0.666667,"{0: 1, 1: 2}",1.0,1,1,linear,2,1,2,0,0,1,3,0,1,"{1: 2, 0: 1}",{0: 2},0.333333,d27d13fd-1d87-4878-bb12-c9910d53a134,diagnostic,multiply|divide|multiply,topo_1c8dbe1830b2,1
2.0,0.25,4,3,3,0.5,"{0: 2, 2: 1, 1: 1}",0.0,2,1,fan_in,2,2,3,1,0,1,4,0,2,"{1: 3, 0: 1}",{0: 3},0.375,d2f60c36-a1dd-449c-820f-7ef26e8db0ce,diagnostic,multiply|divide|divide|add,topo_bd3dd51ec1a9,1
2.0,0.333333,6+,4,4,0.222222,"{0: 4, 2: 3, 1: 2}",0.0,2,1,fan_in,5,4,8,3,0,1,9,0,4,"{1: 8, 0: 1}",{0: 8},0.444444,d35cd697-07ba-43bb-9035-05f045395df0,diagnostic,subtract|divide|subtract|multiply|subtract|divide|multiply|subtract|add,topo_c9df77cdba57,1
1.0,0.0,3,3,3,0.666667,"{0: 1, 1: 2}",1.0,1,1,linear,2,1,2,0,0,1,3,0,1,"{1: 2, 0: 1}",{0: 2},0.333333,d36a7acb-7a01-4eb1-9d6c-1d7436854b25,diagnostic,subtract|multiply|divide,topo_1c8dbe1830b2,1
2.0,0.142857,6+,5,5,0.285714,"{0: 2, 1: 4, 2: 1}",0.0,2,1,fan_in,5,2,6,1,0,1,7,0,2,"{1: 6, 0: 1}",{0: 6},0.428571,d3b2541d-f260-4cf7-bdb7-5d75178f80f3,diagnostic,divide|add|divide|add|multiply|subtract|multiply,topo_619388d6c582,1
1.0,0.0,2,2,2,1.0,"{0: 1, 1: 1}",1.0,1,1,linear,1,1,1,0,0,1,2,0,1,"{1: 1, 0: 1}",{0: 1},0.25,d3b4384c-4b01-461a-a1a4-2aa313207f18,diagnostic,divide|multiply,topo_fdeb50f24873,1
2.0,0.2,5,3,3,0.4,"{0: 2, 1: 2, 2: 1}",0.0,2,1,fan_in,3,2,4,1,0,1,5,0,2,"{1: 4, 0: 1}",{0: 4},0.4,d4c761eb-50a5-40eb-802f-c27c23600ecb,diagnostic,add|divide|add|divide|multiply,topo_17d840e0415f,1
1.0,0.0,2,2,2,1.0,"{0: 1, 1: 1}",1.0,1,1,linear,1,1,1,0,0,1,2,0,1,"{1: 1, 0: 1}",{0: 1},0.25,d5aec711-273b-4a98-9789-02d7ac1a45be,diagnostic,multiply|divide,topo_fdeb50f24873,1
1.0,0.0,3,3,3,0.666667,"{0: 1, 1: 2}",1.0,1,1,linear,2,1,2,0,0,1,3,0,1,"{1: 2, 0: 1}",{0: 2},0.333333,d6c9c7eb-7a64-4007-a9c6-b475be17b9a4,diagnostic,add|subtract|subtract,topo_1c8dbe1830b2,1
2.0,0.375,6+,5,5,0.25,"{0: 4, 2: 3, 1: 1}",0.0,2,1,fan_in,4,4,7,3,0,1,8,0,4,"{1: 7, 0: 1}",{0: 7},0.466667,d71ce103-fb88-4af0-a6a7-1ed85a639c57,diagnostic,power|power|add|power|add|power|add|negate,topo_73c0a91d9e5f,1
1.0,0.0,5,5,5,0.4,"{0: 1, 1: 4}",1.0,1,1,linear,4,1,4,0,0,1,5,0,1,"{1: 4, 0: 1}",{0: 4},0.4,d7626ffb-76e8-433f-8eff-2a9c81282049,diagnostic,multiply|add|subtract|divide|add,topo_d228dd6db98a,1
1.0,0.0,4,4,4,0.5,"{0: 1, 1: 3}",1.0,1,1,linear,3,1,3,0,0,1,4,0,1,"{1: 3, 0: 1}",{0: 3},0.375,d87c8747-a626-4e8b-90e6-825cef31fb05,diagnostic,divide|subtract|subtract|divide,topo_5296967693d8,1
2.0,0.2,5,4,4,0.4,"{0: 2, 1: 2, 2: 1}",0.0,2,1,fan_in,3,2,4,1,0,1,5,0,2,"{1: 4, 0: 1}",{0: 4},0.4,d883f2ac-e3ea-456c-a7ff-9abdb91a8f16,diagnostic,multiply|multiply|divide|divide|power,topo_774030263969,1
2.0,0.25,4,3,3,0.5,"{0: 2, 2: 1, 1: 1}",0.0,2,1,fan_in,2,2,3,1,0,1,4,0,2,"{1: 3, 0: 1}",{0: 3},0.375,d8ea3b09-8263-4b35-b6eb-622ebca8cc09,diagnostic,multiply|divide|multiply|multiply,topo_bd3dd51ec1a9,1
1.0,0.0,2,2,2,1.0,"{0: 1, 1: 1}",1.0,1,1,linear,1,1,1,0,0,1,2,0,1,"{1: 1, 0: 1}",{0: 1},0.5,d9657b27-fc32-4b1b-8821-f408a3cf7940,diagnostic,transform_to_tsv|extract_nested_data,topo_fdeb50f24873,1
1.0,0.0,4,4,4,0.5,"{0: 1, 1: 3}",1.0,1,1,linear,3,1,3,0,0,1,4,0,1,"{1: 3, 0: 1}",{0: 3},0.375,db0f42d4-165c-4e31-bebd-9d6e5891c535,diagnostic,subtract|divide|power|multiply,topo_5296967693d8,1
2.0,0.333333,6+,4,4,0.333333,"{0: 3, 1: 1, 2: 2}",0.0,2,1,fan_in,3,3,5,2,0,1,6,0,3,"{1: 5, 0: 1}",{0: 5},0.416667,db25d9a4-caa5-4657-b24e-545a5be6b981,diagnostic,divide|multiply|subtract|divide|divide|subtract,topo_4ad60a205ffc,1
2.0,0.2,5,3,3,0.4,"{0: 2, 1: 2, 2: 1}",0.0,2,1,fan_in,3,2,4,1,0,1,5,0,2,"{1: 4, 0: 1}",{0: 4},0.4,db8d72af-7a1a-4201-a376-4b827b0162df,diagnostic,lcm|divide|lcm|divide|add,topo_17d840e0415f,1
1.0,0.0,4,4,4,0.5,"{0: 1, 1: 3}",1.0,1,1,linear,3,1,3,0,0,1,4,0,1,"{1: 3, 0: 1}",{0: 3},0.375,dc009c32-925d-40ae-a4af-eea8ebf28cb2,diagnostic,lcm|lcm|lcm|subtract,topo_5296967693d8,1
1.0,0.0,3,3,3,0.666667,"{0: 1, 1: 2}",1.0,1,1,linear,2,1,2,0,0,1,3,0,1,"{1: 2, 0: 1}",{0: 2},0.333333,dc5fc3b0-79a6-4aa9-8655-458ad1725bdf,diagnostic,divide|multiply|divide,topo_1c8dbe1830b2,1
1.0,0.0,2,2,2,1.0,"{0: 1, 1: 1}",1.0,1,1,linear,1,1,1,0,0,1,2,0,1,"{1: 1, 0: 1}",{0: 1},0.25,dc96276f-7680-42f4-8489-cfeca78d07c4,diagnostic,multiply|divide,topo_fdeb50f24873,1
1.0,0.0,3,3,3,0.666667,"{0: 1, 1: 2}",1.0,1,1,linear,2,1,2,0,0,1,3,0,1,"{1: 2, 0: 1}",{0: 2},0.333333,dd7a392f-d258-4192-941a-b487c575eabd,diagnostic,divide|multiply|add,topo_1c8dbe1830b2,1
1.0,0.0,2,2,2,1.0,"{0: 1, 1: 1}",1.0,1,1,linear,1,1,1,0,0,1,2,0,1,"{1: 1, 0: 1}",{0: 1},0.25,deca0cfc-5c4b-42e7-8d89-6a4ca7d9c771,diagnostic,multiply|divide,topo_fdeb50f24873,1
2.0,0.111111,6+,8,8,0.222222,"{0: 2, 1: 6, 2: 1}",0.0,2,1,fan_in,7,2,8,1,0,1,9,0,2,"{1: 8, 0: 1}",{0: 8},0.444444,df7d09de-9314-438c-a726-5189f82d3bd9,diagnostic,subtract|multiply|multiply|divide|add|multiply|multiply|divide|add,topo_de1df42fc028,1
2.0,0.25,4,3,3,0.5,"{0: 2, 1: 1, 2: 1}",0.0,2,1,fan_in,2,2,3,1,0,1,4,0,2,"{1: 3, 0: 1}",{0: 3},0.375,e0bd90e4-6dcc-45e2-9dd4-44e97eadbff4,diagnostic,multiply|multiply|multiply|divide,topo_30980484d6d7,1
2.0,0.285714,6+,4,4,0.285714,"{0: 3, 1: 2, 2: 2}",0.0,2,1,fan_in,4,3,6,2,0,1,7,0,3,"{1: 6, 0: 1}",{0: 6},0.428571,e1a005a4-216d-4486-a15b-d53ccb574e78,diagnostic,subtract|divide|subtract|subtract|subtract|divide|multiply,topo_8e07a51a35a6,1
2.0,0.285714,6+,5,5,0.285714,"{0: 3, 1: 2, 2: 2}",0.0,2,1,fan_in,4,3,6,2,0,1,7,0,3,"{1: 6, 0: 1}",{0: 6},0.428571,e218fe94-0943-47ec-9f47-b7f716a1f410,diagnostic,multiply|multiply|multiply|divide|subtract|subtract|divide,topo_8364ff3eb7a6,1
1.0,0.0,3,3,3,0.666667,"{0: 1, 1: 2}",1.0,1,1,linear,2,1,2,0,0,1,3,0,1,"{1: 2, 0: 1}",{0: 2},0.333333,e2cf1726-9a4d-4cb1-a32f-5f5e9ba0d3c4,diagnostic,add|subtract|subtract,topo_1c8dbe1830b2,1
2.0,0.333333,3,2,2,0.666667,"{0: 2, 2: 1}",0.0,2,1,fan_in,1,2,2,1,0,1,3,0,2,"{1: 2, 0: 1}",{0: 2},0.333333,e3146382-ad8d-4d85-82e1-f08127121657,diagnostic,multiply|add|add,topo_911586a55488,1
2.0,0.166667,6+,4,4,0.333333,"{0: 2, 1: 3, 2: 1}",0.0,2,1,fan_in,4,2,5,1,0,1,6,0,2,"{1: 5, 0: 1}",{0: 5},0.416667,e3a118fa-b77d-4f76-9dc6-66233a361aba,diagnostic,divide|subtract|divide|subtract|multiply|multiply,topo_f5466e583fca,1
1.0,0.0,3,3,3,0.666667,"{0: 1, 1: 2}",1.0,1,1,linear,2,1,2,0,0,1,3,0,1,"{1: 2, 0: 1}",{0: 2},0.333333,e3f3049a-021f-4f90-9c4e-640aaf4519c4,diagnostic,reminder|subtract|add,topo_1c8dbe1830b2,1
2.0,0.166667,6+,4,4,0.333333,"{0: 2, 1: 3, 2: 1}",0.0,2,1,fan_in,4,2,5,1,0,1,6,0,2,"{1: 5, 0: 1}",{0: 5},0.5,e422f852-fe4a-4981-b899-25e6263b9a4a,diagnostic,negate|add|negate|add|add|add,topo_5cf1a13edea8,1
1.0,0.0,3,3,3,0.666667,"{0: 1, 1: 2}",1.0,1,1,linear,2,1,2,0,0,1,3,0,1,"{1: 2, 0: 1}",{0: 2},0.333333,e43bbe8b-0429-473d-96c9-216905851bd6,diagnostic,subtract|divide|divide,topo_1c8dbe1830b2,1
1.0,0.0,5,5,5,0.4,"{0: 1, 1: 4}",1.0,1,1,linear,4,1,4,0,0,1,5,0,1,"{1: 4, 0: 1}",{0: 4},0.4,e4bdc3e1-4c28-4050-a23a-ab74718caada,diagnostic,divide|multiply|multiply|divide|subtract,topo_d228dd6db98a,1
1.0,0.0,2,2,2,1.0,"{0: 1, 1: 1}",1.0,1,1,linear,1,1,1,0,0,1,2,0,1,"{1: 1, 0: 1}",{0: 1},0.25,e5eb37ac-bd11-4a84-82a3-588c93ba7712,diagnostic,subtract|divide,topo_fdeb50f24873,1
2.0,0.2,5,4,4,0.4,"{0: 2, 1: 2, 2: 1}",0.0,2,1,fan_in,3,2,4,1,0,1,5,0,2,"{1: 4, 0: 1}",{0: 4},0.4,e652bee6-4121-4ca1-8dd0-653787184a80,diagnostic,divide|divide|add|divide|multiply,topo_7279e5f4b24a,1
1.0,0.0,3,3,3,0.666667,"{0: 1, 1: 2}",1.0,1,1,linear,2,1,2,0,0,1,3,0,1,"{1: 2, 0: 1}",{0: 2},0.333333,e665aa88-e0ac-4724-866a-44d2c84e97b0,diagnostic,multiply|multiply|divide,topo_1c8dbe1830b2,1
1.0,0.0,2,2,2,1.0,"{0: 1, 1: 1}",1.0,1,1,linear,1,1,1,0,0,1,2,0,1,"{1: 1, 0: 1}",{0: 1},0.5,e66fce41-6850-45a8-9db4-5cdf7fc5d81c,diagnostic,ascii_to_integer_list|largest_contiguous_subarray_sum,topo_fdeb50f24873,1
2.0,0.25,4,3,3,0.5,"{0: 2, 2: 1, 1: 1}",0.0,2,1,fan_in,2,2,3,1,0,1,4,0,2,"{1: 3, 0: 1}",{0: 3},0.375,e6768b60-cc80-4e82-b9c8-c0d48df718fe,diagnostic,divide|divide|divide|add,topo_bd3dd51ec1a9,1
1.0,0.0,3,3,3,0.666667,"{0: 1, 1: 2}",1.0,1,1,linear,2,1,2,0,0,1,3,0,1,"{1: 2, 0: 1}",{0: 2},0.5,e67ab11d-70f4-4d75-9cf4-dc77d18dda1f,diagnostic,sum_total|generate_function|is_string_like,topo_1c8dbe1830b2,1
1.0,0.0,3,2,2,0.333333,"{0: 2, 1: 1}",0.0,1,1,mixed,1,2,1,0,0,2,3,0,2,"{1: 1, 0: 2}",{0: 1},0.2,e6a8c49d-577f-4a1e-a2d0-96ec051f83ac,diagnostic,generate_subsets|sanitize|add_1,topo_c654e84914a1,2
2.0,0.2,5,3,3,0.4,"{0: 2, 1: 2, 2: 1}",0.0,2,1,fan_in,3,2,4,1,0,1,5,0,2,"{1: 4, 0: 1}",{0: 4},0.4,e70bd2c9-99af-410a-bc6d-61a65e00f7d8,diagnostic,multiply|subtract|multiply|subtract|divide,topo_17d840e0415f,1
2.0,0.333333,6+,6,6,0.222222,"{0: 4, 2: 3, 1: 2}",0.0,2,1,fan_in,5,4,8,3,0,1,9,0,4,"{1: 8, 0: 1}",{0: 8},0.444444,e7739078-35f2-48da-a734-cb4b077cf372,diagnostic,divide|divide|multiply|divide|add|add|divide|divide|multiply,topo_5ccc221f2d3d,1
2.0,0.2,5,4,4,0.4,"{0: 2, 2: 1, 1: 2}",0.0,2,1,fan_in,3,2,4,1,0,1,5,0,2,"{1: 4, 0: 1}",{0: 4},0.4,e7dc9f54-d564-4d82-ab36-60ca22bfb8e2,diagnostic,add|subtract|multiply|divide|subtract,topo_6011a58939eb,1
2.0,0.2,5,4,4,0.4,"{0: 2, 1: 2, 2: 1}",0.0,2,1,fan_in,3,2,4,1,0,1,5,0,2,"{1: 4, 0: 1}",{0: 4},0.4,e82737ff-a667-46b4-8b1d-1e16b1785911,diagnostic,divide|divide|subtract|divide|multiply,topo_774030263969,1
1.0,0.0,3,3,3,0.666667,"{0: 1, 1: 2}",1.0,1,1,linear,2,1,2,0,0,1,3,0,1,"{1: 2, 0: 1}",{0: 2},0.333333,e854fd67-4e08-483f-a4b2-a4c7c4f85d17,diagnostic,subtract|divide|multiply,topo_1c8dbe1830b2,1
2.0,0.333333,6+,4,4,0.333333,"{0: 3, 1: 1, 2: 2}",0.0,2,1,fan_in,3,3,5,2,0,1,6,0,3,"{1: 5, 0: 1}",{0: 5},0.416667,e8605b92-ee9a-4265-9c3c-aa4bc3a691e9,diagnostic,multiply|speed|multiply|speed|add|divide,topo_f02a8d13f327,1
1.0,0.0,2,2,2,1.0,"{0: 1, 1: 1}",1.0,1,1,linear,1,1,1,0,0,1,2,0,1,"{1: 1, 0: 1}",{0: 1},0.25,e940f944-a864-4e44-8c9d-cf914b5c8d3e,diagnostic,extend_num|mod_range,topo_fdeb50f24873,1
1.0,0.0,3,3,3,0.666667,"{0: 1, 1: 2}",1.0,1,1,linear,2,1,2,0,0,1,3,0,1,"{1: 2, 0: 1}",{0: 2},0.333333,eb1312ee-7059-4660-a43c-ecff8b71919d,diagnostic,divide|power|divide,topo_1c8dbe1830b2,1
2.0,0.125,6+,7,7,0.25,"{0: 2, 1: 5, 2: 1}",0.0,2,1,fan_in,6,2,7,1,0,1,8,0,2,"{1: 7, 0: 1}",{0: 7},0.4375,eb98f598-754c-4117-b630-dc58914f2a4d,diagnostic,multiply|divide|add|divide|multiply|subtract|subtract|divide,topo_596ff8eb2493,1
1.0,0.0,3,3,3,0.666667,"{0: 1, 1: 2}",1.0,1,1,linear,2,1,2,0,0,1,3,0,1,"{1: 2, 0: 1}",{0: 2},0.666667,ebdb9ed1-c0cb-49a3-b99f-51a3abdf8b90,diagnostic,get_year|check_integer|circle_perimeter,topo_1c8dbe1830b2,1
1.0,0.0,3,3,3,0.666667,"{0: 1, 1: 2}",1.0,1,1,linear,2,1,2,0,0,1,3,0,1,"{1: 2, 0: 1}",{0: 2},0.5,ec654414-df15-4621-9b4d-3570a4ae6864,diagnostic,bitwise_reorder|smallest_x|power_of_scalar,topo_1c8dbe1830b2,1
1.0,0.0,2,2,2,1.0,"{0: 1, 1: 1}",1.0,1,1,linear,1,1,1,0,0,1,2,0,1,"{1: 1, 0: 1}",{0: 1},0.25,ed8bfd25-69ed-4d52-8e62-438e8258f812,diagnostic,add|divide,topo_fdeb50f24873,1
1.0,0.0,2,2,2,1.0,"{0: 1, 1: 1}",1.0,1,1,linear,1,1,1,0,0,1,2,0,1,"{1: 1, 0: 1}",{0: 1},0.25,ed9416d7-f389-44e7-8a8c-3b7b7f7e9561,diagnostic,subtract|divide,topo_fdeb50f24873,1
2.0,0.2,5,4,4,0.4,"{0: 2, 1: 2, 2: 1}",0.0,2,1,fan_in,3,2,4,1,0,1,5,0,2,"{1: 4, 0: 1}",{0: 4},0.4,ef29201e-ebf0-47cc-8228-3f68241ef6f5,diagnostic,subtract|choose|choose|divide|subtract,topo_0c51481d8aeb,1
2.0,0.333333,3,2,2,0.666667,"{0: 2, 2: 1}",0.0,2,1,fan_in,1,2,2,1,0,1,3,0,2,"{1: 2, 0: 1}",{0: 2},0.333333,f233bac0-19b3-4c09-b8ae-ed847a9c7c1d,diagnostic,divide|multiply|divide,topo_911586a55488,1
2.0,0.333333,3,2,2,0.666667,"{0: 2, 2: 1}",0.0,2,1,fan_in,1,2,2,1,0,1,3,0,2,"{1: 2, 0: 1}",{0: 2},0.333333,f23c3b8c-1ca9-42f3-a040-dce72b65aa28,diagnostic,multiply|multiply|subtract,topo_911586a55488,1
2.0,0.375,6+,4,4,0.25,"{0: 4, 1: 1, 2: 3}",0.0,2,1,fan_in,4,4,7,3,0,1,8,0,4,"{1: 7, 0: 1}",{0: 7},0.4375,f2aede8e-145b-4b28-84d4-9fb63d8564d7,diagnostic,multiply|multiply|multiply|subtract|multiply|multiply|multiply|divide,topo_4c00a7d6eda2,1
1.0,0.0,4,4,4,0.5,"{0: 1, 1: 3}",1.0,1,1,linear,3,1,3,0,0,1,4,0,1,"{1: 3, 0: 1}",{0: 3},0.375,f334ca41-2c0e-42d1-9ff1-afe48f56e9f8,diagnostic,add|subtract|multiply|multiply,topo_5296967693d8,1
2.0,0.25,4,3,3,0.5,"{0: 2, 2: 1, 1: 1}",0.0,2,1,fan_in,2,2,3,1,0,1,4,0,2,"{1: 3, 0: 1}",{0: 3},0.375,f35d7635-07e6-41a2-992d-612f82be538c,diagnostic,divide|multiply|subtract|divide,topo_bd3dd51ec1a9,1
2.0,0.272727,6+,5,5,0.181818,"{0: 4, 1: 4, 2: 3}",0.0,2,1,fan_in,7,4,10,3,0,1,11,0,4,"{1: 10, 0: 1}",{0: 10},0.454545,f373d250-2c9f-42f5-a12a-cbe17de52be1,diagnostic,multiply|multiply|divide|add|multiply|divide|multiply|divide|divide|add|divide,topo_660bdcd7ac11,1
2.0,0.25,4,3,3,0.5,"{0: 2, 1: 1, 2: 1}",0.0,2,1,fan_in,2,2,3,1,0,1,4,0,2,"{1: 3, 0: 1}",{0: 3},0.375,f39b094a-54f6-4915-8ede-44b3515fcceb,diagnostic,subtract|multiply|add|divide,topo_30980484d6d7,1
2.0,0.285714,6+,5,5,0.285714,"{0: 3, 2: 2, 1: 2}",0.0,2,1,fan_in,4,3,6,2,0,1,7,0,3,"{1: 6, 0: 1}",{0: 6},0.428571,f3ff1bb8-0747-4453-afbb-a71cf3fd92d9,diagnostic,multiply|multiply|add|multiply|add|divide|multiply,topo_ebc77146d886,1
2.0,0.2,5,4,4,0.4,"{0: 2, 1: 2, 2: 1}",0.0,2,1,fan_in,3,2,4,1,0,1,5,0,2,"{1: 4, 0: 1}",{0: 4},0.4,f50c216d-76ee-4609-8fd7-5e6efeb01927,diagnostic,multiply|subtract|subtract|add|divide,topo_7279e5f4b24a,1
2.0,0.333333,3,2,2,0.666667,"{0: 2, 2: 1}",0.0,2,1,fan_in,1,2,2,1,0,1,3,0,2,"{1: 2, 0: 1}",{0: 2},0.333333,f5a81c81-73e3-4c94-87dd-44f400c5b843,diagnostic,multiply|multiply|subtract,topo_911586a55488,1
1.0,0.0,3,3,3,0.666667,"{0: 1, 1: 2}",1.0,1,1,linear,2,1,2,0,0,1,3,0,1,"{1: 2, 0: 1}",{0: 2},0.333333,f5f86953-11aa-47f5-92f5-607f7ba9fe00,diagnostic,multiply|divide|multiply,topo_1c8dbe1830b2,1
2.0,0.25,4,3,3,0.5,"{0: 2, 1: 1, 2: 1}",0.0,2,1,fan_in,2,2,3,1,0,1,4,0,2,"{1: 3, 0: 1}",{0: 3},0.375,f667a28d-2be7-41fc-94ed-118e8381a2c3,diagnostic,add|add|add|divide,topo_5b37b75596d2,1
2.0,0.25,4,3,3,0.5,"{0: 2, 2: 1, 1: 1}",0.0,2,1,fan_in,2,2,3,1,0,1,4,0,2,"{1: 3, 0: 1}",{0: 3},0.375,f6aa4233-451e-4e33-abe1-451a313b6fec,diagnostic,subtract|add|divide|multiply,topo_bd3dd51ec1a9,1
1.0,0.0,2,2,2,1.0,"{0: 1, 1: 1}",1.0,1,1,linear,1,1,1,0,0,1,2,0,1,"{1: 1, 0: 1}",{0: 1},0.333333,f76b1983-59a8-4264-9065-ef478e8f3944,diagnostic,remove_character|title_version,topo_fdeb50f24873,1
1.0,0.0,2,2,2,1.0,"{0: 1, 1: 1}",1.0,1,1,linear,1,1,1,0,0,1,2,0,1,"{1: 1, 0: 1}",{0: 1},0.25,f78c26cb-d05d-4cfd-8be3-47b0b01d2e95,diagnostic,multiply|divide,topo_fdeb50f24873,1
2.0,0.2,5,4,4,0.4,"{0: 2, 2: 1, 1: 2}",0.0,2,1,fan_in,3,2,4,1,0,1,5,0,2,"{1: 4, 0: 1}",{0: 4},0.5,f7d975ce-dcd5-46ba-bfbf-f18b79aa15bd,diagnostic,sqrt|sqrt|multiply|multiply|divide,topo_6011a58939eb,1
2.0,0.2,5,4,4,0.4,"{0: 2, 1: 2, 2: 1}",0.0,2,1,fan_in,3,2,4,1,0,1,5,0,2,"{1: 4, 0: 1}",{0: 4},0.4,f835d116-65c1-4ab8-95d3-980506564ddd,diagnostic,divide|multiply|subtract|divide|divide,topo_774030263969,1
2.0,0.25,6+,5,5,0.25,"{0: 3, 2: 2, 1: 3}",0.0,2,1,fan_in,5,3,7,2,0,1,8,0,3,"{1: 7, 0: 1}",{0: 7},0.4375,f8fdce32-9e0f-4f9c-bd0d-15dfce117a71,diagnostic,multiply|multiply|add|add|subtract|multiply|add|divide,topo_2b60abe1fbcb,1
1.0,0.0,3,3,3,0.666667,"{0: 1, 1: 2}",1.0,1,1,linear,2,1,2,0,0,1,3,0,1,"{1: 2, 0: 1}",{0: 2},0.333333,f905138a-f657-4ab0-a9f9-b17fd5854b4f,diagnostic,subtract|divide|multiply,topo_1c8dbe1830b2,1
1.0,0.0,3,3,3,0.666667,"{0: 1, 1: 2}",1.0,1,1,linear,2,1,2,0,0,1,3,0,1,"{1: 2, 0: 1}",{0: 2},0.333333,f9ebc5c7-fafb-4b4b-ae3f-8f4f10f5ca31,diagnostic,multiply|divide|divide,topo_1c8dbe1830b2,1
2.0,0.444444,6+,6,6,0.111111,"{0: 9, 2: 8, 1: 1}",0.0,2,1,fan_in,9,9,17,8,0,1,18,0,9,"{1: 17, 0: 1}",{0: 17},0.472222,fa47c82a-60bf-4ff0-bcf7-d7b41fe795c4,diagnostic,multiply|subtract|subtract|multiply|add|multiply|add|subtract|multiply|add|add|divide|multiply|subtract|subtract|multiply|add|multiply,topo_a4503152b38a,1
1.0,0.0,2,2,2,1.0,"{0: 1, 1: 1}",1.0,1,1,linear,1,1,1,0,0,1,2,0,1,"{1: 1, 0: 1}",{0: 1},0.5,fa57c28a-e9d8-44fb-a358-a9404a557d5b,diagnostic,get_url_content|count_the_word,topo_fdeb50f24873,1
2.0,0.2,5,4,4,0.4,"{0: 2, 1: 2, 2: 1}",0.0,2,1,fan_in,3,2,4,1,0,1,5,0,2,"{1: 4, 0: 1}",{0: 4},0.4,fa9c7f16-9ea7-4eb4-b3d4-efdb6492cf3d,diagnostic,multiply|divide|multiply|add|divide,topo_774030263969,1
1.0,0.0,6+,6,6,0.333333,"{0: 1, 1: 5}",1.0,1,1,linear,5,1,5,0,0,1,6,0,1,"{1: 5, 0: 1}",{0: 5},0.416667,fb341674-da07-4323-b70a-7bb759f1e746,diagnostic,add|subtract|divide|add|divide|multiply,topo_02b29308ce2b,1
2.0,0.333333,3,2,2,0.666667,"{0: 2, 2: 1}",0.0,2,1,fan_in,1,2,2,1,0,1,3,0,2,"{1: 2, 0: 1}",{0: 2},0.333333,fc47e3cd-d410-4517-9b20-9817fa2e8217,diagnostic,multiply|multiply|subtract,topo_911586a55488,1
2.0,0.2,5,4,4,0.4,"{0: 2, 2: 1, 1: 2}",0.0,2,1,fan_in,3,2,4,1,0,1,5,0,2,"{1: 4, 0: 1}",{0: 4},0.4,fc6100d1-accb-423a-a8c0-4f4a14ea3cd5,diagnostic,divide|divide|subtract|multiply|divide,topo_6011a58939eb,1
2.0,0.230769,6+,6,6,0.153846,"{0: 4, 1: 6, 2: 3}",0.0,2,1,fan_in,9,4,12,3,0,1,13,0,4,"{1: 12, 0: 1}",{0: 12},0.5,fc783b3f-ceb7-4705-bfb8-04a9634bd5ba,diagnostic,divide|power|divide|add|power|power|divide|floor|add|power|divide|floor|add,topo_0132aac98622,1
1.0,0.0,3,3,3,0.666667,"{0: 1, 1: 2}",1.0,1,1,linear,2,1,2,0,0,1,3,0,1,"{1: 2, 0: 1}",{0: 2},0.333333,fc8a9de4-dbbd-4a43-b86f-e331c5ab6199,diagnostic,add|divide|add,topo_1c8dbe1830b2,1
2.0,0.125,6+,7,7,0.25,"{0: 2, 1: 5, 2: 1}",0.0,2,1,fan_in,6,2,7,1,0,1,8,0,2,"{1: 7, 0: 1}",{0: 7},0.4375,fd49d75b-907d-4ea8-8f20-b94ae88ba68d,diagnostic,multiply|subtract|multiply|divide|divide|multiply|divide|add,topo_3d776f83e4a8,1
2.0,0.333333,3,2,2,0.666667,"{0: 2, 2: 1}",0.0,2,1,fan_in,1,2,2,1,0,1,3,0,2,"{1: 2, 0: 1}",{0: 2},0.333333,fd93d5e2-b364-47d3-95c6-b253545f19a9,diagnostic,add|add|multiply,topo_911586a55488,1
1.0,0.0,3,2,2,0.333333,"{0: 2, 1: 1}",0.0,1,1,mixed,1,2,1,0,0,2,3,0,2,"{0: 2, 1: 1}",{0: 1},0.083333,fd974a69-367d-4ad0-ba69-509a91be9547,diagnostic,find_max_in_each_subarray|get_n_term_of_fibonacci_sequence|generate_comment,topo_5c49d2fff8bb,2
2.0,0.25,6+,5,5,0.25,"{0: 3, 1: 3, 2: 2}",0.0,2,1,fan_in,5,3,7,2,0,1,8,0,3,"{1: 7, 0: 1}",{0: 7},0.4375,fde10026-a75e-44d5-ba81-adc9510c5c22,diagnostic,divide|multiply|divide|multiply|add|add|divide|multiply,topo_1835893559d9,1
2.0,0.2,5,4,4,0.4,"{0: 2, 1: 2, 2: 1}",0.0,2,1,fan_in,3,2,4,1,0,1,5,0,2,"{1: 4, 0: 1}",{0: 4},0.4,fe72229a-2b0d-4eb4-8ba9-1e5179ff5029,diagnostic,multiply|add|multiply|subtract|divide,topo_7279e5f4b24a,1
2.0,0.285714,6+,5,5,0.285714,"{0: 3, 2: 2, 1: 2}",0.0,2,1,fan_in,4,3,6,2,0,1,7,0,3,"{1: 6, 0: 1}",{0: 6},0.428571,fed1fe60-ded8-481f-bf6a-8918b655660a,diagnostic,subtract|multiply|multiply|subtract|subtract|divide|multiply,topo_ebc77146d886,1
2.0,0.384615,6+,6,6,0.153846,"{0: 6, 1: 2, 2: 5}",0.0,2,1,fan_in,7,6,12,5,0,1,13,0,6,"{1: 12, 0: 1}",{0: 12},0.461538,ffc78483-512b-4cac-82e9-6081425c2cd4,diagnostic,multiply|add|multiply|add|add|subtract|multiply|multiply|subtract|divide|multiply|multiply|add,topo_bc551a84449b,1
