answer_type,call_bucket,call_count,depth,distractor_count,distractor_hardness,generation_cell,graph_template_id,motif,offered_tool_count,paraphrase_status,reference_density,sample_id,semantic_program_family,source,target_failure_mode,target_skill,topology_hash,track
float,3,3,3,5,0.035,G_3call_linear_variable_pla_00,gt_9def4274cf86,linear,8,unknown,0.222222,ttdf_0982b2624c98,pf_3bf05bf9b2dc,train300,too_few_calls,variable_planning,topo_1c8dbe1830b2,G
string,4,4,3,8,0.0088,G_4call_fan_in_variable_pla_00,gt_5f6bb4444675,fan_in,12,unknown,0.5,ttdf_a1f4522870c7,pf_5fd37c0f4186,train300,too_few_calls,variable_planning,topo_bd3dd51ec1a9,G
float,2,2,2,8,0.0,G_2call_linear_continuation_01,gt_84f219ac023d,linear,10,unknown,0.333333,ttdf_88d02f070bad,pf_dfdbf917c414,train300,wrong_second_tool_after_correct_prefix,continuation_after_observation,topo_fdeb50f24873,G
float,5,5,5,4,0.0194,G_5call_linear_long_horizon_00,gt_8bb2183cdfb4,linear,9,unknown,0.4,ttdf_acf64105ab0f,pf_fca031497c4e,train300,premature_stop,long_horizon_planning,topo_d228dd6db98a,G
float,2,2,2,9,0.0,A_2call_linear_continuation_04,gt_29243c224d3b,linear,11,unknown,0.333333,ttdf_52e02b0074e9,pf_dcf56c923285,train300,wrong_second_tool_after_correct_prefix,continuation_after_observation,topo_fdeb50f24873,A
float,6+,8,6,3,0.0583,A_6pcall_fan_in_long_horizon_00,gt_28cbb0cc5879,fan_in,11,unknown,0.538462,ttdf_28600db1173f,pf_407048606066,train300,premature_stop,long_horizon_planning,topo_e1b2f19eddb9,A
string,5,5,4,5,0.0175,A_5call_fan_in_long_horizon_00,gt_3c3895b10ae7,fan_in,10,unknown,0.444444,ttdf_4bcc0bcb441d,pf_1c4eaa91de8c,train300,premature_stop,long_horizon_planning,topo_7279e5f4b24a,A
string,4,4,3,6,0.0331,G_4call_fan_in_variable_pla_00,gt_1c7a67f6f240,fan_in,10,unknown,0.428571,ttdf_c03e76b84f89,pf_5b234ce78cbf,train300,too_few_calls,variable_planning,topo_bd3dd51ec1a9,G
bool,2,2,2,8,0.0109,A_2call_linear_continuation_01,gt_c3d71141b1a5,linear,10,unknown,0.333333,ttdf_3890bd39e665,pf_c7821830b231,train300,wrong_second_tool_after_correct_prefix,continuation_after_observation,topo_fdeb50f24873,A
string,5,5,4,6,0.0146,A_5call_fan_in_long_horizon_00,gt_90872a8d2737,fan_in,11,unknown,0.4,ttdf_7fa1ac8fa957,pf_aea024922d86,train300,premature_stop,long_horizon_planning,topo_7279e5f4b24a,A
float,6+,6,5,3,0.0467,A_6pcall_fan_in_tool_catalog_02,gt_02418c6865c6,fan_in,9,unknown,0.5,ttdf_1897e88c19ac,pf_b477355b983c,train300,distractor_confusion,tool_catalog_search,topo_926312b15db7,A
float,2,2,2,8,0.0219,G_2call_linear_continuation_01,gt_84f219ac023d,linear,10,unknown,0.333333,ttdf_2ad0d860622d,pf_2dcb4038757b,train300,wrong_second_tool_after_correct_prefix,continuation_after_observation,topo_fdeb50f24873,G
list,3,3,3,5,0.0467,A_3call_linear_variable_pla_00,gt_55ebfde00b33,linear,8,unknown,0.2,ttdf_a180adf5caad,pf_6c30ead0e92c,train300,too_few_calls,variable_planning,topo_1c8dbe1830b2,A
float,6+,8,5,7,0.0525,A_6pcall_fan_in_tool_catalog_01,gt_8ced11016e22,fan_in,15,unknown,0.538462,ttdf_2460d1e882f0,pf_6b94ea79b9f7,train300,distractor_confusion,tool_catalog_search,topo_bf579ac7c4b1,A
int,6+,6,6,3,0.0,A_6pcall_linear_long_horizon_00,gt_77788a02ec6f,linear,9,unknown,0.454545,ttdf_6c5b125b6094,pf_3285c458e8b3,train300,premature_stop,long_horizon_planning,topo_02b29308ce2b,A
float,6+,6,4,9,0.0379,A_6pcall_fan_in_tool_catalog_01,gt_f1244426c8f8,fan_in,15,unknown,0.454545,ttdf_ccbe76d8ecaa,pf_84646aa90542,train300,distractor_confusion,tool_catalog_search,topo_2b9a65f092bb,A
float,5,5,3,6,0.0,G_5call_fan_in_long_horizon_00,gt_a5440c863cba,fan_in,11,unknown,0.444444,ttdf_0dbc7c25bb47,pf_7799fa2bf484,train300,premature_stop,long_horizon_planning,topo_17d840e0415f,G
int,6+,8,8,3,0.0817,A_6pcall_linear_long_horizon_00,gt_ea26242e3c2b,linear,11,unknown,0.466667,ttdf_287fde663010,pf_f8349436ce7e,train300,premature_stop,long_horizon_planning,topo_ff8ead63c33b,A
float,5,5,3,13,0.0426,A_5call_branch_aggregate_tool_catalog_00,gt_883a97f83799,branch_aggregate,18,unknown,0.4,ttdf_441384bb0445,pf_dc6506b5b931,train300,distractor_confusion,tool_catalog_search,topo_926c72bac680,A
float,2,2,2,7,0.0,G_2call_linear_continuation_03,gt_84f219ac023d,linear,9,unknown,0.333333,ttdf_178a8a0f527a,pf_17d3ced556e5,train300,wrong_second_tool_after_correct_prefix,continuation_after_observation,topo_fdeb50f24873,G
list,3,3,3,5,0.0525,A_3call_linear_variable_pla_00,gt_55ebfde00b33,linear,8,unknown,0.25,ttdf_8d038da60286,pf_b47ea705cc19,train300,too_few_calls,variable_planning,topo_1c8dbe1830b2,A
int,6+,6,6,3,0.0729,A_6pcall_linear_long_horizon_00,gt_197dedb51884,linear,9,unknown,0.555556,ttdf_7a8cd7efbc21,pf_5d513894f256,train300,premature_stop,long_horizon_planning,topo_02b29308ce2b,A
float,3,3,2,7,0.0,G_3call_fan_in_variable_pla_00,gt_cb9ed77a2f5f,fan_in,10,unknown,0.4,ttdf_07480376bda3,pf_fe5f23305201,train300,too_few_calls,variable_planning,topo_911586a55488,G
string,4,4,3,8,0.0583,G_4call_fan_in_variable_pla_00,gt_1ae4a196c464,fan_in,12,unknown,0.5,ttdf_230424364880,pf_c3931f8a570f,train300,too_few_calls,variable_planning,topo_bd3dd51ec1a9,G
float,2,2,2,9,0.0292,A_2call_linear_continuation_04,gt_593776dcf098,linear,11,unknown,0.142857,ttdf_4b357fd5b95a,pf_18e05bbb6e32,train300,wrong_second_tool_after_correct_prefix,continuation_after_observation,topo_fdeb50f24873,A
numeric_string,2,2,2,6,0.0262,A_2call_linear_continuation_03,gt_4089c427c015,linear,8,unknown,0.333333,ttdf_3f2d4ea393f1,pf_cbf4f6ae6cf6,train300,numeric_string_confusion,argument_typing,topo_fdeb50f24873,A
float,6+,6,5,8,0.0146,G_6pcall_fan_in_tool_catalog_01,gt_b96540fba9ab,fan_in,14,unknown,0.5,ttdf_342238ec5a2f,pf_0eb41cbecd01,train300,distractor_confusion,tool_catalog_search,topo_33e36888cf10,G
int,6+,7,4,9,0.0298,G_6pcall_branch_aggregate_tool_catalog_00,gt_bde293b27a5c,branch_aggregate,16,unknown,0.428571,ttdf_4b29c1b00ae7,pf_bcb8907d785e,train300,distractor_confusion,tool_catalog_search,topo_cff8eb87d925,G
float,4,4,2,10,0.0397,G_4call_branch_aggregate_tool_catalog_00,gt_6ed567ce6a09,branch_aggregate,14,unknown,0.333333,ttdf_111e18412f56,pf_cfa7b6878ecf,train300,distractor_confusion,tool_catalog_search,topo_64b2717a77dd,G
bool,2,2,2,9,0.0499,A_2call_linear_continuation_01,gt_dfaf3c6d7b7a,linear,11,unknown,0.2,ttdf_06ba5fd3d7c3,pf_34b52bff0e03,train300,wrong_second_tool_after_correct_prefix,continuation_after_observation,topo_fdeb50f24873,A
float,6+,6,4,5,0.0513,A_6pcall_fan_in_long_horizon_00,gt_9a1bf99ae73c,fan_in,11,unknown,0.5,ttdf_073c6869b54b,pf_b2df4440b77d,train300,premature_stop,long_horizon_planning,topo_5cf1a13edea8,A
float,4,4,4,4,0.0583,G_4call_linear_variable_pla_00,gt_e7394a0072bd,linear,8,unknown,0.428571,ttdf_666553ac6372,pf_eeb21ef9c92a,train300,too_few_calls,variable_planning,topo_5296967693d8,G
float,4,4,4,4,0.0788,A_4call_linear_variable_pla_00,gt_0ec1fa9b3f3f,linear,8,unknown,0.5,ttdf_04b100a77d6b,pf_b2cd7f958bfd,train300,too_few_calls,variable_planning,topo_5296967693d8,A
float,4,4,2,11,0.0255,G_4call_branch_aggregate_tool_catalog_00,gt_0f64be964c9f,branch_aggregate,15,unknown,0.375,ttdf_44a69f3a000c,pf_ea0ac1615ca4,train300,distractor_confusion,tool_catalog_search,topo_64b2717a77dd,G
float,6+,7,5,10,0.0159,A_6pcall_fan_in_tool_catalog_01,gt_e785803c9c9b,fan_in,17,unknown,0.5,ttdf_69d78b25ecdb,pf_605ec5379908,train300,distractor_confusion,tool_catalog_search,topo_9e01698159b0,A
float,3,3,2,8,0.0292,G_3call_fan_in_variable_pla_00,gt_5526feb7ace9,fan_in,11,unknown,0.4,ttdf_6b382eec9221,pf_3abc53c19edb,train300,too_few_calls,variable_planning,topo_911586a55488,G
float,4,4,4,4,0.0,G_4call_linear_variable_pla_00,gt_a8f07bac69c9,linear,8,unknown,0.333333,ttdf_32f8db136cdc,pf_e285bf4620ec,train300,too_few_calls,variable_planning,topo_5296967693d8,G
float,3,3,2,10,0.056,A_3call_fan_in_tool_catalog_01,gt_3b4ee6d4b07f,fan_in,13,unknown,0.333333,ttdf_91ce845dfc74,pf_395c10d7196a,train300,distractor_confusion,tool_catalog_search,topo_911586a55488,A
float,3,3,2,8,0.0,G_3call_fan_in_variable_pla_00,gt_cb9ed77a2f5f,fan_in,11,unknown,0.333333,ttdf_e53835bd8b41,pf_62eca19e1e35,train300,too_few_calls,variable_planning,topo_911586a55488,G
float,2,2,2,8,0.0219,A_2call_linear_continuation_04,gt_593776dcf098,linear,10,unknown,0.142857,ttdf_69e7c7a49fab,pf_063dfcc11cda,train300,wrong_second_tool_after_correct_prefix,continuation_after_observation,topo_fdeb50f24873,A
float,6+,8,5,8,0.0711,A_6pcall_fan_in_tool_catalog_01,gt_1ce269dc60a3,fan_in,16,unknown,0.5,ttdf_ee3338b844bc,pf_e9f0b8ee8343,train300,distractor_confusion,tool_catalog_search,topo_c39b8213eda5,A
int,6+,6,6,2,0.0,A_6pcall_linear_long_horizon_00,gt_3ed5d7ce794c,linear,8,unknown,0.5,ttdf_a321a8fea7c6,pf_b164c3db1bba,train300,premature_stop,long_horizon_planning,topo_02b29308ce2b,A
numeric_string,2,2,2,7,0.065,A_2call_linear_continuation_03,gt_0dd1f0c06b09,linear,9,unknown,0.2,ttdf_aea8532a868d,pf_486badcc82b8,train300,numeric_string_confusion,argument_typing,topo_fdeb50f24873,A
int,6+,6,4,7,0.035,G_6pcall_branch_aggregate_tool_catalog_00,gt_0f5705bd909a,branch_aggregate,13,unknown,0.454545,ttdf_66d5f1634190,pf_9e20455eab3b,train300,distractor_confusion,tool_catalog_search,topo_8c144cdbfcfb,G
float,3,3,2,11,0.0207,A_3call_fan_in_tool_catalog_01,gt_a6e9c4cb12b3,fan_in,14,unknown,0.4,ttdf_56bf89459e7b,pf_f62f5390b18a,train300,distractor_confusion,tool_catalog_search,topo_911586a55488,A
float,6+,6,5,7,0.0083,G_6pcall_fan_in_tool_catalog_01,gt_bb12f3967b4f,fan_in,13,unknown,0.555556,ttdf_2432f8fea920,pf_69a1e69dcf86,train300,distractor_confusion,tool_catalog_search,topo_926312b15db7,G
float,2,2,2,12,0.0,A_2call_linear_tool_catalog_05,gt_84f219ac023d,linear,14,unknown,0.333333,ttdf_714fa6330c3c,pf_dc5b669a400b,train300,distractor_confusion,tool_catalog_search,topo_fdeb50f24873,A
float,6+,8,8,1,0.0,G_6pcall_linear_long_horizon_00,gt_c8d4aaa97703,linear,9,unknown,0.5,ttdf_450ce5ca6048,pf_3b3459281226,train300,premature_stop,long_horizon_planning,topo_ff8ead63c33b,G
float,3,3,2,13,0.0162,A_3call_fan_in_tool_catalog_01,gt_a6e9c4cb12b3,fan_in,16,unknown,0.333333,ttdf_8e5da6fd9015,pf_554ce214dca6,train300,distractor_confusion,tool_catalog_search,topo_911586a55488,A
float,2,2,2,9,0.0389,A_2call_linear_continuation_04,gt_593776dcf098,linear,11,unknown,0.142857,ttdf_57d7f411a136,pf_a460915489a2,train300,wrong_second_tool_after_correct_prefix,continuation_after_observation,topo_fdeb50f24873,A
float,2,2,2,6,0.0,G_2call_linear_continuation_03,gt_475bbf724df0,linear,8,unknown,0.5,ttdf_b9c7c5612106,pf_cab99a7511ba,train300,wrong_second_tool_after_correct_prefix,continuation_after_observation,topo_fdeb50f24873,G
bool,2,2,2,10,0.0583,A_2call_linear_continuation_01,gt_dfaf3c6d7b7a,linear,12,unknown,0.2,ttdf_d445e31ec556,pf_30af66c5b0cd,train300,wrong_second_tool_after_correct_prefix,continuation_after_observation,topo_fdeb50f24873,A
float,6+,7,6,3,0.0665,A_6pcall_fan_in_long_horizon_00,gt_8d666f70d08b,fan_in,10,unknown,0.428571,ttdf_adc8691711e1,pf_2b20c07995e4,train300,premature_stop,long_horizon_planning,topo_e5fe9f153cd3,A
float,2,2,2,10,0.014,G_2call_linear_continuation_01,gt_475bbf724df0,linear,12,unknown,0.5,ttdf_b0378d970ec5,pf_c2cf2e328d73,train300,wrong_second_tool_after_correct_prefix,continuation_after_observation,topo_fdeb50f24873,G
float,2,2,2,16,0.0,A_2call_linear_tool_catalog_02,gt_84f219ac023d,linear,18,unknown,0.333333,ttdf_9c88a0d5bac6,pf_ebb70873f9f5,train300,distractor_confusion,tool_catalog_search,topo_fdeb50f24873,A
float,4,4,4,5,0.0292,G_4call_linear_variable_pla_00,gt_f2b4ecce50fe,linear,9,unknown,0.6,ttdf_4afe482200e9,pf_bb386bf7d7a5,train300,too_few_calls,variable_planning,topo_5296967693d8,G
float,2,2,2,16,0.058,A_2call_linear_tool_catalog_05,gt_593776dcf098,linear,18,unknown,0.125,ttdf_6664b63ddfd4,pf_3867ffe1d1ab,train300,distractor_confusion,tool_catalog_search,topo_fdeb50f24873,A
list,3,3,3,6,0.07,A_3call_linear_variable_pla_00,gt_bdd7cf5827de,linear,9,unknown,0.25,ttdf_e5021edcbcdb,pf_8baf8e6a54d3,train300,too_few_calls,variable_planning,topo_1c8dbe1830b2,A
list,3,3,3,6,0.0457,A_3call_linear_variable_pla_00,gt_bdd7cf5827de,linear,9,unknown,0.285714,ttdf_663a6484d0e5,pf_8f15bc8c2950,train300,too_few_calls,variable_planning,topo_1c8dbe1830b2,A
float,4,4,3,8,0.07,A_4call_fan_in_variable_pla_00,gt_683fbba89f9d,fan_in,12,unknown,0.5,ttdf_3d16ba355ab3,pf_f880e4e9621d,train300,too_few_calls,variable_planning,topo_30980484d6d7,A
float,6+,6,5,11,0.0345,A_6pcall_fan_in_tool_catalog_01,gt_8512af54e95e,fan_in,17,unknown,0.5,ttdf_086b0471e443,pf_c16bf9d79561,train300,distractor_confusion,tool_catalog_search,topo_926312b15db7,A
float,3,3,3,6,0.0437,G_3call_linear_variable_pla_00,gt_9def4274cf86,linear,9,unknown,0.222222,ttdf_18f30aeb87df,pf_a9cdf2bca3fe,train300,too_few_calls,variable_planning,topo_1c8dbe1830b2,G
int,6+,6,6,3,0.0972,A_6pcall_linear_long_horizon_00,gt_3d68e8c0db11,linear,9,unknown,0.357143,ttdf_8b6bd6e0d113,pf_fbb7593648b7,train300,premature_stop,long_horizon_planning,topo_02b29308ce2b,A
string,5,5,4,5,0.014,A_5call_fan_in_long_horizon_00,gt_04b1b0604109,fan_in,10,unknown,0.5,ttdf_9e944e9be9ad,pf_887daae5470c,train300,premature_stop,long_horizon_planning,topo_7279e5f4b24a,A
bool,2,2,2,10,0.0,A_2call_linear_continuation_01,gt_c3d71141b1a5,linear,12,unknown,0.25,ttdf_702a492e1d93,pf_af0ee5025069,train300,wrong_second_tool_after_correct_prefix,continuation_after_observation,topo_fdeb50f24873,A
float,2,2,2,6,0.0,G_2call_linear_continuation_03,gt_593776dcf098,linear,8,unknown,0.166667,ttdf_1b88e197cf8c,pf_1ff0a775ed52,train300,wrong_second_tool_after_correct_prefix,continuation_after_observation,topo_fdeb50f24873,G
float,2,2,2,6,0.0,G_2call_linear_continuation_00,gt_593776dcf098,linear,8,unknown,0.2,ttdf_5e8ed8ea8e8c,pf_ca5b8f270978,train300,wrong_second_tool_after_correct_prefix,continuation_after_observation,topo_fdeb50f24873,G
float,4,4,3,8,0.0459,A_4call_fan_in_variable_pla_00,gt_dfb057a8d38c,fan_in,12,unknown,0.5,ttdf_feca9749fcb1,pf_0f51e8fb2bfd,train300,too_few_calls,variable_planning,topo_5b37b75596d2,A
float,3,3,3,6,0.0194,G_3call_linear_variable_pla_00,gt_74ab08262949,linear,9,unknown,0.4,ttdf_404c1b18b8c7,pf_10642aafbb72,train300,too_few_calls,variable_planning,topo_1c8dbe1830b2,G
float,2,2,2,8,0.0,A_2call_linear_continuation_04,gt_84f219ac023d,linear,10,unknown,0.333333,ttdf_1212887f9519,pf_9a4cff284ba9,train300,wrong_second_tool_after_correct_prefix,continuation_after_observation,topo_fdeb50f24873,A
bool,2,2,2,8,0.0088,A_2call_linear_continuation_01,gt_c3d71141b1a5,linear,10,unknown,0.333333,ttdf_1944101ba044,pf_2b9ba27b6030,train300,wrong_second_tool_after_correct_prefix,continuation_after_observation,topo_fdeb50f24873,A
float,2,2,2,9,0.0194,G_2call_linear_continuation_01,gt_84f219ac023d,linear,11,unknown,0.333333,ttdf_c4b9bd3d8f9b,pf_55e55d76f597,train300,wrong_second_tool_after_correct_prefix,continuation_after_observation,topo_fdeb50f24873,G
float,5,5,5,3,0.0292,G_5call_linear_long_horizon_00,gt_0c3d1f6d534b,linear,8,unknown,0.444444,ttdf_da8bde0dff1f,pf_e320748a4438,train300,premature_stop,long_horizon_planning,topo_d228dd6db98a,G
string,5,5,4,5,0.0292,A_5call_fan_in_long_horizon_00,gt_90872a8d2737,fan_in,10,unknown,0.4,ttdf_33820d4ecd0d,pf_0029d1a601bd,train300,premature_stop,long_horizon_planning,topo_7279e5f4b24a,A
float,2,2,2,16,0.0295,A_2call_linear_tool_catalog_02,gt_84f219ac023d,linear,18,unknown,0.333333,ttdf_ab3e20f5b9f5,pf_abd10acd3573,train300,distractor_confusion,tool_catalog_search,topo_fdeb50f24873,A
float,3,3,2,15,0.0152,A_3call_fan_in_tool_catalog_01,gt_322b5979bec6,fan_in,18,unknown,0.4,ttdf_adb0a11b7c8e,pf_98c108b690a1,train300,distractor_confusion,tool_catalog_search,topo_911586a55488,A
float,3,3,2,9,0.0,G_3call_fan_in_variable_pla_00,gt_cb9ed77a2f5f,fan_in,12,unknown,0.4,ttdf_7ac454e86368,pf_51475c85b2b9,train300,too_few_calls,variable_planning,topo_911586a55488,G
float,4,4,2,11,0.0223,A_4call_branch_aggregate_tool_catalog_00,gt_6ed567ce6a09,branch_aggregate,15,unknown,0.375,ttdf_29bfff643f76,pf_3f6a455560ee,train300,distractor_confusion,tool_catalog_search,topo_64b2717a77dd,A
float,2,2,2,13,0.0,A_2call_linear_tool_catalog_05,gt_29243c224d3b,linear,15,unknown,0.333333,ttdf_626b144f651f,pf_f2a3b1bf7def,train300,distractor_confusion,tool_catalog_search,topo_fdeb50f24873,A
float,2,2,2,6,0.0097,G_2call_linear_continuation_03,gt_84f219ac023d,linear,8,unknown,0.333333,ttdf_709a6c29cef8,pf_c70cbeffe26d,train300,wrong_second_tool_after_correct_prefix,continuation_after_observation,topo_fdeb50f24873,G
list,3,3,3,5,0.0642,A_3call_linear_variable_pla_00,gt_55ebfde00b33,linear,8,unknown,0.222222,ttdf_9ddbf3736946,pf_497ce84809f0,train300,too_few_calls,variable_planning,topo_1c8dbe1830b2,A
bool,2,2,2,10,0.0,A_2call_linear_continuation_01,gt_dfaf3c6d7b7a,linear,12,unknown,0.25,ttdf_415f443311b4,pf_35b6a2c7bd6e,train300,wrong_second_tool_after_correct_prefix,continuation_after_observation,topo_fdeb50f24873,A
float,5,5,4,7,0.0272,G_5call_fan_in_long_horizon_00,gt_6d0e21509f50,fan_in,12,unknown,0.5,ttdf_1da08641a085,pf_0817d7d456a7,train300,premature_stop,long_horizon_planning,topo_2b041b861492,G
float,6+,7,6,8,0.0306,A_6pcall_fan_in_tool_catalog_01,gt_57d089ac362c,fan_in,15,unknown,0.545455,ttdf_a7f57d6e2366,pf_46cd32f98b8d,train300,distractor_confusion,tool_catalog_search,topo_e5fe9f153cd3,A
float,6+,7,4,11,0.0287,A_6pcall_fan_in_tool_catalog_01,gt_a05c1f7f0639,fan_in,18,unknown,0.428571,ttdf_f143ef6a8d1a,pf_0f305da37029,train300,distractor_confusion,tool_catalog_search,topo_63f405a71afa,A
float,6+,8,5,8,0.0663,A_6pcall_fan_in_tool_catalog_01,gt_4c4b533dca6d,fan_in,16,unknown,0.466667,ttdf_4bf9490a9e1e,pf_07d476eb3a4b,train300,distractor_confusion,tool_catalog_search,topo_bf579ac7c4b1,A
bool,2,2,2,10,0.0379,A_2call_linear_continuation_01,gt_dfaf3c6d7b7a,linear,12,unknown,0.2,ttdf_4fb15030a374,pf_4f6a2062a24b,train300,wrong_second_tool_after_correct_prefix,continuation_after_observation,topo_fdeb50f24873,A
numeric_string,2,2,2,6,0.0117,A_2call_linear_continuation_03,gt_4089c427c015,linear,8,unknown,0.333333,ttdf_3bd0f2ffa9c7,pf_cbf4f6ae6cf6,train300,numeric_string_confusion,argument_typing,topo_fdeb50f24873,A
float,5,5,3,10,0.0478,A_5call_branch_aggregate_tool_catalog_00,gt_883a97f83799,branch_aggregate,15,unknown,0.363636,ttdf_a007fb88e5a8,pf_84cf9d94ee63,train300,distractor_confusion,tool_catalog_search,topo_926c72bac680,A
float,3,3,2,9,0.0233,G_3call_fan_in_variable_pla_00,gt_a6e9c4cb12b3,fan_in,12,unknown,0.4,ttdf_095955eab09a,pf_37abd1db92fc,train300,too_few_calls,variable_planning,topo_911586a55488,G
float,6+,7,5,11,0.0613,G_6pcall_fan_in_tool_catalog_01,gt_6ca94d35b66a,fan_in,18,unknown,0.461538,ttdf_ebcc48b28d17,pf_24d969aa3c92,train300,distractor_confusion,tool_catalog_search,topo_9e01698159b0,G
bool,2,2,2,10,0.0753,A_2call_linear_continuation_01,gt_c044505ea255,linear,12,unknown,0.125,ttdf_69b205909ba2,pf_371070697d8c,train300,wrong_second_tool_after_correct_prefix,continuation_after_observation,topo_fdeb50f24873,A
string,4,4,3,7,0.0,G_4call_fan_in_variable_pla_00,gt_1ae4a196c464,fan_in,11,unknown,0.5,ttdf_91c17367ae01,pf_36c4033a8cbb,train300,too_few_calls,variable_planning,topo_bd3dd51ec1a9,G
float,2,2,2,9,0.0,G_2call_linear_continuation_04,gt_84f219ac023d,linear,11,unknown,0.333333,ttdf_6d5d2df8e87e,pf_11b29a63aec3,train300,wrong_second_tool_after_correct_prefix,continuation_after_observation,topo_fdeb50f24873,G
numeric_string,2,2,2,7,0.02,A_2call_linear_continuation_03,gt_7b998d2a167f,linear,9,unknown,0.5,ttdf_8a92a1d9bda8,pf_b3cf0da6f6b7,train300,numeric_string_confusion,argument_typing,topo_fdeb50f24873,A
float,3,3,2,7,0.0,A_3call_fan_in_variable_pla_00,gt_a6e9c4cb12b3,fan_in,10,unknown,0.4,ttdf_57b5548d9406,pf_60a8fe446ad1,train300,too_few_calls,variable_planning,topo_911586a55488,A
float,4,4,2,9,0.035,G_4call_branch_aggregate_tool_catalog_00,gt_6ed567ce6a09,branch_aggregate,13,unknown,0.375,ttdf_adb3076a4249,pf_375441eeed38,train300,distractor_confusion,tool_catalog_search,topo_64b2717a77dd,G
string,5,5,4,7,0.0383,A_5call_fan_in_long_horizon_00,gt_04b1b0604109,fan_in,12,unknown,0.5,ttdf_dfa5d83b46bf,pf_852c1021fff3,train300,premature_stop,long_horizon_planning,topo_7279e5f4b24a,A
string,5,5,4,7,0.0109,A_5call_fan_in_long_horizon_00,gt_90872a8d2737,fan_in,12,unknown,0.4,ttdf_83a61f0aa532,pf_3725aa8da813,train300,premature_stop,long_horizon_planning,topo_7279e5f4b24a,A
float,4,4,2,14,0.0363,A_4call_branch_aggregate_tool_catalog_00,gt_8be148919345,branch_aggregate,18,unknown,0.375,ttdf_1ae91b3255c9,pf_a701d92fbb5f,train300,distractor_confusion,tool_catalog_search,topo_64b2717a77dd,A
float,3,3,2,15,0.0486,A_3call_fan_in_tool_catalog_01,gt_3b4ee6d4b07f,fan_in,18,unknown,0.333333,ttdf_535a92504ff3,pf_f7b9d454591a,train300,distractor_confusion,tool_catalog_search,topo_911586a55488,A
float,2,2,2,6,0.0194,G_2call_linear_continuation_00,gt_593776dcf098,linear,8,unknown,0.166667,ttdf_27a65d5730a0,pf_22d479d730a2,train300,wrong_second_tool_after_correct_prefix,continuation_after_observation,topo_fdeb50f24873,G
bool,2,2,2,9,0.0097,A_2call_linear_continuation_01,gt_dfaf3c6d7b7a,linear,11,unknown,0.25,ttdf_7c7e391ab5eb,pf_0b9b3bc7a9b9,train300,wrong_second_tool_after_correct_prefix,continuation_after_observation,topo_fdeb50f24873,A
float,4,4,3,8,0.0389,A_4call_fan_in_variable_pla_00,gt_f0a42ea2dd03,fan_in,12,unknown,0.5,ttdf_7c2600233dfc,pf_8a3d288f2375,train300,too_few_calls,variable_planning,topo_5b37b75596d2,A
float,3,3,2,8,0.0,G_3call_fan_in_variable_pla_00,gt_322b5979bec6,fan_in,11,unknown,0.4,ttdf_7e3b94e5852d,pf_502bb3801da4,train300,too_few_calls,variable_planning,topo_911586a55488,G
float,4,4,3,6,0.0,A_4call_fan_in_variable_pla_00,gt_67dccbffbe14,fan_in,10,unknown,0.428571,ttdf_27aa7816b261,pf_b2dfb4f7e2fd,train300,too_few_calls,variable_planning,topo_30980484d6d7,A
float,2,2,2,16,0.0,G_2call_linear_tool_catalog_02,gt_84f219ac023d,linear,18,unknown,0.333333,ttdf_9da280149954,pf_097f48c2e8a5,train300,distractor_confusion,tool_catalog_search,topo_fdeb50f24873,G
float,6+,6,6,3,0.0389,G_6pcall_linear_long_horizon_00,gt_3530671ddead,linear,9,unknown,0.454545,ttdf_f44f7cd5c652,pf_ac49927b07a1,train300,premature_stop,long_horizon_planning,topo_02b29308ce2b,G
string,5,5,4,5,0.0455,A_5call_fan_in_long_horizon_00,gt_844b63bfd528,fan_in,10,unknown,0.5,ttdf_b0286c035ff7,pf_2cb618a95046,train300,premature_stop,long_horizon_planning,topo_0c51481d8aeb,A
float,2,2,2,13,0.0,A_2call_linear_tool_catalog_02,gt_84f219ac023d,linear,15,unknown,0.333333,ttdf_c60223f1aab8,pf_68d1c2408c70,train300,distractor_confusion,tool_catalog_search,topo_fdeb50f24873,A
int,6+,6,4,7,0.0617,G_6pcall_branch_aggregate_tool_catalog_00,gt_15d0a0addb6b,branch_aggregate,13,unknown,0.454545,ttdf_49ff06c5abb1,pf_2962e0f1db3c,train300,distractor_confusion,tool_catalog_search,topo_8c144cdbfcfb,G
float,6+,6,6,3,0.0583,G_6pcall_linear_long_horizon_00,gt_c78d04855fcc,linear,9,unknown,0.5,ttdf_0969cde120d2,pf_b2827754ce01,train300,premature_stop,long_horizon_planning,topo_02b29308ce2b,G
float,4,4,2,11,0.0159,A_4call_branch_aggregate_tool_catalog_00,gt_6ed567ce6a09,branch_aggregate,15,unknown,0.375,ttdf_b02ae36ee259,pf_c90eee434c72,train300,distractor_confusion,tool_catalog_search,topo_64b2717a77dd,A
float,4,4,4,5,0.0642,A_4call_linear_variable_pla_00,gt_e748a9824b25,linear,9,unknown,0.375,ttdf_88e4f6fda445,pf_027028fe48dd,train300,too_few_calls,variable_planning,topo_5296967693d8,A
string,4,4,3,6,0.0292,G_4call_fan_in_variable_pla_00,gt_4ca8d1211263,fan_in,10,unknown,0.375,ttdf_945346f2dc33,pf_924d76ac9999,train300,too_few_calls,variable_planning,topo_bd3dd51ec1a9,G
float,6+,6,3,12,0.0615,A_6pcall_branch_aggregate_tool_catalog_00,gt_d8268a3dfd4e,branch_aggregate,18,unknown,0.454545,ttdf_3bbe27d74a4e,pf_f2e9584c974d,train300,distractor_confusion,tool_catalog_search,topo_00ac72c33abd,A
float,3,3,2,8,0.0255,A_3call_fan_in_variable_pla_00,gt_cb9ed77a2f5f,fan_in,11,unknown,0.4,ttdf_a27ee767b260,pf_0e002256fb2a,train300,too_few_calls,variable_planning,topo_911586a55488,A
float,6+,6,5,5,0.049,G_6pcall_fan_in_long_horizon_00,gt_3eb290d11184,fan_in,11,unknown,0.5,ttdf_1316b84679bc,pf_2f804cc65d8d,train300,premature_stop,long_horizon_planning,topo_33e36888cf10,G
float,6+,6,5,4,0.0194,G_6pcall_fan_in_long_horizon_00,gt_2b0ad79ae020,fan_in,10,unknown,0.5,ttdf_fc21110cb919,pf_40b0425de782,train300,premature_stop,long_horizon_planning,topo_33e36888cf10,G
float,2,2,2,7,0.0,G_2call_linear_continuation_03,gt_29243c224d3b,linear,9,unknown,0.333333,ttdf_490928952434,pf_d8904dbe087a,train300,wrong_second_tool_after_correct_prefix,continuation_after_observation,topo_fdeb50f24873,G
float,2,2,2,12,0.0,A_2call_linear_tool_catalog_02,gt_84f219ac023d,linear,14,unknown,0.333333,ttdf_cfcc0bc5aede,pf_b68927c61851,train300,distractor_confusion,tool_catalog_search,topo_fdeb50f24873,A
int,6+,6,6,3,0.0467,A_6pcall_linear_long_horizon_00,gt_3ed5d7ce794c,linear,9,unknown,0.5,ttdf_918a1b8e247c,pf_837ca42db573,train300,premature_stop,long_horizon_planning,topo_02b29308ce2b,A
float,4,4,3,8,0.0693,A_4call_fan_in_variable_pla_00,gt_faf8699f7507,fan_in,12,unknown,0.428571,ttdf_9ab3dd3108dd,pf_91ea568f107c,train300,too_few_calls,variable_planning,topo_30980484d6d7,A
float,3,3,2,9,0.0259,G_3call_fan_in_variable_pla_00,gt_cb9ed77a2f5f,fan_in,12,unknown,0.4,ttdf_ca94c57fb5b6,pf_6877fcf8f670,train300,too_few_calls,variable_planning,topo_911586a55488,G
float,4,4,4,4,0.0,A_4call_linear_variable_pla_00,gt_143dd1368788,linear,8,unknown,0.5,ttdf_4536494ea7cc,pf_20f5b3ece8bd,train300,too_few_calls,variable_planning,topo_5296967693d8,A
list,3,3,3,6,0.0292,A_3call_linear_variable_pla_00,gt_55ebfde00b33,linear,9,unknown,0.285714,ttdf_3bb23ee2abb5,pf_3d6f248672fb,train300,too_few_calls,variable_planning,topo_1c8dbe1830b2,A
float,6+,6,6,3,0.0292,G_6pcall_linear_long_horizon_00,gt_3530671ddead,linear,9,unknown,0.454545,ttdf_2069d281661f,pf_56a21f65eb73,train300,premature_stop,long_horizon_planning,topo_02b29308ce2b,G
float,6+,7,6,2,0.0233,A_6pcall_fan_in_tool_catalog_02,gt_08df3ef2422e,fan_in,9,unknown,0.461538,ttdf_2fe2055ebf7a,pf_9ee2532d3cf9,train300,distractor_confusion,tool_catalog_search,topo_4a07cdfdb909,A
float,3,3,2,9,0.0385,A_3call_fan_in_variable_pla_00,gt_3b4ee6d4b07f,fan_in,12,unknown,0.333333,ttdf_e9eafc0422f4,pf_9100910d0a43,train300,too_few_calls,variable_planning,topo_911586a55488,A
float,6+,7,5,8,0.0272,G_6pcall_fan_in_tool_catalog_01,gt_3827a759e4f6,fan_in,15,unknown,0.5,ttdf_5aa8cec97f8c,pf_4b5597912c58,train300,distractor_confusion,tool_catalog_search,topo_9e01698159b0,G
bool,2,2,2,9,0.0175,A_2call_linear_continuation_01,gt_c3d71141b1a5,linear,11,unknown,0.25,ttdf_f54696c90839,pf_bc67948b8641,train300,wrong_second_tool_after_correct_prefix,continuation_after_observation,topo_fdeb50f24873,A
float,2,2,2,6,0.0,G_2call_linear_continuation_03,gt_593776dcf098,linear,8,unknown,0.125,ttdf_1383b56ac315,pf_4d21ab9bce24,train300,wrong_second_tool_after_correct_prefix,continuation_after_observation,topo_fdeb50f24873,G
float,6+,6,4,4,0.0,A_6pcall_fan_in_long_horizon_00,gt_07e218fc5099,fan_in,10,unknown,0.5,ttdf_5ea97b9d2894,pf_6fa671bd0645,train300,premature_stop,long_horizon_planning,topo_5cf1a13edea8,A
float,6+,8,4,5,0.0311,A_6pcall_branch_aggregate_tool_catalog_00,gt_e79963d99805,branch_aggregate,13,unknown,0.4375,ttdf_c9965f79c448,pf_c3eca6464ac8,train300,distractor_confusion,tool_catalog_search,topo_5eeac3554b19,A
string,4,4,3,7,0.0,G_4call_fan_in_variable_pla_00,gt_1ae4a196c464,fan_in,11,unknown,0.5,ttdf_1691c4ac38d4,pf_d0358b0b21c1,train300,too_few_calls,variable_planning,topo_bd3dd51ec1a9,G
float,2,2,2,13,0.0292,A_2call_linear_tool_catalog_05,gt_84f219ac023d,linear,15,unknown,0.333333,ttdf_6ef88f415ec8,pf_c218401edf38,train300,distractor_confusion,tool_catalog_search,topo_fdeb50f24873,A
list,3,3,3,6,0.0262,A_3call_linear_variable_pla_00,gt_55ebfde00b33,linear,9,unknown,0.25,ttdf_1cc8cb9986f0,pf_c0743005dbee,train300,too_few_calls,variable_planning,topo_1c8dbe1830b2,A
float,2,2,2,11,0.0239,A_2call_linear_tool_catalog_02,gt_84f219ac023d,linear,13,unknown,0.333333,ttdf_76ae9ab480c4,pf_49e56790547e,train300,distractor_confusion,tool_catalog_search,topo_fdeb50f24873,A
string,4,4,3,7,0.055,G_4call_fan_in_variable_pla_00,gt_1c7a67f6f240,fan_in,11,unknown,0.428571,ttdf_0912a2d9b2db,pf_0b34f2dc8396,train300,too_few_calls,variable_planning,topo_bd3dd51ec1a9,G
list,3,3,3,6,0.0146,A_3call_linear_variable_pla_00,gt_55ebfde00b33,linear,9,unknown,0.222222,ttdf_05e5d3a5124e,pf_2460bc1baac9,train300,too_few_calls,variable_planning,topo_1c8dbe1830b2,A
string,5,5,4,6,0.0486,A_5call_fan_in_long_horizon_00,gt_90872a8d2737,fan_in,11,unknown,0.4,ttdf_1497a25303af,pf_216be04cc2ce,train300,premature_stop,long_horizon_planning,topo_7279e5f4b24a,A
float,6+,7,7,2,0.0622,G_6pcall_linear_long_horizon_00,gt_d31f2b006691,linear,9,unknown,0.461538,ttdf_e26fa047f4d8,pf_1080ddc7c297,train300,premature_stop,long_horizon_planning,topo_47316b07929b,G
float,2,2,2,12,0.0262,A_2call_linear_tool_catalog_05,gt_84f219ac023d,linear,14,unknown,0.333333,ttdf_9a9ce195b513,pf_c4cd5da4c49c,train300,distractor_confusion,tool_catalog_search,topo_fdeb50f24873,A
float,4,4,3,7,0.0263,A_4call_fan_in_variable_pla_00,gt_faf8699f7507,fan_in,11,unknown,0.428571,ttdf_7ad3b54cb7ef,pf_a70a409672e8,train300,too_few_calls,variable_planning,topo_30980484d6d7,A
float,2,2,2,10,0.0158,G_2call_linear_continuation_04,gt_593776dcf098,linear,12,unknown,0.142857,ttdf_14c55897ced2,pf_d72c7dc1ac75,train300,wrong_second_tool_after_correct_prefix,continuation_after_observation,topo_fdeb50f24873,G
float,5,5,5,4,0.0,G_5call_linear_long_horizon_00,gt_8bb2183cdfb4,linear,9,unknown,0.4,ttdf_36b57efe7392,pf_322230603188,train300,premature_stop,long_horizon_planning,topo_d228dd6db98a,G
float,4,4,3,7,0.0306,A_4call_fan_in_variable_pla_00,gt_683fbba89f9d,fan_in,11,unknown,0.5,ttdf_59367ab6b4d7,pf_b477d7e2436a,train300,too_few_calls,variable_planning,topo_30980484d6d7,A
float,5,5,4,6,0.0219,G_5call_fan_in_long_horizon_00,gt_3d96fc1f6b2f,fan_in,11,unknown,0.4,ttdf_42f2393a5eeb,pf_7d562b603f9a,train300,premature_stop,long_horizon_planning,topo_2b041b861492,G
int,6+,7,4,10,0.0525,G_6pcall_branch_aggregate_tool_catalog_00,gt_33d84c6f5db9,branch_aggregate,17,unknown,0.5,ttdf_31c2cfd49449,pf_47c021eb2d4f,train300,distractor_confusion,tool_catalog_search,topo_cff8eb87d925,G
float,3,3,3,5,0.07,G_3call_linear_variable_pla_00,gt_74ab08262949,linear,8,unknown,0.4,ttdf_65a3039cd6ed,pf_0b8d2cb08061,train300,too_few_calls,variable_planning,topo_1c8dbe1830b2,G
float,4,4,3,6,0.0117,A_4call_fan_in_variable_pla_00,gt_6da99fa42a54,fan_in,10,unknown,0.5,ttdf_3d662a8b3d5d,pf_49d05ae2f87f,train300,too_few_calls,variable_planning,topo_30980484d6d7,A
float,3,3,2,7,0.0,A_3call_fan_in_variable_pla_00,gt_3b4ee6d4b07f,fan_in,10,unknown,0.333333,ttdf_c6bcd1f43a83,pf_f2d5f89ce3e7,train300,too_few_calls,variable_planning,topo_911586a55488,A
int,6+,6,4,11,0.0549,G_6pcall_branch_aggregate_tool_catalog_00,gt_d8adfdfa9f35,branch_aggregate,17,unknown,0.416667,ttdf_72d564577ea1,pf_d721ea25cddd,train300,distractor_confusion,tool_catalog_search,topo_8c144cdbfcfb,G
float,5,5,5,4,0.0,A_5call_linear_long_horizon_00,gt_4f92c90ecf66,linear,9,unknown,0.5,ttdf_0313a502dad3,pf_52ec85c1156d,train300,premature_stop,long_horizon_planning,topo_d228dd6db98a,A
float,4,4,3,6,0.0408,A_4call_fan_in_variable_pla_00,gt_67dccbffbe14,fan_in,10,unknown,0.428571,ttdf_b2b56b137c8b,pf_931796939046,train300,too_few_calls,variable_planning,topo_30980484d6d7,A
float,6+,6,6,3,0.1361,G_6pcall_linear_long_horizon_00,gt_ce0083ec1ff6,linear,9,unknown,0.454545,ttdf_5aab74ea6a97,pf_6ea026cd0d4a,train300,premature_stop,long_horizon_planning,topo_02b29308ce2b,G
float,3,3,3,5,0.028,G_3call_linear_variable_pla_00,gt_74ab08262949,linear,8,unknown,0.4,ttdf_4f4cfd571d97,pf_cf3b54eaae65,train300,too_few_calls,variable_planning,topo_1c8dbe1830b2,G
float,4,4,2,11,0.0598,A_4call_branch_aggregate_tool_catalog_00,gt_27e317388214,branch_aggregate,15,unknown,0.428571,ttdf_b83412597b54,pf_24e9e7ea9f3f,train300,distractor_confusion,tool_catalog_search,topo_64b2717a77dd,A
float,2,2,2,7,0.0,G_2call_linear_continuation_00,gt_593776dcf098,linear,9,unknown,0.142857,ttdf_51827948d322,pf_35f8ddb3d0cb,train300,wrong_second_tool_after_correct_prefix,continuation_after_observation,topo_fdeb50f24873,G
float,5,5,5,4,0.0,G_5call_linear_long_horizon_00,gt_8bb2183cdfb4,linear,9,unknown,0.4,ttdf_4202fca7f96c,pf_dcb88682f20a,train300,premature_stop,long_horizon_planning,topo_d228dd6db98a,G
float,6+,7,4,11,0.0371,A_6pcall_fan_in_tool_catalog_01,gt_c04892500267,fan_in,18,unknown,0.461538,ttdf_022175aa5072,pf_3e697c2ed9dd,train300,distractor_confusion,tool_catalog_search,topo_63f405a71afa,A
float,6+,7,6,9,0.0227,G_6pcall_fan_in_tool_catalog_01,gt_e82fd1987305,fan_in,16,unknown,0.461538,ttdf_9c6752ff7b15,pf_37064f6fc8ce,train300,distractor_confusion,tool_catalog_search,topo_e5fe9f153cd3,G
list,3,3,3,6,0.0262,A_3call_linear_variable_pla_00,gt_55ebfde00b33,linear,9,unknown,0.2,ttdf_679788a6eb45,pf_2481ed394a88,train300,too_few_calls,variable_planning,topo_1c8dbe1830b2,A
numeric_string,2,2,2,7,0.03,A_2call_linear_continuation_03,gt_622753e34781,linear,9,unknown,0.333333,ttdf_90db64712927,pf_a69c83b8fcb8,train300,numeric_string_confusion,argument_typing,topo_fdeb50f24873,A
float,3,3,2,9,0.0357,A_3call_fan_in_variable_pla_00,gt_3b4ee6d4b07f,fan_in,12,unknown,0.333333,ttdf_ca9108b44831,pf_0c479be2e70b,train300,too_few_calls,variable_planning,topo_911586a55488,A
float,2,2,2,8,0.0306,G_2call_linear_continuation_04,gt_70da2107b403,linear,10,unknown,0.5,ttdf_3a37de07c8f3,pf_cc773ae86359,train300,wrong_second_tool_after_correct_prefix,continuation_after_observation,topo_fdeb50f24873,G
float,6+,6,4,9,0.0518,G_6pcall_fan_in_tool_catalog_01,gt_f1244426c8f8,fan_in,15,unknown,0.5,ttdf_dcb87329f6b3,pf_1aea990e8937,train300,distractor_confusion,tool_catalog_search,topo_2b9a65f092bb,G
float,2,2,2,16,0.0328,A_2call_linear_tool_catalog_05,gt_84f219ac023d,linear,18,unknown,0.333333,ttdf_3ec78e041369,pf_fcbbd03c5a80,train300,distractor_confusion,tool_catalog_search,topo_fdeb50f24873,A
float,3,3,2,8,0.0109,A_3call_fan_in_variable_pla_00,gt_3b4ee6d4b07f,fan_in,11,unknown,0.333333,ttdf_47d6bafc289b,pf_11c18efab760,train300,too_few_calls,variable_planning,topo_911586a55488,A
float,3,3,2,9,0.0078,G_3call_fan_in_variable_pla_00,gt_a6e9c4cb12b3,fan_in,12,unknown,0.4,ttdf_83ebd07be4f3,pf_3b66c9fffe9c,train300,too_few_calls,variable_planning,topo_911586a55488,G
float,5,5,3,10,0.0729,A_5call_branch_aggregate_tool_catalog_00,gt_883a97f83799,branch_aggregate,15,unknown,0.4,ttdf_363162f7a59a,pf_ff029801de87,train300,distractor_confusion,tool_catalog_search,topo_926c72bac680,A
float,3,3,2,13,0.0296,A_3call_fan_in_tool_catalog_01,gt_322b5979bec6,fan_in,16,unknown,0.4,ttdf_4567fb432b15,pf_6fc307686ec8,train300,distractor_confusion,tool_catalog_search,topo_911586a55488,A
float,3,3,2,9,0.0078,G_3call_fan_in_variable_pla_00,gt_322b5979bec6,fan_in,12,unknown,0.4,ttdf_19f08919b197,pf_50b1a095ad1e,train300,too_few_calls,variable_planning,topo_911586a55488,G
bool,2,2,2,8,0.0109,A_2call_linear_continuation_01,gt_dfaf3c6d7b7a,linear,10,unknown,0.25,ttdf_451069ca1428,pf_952b293cb4f4,train300,wrong_second_tool_after_correct_prefix,continuation_after_observation,topo_fdeb50f24873,A
float,2,2,2,6,0.0,G_2call_linear_continuation_00,gt_593776dcf098,linear,8,unknown,0.2,ttdf_72456fbaceec,pf_4b087095a23e,train300,wrong_second_tool_after_correct_prefix,continuation_after_observation,topo_fdeb50f24873,G
int,6+,6,6,3,0.0,A_6pcall_linear_long_horizon_00,gt_e52f15a8ad2d,linear,9,unknown,0.625,ttdf_c918ff392065,pf_64b7b237701a,train300,premature_stop,long_horizon_planning,topo_02b29308ce2b,A
float,6+,7,5,3,0.0219,A_6pcall_fan_in_long_horizon_00,gt_d0b906ee9acb,fan_in,10,unknown,0.5,ttdf_30262ae3333d,pf_2f0ab5092c83,train300,premature_stop,long_horizon_planning,topo_9e01698159b0,A
float,3,3,2,10,0.0408,A_3call_fan_in_tool_catalog_01,gt_322b5979bec6,fan_in,13,unknown,0.4,ttdf_1691d81231be,pf_a13757587852,train300,distractor_confusion,tool_catalog_search,topo_911586a55488,A
float,2,2,2,7,0.0,G_2call_linear_continuation_00,gt_593776dcf098,linear,9,unknown,0.142857,ttdf_2e2717475c74,pf_86a35c9794f3,train300,wrong_second_tool_after_correct_prefix,continuation_after_observation,topo_fdeb50f24873,G
float,2,2,2,7,0.0,G_2call_linear_continuation_03,gt_475bbf724df0,linear,9,unknown,0.5,ttdf_6fd76deaf2ef,pf_ab6ef6dc3848,train300,wrong_second_tool_after_correct_prefix,continuation_after_observation,topo_fdeb50f24873,G
float,2,2,2,7,0.01,G_2call_linear_continuation_00,gt_70da2107b403,linear,9,unknown,0.5,ttdf_147d31b4dfa6,pf_7383a87e6f7c,train300,wrong_second_tool_after_correct_prefix,continuation_after_observation,topo_fdeb50f24873,G
list,2,2,2,7,0.0675,A_2call_linear_continuation_00,gt_e768280f9cac,linear,9,unknown,0.1,ttdf_f819339eabcf,pf_f6ef734b1438,train300,wrong_second_tool_after_correct_prefix,continuation_after_observation,topo_fdeb50f24873,A
float,2,2,2,6,0.0262,G_2call_linear_continuation_00,gt_593776dcf098,linear,8,unknown,0.142857,ttdf_11e60195255a,pf_78b9c57cc5c8,train300,wrong_second_tool_after_correct_prefix,continuation_after_observation,topo_fdeb50f24873,G
float,4,4,3,6,0.0146,A_4call_fan_in_variable_pla_00,gt_fb222ea8804a,fan_in,10,unknown,0.428571,ttdf_b58eafc1260c,pf_ef420f6ea7fc,train300,too_few_calls,variable_planning,topo_30980484d6d7,A
float,3,3,2,9,0.0421,A_3call_fan_in_variable_pla_00,gt_a6e9c4cb12b3,fan_in,12,unknown,0.4,ttdf_d4145b9444ed,pf_329a9b5afb6a,train300,too_few_calls,variable_planning,topo_911586a55488,A
float,6+,6,6,2,0.0,G_6pcall_linear_long_horizon_00,gt_0af7a91558c3,linear,8,unknown,0.416667,ttdf_3cd519865c59,pf_f989ac9cbadd,train300,premature_stop,long_horizon_planning,topo_02b29308ce2b,G
float,5,5,5,4,0.0233,A_5call_linear_long_horizon_00,gt_8bb2183cdfb4,linear,9,unknown,0.4,ttdf_4cec37f76993,pf_dce36e0d7cfb,train300,premature_stop,long_horizon_planning,topo_d228dd6db98a,A
float,3,3,2,12,0.0335,A_3call_fan_in_tool_catalog_01,gt_cb9ed77a2f5f,fan_in,15,unknown,0.4,ttdf_c52a7e265e33,pf_622ae07336c9,train300,distractor_confusion,tool_catalog_search,topo_911586a55488,A
float,2,2,2,13,0.0202,A_2call_linear_tool_catalog_02,gt_84f219ac023d,linear,15,unknown,0.333333,ttdf_2b986e6bdea7,pf_57de1468c8ad,train300,distractor_confusion,tool_catalog_search,topo_fdeb50f24873,A
float,2,2,2,15,0.021,G_2call_linear_tool_catalog_02,gt_70da2107b403,linear,17,unknown,0.5,ttdf_612e10b789bc,pf_10971e40729c,train300,distractor_confusion,tool_catalog_search,topo_fdeb50f24873,G
int,6+,6,6,3,0.0,A_6pcall_linear_long_horizon_00,gt_8ad5589a1db9,linear,9,unknown,0.5,ttdf_a4c6ec0562d9,pf_f4c2c720f23c,train300,premature_stop,long_horizon_planning,topo_02b29308ce2b,A
float,5,5,5,4,0.035,G_5call_linear_long_horizon_00,gt_a9d7c8a8e6f8,linear,9,unknown,0.444444,ttdf_4a3fc5debb9d,pf_c7c985aa3347,train300,premature_stop,long_horizon_planning,topo_d228dd6db98a,G
float,3,3,2,8,0.0263,G_3call_fan_in_variable_pla_00,gt_322b5979bec6,fan_in,11,unknown,0.4,ttdf_2bc38c9c4e20,pf_a813b1a5d0b7,train300,too_few_calls,variable_planning,topo_911586a55488,G
float,2,2,2,8,0.0146,G_2call_linear_continuation_01,gt_475bbf724df0,linear,10,unknown,0.5,ttdf_5ab1d2b6b663,pf_a80c40d7b433,train300,wrong_second_tool_after_correct_prefix,continuation_after_observation,topo_fdeb50f24873,G
float,4,4,3,6,0.0554,A_4call_fan_in_variable_pla_00,gt_54146c19f33f,fan_in,10,unknown,0.428571,ttdf_688d7095b683,pf_186ef9ccd631,train300,too_few_calls,variable_planning,topo_5b37b75596d2,A
float,3,3,2,9,0.013,A_3call_fan_in_variable_pla_00,gt_3b4ee6d4b07f,fan_in,12,unknown,0.333333,ttdf_1248c57efcc6,pf_9b4680a2c7fc,train300,too_few_calls,variable_planning,topo_911586a55488,A
float,4,4,3,8,0.0233,A_4call_fan_in_variable_pla_00,gt_2799dce402a8,fan_in,12,unknown,0.5,ttdf_a22ec997fe59,pf_62f0380c853c,train300,too_few_calls,variable_planning,topo_5b37b75596d2,A
float,2,2,2,16,0.0226,G_2call_linear_tool_catalog_02,gt_593776dcf098,linear,18,unknown,0.142857,ttdf_319508cf581c,pf_57af375a057f,train300,distractor_confusion,tool_catalog_search,topo_fdeb50f24873,G
float,2,2,2,10,0.007,A_2call_linear_continuation_04,gt_84f219ac023d,linear,12,unknown,0.25,ttdf_dafc1b2ddacc,pf_7efa03c14e51,train300,wrong_second_tool_after_correct_prefix,continuation_after_observation,topo_fdeb50f24873,A
float,4,4,3,8,0.0219,A_4call_fan_in_variable_pla_00,gt_da6557979dd3,fan_in,12,unknown,0.5,ttdf_8d8527bbdc03,pf_728b138f1df6,train300,too_few_calls,variable_planning,topo_5b37b75596d2,A
float,4,4,3,6,0.0292,A_4call_fan_in_variable_pla_00,gt_f5d221a34d32,fan_in,10,unknown,0.428571,ttdf_57b10ed8cf78,pf_8dfb4b5f1883,train300,too_few_calls,variable_planning,topo_30980484d6d7,A
float,2,2,2,15,0.0093,A_2call_linear_tool_catalog_02,gt_84f219ac023d,linear,17,unknown,0.333333,ttdf_b0341ac4c9aa,pf_ebb70873f9f5,train300,distractor_confusion,tool_catalog_search,topo_fdeb50f24873,A
numeric_string,2,2,2,6,0.0262,A_2call_linear_continuation_03,gt_4089c427c015,linear,8,unknown,0.333333,ttdf_17d9120659cf,pf_cbf4f6ae6cf6,train300,numeric_string_confusion,argument_typing,topo_fdeb50f24873,A
float,2,2,2,7,0.0,G_2call_linear_continuation_03,gt_593776dcf098,linear,9,unknown,0.2,ttdf_005efca1844f,pf_0b9fc137be37,train300,wrong_second_tool_after_correct_prefix,continuation_after_observation,topo_fdeb50f24873,G
list,2,2,2,6,0.0146,A_2call_linear_continuation_00,gt_97fd5ddcb041,linear,8,unknown,0.2,ttdf_8b058331392f,pf_d43b6d2acce1,train300,wrong_second_tool_after_correct_prefix,continuation_after_observation,topo_fdeb50f24873,A
float,3,3,2,8,0.0255,A_3call_fan_in_variable_pla_00,gt_cb9ed77a2f5f,fan_in,11,unknown,0.4,ttdf_b04dd3250bb1,pf_b03bb79e4acd,train300,too_few_calls,variable_planning,topo_911586a55488,A
list,3,3,3,5,0.0175,A_3call_linear_variable_pla_00,gt_600bab68eaed,linear,8,unknown,0.25,ttdf_f4e3251080e5,pf_530340d54ef6,train300,too_few_calls,variable_planning,topo_1c8dbe1830b2,A
int,6+,6,6,3,0.0622,A_6pcall_linear_long_horizon_00,gt_3ed5d7ce794c,linear,9,unknown,0.5,ttdf_d2a895e12a22,pf_0f169ba16e6d,train300,premature_stop,long_horizon_planning,topo_02b29308ce2b,A
list,2,2,2,7,0.01,A_2call_linear_continuation_00,gt_e768280f9cac,linear,9,unknown,0.125,ttdf_b0e1313215db,pf_3bd2a3978127,train300,wrong_second_tool_after_correct_prefix,continuation_after_observation,topo_fdeb50f24873,A
float,3,3,2,9,0.0,G_3call_fan_in_variable_pla_00,gt_cb9ed77a2f5f,fan_in,12,unknown,0.4,ttdf_5f2eb8ec39ec,pf_481a060b3ede,train300,too_few_calls,variable_planning,topo_911586a55488,G
float,6+,7,4,2,0.105,A_6pcall_fan_in_tool_catalog_02,gt_bc75e07ff79e,fan_in,9,unknown,0.545455,ttdf_106079237341,pf_4b2960f4c21a,train300,distractor_confusion,tool_catalog_search,topo_63f405a71afa,A
float,2,2,2,7,0.0,G_2call_linear_continuation_00,gt_593776dcf098,linear,9,unknown,0.166667,ttdf_30604a02a4a5,pf_4858a83424db,train300,wrong_second_tool_after_correct_prefix,continuation_after_observation,topo_fdeb50f24873,G
float,6+,6,5,3,0.0292,A_6pcall_fan_in_tool_catalog_02,gt_ec5116668aea,fan_in,9,unknown,0.5,ttdf_044a60c4e27e,pf_05e6e7d40c40,train300,distractor_confusion,tool_catalog_search,topo_33e36888cf10,A
float,6+,7,6,6,0.0575,G_6pcall_fan_in_tool_catalog_01,gt_9ee4a92449f7,fan_in,13,unknown,0.461538,ttdf_05d62bcf105b,pf_ab9bdfdddb24,train300,distractor_confusion,tool_catalog_search,topo_4a07cdfdb909,G
float,4,4,2,13,0.0494,A_4call_branch_aggregate_tool_catalog_00,gt_e1062e5e3248,branch_aggregate,17,unknown,0.428571,ttdf_9608810991a9,pf_b59fe7404644,train300,distractor_confusion,tool_catalog_search,topo_64b2717a77dd,A
list,3,3,3,6,0.0583,A_3call_linear_variable_pla_00,gt_55ebfde00b33,linear,9,unknown,0.25,ttdf_9236b2118b75,pf_d2bbd13093ce,train300,too_few_calls,variable_planning,topo_1c8dbe1830b2,A
float,5,5,4,6,0.0583,G_5call_fan_in_long_horizon_00,gt_177facfea7bf,fan_in,11,unknown,0.4,ttdf_388100fe8a5d,pf_8af51546ef2f,train300,premature_stop,long_horizon_planning,topo_2b041b861492,G
float,5,5,3,13,0.0246,A_5call_branch_aggregate_tool_catalog_00,gt_82f6ee147d76,branch_aggregate,18,unknown,0.5,ttdf_04b00af46982,pf_387874b44a8e,train300,distractor_confusion,tool_catalog_search,topo_926c72bac680,A
float,2,2,2,8,0.0,G_2call_linear_continuation_04,gt_593776dcf098,linear,10,unknown,0.142857,ttdf_8255f00ac007,pf_4fecf69d4aac,train300,wrong_second_tool_after_correct_prefix,continuation_after_observation,topo_fdeb50f24873,G
float,6+,6,6,2,0.0729,G_6pcall_linear_long_horizon_00,gt_ce0083ec1ff6,linear,8,unknown,0.454545,ttdf_1774ca010efd,pf_1881be770c34,train300,premature_stop,long_horizon_planning,topo_02b29308ce2b,G
float,6+,6,4,5,0.0525,G_6pcall_fan_in_long_horizon_00,gt_16d5c8fda571,fan_in,11,unknown,0.555556,ttdf_5c1811f269c9,pf_9df79eae7032,train300,premature_stop,long_horizon_planning,topo_2b9a65f092bb,G
float,6+,8,6,7,0.0285,G_6pcall_fan_in_tool_catalog_01,gt_f940a4d041d6,fan_in,15,unknown,0.5,ttdf_00e8c3231e5f,pf_ba936827704d,train300,distractor_confusion,tool_catalog_search,topo_ace9c53050f0,G
int,6+,8,4,8,0.0298,G_6pcall_branch_aggregate_tool_catalog_00,gt_722ed022b7d0,branch_aggregate,16,unknown,0.4375,ttdf_4e2a3eb7132f,pf_1669eefd9206,train300,distractor_confusion,tool_catalog_search,topo_d4b4ab44315e,G
float,4,4,4,4,0.0394,A_4call_linear_variable_pla_00,gt_3a59d56ad239,linear,8,unknown,0.5,ttdf_7259ee23f0ab,pf_f505d68c6946,train300,too_few_calls,variable_planning,topo_5296967693d8,A
float,3,3,2,7,0.0,G_3call_fan_in_variable_pla_00,gt_cb9ed77a2f5f,fan_in,10,unknown,0.4,ttdf_345e33c16f78,pf_13621c038edf,train300,too_few_calls,variable_planning,topo_911586a55488,G
list,3,3,3,6,0.0729,A_3call_linear_variable_pla_00,gt_55ebfde00b33,linear,9,unknown,0.25,ttdf_102b350308ae,pf_de7667e6cd32,train300,too_few_calls,variable_planning,topo_1c8dbe1830b2,A
float,3,3,2,9,0.0,G_3call_fan_in_variable_pla_00,gt_3b4ee6d4b07f,fan_in,12,unknown,0.333333,ttdf_2345b4ed0bee,pf_db965588d310,train300,too_few_calls,variable_planning,topo_911586a55488,G
float,2,2,2,12,0.0097,G_2call_linear_tool_catalog_02,gt_593776dcf098,linear,14,unknown,0.142857,ttdf_ba79321fa94d,pf_233be85665d2,train300,distractor_confusion,tool_catalog_search,topo_fdeb50f24873,G
float,3,3,2,13,0.035,A_3call_fan_in_tool_catalog_01,gt_3b4ee6d4b07f,fan_in,16,unknown,0.333333,ttdf_3f37a8742f19,pf_1297c37b1ccc,train300,distractor_confusion,tool_catalog_search,topo_911586a55488,A
string,4,4,3,7,0.02,G_4call_fan_in_variable_pla_00,gt_1ae4a196c464,fan_in,11,unknown,0.5,ttdf_e4e89fb61074,pf_7a53b5c3ddf4,train300,too_few_calls,variable_planning,topo_bd3dd51ec1a9,G
float,4,4,2,12,0.0486,A_4call_branch_aggregate_tool_catalog_00,gt_8be148919345,branch_aggregate,16,unknown,0.375,ttdf_688d7dfd53e2,pf_16bfd96e88f8,train300,distractor_confusion,tool_catalog_search,topo_64b2717a77dd,A
float,2,2,2,13,0.018,G_2call_linear_tool_catalog_02,gt_84f219ac023d,linear,15,unknown,0.333333,ttdf_2537c818df85,pf_df73cfe89da3,train300,distractor_confusion,tool_catalog_search,topo_fdeb50f24873,G
float,2,2,2,12,0.0097,G_2call_linear_tool_catalog_02,gt_84f219ac023d,linear,14,unknown,0.333333,ttdf_73a95eb94f13,pf_ed76b80021cb,train300,distractor_confusion,tool_catalog_search,topo_fdeb50f24873,G
float,2,2,2,7,0.0,G_2call_linear_continuation_03,gt_593776dcf098,linear,9,unknown,0.166667,ttdf_ad5b49a1c4ab,pf_1ff0a775ed52,train300,wrong_second_tool_after_correct_prefix,continuation_after_observation,topo_fdeb50f24873,G
float,5,5,3,10,0.0525,A_5call_branch_aggregate_tool_catalog_00,gt_338bec07a2b7,branch_aggregate,15,unknown,0.4,ttdf_f5291abb4df5,pf_eefba2b80139,train300,distractor_confusion,tool_catalog_search,topo_926c72bac680,A
float,2,2,2,8,0.0744,A_2call_linear_continuation_04,gt_593776dcf098,linear,10,unknown,0.142857,ttdf_167a725e87ee,pf_1644388f7bca,train300,wrong_second_tool_after_correct_prefix,continuation_after_observation,topo_fdeb50f24873,A
float,4,4,4,5,0.0233,A_4call_linear_variable_pla_00,gt_e7394a0072bd,linear,9,unknown,0.428571,ttdf_29a5374ffa1c,pf_62ea7afb57d0,train300,too_few_calls,variable_planning,topo_5296967693d8,A
float,2,2,2,6,0.0,G_2call_linear_continuation_00,gt_475bbf724df0,linear,8,unknown,0.5,ttdf_532d50f0732d,pf_f4d5446a2056,train300,wrong_second_tool_after_correct_prefix,continuation_after_observation,topo_fdeb50f24873,G
float,5,5,5,3,0.0875,A_5call_linear_long_horizon_00,gt_db9416c6f45d,linear,8,unknown,0.444444,ttdf_f21e2b3a1df3,pf_588640f6051e,train300,premature_stop,long_horizon_planning,topo_d228dd6db98a,A
float,6+,7,5,8,0.062,A_6pcall_fan_in_tool_catalog_01,gt_8409c5e0df67,fan_in,15,unknown,0.5,ttdf_ed4a7e43fad4,pf_f2e9d4219be1,train300,distractor_confusion,tool_catalog_search,topo_ca6030f187be,A
float,5,5,5,4,0.035,A_5call_linear_long_horizon_00,gt_c5bfc7bb801b,linear,9,unknown,0.5,ttdf_9be7c6634296,pf_0c70d4173c55,train300,premature_stop,long_horizon_planning,topo_d228dd6db98a,A
float,4,4,4,5,0.0749,G_4call_linear_variable_pla_00,gt_0ec1fa9b3f3f,linear,9,unknown,0.5,ttdf_4b8a1b98da61,pf_39e295cf88a0,train300,too_few_calls,variable_planning,topo_5296967693d8,G
float,6+,8,5,1,0.0622,A_6pcall_fan_in_tool_catalog_02,gt_84951d6fd2f3,fan_in,9,unknown,0.583333,ttdf_35d84caa80a4,pf_d659c7a90178,train300,distractor_confusion,tool_catalog_search,topo_c39b8213eda5,A
float,6+,8,7,6,0.0486,A_6pcall_fan_in_tool_catalog_01,gt_4435b33b9bdf,fan_in,14,unknown,0.538462,ttdf_bfbb9cf450ca,pf_6a72121aed9f,train300,distractor_confusion,tool_catalog_search,topo_4769cc1ff8df,A
float,3,3,2,8,0.0,G_3call_fan_in_variable_pla_00,gt_cb9ed77a2f5f,fan_in,11,unknown,0.4,ttdf_8f88fd432c9f,pf_19e1f0495d40,train300,too_few_calls,variable_planning,topo_911586a55488,G
float,2,2,2,7,0.0,G_2call_linear_continuation_03,gt_84f219ac023d,linear,9,unknown,0.333333,ttdf_73596c9703cc,pf_a477cde89abf,train300,wrong_second_tool_after_correct_prefix,continuation_after_observation,topo_fdeb50f24873,G
float,2,2,2,13,0.009,G_2call_linear_tool_catalog_02,gt_29243c224d3b,linear,15,unknown,0.333333,ttdf_598754ab0b49,pf_1c4548bf16ce,train300,distractor_confusion,tool_catalog_search,topo_fdeb50f24873,G
float,4,4,2,14,0.0479,A_4call_branch_aggregate_tool_catalog_00,gt_0f64be964c9f,branch_aggregate,18,unknown,0.375,ttdf_8c4efd16cc6a,pf_a847108e0245,train300,distractor_confusion,tool_catalog_search,topo_64b2717a77dd,A
bool,2,2,2,10,0.0333,A_2call_linear_continuation_01,gt_dfaf3c6d7b7a,linear,12,unknown,0.25,ttdf_272ce16153d2,pf_f83c3a3e3337,train300,wrong_second_tool_after_correct_prefix,continuation_after_observation,topo_fdeb50f24873,A
float,4,4,2,13,0.0592,G_4call_branch_aggregate_tool_catalog_00,gt_0f64be964c9f,branch_aggregate,17,unknown,0.375,ttdf_adabb13832c4,pf_79d76b902df9,train300,distractor_confusion,tool_catalog_search,topo_64b2717a77dd,G
int,6+,6,4,10,0.0548,G_6pcall_branch_aggregate_tool_catalog_00,gt_d8adfdfa9f35,branch_aggregate,16,unknown,0.416667,ttdf_2416d321d9dc,pf_0f9e19302864,train300,distractor_confusion,tool_catalog_search,topo_8c144cdbfcfb,G
list,3,3,3,6,0.0437,A_3call_linear_variable_pla_00,gt_63efcb8f904f,linear,9,unknown,0.2,ttdf_2b7b2e5311b5,pf_b54a564136ab,train300,too_few_calls,variable_planning,topo_1c8dbe1830b2,A
float,6+,7,5,9,0.0648,A_6pcall_fan_in_tool_catalog_01,gt_affbdab3e455,fan_in,16,unknown,0.428571,ttdf_8db5901e0f81,pf_5a141f26cfab,train300,distractor_confusion,tool_catalog_search,topo_9e01698159b0,A
float,4,4,4,5,0.0262,A_4call_linear_variable_pla_00,gt_0ec1fa9b3f3f,linear,9,unknown,0.5,ttdf_c4f4e5696839,pf_6c465751ff4d,train300,too_few_calls,variable_planning,topo_5296967693d8,A
float,3,3,3,6,0.0311,G_3call_linear_variable_pla_00,gt_48d5f1140e3f,linear,9,unknown,0.4,ttdf_3e34cd422236,pf_1c87c7145b93,train300,too_few_calls,variable_planning,topo_1c8dbe1830b2,G
float,5,5,5,4,0.0,G_5call_linear_long_horizon_00,gt_02fae4e2b33c,linear,9,unknown,0.5,ttdf_babe92909820,pf_fb69c0c00a50,train300,premature_stop,long_horizon_planning,topo_d228dd6db98a,G
float,6+,6,5,10,0.049,A_6pcall_fan_in_tool_catalog_01,gt_cdd052be4b31,fan_in,16,unknown,0.454545,ttdf_42d2995a6f40,pf_50fa65a854ed,train300,distractor_confusion,tool_catalog_search,topo_926312b15db7,A
float,2,2,2,6,0.0117,G_2call_linear_continuation_00,gt_29243c224d3b,linear,8,unknown,0.333333,ttdf_1ae468c27d05,pf_795781443517,train300,wrong_second_tool_after_correct_prefix,continuation_after_observation,topo_fdeb50f24873,G
float,2,2,2,9,0.0,A_2call_linear_continuation_04,gt_84f219ac023d,linear,11,unknown,0.333333,ttdf_deae1f887c12,pf_fdaaa5e043d8,train300,wrong_second_tool_after_correct_prefix,continuation_after_observation,topo_fdeb50f24873,A
float,3,3,2,7,0.0417,A_3call_fan_in_variable_pla_00,gt_cb9ed77a2f5f,fan_in,10,unknown,0.4,ttdf_1900644b6130,pf_72c74bf3add6,train300,too_few_calls,variable_planning,topo_911586a55488,A
float,6+,8,6,1,0.1108,A_6pcall_fan_in_tool_catalog_02,gt_edccb8ca3501,fan_in,9,unknown,0.466667,ttdf_0544aaee4722,pf_4e61f7fef5cb,train300,distractor_confusion,tool_catalog_search,topo_e1b2f19eddb9,A
float,6+,6,6,2,0.0583,G_6pcall_linear_long_horizon_00,gt_f7e96fb69e94,linear,8,unknown,0.5,ttdf_976c382204d3,pf_a8a87e17f6c7,train300,premature_stop,long_horizon_planning,topo_02b29308ce2b,G
string,4,4,3,7,0.0,G_4call_fan_in_variable_pla_00,gt_1ae4a196c464,fan_in,11,unknown,0.5,ttdf_f6b2887c6919,pf_0a357e5fd7a4,train300,too_few_calls,variable_planning,topo_bd3dd51ec1a9,G
float,2,2,2,16,0.0073,A_2call_linear_tool_catalog_05,gt_475bbf724df0,linear,18,unknown,0.5,ttdf_1ed80d92835f,pf_bb0260f5c5cf,train300,distractor_confusion,tool_catalog_search,topo_fdeb50f24873,A
float,6+,7,3,11,0.043,A_6pcall_branch_aggregate_tool_catalog_00,gt_e7e13435516f,branch_aggregate,18,unknown,0.461538,ttdf_7f5e25dcaf3a,pf_2f1d99b2ff27,train300,distractor_confusion,tool_catalog_search,topo_b53a306e6f0b,A
float,2,2,2,11,0.0106,G_2call_linear_tool_catalog_02,gt_593776dcf098,linear,13,unknown,0.2,ttdf_4b355213991f,pf_7161217c9f81,train300,distractor_confusion,tool_catalog_search,topo_fdeb50f24873,G
string,4,4,3,7,0.0167,G_4call_fan_in_variable_pla_00,gt_957ea48c2342,fan_in,11,unknown,0.5,ttdf_4258c552ac5e,pf_cab11465300b,train300,too_few_calls,variable_planning,topo_bd3dd51ec1a9,G
float,5,5,5,3,0.0583,A_5call_linear_long_horizon_00,gt_31d075fc0592,linear,8,unknown,0.5,ttdf_0be5b6cb75ae,pf_2e532656c735,train300,premature_stop,long_horizon_planning,topo_d228dd6db98a,A
float,6+,7,7,3,0.0583,G_6pcall_linear_long_horizon_00,gt_25b831c94c1f,linear,10,unknown,0.428571,ttdf_71260bf92acb,pf_c10bf5bbb79e,train300,premature_stop,long_horizon_planning,topo_47316b07929b,G
float,6+,7,4,4,0.0,G_6pcall_fan_in_long_horizon_00,gt_d68cf4ea7aec,fan_in,11,unknown,0.461538,ttdf_45c1968f9754,pf_08c4606df034,train300,premature_stop,long_horizon_planning,topo_63f405a71afa,G
float,4,4,2,9,0.035,G_4call_branch_aggregate_tool_catalog_00,gt_8be148919345,branch_aggregate,13,unknown,0.375,ttdf_8209223201ed,pf_39024646aef6,train300,distractor_confusion,tool_catalog_search,topo_64b2717a77dd,G
float,6+,7,4,8,0.0159,G_6pcall_fan_in_tool_catalog_01,gt_a05c1f7f0639,fan_in,15,unknown,0.428571,ttdf_5808df6fd315,pf_a35c109ba231,train300,distractor_confusion,tool_catalog_search,topo_63f405a71afa,G
string,5,5,4,7,0.01,A_5call_fan_in_long_horizon_00,gt_90872a8d2737,fan_in,12,unknown,0.4,ttdf_2e4c515a13ac,pf_1b881c5d1507,train300,premature_stop,long_horizon_planning,topo_7279e5f4b24a,A
float,2,2,2,9,0.0,G_2call_linear_continuation_04,gt_84f219ac023d,linear,11,unknown,0.25,ttdf_042a02215c83,pf_7efa03c14e51,train300,wrong_second_tool_after_correct_prefix,continuation_after_observation,topo_fdeb50f24873,G
numeric_string,2,2,2,7,0.0,A_2call_linear_continuation_03,gt_622753e34781,linear,9,unknown,0.25,ttdf_043985a8ce1c,pf_645dfcb088f9,train300,numeric_string_confusion,argument_typing,topo_fdeb50f24873,A
float,6+,6,6,3,0.0389,G_6pcall_linear_long_horizon_00,gt_f8cf53b0e471,linear,9,unknown,0.5,ttdf_4dd3d4ca918b,pf_3afbef12472e,train300,premature_stop,long_horizon_planning,topo_02b29308ce2b,G
float,3,3,2,8,0.0421,A_3call_fan_in_variable_pla_00,gt_3b4ee6d4b07f,fan_in,11,unknown,0.333333,ttdf_942dab9f4ab7,pf_a52df7ae8ca0,train300,too_few_calls,variable_planning,topo_911586a55488,A
bool,2,2,2,10,0.0333,A_2call_linear_continuation_01,gt_c3d71141b1a5,linear,12,unknown,0.333333,ttdf_89a5963f242c,pf_222c33ffdffe,train300,wrong_second_tool_after_correct_prefix,continuation_after_observation,topo_fdeb50f24873,A
float,6+,7,5,5,0.0117,G_6pcall_fan_in_long_horizon_00,gt_891d011d638e,fan_in,12,unknown,0.545455,ttdf_8a92590fcafb,pf_5af63d025ceb,train300,premature_stop,long_horizon_planning,topo_ca6030f187be,G
float,4,4,2,10,0.049,A_4call_branch_aggregate_tool_catalog_00,gt_0f64be964c9f,branch_aggregate,14,unknown,0.375,ttdf_a6da9c250e6d,pf_da02814703f5,train300,distractor_confusion,tool_catalog_search,topo_64b2717a77dd,A
float,4,4,4,4,0.1021,A_4call_linear_variable_pla_00,gt_e748a9824b25,linear,8,unknown,0.375,ttdf_2f4bbfee307c,pf_06a9c0b4ad27,train300,too_few_calls,variable_planning,topo_5296967693d8,A
int,6+,6,4,12,0.035,G_6pcall_branch_aggregate_tool_catalog_00,gt_0d861d282a24,branch_aggregate,18,unknown,0.454545,ttdf_1f0b826e72d8,pf_be52081e2618,train300,distractor_confusion,tool_catalog_search,topo_8c144cdbfcfb,G
string,5,5,4,7,0.0225,A_5call_fan_in_long_horizon_00,gt_e4373431b601,fan_in,12,unknown,0.4,ttdf_bc49970de090,pf_4cd78526da67,train300,premature_stop,long_horizon_planning,topo_0c51481d8aeb,A
string,4,4,3,6,0.0817,G_4call_fan_in_variable_pla_00,gt_957ea48c2342,fan_in,10,unknown,0.5,ttdf_2c2b2a75f3d9,pf_fec56902af3f,train300,too_few_calls,variable_planning,topo_bd3dd51ec1a9,G
string,5,5,4,5,0.0408,A_5call_fan_in_long_horizon_00,gt_69e1c4a0e8d7,fan_in,10,unknown,0.444444,ttdf_389d3366f389,pf_2b95f2c44a4e,train300,premature_stop,long_horizon_planning,topo_0c51481d8aeb,A
float,5,5,4,7,0.08,G_5call_fan_in_long_horizon_00,gt_e6e01657f4b6,fan_in,12,unknown,0.5,ttdf_8e8f45395b58,pf_2e40b804ba07,train300,premature_stop,long_horizon_planning,topo_774030263969,G
numeric_string,2,2,2,7,0.025,A_2call_linear_continuation_03,gt_622753e34781,linear,9,unknown,0.25,ttdf_5fcd314270c9,pf_8d746d77aa29,train300,numeric_string_confusion,argument_typing,topo_fdeb50f24873,A
float,2,2,2,13,0.009,G_2call_linear_tool_catalog_02,gt_29243c224d3b,linear,15,unknown,0.333333,ttdf_74caba03ffa6,pf_eb0c96f6acaf,train300,distractor_confusion,tool_catalog_search,topo_fdeb50f24873,G
numeric_string,2,2,2,7,0.0542,A_2call_linear_continuation_03,gt_622753e34781,linear,9,unknown,0.25,ttdf_0e23839e393f,pf_fd0ee31cadbc,train300,numeric_string_confusion,argument_typing,topo_fdeb50f24873,A
float,2,2,2,12,0.0,G_2call_linear_tool_catalog_02,gt_29243c224d3b,linear,14,unknown,0.333333,ttdf_9817de938d54,pf_0e81e6b3e922,train300,distractor_confusion,tool_catalog_search,topo_fdeb50f24873,G
numeric_string,2,2,2,6,0.0525,A_2call_linear_continuation_03,gt_0dd1f0c06b09,linear,8,unknown,0.125,ttdf_d03e5a45636d,pf_52ac3e6482e5,train300,numeric_string_confusion,argument_typing,topo_fdeb50f24873,A
float,6+,6,5,8,0.0227,A_6pcall_fan_in_tool_catalog_01,gt_fd0428fd1246,fan_in,14,unknown,0.5,ttdf_fb2e22ddad48,pf_2672ef435854,train300,distractor_confusion,tool_catalog_search,topo_926312b15db7,A
float,6+,8,5,3,0.0,G_6pcall_fan_in_long_horizon_00,gt_55970c9cd142,fan_in,11,unknown,0.4375,ttdf_57df8d8c5bcb,pf_b76c3e17fce2,train300,premature_stop,long_horizon_planning,topo_c39b8213eda5,G
numeric_string,2,2,2,7,0.035,A_2call_linear_continuation_03,gt_622753e34781,linear,9,unknown,0.25,ttdf_57c581bfb890,pf_4fe247854ef2,train300,numeric_string_confusion,argument_typing,topo_fdeb50f24873,A
float,6+,6,5,3,0.0292,A_6pcall_fan_in_tool_catalog_02,gt_1d33df436acf,fan_in,9,unknown,0.454545,ttdf_5180cb2f6371,pf_32d96b86974b,train300,distractor_confusion,tool_catalog_search,topo_926312b15db7,A
float,4,4,3,7,0.0417,A_4call_fan_in_variable_pla_00,gt_f5d221a34d32,fan_in,11,unknown,0.428571,ttdf_a2107b27b9f6,pf_812e702d0caa,train300,too_few_calls,variable_planning,topo_30980484d6d7,A
float,3,3,2,9,0.0156,A_3call_fan_in_variable_pla_00,gt_3b4ee6d4b07f,fan_in,12,unknown,0.333333,ttdf_286cc86ff982,pf_160bd522f03f,train300,too_few_calls,variable_planning,topo_911586a55488,A
int,6+,8,8,2,0.0583,A_6pcall_linear_long_horizon_00,gt_cb8739cc63f0,linear,10,unknown,0.466667,ttdf_3fbf368af327,pf_46546c25a6ac,train300,premature_stop,long_horizon_planning,topo_ff8ead63c33b,A
float,2,2,2,15,0.0093,G_2call_linear_tool_catalog_02,gt_29243c224d3b,linear,17,unknown,0.333333,ttdf_7966a158a707,pf_72d57095cbd5,train300,distractor_confusion,tool_catalog_search,topo_fdeb50f24873,G
float,6+,8,5,8,0.0263,A_6pcall_fan_in_tool_catalog_01,gt_d03f33079625,fan_in,16,unknown,0.5,ttdf_30a35ee0f7b0,pf_c27ca275291f,train300,distractor_confusion,tool_catalog_search,topo_bf579ac7c4b1,A
float,3,3,2,7,0.0,,,fan_in,10,na,0.333333,000b6bed-2a29-4199-a359-0e107922a1ff,,diagnostic,,,topo_911586a55488,diagnostic
str,2,2,2,17,0.0,,,linear,19,na,0.166667,01e1c208-31dc-4ae6-89ae-da9efb73c7e3,,diagnostic,,,topo_fdeb50f24873,diagnostic
float,5,5,5,5,0.0,,,linear,10,na,0.4,0214b225-23ae-4a8f-bb93-8fbaec94831c,,diagnostic,,,topo_d228dd6db98a,diagnostic
int,2,2,2,11,0.0,,,linear,13,na,0.333333,0219f9a1-ced9-4e6d-9b99-1570e1178b66,,diagnostic,,,topo_fdeb50f24873,diagnostic
float,4,4,3,5,0.0,,,fan_in,9,na,0.375,037ab7a7-2503-4a04-9bde-f2d81c184790,,diagnostic,,,topo_30980484d6d7,diagnostic
float,2,2,2,8,0.0,,,linear,10,na,0.25,038f3d86-b97b-49e6-b878-1b80c73fb744,,diagnostic,,,topo_fdeb50f24873,diagnostic
float,2,2,2,8,0.0,,,linear,10,na,0.25,047fb639-ca36-4a73-9407-507b8c3b4c5d,,diagnostic,,,topo_fdeb50f24873,diagnostic
float,3,3,2,7,0.0,,,fan_in,10,na,0.333333,04bd68f8-3e77-4cda-b43f-c42616d95d33,,diagnostic,,,topo_911586a55488,diagnostic
float,6+,7,5,3,0.0,,,fan_in,10,na,0.428571,04d81d58-98bf-4665-87aa-6eed765ce6f0,,diagnostic,,,topo_619388d6c582,diagnostic
float,2,2,2,7,0.0,,,linear,9,na,0.25,05b1bdbd-de3f-4773-b867-990b6006aef2,,diagnostic,,,topo_fdeb50f24873,diagnostic
float,4,4,4,5,0.0,,,linear,9,na,0.375,05ec87ae-0659-42c3-82e8-a0645c4a70df,,diagnostic,,,topo_5296967693d8,diagnostic
bool,2,2,2,11,0.0,,,linear,13,na,0.25,06706b83-4657-4e2c-b372-af1d826f1b6e,,diagnostic,,,topo_fdeb50f24873,diagnostic
float,6+,36,10,0,0.0,,,fan_in,10,na,0.486111,07df2ad6-7ac0-4c6a-b79a-0b02782d0235,,diagnostic,,,topo_94b2ebdeffae,diagnostic
float,5,5,4,4,0.0,,,fan_in,9,na,0.4,081ad64a-4bb8-4a0c-b2df-c21b7bc8cc35,,diagnostic,,,topo_2b041b861492,diagnostic
str,2,2,2,14,0.0036,,,linear,16,na,0.142857,091b5d2a-206a-4ac4-81df-754ec6393b92,,diagnostic,,,topo_fdeb50f24873,diagnostic
float,5,5,4,3,0.0,,,fan_in,8,na,0.4,0a126d0d-6cfc-4370-b0e1-765cae294529,,diagnostic,,,topo_0c51481d8aeb,diagnostic
float,4,4,3,6,0.0,,,fan_in,10,na,0.375,0a78c579-29ef-4c96-918c-e8df417194dc,,diagnostic,,,topo_bd3dd51ec1a9,diagnostic
float,4,4,3,6,0.0,,,fan_in,10,na,0.375,0af2696a-9970-4e55-ad31-57e14ca65f20,,diagnostic,,,topo_30980484d6d7,diagnostic
float,3,3,3,7,0.0,,,linear,10,na,0.333333,0b84b61f-8ee3-443f-a2f6-120462682951,,diagnostic,,,topo_1c8dbe1830b2,diagnostic
float,4,4,4,6,0.0,,,linear,10,na,0.375,0b8c39be-fcda-4d8c-b2d9-710a48d8d955,,diagnostic,,,topo_5296967693d8,diagnostic
float,5,5,4,5,0.0,,,fan_in,10,na,0.571429,0baca5f1-6810-42b0-a9b4-051f76316bf1,,diagnostic,,,topo_7279e5f4b24a,diagnostic
list,2,2,2,11,0.0143,,,linear,13,na,0.142857,0bb06ff9-8b0e-4eba-ae38-7dbab0ccc741,,diagnostic,,,topo_fdeb50f24873,diagnostic
float,2,2,2,8,0.0,,,linear,10,na,0.25,0c3f5a6d-1aec-4d52-9310-c0e0ab651fef,,diagnostic,,,topo_fdeb50f24873,diagnostic
float,2,2,2,8,0.0,,,linear,10,na,0.25,0c5881b2-9556-42dd-8922-00d35a26becd,,diagnostic,,,topo_fdeb50f24873,diagnostic
str,2,2,2,13,0.0054,,,linear,15,na,0.333333,0cea3214-8bbb-443a-943e-de9038f8b5f9,,diagnostic,,,topo_fdeb50f24873,diagnostic
str,2,2,2,11,0.008,,,linear,13,na,0.333333,0d77d7ab-46ff-419f-882f-a34511651f6a,,diagnostic,,,topo_fdeb50f24873,diagnostic
float,4,4,3,6,0.0,,,fan_in,10,na,0.375,0e370f74-67af-4218-a65f-8f39d4562c48,,diagnostic,,,topo_bd3dd51ec1a9,diagnostic
float,6+,11,5,0,0.0,,,fan_in,9,na,0.454545,0edcb8a5-990e-4830-b55e-f920ac2ec474,,diagnostic,,,topo_dd4701abf20a,diagnostic
float,3,3,3,5,0.0,,,linear,8,na,0.333333,0ef8ad41-e5ac-47dc-bc73-3ff7e647aa7e,,diagnostic,,,topo_1c8dbe1830b2,diagnostic
int,2,2,2,15,0.0,,,linear,17,na,0.5,0f0a365f-d57e-4682-891b-b43b9d244d33,,diagnostic,,,topo_fdeb50f24873,diagnostic
float,4,4,4,6,0.0,,,linear,10,na,0.375,0f1d3aca-4e40-45a9-b1e8-9ef76e1e1cd2,,diagnostic,,,topo_5296967693d8,diagnostic
float,5,5,3,6,0.0,,,fan_in,11,na,0.4,0f4234c1-7508-46d2-85b3-6f659be4a9e5,,diagnostic,,,topo_5dc2042eea23,diagnostic
float,5,5,4,3,0.0,,,fan_in,8,na,0.4,0fcd0f80-2059-4e14-ba8f-04a89cb13ec8,,diagnostic,,,topo_774030263969,diagnostic
float,3,3,3,7,0.0,,,linear,10,na,0.333333,100cb8c9-03ec-428f-ad0c-75e2fc296aaa,,diagnostic,,,topo_1c8dbe1830b2,diagnostic
float,3,3,2,7,0.0,,,fan_in,10,na,0.333333,10994d45-1097-43fa-965c-6cbdd1f7a2a0,,diagnostic,,,topo_911586a55488,diagnostic
float,4,4,3,6,0.0,,,fan_in,10,na,0.375,115e0164-7c78-42bc-9fd9-9ef06892325b,,diagnostic,,,topo_5b37b75596d2,diagnostic
float,6+,19,7,0,0.0,,,fan_in,10,na,0.473684,1163aa42-d931-4ae3-a9af-3800e1200319,,diagnostic,,,topo_15e3d1d41487,diagnostic
float,6+,6,4,3,0.0,,,fan_in,9,na,0.5,123ce206-69a4-4901-93c1-ec1089eb8660,,diagnostic,,,topo_37f1fc553f96,diagnostic
float,5,5,3,5,0.0,,,fan_in,10,na,0.4,127a6fdd-24ca-4bfb-841c-3e1d9605dc1e,,diagnostic,,,topo_5dc2042eea23,diagnostic
float,5,5,3,4,0.0,,,fan_in,9,na,0.4,12b16d2a-7804-4be3-b278-86320411678e,,diagnostic,,,topo_5dc2042eea23,diagnostic
float,6+,8,4,2,0.0,,,fan_in,10,na,0.4375,12dc2f74-7b39-4722-a840-bca49488c27e,,diagnostic,,,topo_2048dd2b78ee,diagnostic
float,3,3,2,7,0.0,,,fan_in,10,na,0.333333,1310e585-1996-4df5-93f4-9f0b5a0838fd,,diagnostic,,,topo_911586a55488,diagnostic
float,5,5,3,5,0.0,,,fan_in,10,na,0.4,139b3427-bcac-4e67-aa20-de8bd3ad996b,,diagnostic,,,topo_17d840e0415f,diagnostic
float,2,2,2,8,0.0,,,linear,10,na,0.25,13cbad3d-d768-4d4d-bfce-542b6af4c28c,,diagnostic,,,topo_fdeb50f24873,diagnostic
float,2,2,2,8,0.0,,,linear,10,na,0.25,141c02ac-0e10-4b84-8fee-d2c6d9878ff1,,diagnostic,,,topo_fdeb50f24873,diagnostic
float,4,4,3,6,0.0,,,fan_in,10,na,0.375,147ffda7-4f8d-49e7-b4d7-799e4e43d10a,,diagnostic,,,topo_bd3dd51ec1a9,diagnostic
list,2,2,2,15,0.0158,,,linear,17,na,0.2,14dcf34c-1e76-4163-ae1e-b5d073ab2e30,,diagnostic,,,topo_fdeb50f24873,diagnostic
float,4,4,3,6,0.0,,,fan_in,10,na,0.375,15475c99-4877-45c2-acb6-82b1b8fda842,,diagnostic,,,topo_bd3dd51ec1a9,diagnostic
float,5,5,4,5,0.0,,,fan_in,10,na,0.4,15c44ed2-3566-4319-b273-97c4c86fee73,,diagnostic,,,topo_774030263969,diagnostic
float,4,4,3,5,0.0,,,fan_in,9,na,0.428571,162bc9d2-4ec9-4bed-9e0b-4e9353dd8a93,,diagnostic,,,topo_bd3dd51ec1a9,diagnostic
float,5,5,4,7,0.01,,,fan_in,12,na,0.444444,168257a8-a944-4dbc-8ae6-9b183edb9018,,diagnostic,,,topo_7279e5f4b24a,diagnostic
float,6+,6,5,4,0.0,,,fan_in,10,na,0.416667,1687e9c2-fcd0-43f9-9cd4-ffbcdb497c48,,diagnostic,,,topo_6083e580bf00,diagnostic
float,2,2,2,8,0.0,,,linear,10,na,0.25,1717147f-edc7-419b-9f2d-5f7fd6e2314b,,diagnostic,,,topo_fdeb50f24873,diagnostic
float,5,5,5,6,0.0,,,linear,11,na,0.4,174a02ed-7ae5-4508-9754-d9408a886790,,diagnostic,,,topo_d228dd6db98a,diagnostic
float,5,5,3,5,0.0,,,fan_in,10,na,0.4,1810cf06-7295-4bcb-aafb-ae1e0b6244cf,,diagnostic,,,topo_17d840e0415f,diagnostic
float,6+,8,7,2,0.0,,,fan_in,10,na,0.4375,185a7140-1b85-41cf-bcf2-ae8025282e07,,diagnostic,,,topo_76993c3ca74e,diagnostic
str,2,2,2,16,0.0059,,,linear,18,na,0.125,18c1e7de-838f-402c-b0eb-92740963761e,,diagnostic,,,topo_fdeb50f24873,diagnostic
float,3,3,2,7,0.0,,,fan_in,10,na,0.333333,18f2119a-53e9-4e04-bd1a-2b88f2e68919,,diagnostic,,,topo_911586a55488,diagnostic
float,6+,9,5,0,0.0,,,fan_in,8,na,0.444444,19dd3e9b-c499-4369-a5ba-c81c8c76f165,,diagnostic,,,topo_48ee082e2dae,diagnostic
str,2,2,2,15,0.0619,,,linear,17,na,0.25,1a23d01d-1bf7-4680-bcfc-784c194f031c,,diagnostic,,,topo_fdeb50f24873,diagnostic
float,4,4,4,4,0.0,,,linear,8,na,0.375,1a95ac9a-3832-4f34-9b24-c5b7f210d666,,diagnostic,,,topo_5296967693d8,diagnostic
float,5,5,4,3,0.0,,,fan_in,8,na,0.4,1b676365-4461-4b1a-b034-1e3f7906cb26,,diagnostic,,,topo_7279e5f4b24a,diagnostic
float,3,3,2,6,0.0,,,fan_in,9,na,0.333333,1c055a2e-5491-46d7-aa89-b52d6c44c2d4,,diagnostic,,,topo_911586a55488,diagnostic
str,2,2,2,12,0.0165,,,linear,14,na,1.0,1c5f421d-82a1-41ee-82f1-44efc7f013ff,,diagnostic,,,topo_fdeb50f24873,diagnostic
float,4,4,3,5,0.0,,,fan_in,9,na,0.375,1d7544df-ed8c-43e9-abb0-f7bc6228e485,,diagnostic,,,topo_30980484d6d7,diagnostic
float,2,2,2,8,0.0,,,linear,10,na,0.25,1dcdbf2f-b7ae-4293-ba08-46491c9a32eb,,diagnostic,,,topo_fdeb50f24873,diagnostic
float,5,5,5,4,0.0,,,linear,9,na,0.4,1ddeac74-83ee-4119-9100-83133001b0f5,,diagnostic,,,topo_d228dd6db98a,diagnostic
float,5,5,3,5,0.0,,,fan_in,10,na,0.4,1ed76362-d447-432f-8693-6b77e9b03e61,,diagnostic,,,topo_52c12a6fa235,diagnostic
float,5,5,4,4,0.0,,,fan_in,9,na,0.4,1fdcc183-f3ca-49ca-b7d9-2a8466034136,,diagnostic,,,topo_7279e5f4b24a,diagnostic
float,5,5,4,5,0.0,,,fan_in,10,na,0.4,1ff34864-aaf4-45ad-9132-b96cc6de3c63,,diagnostic,,,topo_2b041b861492,diagnostic
float,5,5,4,5,0.0,,,fan_in,10,na,0.4,203ee03e-405f-4fed-9322-30d5b03a0364,,diagnostic,,,topo_6011a58939eb,diagnostic
float,4,4,3,4,0.0,,,fan_in,8,na,0.375,2074df88-ff97-47f7-824b-f0dea1f34aa8,,diagnostic,,,topo_5b37b75596d2,diagnostic
float,4,4,3,5,0.0,,,fan_in,9,na,0.375,2092563a-202f-4984-b18b-d971f42a0f6e,,diagnostic,,,topo_bd3dd51ec1a9,diagnostic
float,6+,8,4,2,0.0,,,fan_in,10,na,0.4375,2137514c-b124-42a1-a902-7b903792d2c7,,diagnostic,,,topo_d8766ac6f63e,diagnostic
list,2,2,2,15,0.0,,,linear,17,na,0.142857,2140a918-5ea0-4afb-bf9c-a6eaf5f74a1e,,diagnostic,,,topo_fdeb50f24873,diagnostic
float,4,4,4,6,0.0,,,linear,10,na,0.375,215a654f-549a-47c1-b1ce-772fc2910045,,diagnostic,,,topo_5296967693d8,diagnostic
float,3,3,3,5,0.0,,,linear,8,na,0.333333,21611a3d-1312-4ca5-a55d-53ac907b8b95,,diagnostic,,,topo_1c8dbe1830b2,diagnostic
list,2,2,2,16,0.0,,,linear,18,na,0.166667,21d13279-bf86-4ffe-92fd-c65f65389f43,,diagnostic,,,topo_fdeb50f24873,diagnostic
float,3,3,3,6,0.0,,,linear,9,na,0.333333,22040b6d-3b03-4762-a3bb-9688fac0fd97,,diagnostic,,,topo_1c8dbe1830b2,diagnostic
float,3,3,3,6,0.0,,,linear,9,na,0.333333,22e261c5-6873-4bf8-9ad4-59bb993bed31,,diagnostic,,,topo_1c8dbe1830b2,diagnostic
float,5,5,3,4,0.0,,,fan_in,9,na,0.4,236b5116-b02d-45f2-9a4e-18c83a35e11b,,diagnostic,,,topo_52c12a6fa235,diagnostic
float,4,4,3,6,0.0,,,fan_in,10,na,0.375,23fb2017-6788-4dc2-a28a-403c6b473adb,,diagnostic,,,topo_bd3dd51ec1a9,diagnostic
float,4,4,4,6,0.0,,,linear,10,na,0.375,24a1101f-819c-4ca7-a4e4-e7dee741c4f6,,diagnostic,,,topo_5296967693d8,diagnostic
str,2,2,2,16,0.0044,,,linear,18,na,0.25,24ae4dc9-6d14-426d-8a74-b148e2546e4d,,diagnostic,,,topo_fdeb50f24873,diagnostic
float,4,4,3,5,0.0,,,fan_in,9,na,0.375,25558ef9-4c6d-4de8-b3a4-a1f4bf6eb7b9,,diagnostic,,,topo_5b37b75596d2,diagnostic
float,3,3,3,6,0.0,,,linear,9,na,0.333333,25632e5c-db71-4cc7-a47b-b41c35a1d514,,diagnostic,,,topo_1c8dbe1830b2,diagnostic
float,4,4,4,6,0.0,,,linear,10,na,0.375,2570300a-af5a-4e4c-baa7-a5da634ac67c,,diagnostic,,,topo_5296967693d8,diagnostic
int,2,2,2,16,0.0088,,,linear,18,na,0.333333,266ec704-de4a-42a9-b0fe-5bded7b4ed40,,diagnostic,,,topo_fdeb50f24873,diagnostic
float,3,3,2,7,0.0,,,fan_in,10,na,0.333333,27468e82-a565-4ac8-861b-13a7170839e9,,diagnostic,,,topo_911586a55488,diagnostic
float,4,4,3,6,0.0,,,fan_in,10,na,0.375,2829663a-a30b-420d-a777-ba7c289924c8,,diagnostic,,,topo_bd3dd51ec1a9,diagnostic
float,6+,6,4,4,0.0,,,fan_in,10,na,0.416667,2866f717-aa3b-44b8-b672-a0593d2207a3,,diagnostic,,,topo_37f1fc553f96,diagnostic
float,4,4,3,6,0.0,,,fan_in,10,na,0.375,28cc5dca-3281-4afc-949b-f41784c210a4,,diagnostic,,,topo_bd3dd51ec1a9,diagnostic
float,2,2,2,8,0.0,,,linear,10,na,0.25,2a22dbc6-0db5-454d-9f51-08ae20dc6d47,,diagnostic,,,topo_fdeb50f24873,diagnostic
float,4,4,3,6,0.0,,,fan_in,10,na,0.428571,2b2c1931-a5c2-44a9-8283-08a4067256c2,,diagnostic,,,topo_bd3dd51ec1a9,diagnostic
float,5,5,3,2,0.0,,,fan_in,7,na,0.4,2b51319c-9997-4760-9111-50cec120c41c,,diagnostic,,,topo_52c12a6fa235,diagnostic
float,4,4,3,7,0.0,,,fan_in,11,na,0.375,2b820d2a-4e43-433b-939c-69e6e8719c57,,diagnostic,,,topo_30980484d6d7,diagnostic
str,2,2,2,18,0.0076,,,linear,20,na,0.333333,2b837d55-e28b-4101-aba9-0f5bb4a2bfdf,,diagnostic,,,topo_fdeb50f24873,diagnostic
int,2,2,2,16,0.0036,,,linear,18,na,0.142857,2bb28af9-3cd9-4287-bfe3-c43b74cc6675,,diagnostic,,,topo_fdeb50f24873,diagnostic
float,4,4,3,5,0.0,,,fan_in,9,na,0.375,2c4dad3c-1c93-456b-a172-846d887fe793,,diagnostic,,,topo_5b37b75596d2,diagnostic
float,3,3,3,7,0.0,,,linear,10,na,0.333333,2c787f80-62fe-4cd5-8205-930bb711b22a,,diagnostic,,,topo_1c8dbe1830b2,diagnostic
float,3,3,2,7,0.0,,,fan_in,10,na,0.333333,2d151251-59a4-4470-a5ce-2b961771cce9,,diagnostic,,,topo_911586a55488,diagnostic
float,5,5,4,5,0.0,,,fan_in,10,na,0.4,2d87c2a9-119e-4dca-a137-bad72526368e,,diagnostic,,,topo_0c51481d8aeb,diagnostic
float,5,5,4,5,0.0,,,fan_in,10,na,0.4,2de63c8e-4a0e-418c-a608-998e6157ba44,,diagnostic,,,topo_6011a58939eb,diagnostic
float,3,3,3,7,0.0,,,linear,10,na,0.333333,2e458b03-c3d8-4794-8fc6-25f505ecbdc1,,diagnostic,,,topo_1c8dbe1830b2,diagnostic
float,6+,53,10,0,0.0,,,fan_in,10,na,0.490566,2e70b1d4-a123-4c7a-b4a7-3e31ac5cb464,,diagnostic,,,topo_d03a09e50cd7,diagnostic
float,5,5,4,5,0.0,,,fan_in,10,na,0.4,2e76a708-23a4-4091-bbd5-1ac893b3f389,,diagnostic,,,topo_774030263969,diagnostic
float,6+,8,4,1,0.0,,,fan_in,9,na,0.4375,2effd81d-6cc7-4291-a06f-ad803a993312,,diagnostic,,,topo_86dba62bb2ea,diagnostic
float,6+,12,6,0,0.0,,,fan_in,9,na,0.458333,2fda8d65-cacf-41a7-ac58-3f96be3fdc8b,,diagnostic,,,topo_a4f44e275b70,diagnostic
float,6+,15,8,0,0.0,,,fan_in,7,na,0.466667,30559c69-6370-4eb4-82e8-724968e008b3,,diagnostic,,,topo_9c6659eccfdc,diagnostic
float,2,2,2,12,0.0333,,,linear,14,na,0.166667,309caad0-09b3-4ebf-8ea8-2456d45ec64c,,diagnostic,,,topo_fdeb50f24873,diagnostic
float,4,4,3,4,0.0,,,fan_in,8,na,0.375,3129f9c0-c62b-4e2e-a3a5-11e8398b8403,,diagnostic,,,topo_5b37b75596d2,diagnostic
list,3,3,2,11,0.004,,,mixed,14,na,0.076923,3171c089-3152-48db-90be-f576f555dfd6,,diagnostic,,,topo_5c49d2fff8bb,diagnostic
float,4,4,4,5,0.0,,,linear,9,na,0.375,320629df-4548-4c22-984d-6ca08f47f331,,diagnostic,,,topo_5296967693d8,diagnostic
float,5,5,4,6,0.0,,,fan_in,11,na,0.4,32881593-1d74-40fd-9d4e-9ea812030a17,,diagnostic,,,topo_0c51481d8aeb,diagnostic
float,5,5,5,4,0.0,,,linear,9,na,0.4,335daef0-edbe-4bb7-ae22-e68e0d60c81d,,diagnostic,,,topo_d228dd6db98a,diagnostic
float,4,4,4,6,0.0,,,linear,10,na,0.375,338fc6ec-f0b9-4659-8fad-cffa199b9b14,,diagnostic,,,topo_5296967693d8,diagnostic
float,5,5,4,6,0.0,,,fan_in,11,na,0.4,35adf4ad-dada-47dd-8c92-1af9100d6a8a,,diagnostic,,,topo_774030263969,diagnostic
float,4,4,4,5,0.0,,,linear,9,na,0.375,35fc7be7-e78c-4c96-9cf6-a78a9b542ffe,,diagnostic,,,topo_5296967693d8,diagnostic
float,2,2,2,9,0.0,,,linear,11,na,0.25,368861a1-8382-4f9e-8574-1f9d7ad05f3e,,diagnostic,,,topo_fdeb50f24873,diagnostic
float,6+,8,6,2,0.0,,,fan_in,10,na,0.4375,36ac0316-5e89-40e1-b85a-3dfc02daf78e,,diagnostic,,,topo_ace9c53050f0,diagnostic
float,4,4,3,5,0.0,,,fan_in,9,na,0.375,36ba10c3-3023-4b26-b449-84787b535d77,,diagnostic,,,topo_30980484d6d7,diagnostic
float,4,4,3,5,0.0,,,fan_in,9,na,0.375,370cba6c-f86f-4d80-a269-2c26578acd1a,,diagnostic,,,topo_5b37b75596d2,diagnostic
float,2,2,2,7,0.0,,,linear,9,na,0.25,383d4437-b8f5-42dc-b2f9-ccb05d1c595d,,diagnostic,,,topo_fdeb50f24873,diagnostic
float,3,3,3,6,0.0,,,linear,9,na,0.333333,38e7c22f-c209-4f49-8bbd-08bc3cb08203,,diagnostic,,,topo_1c8dbe1830b2,diagnostic
float,3,3,3,7,0.0,,,linear,10,na,0.333333,3a4b7b77-f0a1-4537-8623-432023f545bb,,diagnostic,,,topo_1c8dbe1830b2,diagnostic
float,4,4,4,5,0.0,,,linear,9,na,0.375,3b98a2de-9a2c-46d8-8a0a-3bdb46a33559,,diagnostic,,,topo_5296967693d8,diagnostic
float,3,3,3,6,0.0,,,linear,9,na,0.333333,3baf684d-f14a-4696-b90f-0191b1df884b,,diagnostic,,,topo_1c8dbe1830b2,diagnostic
list,2,2,2,16,0.0,,,linear,18,na,0.1,3ca6bc7f-564f-40d0-ac57-c818298f26d5,,diagnostic,,,topo_fdeb50f24873,diagnostic
float,4,4,3,6,0.0,,,fan_in,10,na,0.375,3ccc5de6-a0ef-4ef2-90b5-bd9bbf562ec1,,diagnostic,,,topo_30980484d6d7,diagnostic
float,4,4,3,5,0.0,,,fan_in,9,na,0.375,3dc09ed5-bf3e-4aaf-827b-597690c8b7c5,,diagnostic,,,topo_bd3dd51ec1a9,diagnostic
float,4,4,3,6,0.0,,,fan_in,10,na,0.375,3df11343-0943-44cd-9caa-7191dea7d6be,,diagnostic,,,topo_5b37b75596d2,diagnostic
float,6+,6,4,5,0.0,,,fan_in,11,na,0.625,3e23d38f-95ac-4ec8-842e-f7ab9f1be7d0,,diagnostic,,,topo_37f1fc553f96,diagnostic
float,4,4,3,6,0.0,,,fan_in,10,na,0.375,3e45d5f1-f141-4cec-b2a5-a53cd05ddb0c,,diagnostic,,,topo_bd3dd51ec1a9,diagnostic
float,6+,8,5,2,0.0,,,fan_in,10,na,0.4375,3ef15f18-9bfb-404e-9fca-fe7b88f5e633,,diagnostic,,,topo_c39b8213eda5,diagnostic
float,5,5,4,4,0.0,,,fan_in,9,na,0.4,3f2bc63d-be93-4575-8013-1eb180ddfbb5,,diagnostic,,,topo_774030263969,diagnostic
float,3,3,2,6,0.0,,,fan_in,9,na,0.333333,3f50ec13-757f-4270-80cd-1fd2b0b1b89d,,diagnostic,,,topo_911586a55488,diagnostic
float,2,2,2,8,0.0,,,linear,10,na,0.25,3f5153aa-ea03-4045-94b3-523fd229373f,,diagnostic,,,topo_fdeb50f24873,diagnostic
float,5,5,4,4,0.0,,,fan_in,9,na,0.4,3f62db24-5089-4f1c-a461-837f1498207a,,diagnostic,,,topo_0c51481d8aeb,diagnostic
float,2,2,2,16,0.0,,,linear,18,na,0.333333,3fbf0c1d-ef09-4354-a9e0-207deb35c439,,diagnostic,,,topo_fdeb50f24873,diagnostic
float,3,3,3,7,0.0,,,linear,10,na,0.333333,406d0c79-b87a-4a04-885d-81ac834107e9,,diagnostic,,,topo_1c8dbe1830b2,diagnostic
float,6+,8,7,2,0.0,,,fan_in,10,na,0.4375,4181facd-49ba-4f9d-8ced-f01adcdd8782,,diagnostic,,,topo_596ff8eb2493,diagnostic
float,3,3,2,7,0.0,,,fan_in,10,na,0.333333,41b60c1c-6d88-4a34-9242-2aacf2837738,,diagnostic,,,topo_911586a55488,diagnostic
float,5,5,5,5,0.0,,,linear,10,na,0.4,42143b4c-1a3d-4f30-a3a6-c5e10facc1fe,,diagnostic,,,topo_d228dd6db98a,diagnostic
float,3,3,3,7,0.0,,,linear,10,na,0.333333,42c97dd0-2684-4c6a-a6cb-91c85788531d,,diagnostic,,,topo_1c8dbe1830b2,diagnostic
float,3,3,3,6,0.0,,,linear,9,na,0.333333,43928d2f-402c-46bd-9e94-2994f3163b69,,diagnostic,,,topo_1c8dbe1830b2,diagnostic
float,4,4,3,6,0.0,,,fan_in,10,na,0.375,449a8672-1f24-4e89-9e8d-70661d89a8eb,,diagnostic,,,topo_bd3dd51ec1a9,diagnostic
float,5,5,4,5,0.0,,,fan_in,10,na,0.444444,44fa9fda-8603-41e1-94ae-67ba830613cf,,diagnostic,,,topo_6011a58939eb,diagnostic
float,2,2,2,16,0.0031,,,linear,18,na,0.142857,4511ccb4-e31c-4cc8-b585-04dda07d21cf,,diagnostic,,,topo_fdeb50f24873,diagnostic
float,3,3,3,6,0.0,,,linear,9,na,0.333333,453e02e3-d928-41c4-b059-9b6aee990044,,diagnostic,,,topo_1c8dbe1830b2,diagnostic
float,2,2,2,8,0.0,,,linear,10,na,0.25,47342c39-7c8d-4583-8135-cfd39372a0ff,,diagnostic,,,topo_fdeb50f24873,diagnostic
float,4,4,3,6,0.0,,,fan_in,10,na,0.375,47c68fdc-38e9-492e-b5f2-118a3d68088b,,diagnostic,,,topo_5b37b75596d2,diagnostic
float,4,4,4,6,0.0,,,linear,10,na,0.375,47fbefed-c16e-4a5c-a88a-ac17e2d5c863,,diagnostic,,,topo_5296967693d8,diagnostic
float,5,5,4,4,0.0,,,fan_in,9,na,0.4,4812e166-3663-4ebe-9671-daa88afb4e1d,,diagnostic,,,topo_0c51481d8aeb,diagnostic
float,4,4,3,5,0.0,,,fan_in,9,na,0.375,4a6b0fd5-d75b-47c0-8130-ff584963f6c4,,diagnostic,,,topo_30980484d6d7,diagnostic
float,5,5,4,3,0.0,,,fan_in,8,na,0.4,4a6ee89a-2122-4e68-81d0-a52608c90f25,,diagnostic,,,topo_0c51481d8aeb,diagnostic
float,4,4,3,5,0.0,,,fan_in,9,na,0.375,4b17cac8-6e1c-479c-9f0c-541a50964d92,,diagnostic,,,topo_30980484d6d7,diagnostic
float,4,4,3,6,0.0,,,fan_in,10,na,0.375,4b54ac08-7d24-4d16-b63d-c4d07aaccd80,,diagnostic,,,topo_5b37b75596d2,diagnostic
float,6+,20,8,0,0.0,,,fan_in,9,na,0.542857,4b755960-987b-447a-a680-dbcd6c465ed5,,diagnostic,,,topo_3c002cc9f59b,diagnostic
float,3,3,3,6,0.0,,,linear,9,na,0.333333,4c733cb3-3e30-46f4-9570-225aabee657f,,diagnostic,,,topo_1c8dbe1830b2,diagnostic
float,6+,13,7,0,0.0,,,fan_in,9,na,0.461538,4e462942-5adc-44e4-9771-749e1759751a,,diagnostic,,,topo_db1e543362bf,diagnostic
float,5,5,4,3,0.0,,,fan_in,8,na,0.4,4f7d0836-34fa-4d6d-8956-3bd8d62dc577,,diagnostic,,,topo_6011a58939eb,diagnostic
str,2,2,2,16,0.0063,,,linear,18,na,0.076923,50b9c98d-fcb8-43bb-ae56-e6b61d607f7c,,diagnostic,,,topo_fdeb50f24873,diagnostic
float,6+,8,5,2,0.0,,,fan_in,10,na,0.4375,51cbe578-e2fa-447e-8352-3ee8990283f3,,diagnostic,,,topo_c39b8213eda5,diagnostic
float,4,4,3,6,0.0,,,fan_in,10,na,0.428571,52136fd0-87d3-4086-968b-fa7b8523c333,,diagnostic,,,topo_bd3dd51ec1a9,diagnostic
float,5,5,3,6,0.0,,,fan_in,11,na,0.444444,522157eb-3858-46ea-9052-f0b2e73bf024,,diagnostic,,,topo_17d840e0415f,diagnostic
int,2,2,2,15,0.0058,,,linear,17,na,0.25,52373c4f-e3e9-49cc-ada0-260f70efa0d3,,diagnostic,,,topo_fdeb50f24873,diagnostic
float,5,5,3,5,0.0,,,fan_in,10,na,0.4,527e54a6-fd36-4274-b93c-a57e88c04eb6,,diagnostic,,,topo_52c12a6fa235,diagnostic
float,4,4,3,5,0.0,,,fan_in,9,na,0.375,52f03f10-d69f-4d1b-bae6-961f4f39d975,,diagnostic,,,topo_5b37b75596d2,diagnostic
float,5,5,3,4,0.0,,,fan_in,9,na,0.4,53276548-b18e-49cc-aac4-30ba51dfba76,,diagnostic,,,topo_17d840e0415f,diagnostic
float,3,3,2,6,0.0,,,fan_in,9,na,0.333333,535072fe-c1ab-4eda-adbf-feeb2bf4d808,,diagnostic,,,topo_911586a55488,diagnostic
float,2,2,2,12,0.0,,,linear,14,na,0.5,537aefe1-0523-46ff-a08c-e6657a622fa5,,diagnostic,,,topo_fdeb50f24873,diagnostic
bool,2,2,2,15,0.0,,,linear,17,na,0.25,53a4529b-b5be-4be5-9daf-fdb735bea3eb,,diagnostic,,,topo_fdeb50f24873,diagnostic
float,6+,6,4,2,0.0,,,fan_in,8,na,0.416667,53be30fe-7e4c-4ff3-ac84-f26073bbe1d2,,diagnostic,,,topo_2b9a65f092bb,diagnostic
float,2,2,2,8,0.0,,,linear,10,na,0.25,5467bbb8-42c8-4997-b46f-5bf9bbc96f76,,diagnostic,,,topo_fdeb50f24873,diagnostic
float,5,5,4,4,0.0,,,fan_in,9,na,0.4,55927c49-9d82-41ca-8402-4272bac69678,,diagnostic,,,topo_0c51481d8aeb,diagnostic
float,4,4,3,6,0.0,,,fan_in,10,na,0.375,56a1c574-6d93-4367-a3df-128fecbda809,,diagnostic,,,topo_30980484d6d7,diagnostic
float,4,4,3,5,0.0,,,fan_in,9,na,0.375,56ae2af3-97e8-47a4-8510-7a3af9dd3177,,diagnostic,,,topo_30980484d6d7,diagnostic
str,2,2,2,17,0.027,,,linear,19,na,0.5,577a4547-9566-49d5-a1f9-8ec7720aa38a,,diagnostic,,,topo_fdeb50f24873,diagnostic
float,4,4,4,6,0.0,,,linear,10,na,0.375,5830f67e-aed1-4252-a279-f107ab8d15bb,,diagnostic,,,topo_5296967693d8,diagnostic
float,3,3,2,5,0.0,,,fan_in,8,na,0.333333,58f0da42-f029-4773-86a1-dc7548859054,,diagnostic,,,topo_911586a55488,diagnostic
int,2,2,2,14,0.0092,,,linear,16,na,0.333333,59212b7c-319b-47b5-b45c-2e375e846970,,diagnostic,,,topo_fdeb50f24873,diagnostic
int,3,3,2,15,0.016,,,mixed,18,na,0.090909,5bbe0356-c4f3-40f1-ba56-bbf37156213a,,diagnostic,,,topo_c654e84914a1,diagnostic
list,2,2,2,15,0.0156,,,linear,17,na,0.5,5c1b3296-9e7c-4627-acb3-13704d18bd95,,diagnostic,,,topo_fdeb50f24873,diagnostic
float,4,4,4,6,0.0,,,linear,10,na,0.375,5cca94f3-e9c1-41b2-8119-20c0ddbee477,,diagnostic,,,topo_5296967693d8,diagnostic
float,6+,6,6,4,0.0,,,linear,10,na,0.454545,5da516a1-715a-4249-9f59-3b3d30e1b82d,,diagnostic,,,topo_02b29308ce2b,diagnostic
float,4,4,4,6,0.0,,,linear,10,na,0.375,5ece6f80-a4fb-48a9-95cd-8c8c2a49ab08,,diagnostic,,,topo_5296967693d8,diagnostic
float,5,5,3,4,0.0,,,fan_in,9,na,0.4,5f2689b9-c33d-4981-bb29-c52e7b2ce153,,diagnostic,,,topo_52c12a6fa235,diagnostic
str,3,3,2,14,0.0062,,,mixed,17,na,0.2,5fa7ff50-c123-4abc-be8a-6113e3dfafa7,,diagnostic,,,topo_5651f3cf682e,diagnostic
float,3,3,2,7,0.0,,,fan_in,10,na,0.333333,600a9f10-9c69-4fa2-803a-c43737d4e42d,,diagnostic,,,topo_911586a55488,diagnostic
float,6+,7,4,3,0.0,,,fan_in,10,na,0.428571,603b4a8b-a4dc-4b16-bb35-ab167c6c45c7,,diagnostic,,,topo_63f405a71afa,diagnostic
float,6+,6,5,3,0.0,,,fan_in,9,na,0.416667,60b0664f-1f02-4484-9101-def1ca77fd1a,,diagnostic,,,topo_274cced67f83,diagnostic
float,3,3,3,7,0.0,,,linear,10,na,0.333333,61cbd84c-a854-43b2-a962-3ed64fa2bea5,,diagnostic,,,topo_1c8dbe1830b2,diagnostic
list,2,2,2,17,0.0,,,linear,19,na,0.333333,61fc2914-10f0-405d-af90-8e5cbe65909a,,diagnostic,,,topo_fdeb50f24873,diagnostic
list,2,2,2,16,0.0,,,linear,18,na,0.083333,620e82cc-c653-4faf-953b-510000552cd0,,diagnostic,,,topo_fdeb50f24873,diagnostic
float,5,5,4,4,0.0,,,fan_in,9,na,0.4,623b1c5a-4ee6-4845-9f6f-d41129369bcc,,diagnostic,,,topo_6011a58939eb,diagnostic
bool,2,2,2,13,0.0038,,,linear,15,na,0.333333,62ab7c42-6aad-4d9c-9012-eb52fb01a82b,,diagnostic,,,topo_fdeb50f24873,diagnostic
float,2,2,2,16,0.0036,,,linear,18,na,0.090909,63854dc5-cf6e-40bd-94e9-f4f930165cb7,,diagnostic,,,topo_fdeb50f24873,diagnostic
str,2,2,2,15,0.0197,,,linear,17,na,0.333333,63a86d01-04f7-43e6-a8c9-e8ac53331b71,,diagnostic,,,topo_fdeb50f24873,diagnostic
float,6+,6,4,3,0.0,,,fan_in,9,na,0.416667,63decc75-1337-4064-a0f1-abd398d5985e,,diagnostic,,,topo_f5466e583fca,diagnostic
float,5,5,4,4,0.0,,,fan_in,9,na,0.4,65148711-a63a-4d3f-98f7-192c73c15ac1,,diagnostic,,,topo_774030263969,diagnostic
float,3,3,3,7,0.0,,,linear,10,na,0.333333,654ce42c-5be5-4e84-838a-38364d7ec723,,diagnostic,,,topo_1c8dbe1830b2,diagnostic
str,2,2,2,15,0.0058,,,linear,17,na,0.1,66312c55-87f2-4eb8-9ba2-f5158c1db300,,diagnostic,,,topo_fdeb50f24873,diagnostic
float,5,5,4,4,0.0,,,fan_in,9,na,0.4,664a9ab5-d49e-4c80-9ce8-0b867ef97777,,diagnostic,,,topo_774030263969,diagnostic
float,4,4,3,6,0.0,,,fan_in,10,na,0.375,665f96da-1bc5-4429-bc38-58046cdfd1c2,,diagnostic,,,topo_30980484d6d7,diagnostic
float,3,3,3,7,0.0,,,linear,10,na,0.333333,6661b550-224b-4330-9109-59404e7b811a,,diagnostic,,,topo_1c8dbe1830b2,diagnostic
float,5,5,4,5,0.0,,,fan_in,10,na,0.4,6895651a-8731-47bc-bef3-42a4944392c9,,diagnostic,,,topo_6011a58939eb,diagnostic
float,6+,8,5,2,0.0,,,fan_in,10,na,0.4375,68bb325d-be6c-4a56-a70b-be023b8f068b,,diagnostic,,,topo_549e2ec96bd6,diagnostic
float,5,5,4,5,0.0,,,fan_in,10,na,0.444444,69bacfb5-3461-450d-bee0-3311e75bf7aa,,diagnostic,,,topo_6011a58939eb,diagnostic
float,3,3,3,6,0.0,,,linear,9,na,0.333333,6a001923-6ece-46ae-9e4e-ae2308bad269,,diagnostic,,,topo_1c8dbe1830b2,diagnostic
float,6+,8,7,0,0.0,,,fan_in,8,na,0.4375,6a069715-af16-4353-b530-2c68b1045702,,diagnostic,,,topo_3d776f83e4a8,diagnostic
float,5,5,4,5,0.0,,,fan_in,10,na,0.4,6a42f278-ce39-4b47-ae02-60f80782c2c6,,diagnostic,,,topo_2b041b861492,diagnostic
float,6+,25,12,0,0.0,,,fan_in,10,na,0.48,6a580394-2cd8-4a80-bac8-d81c88244059,,diagnostic,,,topo_91a9e4f44c24,diagnostic
list,2,2,2,11,0.0045,,,linear,13,na,0.333333,6a8f3121-3467-477e-9f28-26b4632178cc,,diagnostic,,,topo_fdeb50f24873,diagnostic
float,4,4,3,5,0.0,,,fan_in,9,na,0.375,6accc733-a657-438c-97a2-d9b11b97edb8,,diagnostic,,,topo_bd3dd51ec1a9,diagnostic
float,6+,20,8,0,0.0,,,fan_in,10,na,0.558824,6b3f28d1-703c-4a21-b432-d84505bf42f1,,diagnostic,,,topo_adbf88b7e219,diagnostic
float,5,5,3,5,0.0,,,fan_in,10,na,0.4,6b6884c6-f22a-4f7a-8fc4-73036ab9a0c3,,diagnostic,,,topo_17d840e0415f,diagnostic
list,2,2,2,13,0.0308,,,linear,15,na,0.333333,6b6c601e-23fc-49f8-ad28-e62718aa3852,,diagnostic,,,topo_fdeb50f24873,diagnostic
float,5,5,3,5,0.0,,,fan_in,10,na,0.4,6bcc90ed-8253-46d4-86a6-ebc1c8550f7a,,diagnostic,,,topo_5dc2042eea23,diagnostic
float,3,3,3,7,0.0,,,linear,10,na,0.333333,6c0d717a-af97-47db-ad9d-45255f829e0d,,diagnostic,,,topo_1c8dbe1830b2,diagnostic
float,4,4,3,4,0.0,,,fan_in,8,na,0.428571,6c5bf32e-9b63-4950-a348-72e08943a6d5,,diagnostic,,,topo_bd3dd51ec1a9,diagnostic
float,6+,6,5,4,0.0,,,fan_in,10,na,0.416667,6c668a48-30d8-46ba-a9ac-8e0c58f9d9f0,,diagnostic,,,topo_864e6cf733bb,diagnostic
float,4,4,3,5,0.0,,,fan_in,9,na,0.375,6d2f296f-b21b-4c5d-9a0c-1a4bb82df7bc,,diagnostic,,,topo_5b37b75596d2,diagnostic
float,2,2,2,8,0.0,,,linear,10,na,0.25,6dc00645-b34d-4f6b-a00e-046b14a8ece5,,diagnostic,,,topo_fdeb50f24873,diagnostic
str,2,2,2,12,0.0097,,,linear,14,na,0.5,6e091b41-13a2-4a4a-b4d9-105cf1b9ef85,,diagnostic,,,topo_fdeb50f24873,diagnostic
float,6+,10,5,0,0.0,,,fan_in,9,na,0.45,6e46d58b-4319-430e-b6ca-72689e56a189,,diagnostic,,,topo_606006e98bc2,diagnostic
float,6+,9,5,1,0.0,,,fan_in,10,na,0.444444,6e91a284-bb94-4086-85c0-179782989414,,diagnostic,,,topo_f2c32ff10fdc,diagnostic
float,4,4,3,6,0.0,,,fan_in,10,na,0.375,6ea6a1a9-f0e3-43ea-925a-4c627fce8951,,diagnostic,,,topo_bd3dd51ec1a9,diagnostic
float,5,5,3,5,0.0,,,fan_in,10,na,0.4,6fb9747f-205d-4057-98a9-bebfa690d3fe,,diagnostic,,,topo_17d840e0415f,diagnostic
float,5,5,3,5,0.0,,,fan_in,10,na,0.4,702881c1-d5ba-4b90-aa65-8a17d9a3a5a6,,diagnostic,,,topo_52c12a6fa235,diagnostic
float,2,2,2,8,0.0,,,linear,10,na,0.25,71425aa1-18ff-4f04-a644-a91a2052e572,,diagnostic,,,topo_fdeb50f24873,diagnostic
float,3,3,3,7,0.0,,,linear,10,na,0.333333,714d3faf-b9d9-42a7-95b5-610d47e43332,,diagnostic,,,topo_1c8dbe1830b2,diagnostic
float,6+,6,4,2,0.0,,,fan_in,8,na,0.416667,71d06959-7b76-48fb-906f-16f634884bf2,,diagnostic,,,topo_2b9a65f092bb,diagnostic
float,4,4,3,6,0.0,,,fan_in,10,na,0.375,73456b3f-d04d-4746-ae18-622952722f11,,diagnostic,,,topo_30980484d6d7,diagnostic
float,4,4,3,4,0.0,,,fan_in,8,na,0.375,73d62322-04e8-4039-866f-787dc05fda19,,diagnostic,,,topo_5b37b75596d2,diagnostic
float,5,5,4,4,0.0,,,fan_in,9,na,0.4,746c4d4f-e28a-483b-a0d7-b63e766dc071,,diagnostic,,,topo_0c51481d8aeb,diagnostic
float,3,3,3,7,0.0,,,linear,10,na,0.333333,76446ae7-0565-4df5-bff6-bddcaf386d0f,,diagnostic,,,topo_1c8dbe1830b2,diagnostic
float,2,2,2,7,0.0,,,linear,9,na,0.25,766a4d29-1adf-4c1b-ae0b-bda50257dfb3,,diagnostic,,,topo_fdeb50f24873,diagnostic
float,6+,13,6,0,0.0,,,fan_in,10,na,0.461538,767452b7-f09a-4ccc-ab2d-674c207f7a5e,,diagnostic,,,topo_c373e6561341,diagnostic
float,3,3,3,6,0.0,,,linear,9,na,0.333333,77a1ae43-b83e-4a6c-81a6-fa95a2cc6d1a,,diagnostic,,,topo_1c8dbe1830b2,diagnostic
str,3,3,2,11,0.0,,,mixed,14,na,0.083333,77bb5969-f300-4f68-99d4-179bcd9ba304,,diagnostic,,,topo_5c49d2fff8bb,diagnostic
float,5,5,4,3,0.0,,,fan_in,8,na,0.4,79548961-64d6-432c-aac2-5846fd124032,,diagnostic,,,topo_7279e5f4b24a,diagnostic
float,3,3,2,7,0.0,,,fan_in,10,na,0.333333,79f31629-56a4-4e40-8a4d-c1619abcda9b,,diagnostic,,,topo_911586a55488,diagnostic
float,5,5,4,6,0.0,,,fan_in,11,na,0.4,7a8717da-4b2a-4cc4-86a8-c03bfeab7c6c,,diagnostic,,,topo_774030263969,diagnostic
float,5,5,4,4,0.0,,,fan_in,9,na,0.4,7b7f782d-2389-49ad-b393-3367a22a8bcd,,diagnostic,,,topo_0c51481d8aeb,diagnostic
float,2,2,2,9,0.0,,,linear,11,na,0.25,7baf91da-a05b-42ae-b79f-6b0b5ef45fb7,,diagnostic,,,topo_fdeb50f24873,diagnostic
float,3,3,3,6,0.0,,,linear,9,na,0.333333,7bdd0e4f-6c99-4f49-b9e8-2afc9546891b,,diagnostic,,,topo_1c8dbe1830b2,diagnostic
float,4,4,3,5,0.0,,,fan_in,9,na,0.375,7d0d1b23-f8ba-474b-84fd-e78eaaf967e2,,diagnostic,,,topo_5b37b75596d2,diagnostic
float,6+,6,4,4,0.0,,,fan_in,10,na,0.416667,7da0f6e7-2a24-4fa8-b48d-cc84cae3e578,,diagnostic,,,topo_37f1fc553f96,diagnostic
float,5,5,4,5,0.0,,,fan_in,10,na,0.4,7f38a354-d596-4f17-b24b-028e4c29b99b,,diagnostic,,,topo_774030263969,diagnostic
float,3,3,2,7,0.0,,,fan_in,10,na,0.333333,7f651bd9-4bf0-42ee-9102-106f475f86ed,,diagnostic,,,topo_911586a55488,diagnostic
float,4,4,4,6,0.0,,,linear,10,na,0.375,800b2e64-e7fb-43b5-a258-9e19828e1db1,,diagnostic,,,topo_5296967693d8,diagnostic
float,4,4,3,6,0.0,,,fan_in,10,na,0.375,80906cae-8547-47ad-863b-9db070fd41ae,,diagnostic,,,topo_bd3dd51ec1a9,diagnostic
str,3,3,3,15,0.0055,,,linear,18,na,0.666667,8298a332-f803-4f19-97d3-b0b12607538f,,diagnostic,,,topo_1c8dbe1830b2,diagnostic
list,2,2,2,17,0.0,,,linear,19,na,0.2,837f59f5-0d19-4246-993f-061525bd8d67,,diagnostic,,,topo_fdeb50f24873,diagnostic
float,6+,10,6,0,0.0,,,fan_in,9,na,0.45,83e87247-0e5d-4f60-a88f-8aa6069ce66c,,diagnostic,,,topo_c48b6a5162a2,diagnostic
float,4,4,3,4,0.0,,,fan_in,8,na,0.428571,844ce8e2-be74-4db0-8541-132f5bebeb1b,,diagnostic,,,topo_bd3dd51ec1a9,diagnostic
list,2,2,2,14,0.0571,,,linear,16,na,0.090909,84d4c1eb-d7c3-40c2-abda-780dded290ee,,diagnostic,,,topo_fdeb50f24873,diagnostic
float,6+,6,6,1,0.0,,,linear,7,na,0.416667,856f6b32-e3a3-42e7-adad-f6b3802a6772,,diagnostic,,,topo_02b29308ce2b,diagnostic
float,2,2,2,6,0.0,,,linear,8,na,0.25,85deb9a0-ca7b-440c-a975-553cc92ff009,,diagnostic,,,topo_fdeb50f24873,diagnostic
float,5,5,3,5,0.0,,,fan_in,10,na,0.4,85ee192d-9b18-47b8-8f8f-e99639042c19,,diagnostic,,,topo_52c12a6fa235,diagnostic
list,2,2,2,12,0.0,,,linear,14,na,0.166667,87282615-28ca-4fe6-bfd8-dc80f913307a,,diagnostic,,,topo_fdeb50f24873,diagnostic
float,6+,13,7,0,0.0,,,fan_in,10,na,0.5,87481cd4-e4d1-4eb7-ad02-0c29677ddb8c,,diagnostic,,,topo_2bf14060bc2a,diagnostic
float,4,4,3,5,0.0,,,fan_in,9,na,0.375,88659452-fa94-4511-b6c2-f44d1d792cfe,,diagnostic,,,topo_bd3dd51ec1a9,diagnostic
float,5,5,4,5,0.0,,,fan_in,10,na,0.4,887b6d7e-5fb5-4523-9b28-f7ab29cf7636,,diagnostic,,,topo_7279e5f4b24a,diagnostic
str,3,3,2,12,0.08,,,fan_in,15,na,0.25,88b88263-a647-4da2-9c9a-329970a6aa3a,,diagnostic,,,topo_911586a55488,diagnostic
float,5,5,3,5,0.0,,,fan_in,10,na,0.4,8917020a-8354-4100-8b7a-6c06c6428b57,,diagnostic,,,topo_5dc2042eea23,diagnostic
float,4,4,3,6,0.0,,,fan_in,10,na,0.375,894ae2ce-c653-4e07-9bc9-296ea3f12aef,,diagnostic,,,topo_bd3dd51ec1a9,diagnostic
float,3,3,3,7,0.0,,,linear,10,na,0.333333,8954bf4e-0de5-4497-8b91-09e6e039d6b6,,diagnostic,,,topo_1c8dbe1830b2,diagnostic
float,2,2,2,7,0.0,,,linear,9,na,0.25,8a74c126-ba35-450d-a992-1b2f69197bf4,,diagnostic,,,topo_fdeb50f24873,diagnostic
float,6+,18,6,0,0.0,,,fan_in,10,na,0.472222,8ab9d4d5-0011-4e49-85cb-ee24f852f350,,diagnostic,,,topo_a4503152b38a,diagnostic
float,6+,7,5,4,0.0194,,,fan_in,11,na,0.545455,8abb3f96-fd86-4948-b034-3a404caaf078,,diagnostic,,,topo_9a499ee71ea4,diagnostic
float,3,3,3,7,0.0,,,linear,10,na,0.333333,8b135424-72ba-47d7-818e-5d13b21334db,,diagnostic,,,topo_1c8dbe1830b2,diagnostic
float,6+,6,4,3,0.0,,,fan_in,9,na,0.416667,8b3a28e9-ba64-44cd-bfe2-d7094471b5d7,,diagnostic,,,topo_f5466e583fca,diagnostic
float,4,4,3,6,0.0,,,fan_in,10,na,0.375,8b77968f-aa3b-443c-a226-7a628b611fb1,,diagnostic,,,topo_bd3dd51ec1a9,diagnostic
float,5,5,3,5,0.0,,,fan_in,10,na,0.4,8d50fe89-d76a-4b2d-8e61-b805e25170a5,,diagnostic,,,topo_17d840e0415f,diagnostic
float,5,5,5,4,0.0,,,linear,9,na,0.4,8d963cd2-0004-45db-9312-d295f0367c1c,,diagnostic,,,topo_d228dd6db98a,diagnostic
bool,2,2,2,16,0.0073,,,linear,18,na,0.5,8de7580b-2f9f-4516-a3bd-4b5933ca1e2e,,diagnostic,,,topo_fdeb50f24873,diagnostic
float,5,5,4,4,0.0,,,fan_in,9,na,0.4,8ee1d3b2-4632-4455-b3b1-7a165383c55b,,diagnostic,,,topo_774030263969,diagnostic
float,5,5,3,4,0.0,,,fan_in,9,na,0.4,8f239e7b-b2e5-4165-8b67-9103c60d155b,,diagnostic,,,topo_17d840e0415f,diagnostic
float,5,5,3,4,0.0,,,fan_in,9,na,0.4,8f5235bc-6703-4af2-a441-ec906357889e,,diagnostic,,,topo_5dc2042eea23,diagnostic
float,4,4,3,5,0.0,,,fan_in,9,na,0.375,9169ba71-aeda-4b8f-99a4-c5772cf2efb8,,diagnostic,,,topo_bd3dd51ec1a9,diagnostic
float,6+,10,5,0,0.0,,,fan_in,9,na,0.45,916b2049-ac2d-4d32-b022-e9182f258024,,diagnostic,,,topo_b08dfd9f1e9d,diagnostic
float,4,4,3,6,0.0,,,fan_in,10,na,0.375,92366bd5-f065-4719-91a2-c44123746ce6,,diagnostic,,,topo_5b37b75596d2,diagnostic
str,2,2,2,16,0.0044,,,linear,18,na,0.166667,925e5a42-be49-45d0-ae48-9f76fbe1a0a2,,diagnostic,,,topo_fdeb50f24873,diagnostic
float,3,3,3,7,0.0,,,linear,10,na,0.333333,927a732c-c4df-4035-830a-e635368d29d7,,diagnostic,,,topo_1c8dbe1830b2,diagnostic
float,3,3,3,8,0.0,,,linear,11,na,0.333333,92b6a1d2-d0d7-4915-a3ea-9361f588979a,,diagnostic,,,topo_1c8dbe1830b2,diagnostic
float,4,4,3,6,0.0,,,fan_in,10,na,0.375,9305c8b4-aa65-4648-9332-329619fbbb48,,diagnostic,,,topo_30980484d6d7,diagnostic
bool,2,2,2,17,0.0051,,,linear,19,na,0.166667,93a99349-900a-4d49-8964-8e944e49ff25,,diagnostic,,,topo_fdeb50f24873,diagnostic
float,2,2,2,7,0.0,,,linear,9,na,0.25,93d702d6-5124-4500-a02f-78d32c9c26c4,,diagnostic,,,topo_fdeb50f24873,diagnostic
float,6+,6,5,4,0.0,,,fan_in,10,na,0.416667,93dcf0b5-0d95-4bc6-be39-0eb316ee8721,,diagnostic,,,topo_274cced67f83,diagnostic
float,5,5,4,5,0.0,,,fan_in,10,na,0.4,95ba5a83-de0c-4ec2-a53c-05c00643cb34,,diagnostic,,,topo_6011a58939eb,diagnostic
float,4,4,4,7,0.0,,,linear,11,na,0.375,96b0ed5c-cf47-4b92-9cf5-0d69f7a864a9,,diagnostic,,,topo_5296967693d8,diagnostic
float,5,5,4,4,0.0,,,fan_in,9,na,0.4,9855f520-4ad7-4658-85fc-b66003e186bb,,diagnostic,,,topo_774030263969,diagnostic
str,2,2,2,12,0.0131,,,linear,14,na,0.5,98780c7e-93fa-496c-b2a4-5ed84b9cd8ee,,diagnostic,,,topo_fdeb50f24873,diagnostic
list,2,2,2,16,0.0,,,linear,18,na,0.111111,98cad833-bb80-4583-9158-b9d1984eec6e,,diagnostic,,,topo_fdeb50f24873,diagnostic
float,6+,9,7,1,0.0,,,fan_in,10,na,0.444444,99501e17-529b-42b7-ae83-e98b576c8019,,diagnostic,,,topo_53d4d124e14a,diagnostic
float,2,2,2,11,0.0,,,linear,13,na,0.333333,9a10a5a0-8ece-4a88-be4b-8d88099d5266,,diagnostic,,,topo_fdeb50f24873,diagnostic
float,6+,13,5,0,0.0,,,fan_in,10,na,0.461538,9a23a3ec-0f70-4acf-867f-1a82c0ca5b17,,diagnostic,,,topo_2c3eca3d7e46,diagnostic
int,3,3,3,11,0.0117,,,linear,14,na,0.166667,9a752e1c-dffb-4c71-84d5-687970836ce7,,diagnostic,,,topo_1c8dbe1830b2,diagnostic
float,2,2,2,7,0.0,,,linear,9,na,0.25,9adb7a75-2ecb-406d-8a46-542b79eb6e32,,diagnostic,,,topo_fdeb50f24873,diagnostic
float,3,3,2,7,0.0,,,fan_in,10,na,0.333333,9bb69164-80c4-4c4e-a9d2-fa3fa8bee4e3,,diagnostic,,,topo_911586a55488,diagnostic
float,6+,13,5,0,0.0,,,fan_in,10,na,0.461538,9c4c6a80-d210-46e3-bb30-8ab2ca8e8f3a,,diagnostic,,,topo_41ec797c710c,diagnostic
float,6+,14,7,0,0.0,,,fan_in,9,na,0.464286,9cbda69c-2a36-4f07-87cb-e0fa23cebf60,,diagnostic,,,topo_5391d564a99d,diagnostic
float,5,5,4,4,0.0,,,fan_in,9,na,0.4,9d6d1fcc-912d-4543-ba01-900bc1bc60d2,,diagnostic,,,topo_0c51481d8aeb,diagnostic
float,4,4,4,5,0.0,,,linear,9,na,0.428571,9e473074-b414-4c07-9d2b-8d2512055475,,diagnostic,,,topo_5296967693d8,diagnostic
float,4,4,3,6,0.0,,,fan_in,10,na,0.375,9ecefde1-85a5-4e50-948e-ee9c2bbf414f,,diagnostic,,,topo_30980484d6d7,diagnostic
float,6+,9,6,1,0.0,,,fan_in,10,na,0.444444,9ee13b1f-14b3-4e54-b629-7a77a03e4262,,diagnostic,,,topo_0d3a7c5d1144,diagnostic
float,6+,7,5,2,0.0,,,fan_in,9,na,0.428571,9f02bfaf-4adb-40b5-837c-aac1bc3fac30,,diagnostic,,,topo_619388d6c582,diagnostic
float,3,3,3,7,0.0,,,linear,10,na,0.333333,a1d8cfc2-84b1-49dd-8ddc-6b51b110038a,,diagnostic,,,topo_1c8dbe1830b2,diagnostic
float,3,3,3,7,0.0,,,linear,10,na,0.333333,a2172da9-3fb2-4aca-b2d5-20a4579d2266,,diagnostic,,,topo_1c8dbe1830b2,diagnostic
float,5,5,4,5,0.0,,,fan_in,10,na,0.4,a30048e8-000d-4e5a-addc-0e6c6e5c6fb8,,diagnostic,,,topo_774030263969,diagnostic
float,3,3,3,6,0.0,,,linear,9,na,0.333333,a330bb9e-a3eb-456a-87c3-63caf6822fad,,diagnostic,,,topo_1c8dbe1830b2,diagnostic
float,4,4,3,5,0.0,,,fan_in,9,na,0.375,a44c74fd-b0bf-4f35-a8f0-b0a888135fee,,diagnostic,,,topo_bd3dd51ec1a9,diagnostic
float,5,5,5,6,0.0,,,linear,11,na,0.444444,a5446ce3-edec-4898-b802-cc9b4c5864b6,,diagnostic,,,topo_d228dd6db98a,diagnostic
float,4,4,4,5,0.0,,,linear,9,na,0.375,a5562121-119c-4737-adbe-0ce66cab3f20,,diagnostic,,,topo_5296967693d8,diagnostic
int,2,2,2,11,0.0,,,linear,13,na,0.25,a58be90a-b73e-4d45-a4e2-2ba9db73e912,,diagnostic,,,topo_fdeb50f24873,diagnostic
list,2,2,2,12,0.0,,,linear,14,na,0.1,a7d0c985-3d04-47c8-a063-8276616af274,,diagnostic,,,topo_fdeb50f24873,diagnostic
float,2,2,2,8,0.0,,,linear,10,na,0.25,a7f3e2d8-d639-488d-97c5-2e51f42ad83e,,diagnostic,,,topo_fdeb50f24873,diagnostic
float,3,3,2,7,0.0,,,fan_in,10,na,0.333333,a845fa23-f94d-436b-b550-86cb6f3da886,,diagnostic,,,topo_911586a55488,diagnostic
float,6+,11,6,0,0.0,,,fan_in,9,na,0.454545,a90adb78-71aa-4125-b7c4-6151ed659a80,,diagnostic,,,topo_b66425026a59,diagnostic
float,3,3,3,7,0.0,,,linear,10,na,0.333333,aa1ea1ba-bf16-4e55-a707-c3a3aa6ab0d6,,diagnostic,,,topo_1c8dbe1830b2,diagnostic
float,6+,6,5,4,0.0,,,fan_in,10,na,0.416667,aa8adc5d-1f45-46ca-9c85-3819910c0296,,diagnostic,,,topo_864e6cf733bb,diagnostic
float,5,5,4,4,0.0,,,fan_in,9,na,0.4,aaece8ba-0384-4d94-a479-fe00d0eb94e0,,diagnostic,,,topo_2b041b861492,diagnostic
float,4,4,4,5,0.0,,,linear,9,na,0.375,abb922e2-ecb4-444d-8602-41700a00639b,,diagnostic,,,topo_5296967693d8,diagnostic
float,6+,8,5,2,0.0,,,fan_in,10,na,0.4375,ac43d21d-8330-4f5d-9a90-85756af20656,,diagnostic,,,topo_f371c45e3895,diagnostic
float,6+,6,4,5,0.0,,,fan_in,11,na,0.5,ac7f18f4-b4e7-424c-bb4e-b81a8a7e507c,,diagnostic,,,topo_5cf1a13edea8,diagnostic
float,6+,7,5,2,0.0,,,fan_in,9,na,0.428571,ac7ff9ba-5f9b-45db-ac99-a27751c32a2f,,diagnostic,,,topo_ae6ad51c2944,diagnostic
float,2,2,2,8,0.0,,,linear,10,na,0.25,aca13c04-25c4-452c-8ce5-f9ac7668a980,,diagnostic,,,topo_fdeb50f24873,diagnostic
float,5,5,3,5,0.0,,,fan_in,10,na,0.4,acb996d1-a48e-47b8-b370-8cf14d0db3a7,,diagnostic,,,topo_52c12a6fa235,diagnostic
float,3,3,2,7,0.0,,,fan_in,10,na,0.333333,ace2a45d-4588-4ddc-bfe9-f98c2cff0427,,diagnostic,,,topo_911586a55488,diagnostic
float,3,3,3,7,0.0,,,linear,10,na,0.333333,ad9fe842-7db1-4922-a922-d011caecdb6f,,diagnostic,,,topo_1c8dbe1830b2,diagnostic
list,2,2,2,15,0.0124,,,linear,17,na,0.166667,ae2442dc-f285-4963-a108-fef08dffe49a,,diagnostic,,,topo_fdeb50f24873,diagnostic
float,6+,11,5,0,0.0,,,fan_in,10,na,0.454545,ae7cc681-a44c-4143-8bf2-a2a9680acf0d,,diagnostic,,,topo_7a3a64b95a12,diagnostic
float,6+,7,6,2,0.0,,,fan_in,9,na,0.428571,aed65d8f-b112-4cd6-ab82-07ae242a8947,,diagnostic,,,topo_1419cc3c6547,diagnostic
float,5,5,3,5,0.0,,,fan_in,10,na,0.4,af2e5ab1-979e-48ac-af4f-d35487975b62,,diagnostic,,,topo_17d840e0415f,diagnostic
float,3,3,3,5,0.0,,,linear,8,na,0.333333,b0062a20-23f1-4af6-bdf3-6441af3aacca,,diagnostic,,,topo_1c8dbe1830b2,diagnostic
list,2,2,2,17,0.0165,,,linear,19,na,0.25,b0643ded-c098-4051-958b-db37c7b2aa00,,diagnostic,,,topo_fdeb50f24873,diagnostic
float,3,3,3,7,0.0,,,linear,10,na,0.333333,b0ec8b50-3b10-47e9-a151-fe2085d45c5d,,diagnostic,,,topo_1c8dbe1830b2,diagnostic
float,5,5,3,5,0.0,,,fan_in,10,na,0.4,b169f0ea-3a25-4627-9795-9d390379e73f,,diagnostic,,,topo_52c12a6fa235,diagnostic
float,6+,7,6,1,0.0,,,fan_in,8,na,0.428571,b1706900-e187-49c5-ace6-8cbfc5fbd566,,diagnostic,,,topo_1419cc3c6547,diagnostic
float,3,3,2,7,0.0,,,fan_in,10,na,0.333333,b170ed97-4af8-4589-8a83-7509c597837c,,diagnostic,,,topo_911586a55488,diagnostic
float,6+,6,6,4,0.0,,,linear,10,na,0.416667,b174255f-9249-4dc5-a214-1bfed5112330,,diagnostic,,,topo_02b29308ce2b,diagnostic
float,5,5,5,4,0.0,,,linear,9,na,0.4,b17fe079-7816-4882-98fd-ba692caae2e3,,diagnostic,,,topo_d228dd6db98a,diagnostic
float,5,5,3,4,0.0,,,fan_in,9,na,0.4,b19cf53c-de8d-45ec-a1f1-812364690f45,,diagnostic,,,topo_17d840e0415f,diagnostic
float,3,3,3,7,0.0,,,linear,10,na,0.333333,b2861b15-913e-4b89-a37e-16a3468170a6,,diagnostic,,,topo_1c8dbe1830b2,diagnostic
float,3,3,3,5,0.0,,,linear,8,na,0.333333,b33d1976-3a2d-46a9-bf8b-2c72336683eb,,diagnostic,,,topo_1c8dbe1830b2,diagnostic
float,6+,6,5,4,0.0,,,fan_in,10,na,0.416667,b370d25b-a241-486b-9630-7dbd523312c2,,diagnostic,,,topo_053156353fa9,diagnostic
float,5,5,5,5,0.0,,,linear,10,na,0.4,b39c0196-4991-47b9-b5b4-18d53615fd00,,diagnostic,,,topo_d228dd6db98a,diagnostic
str,2,2,2,11,0.0106,,,linear,13,na,0.5,b3bc6c17-de42-43cf-8c68-4c0f8b5465f2,,diagnostic,,,topo_fdeb50f24873,diagnostic
float,5,5,4,5,0.0,,,fan_in,10,na,0.444444,b3e268c9-2465-41d5-ba04-adfe860d791f,,diagnostic,,,topo_7279e5f4b24a,diagnostic
float,2,2,2,8,0.0,,,linear,10,na,0.25,b3ec3724-bfb1-40be-b92e-9e28cabf8a68,,diagnostic,,,topo_fdeb50f24873,diagnostic
float,6+,10,5,0,0.0,,,fan_in,10,na,0.45,b4bb577d-08f8-4f80-9502-1a65c664048a,,diagnostic,,,topo_57e4cb13eb3f,diagnostic
float,4,4,3,6,0.0,,,fan_in,10,na,0.375,b5e08c7a-e09e-4302-a09d-be4395a38a3e,,diagnostic,,,topo_30980484d6d7,diagnostic
float,5,5,4,5,0.0,,,fan_in,10,na,0.4,b6014609-5bd3-4f6a-8f09-1df7d9477c98,,diagnostic,,,topo_6011a58939eb,diagnostic
float,3,3,3,8,0.0,,,linear,11,na,0.333333,b7a49346-8333-4c96-9ed8-9dca8f299089,,diagnostic,,,topo_1c8dbe1830b2,diagnostic
float,5,5,3,3,0.0,,,fan_in,8,na,0.4,b840daf0-a3b9-4324-a06f-03c6b44595f4,,diagnostic,,,topo_52c12a6fa235,diagnostic
float,2,2,2,7,0.0,,,linear,9,na,0.25,b89b5c12-ccc2-4109-bc87-24857dd99e40,,diagnostic,,,topo_fdeb50f24873,diagnostic
str,2,2,2,17,0.0141,,,linear,19,na,0.5,b930b196-c49a-4b90-9772-7b9b22f5d83a,,diagnostic,,,topo_fdeb50f24873,diagnostic
float,3,3,3,6,0.0,,,linear,9,na,0.333333,bc894a80-53b4-4831-a5c6-cf982a369283,,diagnostic,,,topo_1c8dbe1830b2,diagnostic
float,4,4,4,5,0.0,,,linear,9,na,0.375,bef72027-79fd-4e32-8407-b6fab9c37847,,diagnostic,,,topo_5296967693d8,diagnostic
float,3,3,3,6,0.0,,,linear,9,na,0.333333,bf63e869-1ed2-4bd3-9f1a-bfd48e7084db,,diagnostic,,,topo_1c8dbe1830b2,diagnostic
float,4,4,3,5,0.0,,,fan_in,9,na,0.375,bff28333-e7e5-483f-ae1b-2ad95bedc37d,,diagnostic,,,topo_30980484d6d7,diagnostic
float,5,5,4,3,0.0,,,fan_in,8,na,0.4,c034b3cd-f436-40e6-9aea-87b2e1f363f3,,diagnostic,,,topo_0c51481d8aeb,diagnostic
float,4,4,4,4,0.0,,,linear,8,na,0.375,c0aa6d66-e540-49d5-b7ef-89d6e5fd57df,,diagnostic,,,topo_5296967693d8,diagnostic
float,5,5,3,4,0.0,,,fan_in,9,na,0.4,c0d6a53d-874b-48fd-b352-d21a35f2ab58,,diagnostic,,,topo_5dc2042eea23,diagnostic
float,6+,6,4,3,0.0,,,fan_in,9,na,0.416667,c2145e21-7a24-4dbb-a9b1-c8948147f0d9,,diagnostic,,,topo_5cf1a13edea8,diagnostic
float,4,4,4,4,0.0,,,linear,8,na,0.375,c28f3807-67fa-4513-8fdc-7802409d49d9,,diagnostic,,,topo_5296967693d8,diagnostic
float,5,5,3,5,0.0,,,fan_in,10,na,0.4,c35dfbfd-76ae-45d3-a7b2-7a46c10936df,,diagnostic,,,topo_17d840e0415f,diagnostic
float,2,2,2,9,0.0,,,linear,11,na,0.333333,c38329a3-eaab-4596-9096-47e80ad97843,,diagnostic,,,topo_fdeb50f24873,diagnostic
float,6+,7,5,3,0.0,,,fan_in,10,na,0.428571,c3a4c2c9-0453-4b32-a1b1-440de236f8ce,,diagnostic,,,topo_619388d6c582,diagnostic
float,4,4,4,5,0.0,,,linear,9,na,0.375,c48c671c-3759-4d22-9625-a53f947af6a4,,diagnostic,,,topo_5296967693d8,diagnostic
int,2,2,2,17,0.0203,,,linear,19,na,0.333333,c4cd0862-234b-459c-805c-14099acf49d8,,diagnostic,,,topo_fdeb50f24873,diagnostic
list,2,2,2,11,0.0117,,,linear,13,na,0.5,c549eed3-2aa2-4baf-ace6-9a250dbf4924,,diagnostic,,,topo_fdeb50f24873,diagnostic
float,4,4,4,5,0.0,,,linear,9,na,0.375,c5f39bd0-95b9-4db8-b487-739ff47c120c,,diagnostic,,,topo_5296967693d8,diagnostic
float,3,3,3,7,0.0,,,linear,10,na,0.333333,c5fbeefb-86ff-46b9-adb3-c8f4cd4adba1,,diagnostic,,,topo_1c8dbe1830b2,diagnostic
float,4,4,3,6,0.0,,,fan_in,10,na,0.375,c74a3ed2-40ab-4106-a64f-a221e039b517,,diagnostic,,,topo_30980484d6d7,diagnostic
float,5,5,3,5,0.0,,,fan_in,10,na,0.4,c74f7663-6aa1-4f96-8333-8a2a2129a547,,diagnostic,,,topo_17d840e0415f,diagnostic
float,3,3,2,7,0.0,,,fan_in,10,na,0.333333,c7b272cc-11fe-4633-a9e2-de51f80b8451,,diagnostic,,,topo_911586a55488,diagnostic
float,6+,7,5,3,0.0,,,fan_in,10,na,0.428571,c8266f26-e536-4db5-b0d6-382bfd0a91d3,,diagnostic,,,topo_a3f910781fb0,diagnostic
float,3,3,2,6,0.0,,,fan_in,9,na,0.333333,c870a3f6-2c45-4bec-a40b-f74ecd268bec,,diagnostic,,,topo_911586a55488,diagnostic
float,6+,10,5,0,0.0,,,fan_in,10,na,0.45,c8832b6f-c67b-4a49-8e7e-bfe4d6e8a8d8,,diagnostic,,,topo_6c52cad17634,diagnostic
int,2,2,2,15,0.0,,,linear,17,na,0.111111,c89ea41f-51cc-44d0-a095-087c2d39285d,,diagnostic,,,topo_fdeb50f24873,diagnostic
float,4,4,3,5,0.0,,,fan_in,9,na,0.375,c8ae8811-ce45-4165-afd2-65f9720e5c03,,diagnostic,,,topo_5b37b75596d2,diagnostic
float,6+,7,5,4,0.0,,,fan_in,11,na,0.428571,c8d82893-19ba-40ae-bb44-fe06ff67cdcc,,diagnostic,,,topo_cd7f4c91b6f3,diagnostic
float,4,4,3,5,0.0,,,fan_in,9,na,0.375,c8fe1b79-5601-4660-a8ea-16c6fff9c744,,diagnostic,,,topo_5b37b75596d2,diagnostic
float,4,4,3,6,0.0,,,fan_in,10,na,0.375,c922d80c-b8ba-4680-9cbe-dc73c0f6eab3,,diagnostic,,,topo_30980484d6d7,diagnostic
float,6+,6,3,3,0.0,,,fan_in,9,na,0.416667,c9bd9463-a78f-4d8f-83e9-7e5d14f6994b,,diagnostic,,,topo_8c9ca7dddd8f,diagnostic
float,4,4,3,6,0.0,,,fan_in,10,na,0.375,ca30039f-334d-4462-8912-ff7996912bb9,,diagnostic,,,topo_bd3dd51ec1a9,diagnostic
bool,2,2,2,15,0.0055,,,linear,17,na,0.5,ca85531d-bc1d-40e8-8769-438c3e886fe2,,diagnostic,,,topo_fdeb50f24873,diagnostic
float,6+,12,7,0,0.0,,,fan_in,10,na,0.458333,cb292a5a-b3fa-4310-b4f8-7532f24792a6,,diagnostic,,,topo_877fd82ed260,diagnostic
list,2,2,2,16,0.0036,,,linear,18,na,0.5,cb993fec-f656-4b15-904b-084c311bd7e2,,diagnostic,,,topo_fdeb50f24873,diagnostic
float,2,2,2,8,0.0,,,linear,10,na,0.25,cbc30b4f-03b3-47ff-a914-e801e5717d55,,diagnostic,,,topo_fdeb50f24873,diagnostic
float,4,4,3,4,0.0,,,fan_in,8,na,0.375,cc2a8330-c94f-4949-a2d7-f4bc71c1138c,,diagnostic,,,topo_bd3dd51ec1a9,diagnostic
float,4,4,4,6,0.0,,,linear,10,na,0.375,ccb458fa-d81d-49cc-a872-78e6f78891d2,,diagnostic,,,topo_5296967693d8,diagnostic
float,6+,7,4,3,0.0,,,fan_in,10,na,0.428571,ccf24406-7e65-4813-b8a4-64bd142b13e7,,diagnostic,,,topo_db320d0d30c9,diagnostic
float,3,3,3,6,0.0,,,linear,9,na,0.333333,cd2c11f9-7d61-4b5b-8292-304878bc8f34,,diagnostic,,,topo_1c8dbe1830b2,diagnostic
float,4,4,3,5,0.0,,,fan_in,9,na,0.375,cd504733-bb25-4995-9fcc-2c786689fd98,,diagnostic,,,topo_5b37b75596d2,diagnostic
float,6+,8,5,2,0.0,,,fan_in,10,na,0.4375,cd6b81c1-5157-4920-93ec-3ed00b01621b,,diagnostic,,,topo_3fc4ea9607be,diagnostic
float,6+,6,4,3,0.0,,,fan_in,9,na,0.416667,cdadfe2d-be7f-4395-8d5c-765e99d0815d,,diagnostic,,,topo_a3a2cea2761d,diagnostic
float,6+,14,7,0,0.0,,,fan_in,10,na,0.464286,cdfc6ae1-e182-443e-b66e-1162b3d38a03,,diagnostic,,,topo_488ca23233c7,diagnostic
float,3,3,3,7,0.0,,,linear,10,na,0.4,ced97929-b113-413a-a5be-c01d4b59c073,,diagnostic,,,topo_1c8dbe1830b2,diagnostic
float,3,3,3,6,0.0,,,linear,9,na,0.333333,cffae660-6fc6-4c48-8bfc-51be4385eb41,,diagnostic,,,topo_1c8dbe1830b2,diagnostic
float,6+,6,4,4,0.0,,,fan_in,10,na,0.416667,d010385a-4346-45ae-baaf-5eb5ff4a0071,,diagnostic,,,topo_2b9a65f092bb,diagnostic
float,5,5,4,5,0.0,,,fan_in,10,na,0.4,d0b81e07-1120-4d16-bb30-210922380178,,diagnostic,,,topo_774030263969,diagnostic
float,5,5,4,3,0.0,,,fan_in,8,na,0.4,d0e4ce58-0809-48bf-bc0f-af4904c1b6f7,,diagnostic,,,topo_0c51481d8aeb,diagnostic
float,5,5,4,5,0.0,,,fan_in,10,na,0.4,d13b28e8-59e7-4b1d-bcf8-efd26d9e8de3,,diagnostic,,,topo_0c51481d8aeb,diagnostic
float,6+,6,5,3,0.0,,,fan_in,9,na,0.416667,d15de72b-e688-459e-bf1d-fc9c79c5aab0,,diagnostic,,,topo_053156353fa9,diagnostic
float,6+,6,5,3,0.0,,,fan_in,9,na,0.416667,d1c052b8-7b8f-4276-b609-102af3933429,,diagnostic,,,topo_053156353fa9,diagnostic
float,4,4,3,7,0.0,,,fan_in,11,na,0.5,d1f08f46-390b-49ea-9534-ee1639221aec,,diagnostic,,,topo_5b37b75596d2,diagnostic
float,6+,8,5,3,0.0,,,fan_in,11,na,0.5,d20d683a-d14b-4108-8b0b-20d2dde2ad44,,diagnostic,,,topo_c39b8213eda5,diagnostic
float,3,3,3,5,0.0,,,linear,8,na,0.333333,d27d13fd-1d87-4878-bb12-c9910d53a134,,diagnostic,,,topo_1c8dbe1830b2,diagnostic
float,4,4,3,4,0.0,,,fan_in,8,na,0.375,d2f60c36-a1dd-449c-820f-7ef26e8db0ce,,diagnostic,,,topo_bd3dd51ec1a9,diagnostic
float,6+,9,4,1,0.0,,,fan_in,10,na,0.444444,d35cd697-07ba-43bb-9035-05f045395df0,,diagnostic,,,topo_c9df77cdba57,diagnostic
float,3,3,3,6,0.0,,,linear,9,na,0.333333,d36a7acb-7a01-4eb1-9d6c-1d7436854b25,,diagnostic,,,topo_1c8dbe1830b2,diagnostic
float,6+,7,5,3,0.0,,,fan_in,10,na,0.428571,d3b2541d-f260-4cf7-bdb7-5d75178f80f3,,diagnostic,,,topo_619388d6c582,diagnostic
float,2,2,2,8,0.0,,,linear,10,na,0.25,d3b4384c-4b01-461a-a1a4-2aa313207f18,,diagnostic,,,topo_fdeb50f24873,diagnostic
float,5,5,3,5,0.0,,,fan_in,10,na,0.4,d4c761eb-50a5-40eb-802f-c27c23600ecb,,diagnostic,,,topo_17d840e0415f,diagnostic
float,2,2,2,7,0.0,,,linear,9,na,0.25,d5aec711-273b-4a98-9789-02d7ac1a45be,,diagnostic,,,topo_fdeb50f24873,diagnostic
float,3,3,3,6,0.0,,,linear,9,na,0.333333,d6c9c7eb-7a64-4007-a9c6-b475be17b9a4,,diagnostic,,,topo_1c8dbe1830b2,diagnostic
float,6+,8,5,2,0.0,,,fan_in,10,na,0.466667,d71ce103-fb88-4af0-a6a7-1ed85a639c57,,diagnostic,,,topo_73c0a91d9e5f,diagnostic
float,5,5,5,5,0.0,,,linear,10,na,0.4,d7626ffb-76e8-433f-8eff-2a9c81282049,,diagnostic,,,topo_d228dd6db98a,diagnostic
float,4,4,4,6,0.0,,,linear,10,na,0.375,d87c8747-a626-4e8b-90e6-825cef31fb05,,diagnostic,,,topo_5296967693d8,diagnostic
float,5,5,4,5,0.0,,,fan_in,10,na,0.4,d883f2ac-e3ea-456c-a7ff-9abdb91a8f16,,diagnostic,,,topo_774030263969,diagnostic
float,4,4,3,5,0.0,,,fan_in,9,na,0.375,d8ea3b09-8263-4b35-b6eb-622ebca8cc09,,diagnostic,,,topo_bd3dd51ec1a9,diagnostic
dict,2,2,2,16,0.025,,,linear,18,na,0.5,d9657b27-fc32-4b1b-8821-f408a3cf7940,,diagnostic,,,topo_fdeb50f24873,diagnostic
float,4,4,4,5,0.0,,,linear,9,na,0.375,db0f42d4-165c-4e31-bebd-9d6e5891c535,,diagnostic,,,topo_5296967693d8,diagnostic
float,6+,6,4,3,0.0,,,fan_in,9,na,0.416667,db25d9a4-caa5-4657-b24e-545a5be6b981,,diagnostic,,,topo_4ad60a205ffc,diagnostic
float,5,5,3,6,0.0,,,fan_in,11,na,0.4,db8d72af-7a1a-4201-a376-4b827b0162df,,diagnostic,,,topo_17d840e0415f,diagnostic
float,4,4,4,5,0.0,,,linear,9,na,0.375,dc009c32-925d-40ae-a4af-eea8ebf28cb2,,diagnostic,,,topo_5296967693d8,diagnostic
float,3,3,3,6,0.0,,,linear,9,na,0.333333,dc5fc3b0-79a6-4aa9-8655-458ad1725bdf,,diagnostic,,,topo_1c8dbe1830b2,diagnostic
float,2,2,2,6,0.0,,,linear,8,na,0.25,dc96276f-7680-42f4-8489-cfeca78d07c4,,diagnostic,,,topo_fdeb50f24873,diagnostic
float,3,3,3,6,0.0,,,linear,9,na,0.333333,dd7a392f-d258-4192-941a-b487c575eabd,,diagnostic,,,topo_1c8dbe1830b2,diagnostic
float,2,2,2,7,0.0,,,linear,9,na,0.25,deca0cfc-5c4b-42e7-8d89-6a4ca7d9c771,,diagnostic,,,topo_fdeb50f24873,diagnostic
float,6+,9,8,0,0.0,,,fan_in,9,na,0.444444,df7d09de-9314-438c-a726-5189f82d3bd9,,diagnostic,,,topo_de1df42fc028,diagnostic
float,4,4,3,5,0.0,,,fan_in,9,na,0.375,e0bd90e4-6dcc-45e2-9dd4-44e97eadbff4,,diagnostic,,,topo_30980484d6d7,diagnostic
float,6+,7,4,3,0.0,,,fan_in,10,na,0.428571,e1a005a4-216d-4486-a15b-d53ccb574e78,,diagnostic,,,topo_8e07a51a35a6,diagnostic
float,6+,7,5,2,0.0,,,fan_in,9,na,0.428571,e218fe94-0943-47ec-9f47-b7f716a1f410,,diagnostic,,,topo_8364ff3eb7a6,diagnostic
float,3,3,3,6,0.0,,,linear,9,na,0.333333,e2cf1726-9a4d-4cb1-a32f-5f5e9ba0d3c4,,diagnostic,,,topo_1c8dbe1830b2,diagnostic
float,3,3,2,7,0.0,,,fan_in,10,na,0.333333,e3146382-ad8d-4d85-82e1-f08127121657,,diagnostic,,,topo_911586a55488,diagnostic
float,6+,6,4,3,0.0,,,fan_in,9,na,0.416667,e3a118fa-b77d-4f76-9dc6-66233a361aba,,diagnostic,,,topo_f5466e583fca,diagnostic
float,3,3,3,5,0.0,,,linear,8,na,0.333333,e3f3049a-021f-4f90-9c4e-640aaf4519c4,,diagnostic,,,topo_1c8dbe1830b2,diagnostic
float,6+,6,4,4,0.0,,,fan_in,10,na,0.5,e422f852-fe4a-4981-b899-25e6263b9a4a,,diagnostic,,,topo_5cf1a13edea8,diagnostic
float,3,3,3,7,0.0,,,linear,10,na,0.333333,e43bbe8b-0429-473d-96c9-216905851bd6,,diagnostic,,,topo_1c8dbe1830b2,diagnostic
float,5,5,5,4,0.0,,,linear,9,na,0.4,e4bdc3e1-4c28-4050-a23a-ab74718caada,,diagnostic,,,topo_d228dd6db98a,diagnostic
float,2,2,2,7,0.0,,,linear,9,na,0.25,e5eb37ac-bd11-4a84-82a3-588c93ba7712,,diagnostic,,,topo_fdeb50f24873,diagnostic
float,5,5,4,4,0.0,,,fan_in,9,na,0.4,e652bee6-4121-4ca1-8dd0-653787184a80,,diagnostic,,,topo_7279e5f4b24a,diagnostic
float,3,3,3,5,0.0,,,linear,8,na,0.333333,e665aa88-e0ac-4724-866a-44d2c84e97b0,,diagnostic,,,topo_1c8dbe1830b2,diagnostic
int,2,2,2,16,0.0031,,,linear,18,na,0.5,e66fce41-6850-45a8-9db4-5cdf7fc5d81c,,diagnostic,,,topo_fdeb50f24873,diagnostic
float,4,4,3,5,0.0,,,fan_in,9,na,0.375,e6768b60-cc80-4e82-b9c8-c0d48df718fe,,diagnostic,,,topo_bd3dd51ec1a9,diagnostic
bool,3,3,3,15,0.0047,,,linear,18,na,0.5,e67ab11d-70f4-4d75-9cf4-dc77d18dda1f,,diagnostic,,,topo_1c8dbe1830b2,diagnostic
list,3,3,2,13,0.0,,,mixed,16,na,0.2,e6a8c49d-577f-4a1e-a2d0-96ec051f83ac,,diagnostic,,,topo_c654e84914a1,diagnostic
float,5,5,3,5,0.0,,,fan_in,10,na,0.4,e70bd2c9-99af-410a-bc6d-61a65e00f7d8,,diagnostic,,,topo_17d840e0415f,diagnostic
float,6+,9,6,1,0.0,,,fan_in,10,na,0.444444,e7739078-35f2-48da-a734-cb4b077cf372,,diagnostic,,,topo_5ccc221f2d3d,diagnostic
float,5,5,4,5,0.0,,,fan_in,10,na,0.4,e7dc9f54-d564-4d82-ab36-60ca22bfb8e2,,diagnostic,,,topo_6011a58939eb,diagnostic
float,5,5,4,3,0.0,,,fan_in,8,na,0.4,e82737ff-a667-46b4-8b1d-1e16b1785911,,diagnostic,,,topo_774030263969,diagnostic
float,3,3,3,6,0.0,,,linear,9,na,0.333333,e854fd67-4e08-483f-a4b2-a4c7c4f85d17,,diagnostic,,,topo_1c8dbe1830b2,diagnostic
float,6+,6,4,4,0.0,,,fan_in,10,na,0.416667,e8605b92-ee9a-4265-9c3c-aa4bc3a691e9,,diagnostic,,,topo_f02a8d13f327,diagnostic
int,2,2,2,11,0.0,,,linear,13,na,0.25,e940f944-a864-4e44-8c9d-cf914b5c8d3e,,diagnostic,,,topo_fdeb50f24873,diagnostic
float,3,3,3,8,0.0,,,linear,11,na,0.333333,eb1312ee-7059-4660-a43c-ecff8b71919d,,diagnostic,,,topo_1c8dbe1830b2,diagnostic
float,6+,8,7,0,0.0,,,fan_in,7,na,0.4375,eb98f598-754c-4117-b630-dc58914f2a4d,,diagnostic,,,topo_596ff8eb2493,diagnostic
float,3,3,3,16,0.0117,,,linear,19,na,0.666667,ebdb9ed1-c0cb-49a3-b99f-51a3abdf8b90,,diagnostic,,,topo_1c8dbe1830b2,diagnostic
int,3,3,3,15,0.0306,,,linear,18,na,0.5,ec654414-df15-4621-9b4d-3570a4ae6864,,diagnostic,,,topo_1c8dbe1830b2,diagnostic
float,2,2,2,8,0.0,,,linear,10,na,0.25,ed8bfd25-69ed-4d52-8e62-438e8258f812,,diagnostic,,,topo_fdeb50f24873,diagnostic
float,2,2,2,8,0.0,,,linear,10,na,0.25,ed9416d7-f389-44e7-8a8c-3b7b7f7e9561,,diagnostic,,,topo_fdeb50f24873,diagnostic
float,5,5,4,6,0.0,,,fan_in,11,na,0.4,ef29201e-ebf0-47cc-8228-3f68241ef6f5,,diagnostic,,,topo_0c51481d8aeb,diagnostic
float,3,3,2,6,0.0,,,fan_in,9,na,0.333333,f233bac0-19b3-4c09-b8ae-ed847a9c7c1d,,diagnostic,,,topo_911586a55488,diagnostic
float,3,3,2,7,0.0,,,fan_in,10,na,0.333333,f23c3b8c-1ca9-42f3-a040-dce72b65aa28,,diagnostic,,,topo_911586a55488,diagnostic
float,6+,8,4,2,0.0,,,fan_in,10,na,0.4375,f2aede8e-145b-4b28-84d4-9fb63d8564d7,,diagnostic,,,topo_4c00a7d6eda2,diagnostic
float,4,4,4,5,0.0,,,linear,9,na,0.375,f334ca41-2c0e-42d1-9ff1-afe48f56e9f8,,diagnostic,,,topo_5296967693d8,diagnostic
float,4,4,3,5,0.0,,,fan_in,9,na,0.375,f35d7635-07e6-41a2-992d-612f82be538c,,diagnostic,,,topo_bd3dd51ec1a9,diagnostic
float,6+,11,5,0,0.0,,,fan_in,9,na,0.454545,f373d250-2c9f-42f5-a12a-cbe17de52be1,,diagnostic,,,topo_660bdcd7ac11,diagnostic
float,4,4,3,6,0.0,,,fan_in,10,na,0.375,f39b094a-54f6-4915-8ede-44b3515fcceb,,diagnostic,,,topo_30980484d6d7,diagnostic
float,6+,7,5,2,0.0,,,fan_in,9,na,0.428571,f3ff1bb8-0747-4453-afbb-a71cf3fd92d9,,diagnostic,,,topo_ebc77146d886,diagnostic
float,5,5,4,4,0.0,,,fan_in,9,na,0.4,f50c216d-76ee-4609-8fd7-5e6efeb01927,,diagnostic,,,topo_7279e5f4b24a,diagnostic
float,3,3,2,6,0.0,,,fan_in,9,na,0.333333,f5a81c81-73e3-4c94-87dd-44f400c5b843,,diagnostic,,,topo_911586a55488,diagnostic
float,3,3,3,7,0.0,,,linear,10,na,0.333333,f5f86953-11aa-47f5-92f5-607f7ba9fe00,,diagnostic,,,topo_1c8dbe1830b2,diagnostic
float,4,4,3,4,0.0,,,fan_in,8,na,0.375,f667a28d-2be7-41fc-94ed-118e8381a2c3,,diagnostic,,,topo_5b37b75596d2,diagnostic
float,4,4,3,6,0.0,,,fan_in,10,na,0.375,f6aa4233-451e-4e33-abe1-451a313b6fec,,diagnostic,,,topo_bd3dd51ec1a9,diagnostic
str,2,2,2,15,0.0,,,linear,17,na,0.333333,f76b1983-59a8-4264-9065-ef478e8f3944,,diagnostic,,,topo_fdeb50f24873,diagnostic
float,2,2,2,6,0.0,,,linear,8,na,0.25,f78c26cb-d05d-4cfd-8be3-47b0b01d2e95,,diagnostic,,,topo_fdeb50f24873,diagnostic
float,5,5,4,5,0.0,,,fan_in,10,na,0.5,f7d975ce-dcd5-46ba-bfbf-f18b79aa15bd,,diagnostic,,,topo_6011a58939eb,diagnostic
float,5,5,4,4,0.0,,,fan_in,9,na,0.4,f835d116-65c1-4ab8-95d3-980506564ddd,,diagnostic,,,topo_774030263969,diagnostic
float,6+,8,5,0,0.0,,,fan_in,8,na,0.4375,f8fdce32-9e0f-4f9c-bd0d-15dfce117a71,,diagnostic,,,topo_2b60abe1fbcb,diagnostic
float,3,3,3,6,0.0,,,linear,9,na,0.333333,f905138a-f657-4ab0-a9f9-b17fd5854b4f,,diagnostic,,,topo_1c8dbe1830b2,diagnostic
float,3,3,3,7,0.0,,,linear,10,na,0.333333,f9ebc5c7-fafb-4b4b-ae3f-8f4f10f5ca31,,diagnostic,,,topo_1c8dbe1830b2,diagnostic
float,6+,18,6,0,0.0,,,fan_in,8,na,0.472222,fa47c82a-60bf-4ff0-bcf7-d7b41fe795c4,,diagnostic,,,topo_a4503152b38a,diagnostic
list,2,2,2,17,0.011,,,linear,19,na,0.5,fa57c28a-e9d8-44fb-a358-a9404a557d5b,,diagnostic,,,topo_fdeb50f24873,diagnostic
float,5,5,4,4,0.0,,,fan_in,9,na,0.4,fa9c7f16-9ea7-4eb4-b3d4-efdb6492cf3d,,diagnostic,,,topo_774030263969,diagnostic
float,6+,6,6,3,0.0,,,linear,9,na,0.416667,fb341674-da07-4323-b70a-7bb759f1e746,,diagnostic,,,topo_02b29308ce2b,diagnostic
float,3,3,2,6,0.0,,,fan_in,9,na,0.333333,fc47e3cd-d410-4517-9b20-9817fa2e8217,,diagnostic,,,topo_911586a55488,diagnostic
float,5,5,4,5,0.0,,,fan_in,10,na,0.4,fc6100d1-accb-423a-a8c0-4f4a14ea3cd5,,diagnostic,,,topo_6011a58939eb,diagnostic
float,6+,13,6,0,0.0,,,fan_in,9,na,0.5,fc783b3f-ceb7-4705-bfb8-04a9634bd5ba,,diagnostic,,,topo_0132aac98622,diagnostic
float,3,3,3,5,0.0,,,linear,8,na,0.333333,fc8a9de4-dbbd-4a43-b86f-e331c5ab6199,,diagnostic,,,topo_1c8dbe1830b2,diagnostic
float,6+,8,7,2,0.0,,,fan_in,10,na,0.4375,fd49d75b-907d-4ea8-8f20-b94ae88ba68d,,diagnostic,,,topo_3d776f83e4a8,diagnostic
float,3,3,2,5,0.0,,,fan_in,8,na,0.333333,fd93d5e2-b364-47d3-95c6-b253545f19a9,,diagnostic,,,topo_911586a55488,diagnostic
str,3,3,2,14,0.0064,,,mixed,17,na,0.083333,fd974a69-367d-4ad0-ba69-509a91be9547,,diagnostic,,,topo_5c49d2fff8bb,diagnostic
float,6+,8,5,2,0.0,,,fan_in,10,na,0.4375,fde10026-a75e-44d5-ba81-adc9510c5c22,,diagnostic,,,topo_1835893559d9,diagnostic
float,5,5,4,4,0.0,,,fan_in,9,na,0.4,fe72229a-2b0d-4eb4-8ba9-1e5179ff5029,,diagnostic,,,topo_7279e5f4b24a,diagnostic
float,6+,7,5,3,0.0,,,fan_in,10,na,0.428571,fed1fe60-ded8-481f-bf6a-8918b655660a,,diagnostic,,,topo_ebc77146d886,diagnostic
float,6+,13,6,0,0.0,,,fan_in,9,na,0.461538,ffc78483-512b-4cac-82e9-6081425c2cd4,,diagnostic,,,topo_bc551a84449b,diagnostic
