description_len,n_params,n_required_params,name,name_norm,output_keys,param_names,source,track
35,1,1,round_up_whole,round_up_whole,output_0,value,train,G
34,1,1,series_spread,series_spread,output_0,number_list,train,G
42,2,2,leading_entries,leading_entries,output_0,how_many|number_list,train,G
41,2,2,full_groups_of,full_groups_of,output_0,group_size|total_items,train,G
28,1,1,flip_sign,flip_sign,output_0,value,train,G
36,2,2,gap_between,gap_between,output_0,first_value|second_value,train,G
38,3,3,balance_of_three,balance_of_three,output_0,reading_one|reading_three|reading_two,train,G
44,3,3,dispersion_of_three,dispersion_of_three,output_0,value_one|value_three|value_two,train,G
41,2,2,reduce_amount,reduce_amount,output_0,base_value|reduction,train,G
46,2,2,render_with_decimals,render_with_decimals,output_0,decimal_count|value,train,G
33,1,1,aggregate_total,aggregate_total,output_0,number_list,train,G
33,1,1,whole_number_of,whole_number_of,output_0,value,train,G
36,3,3,total_of_three_parts,total_of_three_parts,output_0,part_one|part_three|part_two,train,G
35,1,1,peak_of_series,peak_of_series,output_0,number_list,train,G
42,2,2,extend_series_with,extend_series_with,output_0,new_entry|number_list,train,G
35,2,2,grow_by_rate,grow_by_rate,output_0,growth_rate|starting_value,train,G
35,2,2,exponentiate,exponentiate,output_0,base_value|power_value,train,G
42,2,2,proportion_between,proportion_between,output_0,part_value|whole_value,train,G
34,1,1,celsius_from_fahrenheit,celsius_from_fahrenheit,output_0,temp_f,train,G
47,2,2,portion_by_rate,portion_by_rate,output_0,rate|reference_value,train,G
39,1,1,self_product,self_product,output_0,value,train,G
35,2,2,midpoint_value,midpoint_value,output_0,value_one|value_two,train,G
43,1,1,accumulate_series,accumulate_series,output_0,number_list,train,G
37,2,2,shrink_by_rate,shrink_by_rate,output_0,discount_rate|starting_value,train,G
38,1,1,root_extract,root_extract,output_0,input_value,train,G
39,1,1,nearest_integer,nearest_integer,output_0,arg_0,train,A
16,2,2,absolute_difference,absolute_difference,output_0,arg_0|arg_1,train,A
54,2,2,round_to_decimals,round_to_decimals,output_0,places|value,train,A
34,2,2,sum_two_numbers,sum_two_numbers,output_0,first_number|second_number,train,A
26,1,1,hours_to_minutes,hours_to_minutes,output_0,hours,train,A
35,1,1,floor,floor,output_0,arg_0,train,A
61,2,2,format_number_fixed,format_number_fixed,output_0,places|value,train,A
32,1,1,inverse,inverse,output_0,arg_0,train,A
33,1,1,ceiling,ceiling,output_0,arg_0,train,A
57,2,2,label_with_unit,label_with_unit,output_0,unit|value,train,A
30,2,2,percentage_value,percentage_value,output_0,base|rate_percent,train,A
66,2,2,build_tag,build_tag,output_0,prefix|value,train,A
24,1,1,sqrt,sqrt,output_0,arg_0,train,A
43,2,2,subtract,subtract,output_0,arg_0|arg_1,train,A
52,1,1,position_of_maximum,position_of_maximum,output_0,values,train,A
53,2,2,compose_reference_code,compose_reference_code,output_0,code_number|code_prefix,train,G
28,2,2,per_unit_value,per_unit_value,output_0,units|whole,train,G
41,2,2,reduce_amount,reduce_amount,output_0,base_value|reduction,train,G
44,3,3,dispersion_of_three,dispersion_of_three,output_0,value_one|value_three|value_two,train,G
36,3,3,total_of_three_parts,total_of_three_parts,output_0,part_one|part_three|part_two,train,G
42,2,2,leading_entries,leading_entries,output_0,how_many|number_list,train,G
39,2,2,leftover_after_grouping,leftover_after_grouping,output_0,group_size|total_items,train,G
26,1,1,stringify_amount,stringify_amount,output_0,amount,train,G
42,2,2,proportion_between,proportion_between,output_0,part_value|whole_value,train,G
34,1,1,celsius_from_fahrenheit,celsius_from_fahrenheit,output_0,temp_f,train,G
49,2,2,adjust_to_whole,adjust_to_whole,output_0,direction|value,train,G
30,2,2,floor_divide,floor_divide,output_0,arg_0|arg_1,train,A
39,1,1,min_of_values,min_of_values,output_0,values,train,A
39,1,1,mean_of_values,mean_of_values,output_0,values,train,A
39,2,2,divide,divide,output_0,arg_0|arg_1,train,A
38,2,2,percent_of,percent_of,output_0,percent|whole,train,A
35,1,1,negate,negate,output_0,arg_0,train,A
31,1,1,fahrenheit_to_celsius,fahrenheit_to_celsius,output_0,fahrenheit,train,A
37,2,2,ratio_of,ratio_of,output_0,denominator|numerator,train,A
39,2,2,increase_by_percent,increase_by_percent,output_0,base|percent,train,A
54,2,2,join_values_with,join_values_with,output_0,separator|values,train,A
34,2,2,concat_strings,concat_strings,output_0,first|second,train,A
66,2,2,build_tag,build_tag,output_0,prefix|value,train,A
39,2,2,leftover_after_grouping,leftover_after_grouping,output_0,group_size|total_items,train,G
47,2,2,portion_by_rate,portion_by_rate,output_0,rate|reference_value,train,G
35,2,2,exponentiate,exponentiate,output_0,base_value|power_value,train,G
35,1,1,round_up_whole,round_up_whole,output_0,value,train,G
40,2,2,remaining_after,remaining_after,output_0,from_value|take_away,train,G
42,2,2,proportion_between,proportion_between,output_0,part_value|whole_value,train,G
28,2,2,per_unit_value,per_unit_value,output_0,units|whole,train,G
41,1,1,round_down_whole,round_down_whole,output_0,value,train,G
37,2,2,ratio_of,ratio_of,output_0,denominator|numerator,train,A
16,2,2,absolute_difference,absolute_difference,output_0,arg_0|arg_1,train,A
43,2,2,subtract,subtract,output_0,arg_0|arg_1,train,A
39,2,2,increase_by_percent,increase_by_percent,output_0,base|percent,train,A
40,3,3,clamp_value,clamp_value,output_0,maximum|minimum|value,train,A
38,2,2,percent_of,percent_of,output_0,percent|whole,train,A
32,1,1,range_of_values,range_of_values,output_0,values,train,A
33,1,1,ceiling,ceiling,output_0,arg_0,train,A
57,2,2,label_with_unit,label_with_unit,output_0,unit|value,train,A
50,1,1,seconds_to_full_minutes,seconds_to_full_minutes,output_0,seconds,train,A
32,2,2,quotient_of,quotient_of,output_0,denominator|numerator,train,A
52,1,1,position_of_maximum,position_of_maximum,output_0,values,train,A
34,2,2,sum_two_numbers,sum_two_numbers,output_0,first_number|second_number,train,A
35,2,2,product_of_numbers,product_of_numbers,output_0,first_factor|second_factor,train,A
24,1,1,sqrt,sqrt,output_0,arg_0,train,A
28,1,1,minutes_to_seconds,minutes_to_seconds,output_0,minutes,train,A
35,2,2,product_of_numbers,product_of_numbers,output_0,first_factor|second_factor,train,A
35,1,1,negate,negate,output_0,arg_0,train,A
32,1,1,inverse,inverse,output_0,arg_0,train,A
51,2,2,scale_values,scale_values,output_0,factor|values,train,A
58,2,2,round_with_mode,round_with_mode,output_0,mode|value,train,A
64,2,2,is_divisible_by,is_divisible_by,output_0,arg_0|arg_1,train,A
62,2,2,is_greater,is_greater,output_0,arg_0|arg_1,train,A
21,2,2,average_of_two,average_of_two,output_0,arg_0|arg_1,train,A
39,2,2,decrease_by_percent,decrease_by_percent,output_0,base|percent,train,A
24,1,1,sqrt,sqrt,output_0,arg_0,train,A
36,3,3,total_of_three_parts,total_of_three_parts,output_0,part_one|part_three|part_two,train,G
41,1,1,round_down_whole,round_down_whole,output_0,value,train,G
28,1,1,flip_sign,flip_sign,output_0,value,train,G
38,1,1,root_extract,root_extract,output_0,input_value,train,G
47,2,2,portion_by_rate,portion_by_rate,output_0,rate|reference_value,train,G
35,2,2,pick_higher,pick_higher,output_0,candidate_a|candidate_b,train,G
35,2,2,midpoint_value,midpoint_value,output_0,value_one|value_two,train,G
34,1,1,celsius_from_fahrenheit,celsius_from_fahrenheit,output_0,temp_f,train,G
29,1,1,seconds_from_minutes,seconds_from_minutes,output_0,minute_count,train,G
53,2,2,compose_reference_code,compose_reference_code,output_0,code_number|code_prefix,train,G
31,1,1,meters_from_km,meters_from_km,output_0,distance_km,train,G
49,1,1,whole_minutes_from_seconds,whole_minutes_from_seconds,output_0,second_count,train,G
30,2,2,scale_quantity,scale_quantity,output_0,factor|quantity,train,G
35,2,2,pick_higher,pick_higher,output_0,candidate_a|candidate_b,train,G
27,1,1,minutes_from_hours,minutes_from_hours,output_0,hour_count,train,G
47,2,2,portion_by_rate,portion_by_rate,output_0,rate|reference_value,train,G
41,2,2,reduce_amount,reduce_amount,output_0,base_value|reduction,train,G
41,2,2,full_groups_of,full_groups_of,output_0,group_size|total_items,train,G
32,1,1,central_value,central_value,output_0,number_list,train,G
53,2,2,rescale_series,rescale_series,output_0,multiplier|number_list,train,G
37,2,2,shrink_by_rate,shrink_by_rate,output_0,discount_rate|starting_value,train,G
39,2,2,leftover_after_grouping,leftover_after_grouping,output_0,group_size|total_items,train,G
28,1,1,flip_sign,flip_sign,output_0,value,train,G
41,2,2,full_groups_of,full_groups_of,output_0,group_size|total_items,train,G
42,2,2,proportion_between,proportion_between,output_0,part_value|whole_value,train,G
37,1,1,fahrenheit_from_celsius,fahrenheit_from_celsius,output_0,temp_c,train,G
41,2,2,reduce_amount,reduce_amount,output_0,base_value|reduction,train,G
35,1,1,km_from_meters,km_from_meters,output_0,distance_m,train,G
26,1,1,stringify_amount,stringify_amount,output_0,amount,train,G
28,2,2,per_unit_value,per_unit_value,output_0,units|whole,train,G
41,1,1,round_down_whole,round_down_whole,output_0,value,train,G
27,1,1,minutes_from_hours,minutes_from_hours,output_0,hour_count,train,G
32,1,1,central_value,central_value,output_0,number_list,train,G
34,1,1,celsius_from_fahrenheit,celsius_from_fahrenheit,output_0,temp_f,train,G
26,1,1,stringify_amount,stringify_amount,output_0,amount,train,G
41,2,2,full_groups_of,full_groups_of,output_0,group_size|total_items,train,G
37,1,1,valley_of_series,valley_of_series,output_0,number_list,train,G
42,2,2,trim_precision,trim_precision,output_0,digits|raw_value,train,G
34,2,2,pick_lower,pick_lower,output_0,candidate_a|candidate_b,train,G
37,2,2,shrink_by_rate,shrink_by_rate,output_0,discount_rate|starting_value,train,G
46,2,2,total_of_pair,total_of_pair,output_0,left|right,train,G
33,1,1,aggregate_total,aggregate_total,output_0,number_list,train,G
31,1,1,meters_from_km,meters_from_km,output_0,distance_km,train,G
35,2,2,exponentiate,exponentiate,output_0,base_value|power_value,train,G
47,2,2,portion_by_rate,portion_by_rate,output_0,rate|reference_value,train,G
31,2,2,join_text_pieces,join_text_pieces,output_0,piece_one|piece_two,train,G
54,3,3,inside_limits,inside_limits,output_0,high_limit|low_limit|reading,train,G
38,1,1,series_length,series_length,output_0,number_list,train,G
44,3,3,dispersion_of_three,dispersion_of_three,output_0,value_one|value_three|value_two,train,G
38,1,1,root_extract,root_extract,output_0,input_value,train,G
28,1,1,flip_sign,flip_sign,output_0,value,train,G
49,2,2,adjust_to_whole,adjust_to_whole,output_0,direction|value,train,G
49,1,1,whole_minutes_from_seconds,whole_minutes_from_seconds,output_0,second_count,train,G
16,2,2,absolute_difference,absolute_difference,output_0,arg_0|arg_1,train,A
39,2,2,increase_by_percent,increase_by_percent,output_0,base|percent,train,A
54,2,2,round_to_decimals,round_to_decimals,output_0,places|value,train,A
21,2,2,average_of_two,average_of_two,output_0,arg_0|arg_1,train,A
30,2,2,floor_divide,floor_divide,output_0,arg_0|arg_1,train,A
39,2,2,decrease_by_percent,decrease_by_percent,output_0,base|percent,train,A
33,1,1,ceiling,ceiling,output_0,arg_0,train,A
28,1,1,minutes_to_seconds,minutes_to_seconds,output_0,minutes,train,A
39,1,1,nearest_integer,nearest_integer,output_0,arg_0,train,A
35,1,1,floor,floor,output_0,arg_0,train,A
39,2,2,divide,divide,output_0,arg_0|arg_1,train,A
37,2,2,ratio_of,ratio_of,output_0,denominator|numerator,train,A
38,2,2,percent_of,percent_of,output_0,percent|whole,train,A
39,1,1,mean_of_values,mean_of_values,output_0,values,train,A
39,2,2,increase_by_percent,increase_by_percent,output_0,base|percent,train,A
35,1,1,negate,negate,output_0,arg_0,train,A
40,2,2,add,add,output_0,arg_0|arg_1,train,A
32,1,1,inverse,inverse,output_0,arg_0,train,A
39,2,2,divide,divide,output_0,arg_0|arg_1,train,A
38,1,1,parse_numeric_text,parse_numeric_text,output_0,text,train,A
35,2,2,product_of_numbers,product_of_numbers,output_0,first_factor|second_factor,train,A
32,1,1,range_of_values,range_of_values,output_0,values,train,A
34,2,2,concat_strings,concat_strings,output_0,first|second,train,A
31,1,1,celsius_to_fahrenheit,celsius_to_fahrenheit,output_0,celsius,train,A
33,1,1,ceiling,ceiling,output_0,arg_0,train,A
42,1,1,digit_sum,digit_sum,output_0,arg_0,train,A
58,2,2,round_with_mode,round_with_mode,output_0,mode|value,train,A
43,1,1,sort_values_descending,sort_values_descending,output_0,values,train,A
39,2,2,decrease_by_percent,decrease_by_percent,output_0,base|percent,train,A
57,2,2,label_with_unit,label_with_unit,output_0,unit|value,train,A
21,2,2,average_of_two,average_of_two,output_0,arg_0|arg_1,train,A
45,1,1,text_length,text_length,output_0,text,train,A
30,1,1,count_of_values,count_of_values,output_0,values,train,A
43,2,2,subtract,subtract,output_0,arg_0|arg_1,train,A
38,1,1,max_of_values,max_of_values,output_0,values,train,A
42,1,1,digit_sum,digit_sum,output_0,arg_0,train,A
34,2,2,sum_two_numbers,sum_two_numbers,output_0,first_number|second_number,train,A
32,1,1,square_value,square_value,output_0,arg_0,train,A
39,2,2,divide,divide,output_0,arg_0|arg_1,train,A
16,2,2,absolute_difference,absolute_difference,output_0,arg_0|arg_1,train,A
23,2,2,multiply,multiply,output_0,arg_0|arg_1,train,A
39,1,1,nearest_integer,nearest_integer,output_0,arg_0,train,A
57,2,2,label_with_unit,label_with_unit,output_0,unit|value,train,A
33,1,1,ceiling,ceiling,output_0,arg_0,train,A
73,3,3,range_of_three,range_of_three,output_0,arg_0|arg_1|arg_2,train,A
54,2,2,round_to_decimals,round_to_decimals,output_0,places|value,train,A
33,1,1,ceiling,ceiling,output_0,arg_0,train,A
24,1,1,sqrt,sqrt,output_0,arg_0,train,A
40,2,2,add,add,output_0,arg_0|arg_1,train,A
60,3,3,is_within_range,is_within_range,output_0,maximum|minimum|value,train,A
39,1,1,min_of_values,min_of_values,output_0,values,train,A
43,2,2,subtract,subtract,output_0,arg_0|arg_1,train,A
35,1,1,floor,floor,output_0,arg_0,train,A
53,2,2,split_evenly,split_evenly,output_0,parts|total,train,G
37,1,1,fahrenheit_from_celsius,fahrenheit_from_celsius,output_0,temp_c,train,G
39,2,2,leftover_after_grouping,leftover_after_grouping,output_0,group_size|total_items,train,G
35,1,1,peak_of_series,peak_of_series,output_0,number_list,train,G
49,2,2,entries_over_limit,entries_over_limit,output_0,limit|number_list,train,G
49,2,2,adjust_to_whole,adjust_to_whole,output_0,direction|value,train,G
38,3,3,balance_of_three,balance_of_three,output_0,reading_one|reading_three|reading_two,train,G
38,1,1,root_extract,root_extract,output_0,input_value,train,G
36,2,2,gap_between,gap_between,output_0,first_value|second_value,train,G
35,2,2,midpoint_value,midpoint_value,output_0,value_one|value_two,train,G
33,1,1,whole_number_of,whole_number_of,output_0,value,train,G
53,2,2,serialize_series,serialize_series,output_0,delimiter|number_list,train,G
46,1,1,order_series_high_to_low,order_series_high_to_low,output_0,number_list,train,G
28,1,1,flip_sign,flip_sign,output_0,value,train,G
35,1,1,km_from_meters,km_from_meters,output_0,distance_m,train,G
42,2,2,extend_series_with,extend_series_with,output_0,new_entry|number_list,train,G
49,1,1,whole_minutes_from_seconds,whole_minutes_from_seconds,output_0,second_count,train,G
46,2,2,render_with_decimals,render_with_decimals,output_0,decimal_count|value,train,G
41,2,2,full_groups_of,full_groups_of,output_0,group_size|total_items,train,G
46,2,2,total_of_pair,total_of_pair,output_0,left|right,train,G
32,2,2,quotient_of,quotient_of,output_0,denominator|numerator,train,A
30,2,2,floor_divide,floor_divide,output_0,arg_0|arg_1,train,A
30,1,1,km_to_meters,km_to_meters,output_0,kilometers,train,A
30,2,2,percentage_value,percentage_value,output_0,base|rate_percent,train,A
39,2,2,increase_by_percent,increase_by_percent,output_0,base|percent,train,A
39,2,2,decrease_by_percent,decrease_by_percent,output_0,base|percent,train,A
62,2,2,append_to_values,append_to_values,output_0,value|values,train,A
28,1,1,minutes_to_seconds,minutes_to_seconds,output_0,minutes,train,A
40,2,2,add,add,output_0,arg_0|arg_1,train,A
31,1,1,celsius_to_fahrenheit,celsius_to_fahrenheit,output_0,celsius,train,A
23,1,1,sum_of_values,sum_of_values,output_0,values,train,A
37,2,2,ratio_of,ratio_of,output_0,denominator|numerator,train,A
40,2,2,add,add,output_0,arg_0|arg_1,train,A
57,2,2,label_with_unit,label_with_unit,output_0,unit|value,train,A
58,2,2,round_with_mode,round_with_mode,output_0,mode|value,train,A
16,2,2,absolute_difference,absolute_difference,output_0,arg_0|arg_1,train,A
32,1,1,square_value,square_value,output_0,arg_0,train,A
38,1,1,max_of_values,max_of_values,output_0,values,train,A
35,2,2,product_of_numbers,product_of_numbers,output_0,first_factor|second_factor,train,A
30,1,1,km_to_meters,km_to_meters,output_0,kilometers,train,A
38,2,2,percent_of,percent_of,output_0,percent|whole,train,A
33,1,1,whole_number_of,whole_number_of,output_0,value,train,G
36,3,3,total_of_three_parts,total_of_three_parts,output_0,part_one|part_three|part_two,train,G
33,1,1,aggregate_total,aggregate_total,output_0,number_list,train,G
42,2,2,trim_precision,trim_precision,output_0,digits|raw_value,train,G
51,2,2,divides_evenly,divides_evenly,output_0,group_size|total_amount,train,G
50,2,2,annotate_measurement,annotate_measurement,output_0,measurement|unit_name,train,G
52,2,2,exceeds_value,exceeds_value,output_0,limit|measured_value,train,G
39,1,1,self_product,self_product,output_0,value,train,G
53,2,2,split_evenly,split_evenly,output_0,parts|total,train,G
21,2,2,average_of_two,average_of_two,output_0,arg_0|arg_1,train,A
16,2,2,absolute_difference,absolute_difference,output_0,arg_0|arg_1,train,A
50,1,1,seconds_to_full_minutes,seconds_to_full_minutes,output_0,seconds,train,A
32,1,1,inverse,inverse,output_0,arg_0,train,A
31,1,1,celsius_to_fahrenheit,celsius_to_fahrenheit,output_0,celsius,train,A
66,2,2,build_tag,build_tag,output_0,prefix|value,train,A
26,1,1,hours_to_minutes,hours_to_minutes,output_0,hours,train,A
31,1,1,fahrenheit_to_celsius,fahrenheit_to_celsius,output_0,fahrenheit,train,A
43,2,2,subtract,subtract,output_0,arg_0|arg_1,train,A
28,1,1,flip_sign,flip_sign,output_0,value,train,G
42,2,2,proportion_between,proportion_between,output_0,part_value|whole_value,train,G
35,2,2,pick_higher,pick_higher,output_0,candidate_a|candidate_b,train,G
53,2,2,split_evenly,split_evenly,output_0,parts|total,train,G
52,1,1,rank_of_peak,rank_of_peak,output_0,number_list,train,G
37,1,1,reciprocal_value,reciprocal_value,output_0,value,train,G
47,2,2,portion_by_rate,portion_by_rate,output_0,rate|reference_value,train,G
36,1,1,character_count,character_count,output_0,input_text,train,G
35,1,1,round_up_whole,round_up_whole,output_0,value,train,G
34,2,2,pick_lower,pick_lower,output_0,candidate_a|candidate_b,train,G
30,2,2,scale_quantity,scale_quantity,output_0,factor|quantity,train,G
42,2,2,proportion_between,proportion_between,output_0,part_value|whole_value,train,G
41,2,2,combine_amounts,combine_amounts,output_0,amount_a|amount_b,train,G
35,2,2,grow_by_rate,grow_by_rate,output_0,growth_rate|starting_value,train,G
27,1,1,minutes_from_hours,minutes_from_hours,output_0,hour_count,train,G
47,2,2,portion_by_rate,portion_by_rate,output_0,rate|reference_value,train,G
38,1,1,root_extract,root_extract,output_0,input_value,train,G
43,1,1,accumulate_series,accumulate_series,output_0,number_list,train,G
37,2,2,reminder,reminder,output_0,arg_0|arg_1,train,A
34,2,2,sum_two_numbers,sum_two_numbers,output_0,first_number|second_number,train,A
35,1,1,floor,floor,output_0,arg_0,train,A
33,2,2,difference_of_numbers,difference_of_numbers,output_0,minuend|subtrahend,train,A
38,1,1,max_of_values,max_of_values,output_0,values,train,A
28,1,1,minutes_to_seconds,minutes_to_seconds,output_0,minutes,train,A
37,2,2,ratio_of,ratio_of,output_0,denominator|numerator,train,A
32,1,1,inverse,inverse,output_0,arg_0,train,A
39,2,2,divide,divide,output_0,arg_0|arg_1,train,A
39,2,2,decrease_by_percent,decrease_by_percent,output_0,base|percent,train,A
16,2,2,absolute_difference,absolute_difference,output_0,arg_0|arg_1,train,A
52,1,1,position_of_maximum,position_of_maximum,output_0,values,train,A
39,1,1,min_of_values,min_of_values,output_0,values,train,A
35,2,2,product_of_numbers,product_of_numbers,output_0,first_factor|second_factor,train,A
26,2,2,exponent_of,exponent_of,output_0,base|exponent,train,A
35,2,2,product_of_numbers,product_of_numbers,output_0,first_factor|second_factor,train,A
39,2,2,decrease_by_percent,decrease_by_percent,output_0,base|percent,train,A
32,1,1,square_value,square_value,output_0,arg_0,train,A
39,2,2,increase_by_percent,increase_by_percent,output_0,base|percent,train,A
38,2,2,percent_of,percent_of,output_0,percent|whole,train,A
66,2,2,build_tag,build_tag,output_0,prefix|value,train,A
38,2,2,power,power,output_0,arg_0|arg_1,train,A
35,1,1,negate,negate,output_0,arg_0,train,A
42,2,2,proportion_between,proportion_between,output_0,part_value|whole_value,train,G
28,2,2,per_unit_value,per_unit_value,output_0,units|whole,train,G
49,1,1,whole_minutes_from_seconds,whole_minutes_from_seconds,output_0,second_count,train,G
46,2,2,total_of_pair,total_of_pair,output_0,left|right,train,G
42,2,2,trim_precision,trim_precision,output_0,digits|raw_value,train,G
47,2,2,portion_by_rate,portion_by_rate,output_0,rate|reference_value,train,G
53,2,2,compose_reference_code,compose_reference_code,output_0,code_number|code_prefix,train,G
35,2,2,grow_by_rate,grow_by_rate,output_0,growth_rate|starting_value,train,G
41,2,2,reduce_amount,reduce_amount,output_0,base_value|reduction,train,G
42,2,2,proportion_between,proportion_between,output_0,part_value|whole_value,train,G
35,1,1,km_from_meters,km_from_meters,output_0,distance_m,train,G
46,1,1,order_series_high_to_low,order_series_high_to_low,output_0,number_list,train,G
49,2,2,adjust_to_whole,adjust_to_whole,output_0,direction|value,train,G
35,2,2,exponentiate,exponentiate,output_0,base_value|power_value,train,G
35,2,2,grow_by_rate,grow_by_rate,output_0,growth_rate|starting_value,train,G
37,2,2,shrink_by_rate,shrink_by_rate,output_0,discount_rate|starting_value,train,G
39,1,1,self_product,self_product,output_0,value,train,G
34,1,1,series_spread,series_spread,output_0,number_list,train,G
43,1,1,accumulate_series,accumulate_series,output_0,number_list,train,G
53,2,2,compose_reference_code,compose_reference_code,output_0,code_number|code_prefix,train,G
34,1,1,celsius_from_fahrenheit,celsius_from_fahrenheit,output_0,temp_f,train,G
35,2,2,midpoint_value,midpoint_value,output_0,value_one|value_two,train,G
52,1,1,rank_of_peak,rank_of_peak,output_0,number_list,train,G
35,2,2,grow_by_rate,grow_by_rate,output_0,growth_rate|starting_value,train,G
41,2,2,combine_amounts,combine_amounts,output_0,amount_a|amount_b,train,G
41,1,1,round_down_whole,round_down_whole,output_0,value,train,G
33,1,1,whole_number_of,whole_number_of,output_0,value,train,G
35,1,1,peak_of_series,peak_of_series,output_0,number_list,train,G
52,2,2,exceeds_value,exceeds_value,output_0,limit|measured_value,train,G
41,2,2,full_groups_of,full_groups_of,output_0,group_size|total_items,train,G
38,1,1,series_length,series_length,output_0,number_list,train,G
36,1,1,character_count,character_count,output_0,input_text,train,G
39,2,2,leftover_after_grouping,leftover_after_grouping,output_0,group_size|total_items,train,G
46,2,2,render_with_decimals,render_with_decimals,output_0,decimal_count|value,train,G
42,2,2,proportion_between,proportion_between,output_0,part_value|whole_value,train,G
26,1,1,stringify_amount,stringify_amount,output_0,amount,train,G
39,1,1,self_product,self_product,output_0,value,train,G
53,2,2,split_evenly,split_evenly,output_0,parts|total,train,G
42,2,2,leading_entries,leading_entries,output_0,how_many|number_list,train,G
37,2,2,ratio_of,ratio_of,output_0,denominator|numerator,train,A
27,2,2,minimum_of_two,minimum_of_two,output_0,arg_0|arg_1,train,A
30,2,2,percentage_value,percentage_value,output_0,base|rate_percent,train,A
32,1,1,square_value,square_value,output_0,arg_0,train,A
34,2,2,whole_quotient,whole_quotient,output_0,dividend|divisor,train,A
30,2,2,modulo_of,modulo_of,output_0,dividend|divisor,train,A
39,2,2,decrease_by_percent,decrease_by_percent,output_0,base|percent,train,A
62,2,2,append_to_values,append_to_values,output_0,value|values,train,A
34,2,2,whole_quotient,whole_quotient,output_0,dividend|divisor,train,A
33,1,1,ceiling,ceiling,output_0,arg_0,train,A
62,2,2,append_to_values,append_to_values,output_0,value|values,train,A
39,2,2,decrease_by_percent,decrease_by_percent,output_0,base|percent,train,A
64,2,2,is_divisible_by,is_divisible_by,output_0,arg_0|arg_1,train,A
35,1,1,floor,floor,output_0,arg_0,train,A
39,2,2,increase_by_percent,increase_by_percent,output_0,base|percent,train,A
32,1,1,range_of_values,range_of_values,output_0,values,train,A
30,2,2,percentage_value,percentage_value,output_0,base|rate_percent,train,A
27,1,1,minutes_from_hours,minutes_from_hours,output_0,hour_count,train,G
35,2,2,exponentiate,exponentiate,output_0,base_value|power_value,train,G
40,2,2,remaining_after,remaining_after,output_0,from_value|take_away,train,G
47,2,2,portion_by_rate,portion_by_rate,output_0,rate|reference_value,train,G
35,3,3,bound_within,bound_within,output_0,high_limit|input_value|low_limit,train,G
46,2,2,total_of_pair,total_of_pair,output_0,left|right,train,G
35,1,1,km_from_meters,km_from_meters,output_0,distance_m,train,G
39,1,1,self_product,self_product,output_0,value,train,G
42,2,2,extend_series_with,extend_series_with,output_0,new_entry|number_list,train,G
30,2,2,scale_quantity,scale_quantity,output_0,factor|quantity,train,G
42,2,2,proportion_between,proportion_between,output_0,part_value|whole_value,train,G
37,2,2,shrink_by_rate,shrink_by_rate,output_0,discount_rate|starting_value,train,G
46,2,2,total_of_pair,total_of_pair,output_0,left|right,train,G
41,2,2,full_groups_of,full_groups_of,output_0,group_size|total_items,train,G
35,2,2,midpoint_value,midpoint_value,output_0,value_one|value_two,train,G
35,1,1,round_up_whole,round_up_whole,output_0,value,train,G
37,1,1,reciprocal_value,reciprocal_value,output_0,value,train,G
54,3,3,inside_limits,inside_limits,output_0,high_limit|low_limit|reading,train,G
47,2,2,portion_by_rate,portion_by_rate,output_0,rate|reference_value,train,G
53,2,2,serialize_series,serialize_series,output_0,delimiter|number_list,train,G
38,3,3,balance_of_three,balance_of_three,output_0,reading_one|reading_three|reading_two,train,G
34,1,1,celsius_from_fahrenheit,celsius_from_fahrenheit,output_0,temp_f,train,G
40,2,2,remaining_after,remaining_after,output_0,from_value|take_away,train,G
38,1,1,root_extract,root_extract,output_0,input_value,train,G
49,1,1,whole_minutes_from_seconds,whole_minutes_from_seconds,output_0,second_count,train,G
52,1,1,rank_of_peak,rank_of_peak,output_0,number_list,train,G
47,2,2,portion_by_rate,portion_by_rate,output_0,rate|reference_value,train,G
46,2,2,render_with_decimals,render_with_decimals,output_0,decimal_count|value,train,G
42,2,2,proportion_between,proportion_between,output_0,part_value|whole_value,train,G
35,2,2,grow_by_rate,grow_by_rate,output_0,growth_rate|starting_value,train,G
28,2,2,per_unit_value,per_unit_value,output_0,units|whole,train,G
31,1,1,meters_from_km,meters_from_km,output_0,distance_km,train,G
42,2,2,trim_precision,trim_precision,output_0,digits|raw_value,train,G
46,1,1,order_series_high_to_low,order_series_high_to_low,output_0,number_list,train,G
46,2,2,render_with_decimals,render_with_decimals,output_0,decimal_count|value,train,G
31,1,1,meters_from_km,meters_from_km,output_0,distance_km,train,G
41,1,1,round_down_whole,round_down_whole,output_0,value,train,G
53,2,2,split_evenly,split_evenly,output_0,parts|total,train,G
35,2,2,midpoint_value,midpoint_value,output_0,value_one|value_two,train,G
37,2,2,shrink_by_rate,shrink_by_rate,output_0,discount_rate|starting_value,train,G
52,2,2,exceeds_value,exceeds_value,output_0,limit|measured_value,train,G
54,3,3,inside_limits,inside_limits,output_0,high_limit|low_limit|reading,train,G
35,1,1,km_from_meters,km_from_meters,output_0,distance_m,train,G
29,2,2,pairwise_product,pairwise_product,output_0,value_one|value_two,train,G
41,2,2,combine_amounts,combine_amounts,output_0,amount_a|amount_b,train,G
47,2,2,portion_by_rate,portion_by_rate,output_0,rate|reference_value,train,G
42,2,2,proportion_between,proportion_between,output_0,part_value|whole_value,train,G
28,2,2,per_unit_value,per_unit_value,output_0,units|whole,train,G
43,1,1,read_amount_from_text,read_amount_from_text,output_0,raw_text,train,G
30,1,1,meters_to_km,meters_to_km,output_0,meters,train,A
33,2,2,difference_of_numbers,difference_of_numbers,output_0,minuend|subtrahend,train,A
16,2,2,absolute_difference,absolute_difference,output_0,arg_0|arg_1,train,A
24,1,1,sqrt,sqrt,output_0,arg_0,train,A
39,2,2,increase_by_percent,increase_by_percent,output_0,base|percent,train,A
38,1,1,max_of_values,max_of_values,output_0,values,train,A
21,2,2,average_of_two,average_of_two,output_0,arg_0|arg_1,train,A
51,2,2,scale_values,scale_values,output_0,factor|values,train,A
34,2,2,sum_two_numbers,sum_two_numbers,output_0,first_number|second_number,train,A
37,2,2,ratio_of,ratio_of,output_0,denominator|numerator,train,A
27,2,2,minimum_of_two,minimum_of_two,output_0,arg_0|arg_1,train,A
32,1,1,range_of_values,range_of_values,output_0,values,train,A
30,1,1,count_of_values,count_of_values,output_0,values,train,A
66,2,2,build_tag,build_tag,output_0,prefix|value,train,A
57,2,2,label_with_unit,label_with_unit,output_0,unit|value,train,A
62,2,2,is_greater,is_greater,output_0,arg_0|arg_1,train,A
16,2,2,absolute_difference,absolute_difference,output_0,arg_0|arg_1,train,A
54,2,2,round_to_decimals,round_to_decimals,output_0,places|value,train,A
59,2,2,filter_values_above,filter_values_above,output_0,threshold|values,train,A
30,2,2,floor_divide,floor_divide,output_0,arg_0|arg_1,train,A
26,2,2,maximum_of_two,maximum_of_two,output_0,arg_0|arg_1,train,A
35,1,1,floor,floor,output_0,arg_0,train,A
43,2,2,subtract,subtract,output_0,arg_0|arg_1,train,A
33,1,1,ceiling,ceiling,output_0,arg_0,train,A
21,2,2,average_of_two,average_of_two,output_0,arg_0|arg_1,train,A
30,1,1,count_of_values,count_of_values,output_0,values,train,A
30,2,2,modulo_of,modulo_of,output_0,dividend|divisor,train,A
50,1,1,seconds_to_full_minutes,seconds_to_full_minutes,output_0,seconds,train,A
39,1,1,min_of_values,min_of_values,output_0,values,train,A
26,1,1,hours_to_minutes,hours_to_minutes,output_0,hours,train,A
30,1,1,km_to_meters,km_to_meters,output_0,kilometers,train,A
27,2,2,minimum_of_two,minimum_of_two,output_0,arg_0|arg_1,train,A
61,2,2,format_number_fixed,format_number_fixed,output_0,places|value,train,A
32,1,1,range_of_values,range_of_values,output_0,values,train,A
54,2,2,round_to_decimals,round_to_decimals,output_0,places|value,train,A
39,2,2,divide,divide,output_0,arg_0|arg_1,train,A
30,2,2,percentage_value,percentage_value,output_0,base|rate_percent,train,A
39,1,1,nearest_integer,nearest_integer,output_0,arg_0,train,A
26,2,2,maximum_of_two,maximum_of_two,output_0,arg_0|arg_1,train,A
30,1,1,count_of_values,count_of_values,output_0,values,train,A
37,2,2,ratio_of,ratio_of,output_0,denominator|numerator,train,A
39,1,1,running_totals,running_totals,output_0,values,train,A
39,2,2,decrease_by_percent,decrease_by_percent,output_0,base|percent,train,A
32,1,1,square_value,square_value,output_0,arg_0,train,A
30,2,2,percentage_value,percentage_value,output_0,base|rate_percent,train,A
26,1,1,hours_to_minutes,hours_to_minutes,output_0,hours,train,A
39,2,2,increase_by_percent,increase_by_percent,output_0,base|percent,train,A
30,2,2,floor_divide,floor_divide,output_0,arg_0|arg_1,train,A
62,2,2,is_greater,is_greater,output_0,arg_0|arg_1,train,A
41,3,3,sum_of_three,sum_of_three,output_0,arg_0|arg_1|arg_2,train,A
33,1,1,ceiling,ceiling,output_0,arg_0,train,A
54,2,2,join_values_with,join_values_with,output_0,separator|values,train,A
60,3,3,is_within_range,is_within_range,output_0,maximum|minimum|value,train,A
45,3,3,mean_of_three,mean_of_three,output_0,arg_0|arg_1|arg_2,train,A
30,2,2,modulo_of,modulo_of,output_0,dividend|divisor,train,A
30,1,1,km_to_meters,km_to_meters,output_0,kilometers,train,A
38,1,1,root_extract,root_extract,output_0,input_value,train,G
36,2,2,gap_between,gap_between,output_0,first_value|second_value,train,G
35,2,2,grow_by_rate,grow_by_rate,output_0,growth_rate|starting_value,train,G
37,2,2,shrink_by_rate,shrink_by_rate,output_0,discount_rate|starting_value,train,G
41,1,1,round_down_whole,round_down_whole,output_0,value,train,G
39,2,2,leftover_after_grouping,leftover_after_grouping,output_0,group_size|total_items,train,G
36,1,1,character_count,character_count,output_0,input_text,train,G
42,2,2,proportion_between,proportion_between,output_0,part_value|whole_value,train,G
33,1,1,whole_number_of,whole_number_of,output_0,value,train,G
64,2,2,is_divisible_by,is_divisible_by,output_0,arg_0|arg_1,train,A
21,2,2,average_of_two,average_of_two,output_0,arg_0|arg_1,train,A
45,1,1,text_length,text_length,output_0,text,train,A
16,2,2,absolute_difference,absolute_difference,output_0,arg_0|arg_1,train,A
39,1,1,mean_of_values,mean_of_values,output_0,values,train,A
57,2,2,label_with_unit,label_with_unit,output_0,unit|value,train,A
30,1,1,meters_to_km,meters_to_km,output_0,meters,train,A
62,2,2,is_greater,is_greater,output_0,arg_0|arg_1,train,A
39,2,2,decrease_by_percent,decrease_by_percent,output_0,base|percent,train,A
40,3,3,clamp_value,clamp_value,output_0,maximum|minimum|value,train,A
37,2,2,ratio_of,ratio_of,output_0,denominator|numerator,train,A
39,1,1,min_of_values,min_of_values,output_0,values,train,A
42,2,2,leading_entries,leading_entries,output_0,how_many|number_list,train,G
29,2,2,pairwise_product,pairwise_product,output_0,value_one|value_two,train,G
44,3,3,dispersion_of_three,dispersion_of_three,output_0,value_one|value_three|value_two,train,G
40,2,2,remaining_after,remaining_after,output_0,from_value|take_away,train,G
31,1,1,meters_from_km,meters_from_km,output_0,distance_km,train,G
35,2,2,grow_by_rate,grow_by_rate,output_0,growth_rate|starting_value,train,G
49,2,2,entries_over_limit,entries_over_limit,output_0,limit|number_list,train,G
41,2,2,full_groups_of,full_groups_of,output_0,group_size|total_items,train,G
53,2,2,compose_reference_code,compose_reference_code,output_0,code_number|code_prefix,train,G
37,1,1,valley_of_series,valley_of_series,output_0,number_list,train,G
37,2,2,shrink_by_rate,shrink_by_rate,output_0,discount_rate|starting_value,train,G
49,2,2,adjust_to_whole,adjust_to_whole,output_0,direction|value,train,G
36,3,3,total_of_three_parts,total_of_three_parts,output_0,part_one|part_three|part_two,train,G
46,2,2,total_of_pair,total_of_pair,output_0,left|right,train,G
53,2,2,rescale_series,rescale_series,output_0,multiplier|number_list,train,G
35,2,2,exponentiate,exponentiate,output_0,base_value|power_value,train,G
26,1,1,stringify_amount,stringify_amount,output_0,amount,train,G
35,2,2,midpoint_value,midpoint_value,output_0,value_one|value_two,train,G
34,2,2,pick_lower,pick_lower,output_0,candidate_a|candidate_b,train,G
42,2,2,trim_precision,trim_precision,output_0,digits|raw_value,train,G
31,1,1,meters_from_km,meters_from_km,output_0,distance_km,train,G
29,2,2,pairwise_product,pairwise_product,output_0,value_one|value_two,train,G
41,2,2,combine_amounts,combine_amounts,output_0,amount_a|amount_b,train,G
33,1,1,whole_number_of,whole_number_of,output_0,value,train,G
35,2,2,pick_higher,pick_higher,output_0,candidate_a|candidate_b,train,G
28,2,2,per_unit_value,per_unit_value,output_0,units|whole,train,G
47,2,2,portion_by_rate,portion_by_rate,output_0,rate|reference_value,train,G
35,2,2,midpoint_value,midpoint_value,output_0,value_one|value_two,train,G
41,2,2,full_groups_of,full_groups_of,output_0,group_size|total_items,train,G
36,2,2,gap_between,gap_between,output_0,first_value|second_value,train,G
38,2,2,percent_of,percent_of,output_0,percent|whole,train,A
16,2,2,absolute_difference,absolute_difference,output_0,arg_0|arg_1,train,A
33,1,1,ceiling,ceiling,output_0,arg_0,train,A
50,2,2,take_top_values,take_top_values,output_0,k|values,train,A
39,2,2,divide,divide,output_0,arg_0|arg_1,train,A
23,2,2,multiply,multiply,output_0,arg_0|arg_1,train,A
32,1,1,inverse,inverse,output_0,arg_0,train,A
30,1,1,meters_to_km,meters_to_km,output_0,meters,train,A
45,3,3,mean_of_three,mean_of_three,output_0,arg_0|arg_1|arg_2,train,A
21,2,2,average_of_two,average_of_two,output_0,arg_0|arg_1,train,A
59,2,2,filter_values_above,filter_values_above,output_0,threshold|values,train,A
39,1,1,mean_of_values,mean_of_values,output_0,values,train,A
33,2,2,difference_of_numbers,difference_of_numbers,output_0,minuend|subtrahend,train,A
37,2,2,ratio_of,ratio_of,output_0,denominator|numerator,train,A
32,1,1,range_of_values,range_of_values,output_0,values,train,A
35,1,1,negate,negate,output_0,arg_0,train,A
39,2,2,increase_by_percent,increase_by_percent,output_0,base|percent,train,A
37,2,2,reminder,reminder,output_0,arg_0|arg_1,train,A
39,2,2,divide,divide,output_0,arg_0|arg_1,train,A
40,3,3,clamp_value,clamp_value,output_0,maximum|minimum|value,train,A
34,2,2,concat_strings,concat_strings,output_0,first|second,train,A
30,2,2,floor_divide,floor_divide,output_0,arg_0|arg_1,train,A
26,2,2,exponent_of,exponent_of,output_0,base|exponent,train,A
16,2,2,absolute_difference,absolute_difference,output_0,arg_0|arg_1,train,A
39,1,1,nearest_integer,nearest_integer,output_0,arg_0,train,A
37,2,2,ratio_of,ratio_of,output_0,denominator|numerator,train,A
38,2,2,percent_of,percent_of,output_0,percent|whole,train,A
62,2,2,append_to_values,append_to_values,output_0,value|values,train,A
26,2,2,maximum_of_two,maximum_of_two,output_0,arg_0|arg_1,train,A
50,1,1,seconds_to_full_minutes,seconds_to_full_minutes,output_0,seconds,train,A
21,2,2,average_of_two,average_of_two,output_0,arg_0|arg_1,train,A
39,2,2,divide,divide,output_0,arg_0|arg_1,train,A
16,2,2,absolute_difference,absolute_difference,output_0,arg_0|arg_1,train,A
45,3,3,mean_of_three,mean_of_three,output_0,arg_0|arg_1|arg_2,train,A
39,2,2,increase_by_percent,increase_by_percent,output_0,base|percent,train,A
33,2,2,difference_of_numbers,difference_of_numbers,output_0,minuend|subtrahend,train,A
39,2,2,decrease_by_percent,decrease_by_percent,output_0,base|percent,train,A
34,2,2,sum_two_numbers,sum_two_numbers,output_0,first_number|second_number,train,A
66,2,2,build_tag,build_tag,output_0,prefix|value,train,A
50,2,2,take_top_values,take_top_values,output_0,k|values,train,A
30,2,2,percentage_value,percentage_value,output_0,base|rate_percent,train,A
21,2,2,average_of_two,average_of_two,output_0,arg_0|arg_1,train,A
32,1,1,inverse,inverse,output_0,arg_0,train,A
37,2,2,reminder,reminder,output_0,arg_0|arg_1,train,A
23,1,1,sum_of_values,sum_of_values,output_0,values,train,A
35,1,1,floor,floor,output_0,arg_0,train,A
39,1,1,min_of_values,min_of_values,output_0,values,train,A
54,2,2,round_to_decimals,round_to_decimals,output_0,places|value,train,A
16,2,2,absolute_difference,absolute_difference,output_0,arg_0|arg_1,train,A
73,3,3,range_of_three,range_of_three,output_0,arg_0|arg_1|arg_2,train,A
35,1,1,negate,negate,output_0,arg_0,train,A
32,2,2,quotient_of,quotient_of,output_0,denominator|numerator,train,A
34,2,2,whole_quotient,whole_quotient,output_0,dividend|divisor,train,A
28,1,1,flip_sign,flip_sign,output_0,value,train,G
30,2,2,scale_quantity,scale_quantity,output_0,factor|quantity,train,G
46,2,2,render_with_decimals,render_with_decimals,output_0,decimal_count|value,train,G
33,1,1,whole_number_of,whole_number_of,output_0,value,train,G
35,1,1,peak_of_series,peak_of_series,output_0,number_list,train,G
29,1,1,seconds_from_minutes,seconds_from_minutes,output_0,minute_count,train,G
35,2,2,exponentiate,exponentiate,output_0,base_value|power_value,train,G
40,2,2,remaining_after,remaining_after,output_0,from_value|take_away,train,G
36,2,2,gap_between,gap_between,output_0,first_value|second_value,train,G
37,1,1,reciprocal_value,reciprocal_value,output_0,value,train,G
46,2,2,total_of_pair,total_of_pair,output_0,left|right,train,G
43,1,1,accumulate_series,accumulate_series,output_0,number_list,train,G
33,1,1,ceiling,ceiling,output_0,arg_0,train,A
62,2,2,append_to_values,append_to_values,output_0,value|values,train,A
42,1,1,digit_sum,digit_sum,output_0,arg_0,train,A
57,2,2,label_with_unit,label_with_unit,output_0,unit|value,train,A
39,1,1,nearest_integer,nearest_integer,output_0,arg_0,train,A
38,2,2,power,power,output_0,arg_0|arg_1,train,A
41,3,3,sum_of_three,sum_of_three,output_0,arg_0|arg_1|arg_2,train,A
54,2,2,join_values_with,join_values_with,output_0,separator|values,train,A
39,1,1,mean_of_values,mean_of_values,output_0,values,train,A
34,2,2,pick_lower,pick_lower,output_0,candidate_a|candidate_b,train,G
42,2,2,leading_entries,leading_entries,output_0,how_many|number_list,train,G
47,2,2,portion_by_rate,portion_by_rate,output_0,rate|reference_value,train,G
28,1,1,flip_sign,flip_sign,output_0,value,train,G
53,2,2,split_evenly,split_evenly,output_0,parts|total,train,G
35,1,1,km_from_meters,km_from_meters,output_0,distance_m,train,G
39,2,2,leftover_after_grouping,leftover_after_grouping,output_0,group_size|total_items,train,G
41,2,2,combine_amounts,combine_amounts,output_0,amount_a|amount_b,train,G
49,2,2,adjust_to_whole,adjust_to_whole,output_0,direction|value,train,G
27,1,1,minutes_from_hours,minutes_from_hours,output_0,hour_count,train,G
37,2,2,shrink_by_rate,shrink_by_rate,output_0,discount_rate|starting_value,train,G
31,2,2,join_text_pieces,join_text_pieces,output_0,piece_one|piece_two,train,G
36,2,2,gap_between,gap_between,output_0,first_value|second_value,train,G
35,1,1,km_from_meters,km_from_meters,output_0,distance_m,train,G
37,1,1,valley_of_series,valley_of_series,output_0,number_list,train,G
29,1,1,seconds_from_minutes,seconds_from_minutes,output_0,minute_count,train,G
49,2,2,entries_over_limit,entries_over_limit,output_0,limit|number_list,train,G
54,3,3,inside_limits,inside_limits,output_0,high_limit|low_limit|reading,train,G
35,2,2,grow_by_rate,grow_by_rate,output_0,growth_rate|starting_value,train,G
47,2,2,portion_by_rate,portion_by_rate,output_0,rate|reference_value,train,G
39,1,1,mean_of_values,mean_of_values,output_0,values,train,A
21,2,2,average_of_two,average_of_two,output_0,arg_0|arg_1,train,A
60,3,3,is_within_range,is_within_range,output_0,maximum|minimum|value,train,A
39,1,1,nearest_integer,nearest_integer,output_0,arg_0,train,A
73,3,3,range_of_three,range_of_three,output_0,arg_0|arg_1|arg_2,train,A
50,2,2,take_top_values,take_top_values,output_0,k|values,train,A
32,1,1,range_of_values,range_of_values,output_0,values,train,A
39,2,2,divide,divide,output_0,arg_0|arg_1,train,A
35,2,2,product_of_numbers,product_of_numbers,output_0,first_factor|second_factor,train,A
50,2,2,take_top_values,take_top_values,output_0,k|values,train,A
39,1,1,nearest_integer,nearest_integer,output_0,arg_0,train,A
16,2,2,absolute_difference,absolute_difference,output_0,arg_0|arg_1,train,A
33,2,2,difference_of_numbers,difference_of_numbers,output_0,minuend|subtrahend,train,A
61,2,2,format_number_fixed,format_number_fixed,output_0,places|value,train,A
32,1,1,square_value,square_value,output_0,arg_0,train,A
31,1,1,fahrenheit_to_celsius,fahrenheit_to_celsius,output_0,fahrenheit,train,A
54,2,2,round_to_decimals,round_to_decimals,output_0,places|value,train,A
35,1,1,floor,floor,output_0,arg_0,train,A
35,1,1,negate,negate,output_0,arg_0,train,A
38,1,1,parse_numeric_text,parse_numeric_text,output_0,text,train,A
38,2,2,percent_of,percent_of,output_0,percent|whole,train,A
39,1,1,nearest_integer,nearest_integer,output_0,arg_0,train,A
16,2,2,absolute_difference,absolute_difference,output_0,arg_0|arg_1,train,A
32,1,1,square_value,square_value,output_0,arg_0,train,A
39,2,2,decrease_by_percent,decrease_by_percent,output_0,base|percent,train,A
39,2,2,increase_by_percent,increase_by_percent,output_0,base|percent,train,A
54,2,2,join_values_with,join_values_with,output_0,separator|values,train,A
40,2,2,add,add,output_0,arg_0|arg_1,train,A
60,3,3,is_within_range,is_within_range,output_0,maximum|minimum|value,train,A
35,1,1,negate,negate,output_0,arg_0,train,A
30,2,2,percentage_value,percentage_value,output_0,base|rate_percent,train,A
50,2,2,take_top_values,take_top_values,output_0,k|values,train,A
21,2,2,average_of_two,average_of_two,output_0,arg_0|arg_1,train,A
54,2,2,round_to_decimals,round_to_decimals,output_0,places|value,train,A
26,1,1,hours_to_minutes,hours_to_minutes,output_0,hours,train,A
33,2,2,difference_of_numbers,difference_of_numbers,output_0,minuend|subtrahend,train,A
54,2,2,join_values_with,join_values_with,output_0,separator|values,train,A
30,2,2,percentage_value,percentage_value,output_0,base|rate_percent,train,A
58,2,2,round_with_mode,round_with_mode,output_0,mode|value,train,A
23,1,1,sum_of_values,sum_of_values,output_0,values,train,A
32,1,1,range_of_values,range_of_values,output_0,values,train,A
39,1,1,running_totals,running_totals,output_0,values,train,A
39,1,1,mean_of_values,mean_of_values,output_0,values,train,A
16,2,2,absolute_difference,absolute_difference,output_0,arg_0|arg_1,train,A
32,1,1,square_value,square_value,output_0,arg_0,train,A
39,2,2,increase_by_percent,increase_by_percent,output_0,base|percent,train,A
38,2,2,power,power,output_0,arg_0|arg_1,train,A
33,1,1,ceiling,ceiling,output_0,arg_0,train,A
30,1,1,km_to_meters,km_to_meters,output_0,kilometers,train,A
31,1,1,fahrenheit_to_celsius,fahrenheit_to_celsius,output_0,fahrenheit,train,A
37,2,2,ratio_of,ratio_of,output_0,denominator|numerator,train,A
40,3,3,clamp_value,clamp_value,output_0,maximum|minimum|value,train,A
59,2,2,filter_values_above,filter_values_above,output_0,threshold|values,train,A
35,1,1,negate,negate,output_0,arg_0,train,A
60,3,3,is_within_range,is_within_range,output_0,maximum|minimum|value,train,A
40,3,3,clamp_value,clamp_value,output_0,maximum|minimum|value,train,A
39,2,2,divide,divide,output_0,arg_0|arg_1,train,A
64,2,2,is_divisible_by,is_divisible_by,output_0,arg_0|arg_1,train,A
37,2,2,ratio_of,ratio_of,output_0,denominator|numerator,train,A
23,2,2,multiply,multiply,output_0,arg_0|arg_1,train,A
30,2,2,floor_divide,floor_divide,output_0,arg_0|arg_1,train,A
30,1,1,meters_to_km,meters_to_km,output_0,meters,train,A
32,1,1,inverse,inverse,output_0,arg_0,train,A
16,2,2,absolute_difference,absolute_difference,output_0,arg_0|arg_1,train,A
45,3,3,mean_of_three,mean_of_three,output_0,arg_0|arg_1|arg_2,train,A
32,1,1,square_value,square_value,output_0,arg_0,train,A
35,1,1,negate,negate,output_0,arg_0,train,A
57,2,2,label_with_unit,label_with_unit,output_0,unit|value,train,A
38,1,1,max_of_values,max_of_values,output_0,values,train,A
37,2,2,reminder,reminder,output_0,arg_0|arg_1,train,A
24,1,1,sqrt,sqrt,output_0,arg_0,train,A
73,3,3,range_of_three,range_of_three,output_0,arg_0|arg_1|arg_2,train,A
64,2,2,is_divisible_by,is_divisible_by,output_0,arg_0|arg_1,train,A
60,3,3,is_within_range,is_within_range,output_0,maximum|minimum|value,train,A
35,1,1,round_up_whole,round_up_whole,output_0,value,train,G
35,3,3,bound_within,bound_within,output_0,high_limit|input_value|low_limit,train,G
35,2,2,grow_by_rate,grow_by_rate,output_0,growth_rate|starting_value,train,G
36,2,2,gap_between,gap_between,output_0,first_value|second_value,train,G
52,2,2,exceeds_value,exceeds_value,output_0,limit|measured_value,train,G
42,2,2,proportion_between,proportion_between,output_0,part_value|whole_value,train,G
38,1,1,root_extract,root_extract,output_0,input_value,train,G
34,1,1,series_spread,series_spread,output_0,number_list,train,G
37,1,1,fahrenheit_from_celsius,fahrenheit_from_celsius,output_0,temp_c,train,G
37,2,2,shrink_by_rate,shrink_by_rate,output_0,discount_rate|starting_value,train,G
37,1,1,reciprocal_value,reciprocal_value,output_0,value,train,G
37,1,1,valley_of_series,valley_of_series,output_0,number_list,train,G
33,1,1,aggregate_total,aggregate_total,output_0,number_list,train,G
35,2,2,exponentiate,exponentiate,output_0,base_value|power_value,train,G
32,1,1,central_value,central_value,output_0,number_list,train,G
35,1,1,km_from_meters,km_from_meters,output_0,distance_m,train,G
43,1,1,read_amount_from_text,read_amount_from_text,output_0,raw_text,train,G
41,2,2,reduce_amount,reduce_amount,output_0,base_value|reduction,train,G
26,1,1,stringify_amount,stringify_amount,output_0,amount,train,G
35,2,2,midpoint_value,midpoint_value,output_0,value_one|value_two,train,G
30,2,2,scale_quantity,scale_quantity,output_0,factor|quantity,train,G
36,2,2,gap_between,gap_between,output_0,first_value|second_value,train,G
37,1,1,valley_of_series,valley_of_series,output_0,number_list,train,G
44,3,3,dispersion_of_three,dispersion_of_three,output_0,value_one|value_three|value_two,train,G
28,1,1,flip_sign,flip_sign,output_0,value,train,G
42,1,1,digit_sum,digit_sum,output_0,arg_0,train,A
60,3,3,is_within_range,is_within_range,output_0,maximum|minimum|value,train,A
39,2,2,decrease_by_percent,decrease_by_percent,output_0,base|percent,train,A
61,2,2,format_number_fixed,format_number_fixed,output_0,places|value,train,A
57,2,2,label_with_unit,label_with_unit,output_0,unit|value,train,A
37,2,2,ratio_of,ratio_of,output_0,denominator|numerator,train,A
54,2,2,round_to_decimals,round_to_decimals,output_0,places|value,train,A
30,2,2,percentage_value,percentage_value,output_0,base|rate_percent,train,A
30,2,2,floor_divide,floor_divide,output_0,arg_0|arg_1,train,A
34,1,1,series_spread,series_spread,output_0,number_list,train,G
37,1,1,valley_of_series,valley_of_series,output_0,number_list,train,G
54,3,3,inside_limits,inside_limits,output_0,high_limit|low_limit|reading,train,G
35,2,2,midpoint_value,midpoint_value,output_0,value_one|value_two,train,G
28,1,1,flip_sign,flip_sign,output_0,value,train,G
32,1,1,central_value,central_value,output_0,number_list,train,G
42,2,2,extend_series_with,extend_series_with,output_0,new_entry|number_list,train,G
38,1,1,root_extract,root_extract,output_0,input_value,train,G
38,3,3,balance_of_three,balance_of_three,output_0,reading_one|reading_three|reading_two,train,G
26,1,1,stringify_amount,stringify_amount,output_0,amount,train,G
44,3,3,dispersion_of_three,dispersion_of_three,output_0,value_one|value_three|value_two,train,G
36,2,2,gap_between,gap_between,output_0,first_value|second_value,train,G
37,1,1,reciprocal_value,reciprocal_value,output_0,value,train,G
46,1,1,order_series_high_to_low,order_series_high_to_low,output_0,number_list,train,G
43,1,1,read_amount_from_text,read_amount_from_text,output_0,raw_text,train,G
46,2,2,total_of_pair,total_of_pair,output_0,left|right,train,G
35,3,3,bound_within,bound_within,output_0,high_limit|input_value|low_limit,train,G
41,1,1,round_down_whole,round_down_whole,output_0,value,train,G
33,1,1,whole_number_of,whole_number_of,output_0,value,train,G
46,2,2,render_with_decimals,render_with_decimals,output_0,decimal_count|value,train,G
35,2,2,midpoint_value,midpoint_value,output_0,value_one|value_two,train,G
29,1,1,seconds_from_minutes,seconds_from_minutes,output_0,minute_count,train,G
28,2,2,per_unit_value,per_unit_value,output_0,units|whole,train,G
35,1,1,km_from_meters,km_from_meters,output_0,distance_m,train,G
41,1,1,round_down_whole,round_down_whole,output_0,value,train,G
35,1,1,round_up_whole,round_up_whole,output_0,value,train,G
27,1,1,minutes_from_hours,minutes_from_hours,output_0,hour_count,train,G
37,1,1,fahrenheit_from_celsius,fahrenheit_from_celsius,output_0,temp_c,train,G
44,3,3,dispersion_of_three,dispersion_of_three,output_0,value_one|value_three|value_two,train,G
42,2,2,leading_entries,leading_entries,output_0,how_many|number_list,train,G
51,2,2,divides_evenly,divides_evenly,output_0,group_size|total_amount,train,G
49,2,2,adjust_to_whole,adjust_to_whole,output_0,direction|value,train,G
35,1,1,km_from_meters,km_from_meters,output_0,distance_m,train,G
36,2,2,gap_between,gap_between,output_0,first_value|second_value,train,G
29,1,1,seconds_from_minutes,seconds_from_minutes,output_0,minute_count,train,G
37,1,1,reciprocal_value,reciprocal_value,output_0,value,train,G
35,2,2,exponentiate,exponentiate,output_0,base_value|power_value,train,G
39,1,1,self_product,self_product,output_0,value,train,G
35,2,2,grow_by_rate,grow_by_rate,output_0,growth_rate|starting_value,train,G
36,1,1,character_count,character_count,output_0,input_text,train,G
47,2,2,portion_by_rate,portion_by_rate,output_0,rate|reference_value,train,G
49,1,1,whole_minutes_from_seconds,whole_minutes_from_seconds,output_0,second_count,train,G
42,2,2,proportion_between,proportion_between,output_0,part_value|whole_value,train,G
35,1,1,round_up_whole,round_up_whole,output_0,value,train,G
43,1,1,read_amount_from_text,read_amount_from_text,output_0,raw_text,train,G
36,3,3,total_of_three_parts,total_of_three_parts,output_0,part_one|part_three|part_two,train,G
28,2,2,per_unit_value,per_unit_value,output_0,units|whole,train,G
35,2,2,grow_by_rate,grow_by_rate,output_0,growth_rate|starting_value,train,G
53,2,2,rescale_series,rescale_series,output_0,multiplier|number_list,train,G
37,1,1,reciprocal_value,reciprocal_value,output_0,value,train,G
53,2,2,serialize_series,serialize_series,output_0,delimiter|number_list,train,G
28,1,1,flip_sign,flip_sign,output_0,value,train,G
41,2,2,full_groups_of,full_groups_of,output_0,group_size|total_items,train,G
34,1,1,celsius_from_fahrenheit,celsius_from_fahrenheit,output_0,temp_f,train,G
47,2,2,portion_by_rate,portion_by_rate,output_0,rate|reference_value,train,G
42,2,2,trim_precision,trim_precision,output_0,digits|raw_value,train,G
34,2,2,pick_lower,pick_lower,output_0,candidate_a|candidate_b,train,G
35,1,1,round_up_whole,round_up_whole,output_0,value,train,G
42,2,2,proportion_between,proportion_between,output_0,part_value|whole_value,train,G
29,1,1,seconds_from_minutes,seconds_from_minutes,output_0,minute_count,train,G
38,1,1,root_extract,root_extract,output_0,input_value,train,G
36,3,3,total_of_three_parts,total_of_three_parts,output_0,part_one|part_three|part_two,train,G
36,2,2,gap_between,gap_between,output_0,first_value|second_value,train,G
36,1,1,character_count,character_count,output_0,input_text,train,G
35,1,1,round_up_whole,round_up_whole,output_0,value,train,G
42,2,2,trim_precision,trim_precision,output_0,digits|raw_value,train,G
32,1,1,central_value,central_value,output_0,number_list,train,G
41,2,2,reduce_amount,reduce_amount,output_0,base_value|reduction,train,G
41,2,2,combine_amounts,combine_amounts,output_0,amount_a|amount_b,train,G
57,2,2,label_with_unit,label_with_unit,output_0,unit|value,train,A
35,1,1,floor,floor,output_0,arg_0,train,A
43,1,1,sort_values_descending,sort_values_descending,output_0,values,train,A
39,2,2,decrease_by_percent,decrease_by_percent,output_0,base|percent,train,A
73,3,3,range_of_three,range_of_three,output_0,arg_0|arg_1|arg_2,train,A
34,2,2,sum_two_numbers,sum_two_numbers,output_0,first_number|second_number,train,A
39,2,2,increase_by_percent,increase_by_percent,output_0,base|percent,train,A
30,1,1,km_to_meters,km_to_meters,output_0,kilometers,train,A
24,1,1,sqrt,sqrt,output_0,arg_0,train,A
32,1,1,inverse,inverse,output_0,arg_0,train,A
30,1,1,count_of_values,count_of_values,output_0,values,train,A
21,2,2,average_of_two,average_of_two,output_0,arg_0|arg_1,train,A
41,1,1,round_down_whole,round_down_whole,output_0,value,train,G
35,1,1,km_from_meters,km_from_meters,output_0,distance_m,train,G
43,1,1,accumulate_series,accumulate_series,output_0,number_list,train,G
35,2,2,midpoint_value,midpoint_value,output_0,value_one|value_two,train,G
35,2,2,exponentiate,exponentiate,output_0,base_value|power_value,train,G
41,2,2,full_groups_of,full_groups_of,output_0,group_size|total_items,train,G
36,2,2,gap_between,gap_between,output_0,first_value|second_value,train,G
38,1,1,root_extract,root_extract,output_0,input_value,train,G
31,2,2,join_text_pieces,join_text_pieces,output_0,piece_one|piece_two,train,G
35,1,1,round_up_whole,round_up_whole,output_0,value,train,G
34,2,2,pick_lower,pick_lower,output_0,candidate_a|candidate_b,train,G
51,2,2,divides_evenly,divides_evenly,output_0,group_size|total_amount,train,G
38,1,1,series_length,series_length,output_0,number_list,train,G
44,3,3,dispersion_of_three,dispersion_of_three,output_0,value_one|value_three|value_two,train,G
53,2,2,compose_reference_code,compose_reference_code,output_0,code_number|code_prefix,train,G
40,2,2,remaining_after,remaining_after,output_0,from_value|take_away,train,G
39,1,1,self_product,self_product,output_0,value,train,G
39,2,2,leftover_after_grouping,leftover_after_grouping,output_0,group_size|total_items,train,G
38,1,1,root_extract,root_extract,output_0,input_value,train,G
34,1,1,series_spread,series_spread,output_0,number_list,train,G
31,2,2,join_text_pieces,join_text_pieces,output_0,piece_one|piece_two,train,G
38,3,3,balance_of_three,balance_of_three,output_0,reading_one|reading_three|reading_two,train,G
36,2,2,gap_between,gap_between,output_0,first_value|second_value,train,G
35,2,2,exponentiate,exponentiate,output_0,base_value|power_value,train,G
52,2,2,exceeds_value,exceeds_value,output_0,limit|measured_value,train,G
32,1,1,central_value,central_value,output_0,number_list,train,G
26,1,1,stringify_amount,stringify_amount,output_0,amount,train,G
38,1,1,root_extract,root_extract,output_0,input_value,train,G
41,2,2,full_groups_of,full_groups_of,output_0,group_size|total_items,train,G
42,2,2,extend_series_with,extend_series_with,output_0,new_entry|number_list,train,G
50,2,2,annotate_measurement,annotate_measurement,output_0,measurement|unit_name,train,G
37,1,1,reciprocal_value,reciprocal_value,output_0,value,train,G
36,1,1,character_count,character_count,output_0,input_text,train,G
53,2,2,serialize_series,serialize_series,output_0,delimiter|number_list,train,G
28,2,2,per_unit_value,per_unit_value,output_0,units|whole,train,G
35,1,1,round_up_whole,round_up_whole,output_0,value,train,G
39,2,2,leftover_after_grouping,leftover_after_grouping,output_0,group_size|total_items,train,G
38,1,1,series_length,series_length,output_0,number_list,train,G
53,2,2,compose_reference_code,compose_reference_code,output_0,code_number|code_prefix,train,G
16,2,2,absolute_difference,absolute_difference,output_0,arg_0|arg_1,train,A
39,1,1,mean_of_values,mean_of_values,output_0,values,train,A
31,1,1,fahrenheit_to_celsius,fahrenheit_to_celsius,output_0,fahrenheit,train,A
24,1,1,sqrt,sqrt,output_0,arg_0,train,A
37,2,2,ratio_of,ratio_of,output_0,denominator|numerator,train,A
40,2,2,add,add,output_0,arg_0|arg_1,train,A
39,2,2,increase_by_percent,increase_by_percent,output_0,base|percent,train,A
38,2,2,percent_of,percent_of,output_0,percent|whole,train,A
33,2,2,difference_of_numbers,difference_of_numbers,output_0,minuend|subtrahend,train,A
39,2,2,decrease_by_percent,decrease_by_percent,output_0,base|percent,train,A
21,2,2,average_of_two,average_of_two,output_0,arg_0|arg_1,train,A
30,2,2,modulo_of,modulo_of,output_0,dividend|divisor,train,A
34,2,2,concat_strings,concat_strings,output_0,first|second,train,A
37,2,2,ratio_of,ratio_of,output_0,denominator|numerator,train,A
45,3,3,mean_of_three,mean_of_three,output_0,arg_0|arg_1|arg_2,train,A
16,2,2,absolute_difference,absolute_difference,output_0,arg_0|arg_1,train,A
28,1,1,minutes_to_seconds,minutes_to_seconds,output_0,minutes,train,A
39,1,1,mean_of_values,mean_of_values,output_0,values,train,A
32,2,2,quotient_of,quotient_of,output_0,denominator|numerator,train,A
30,1,1,count_of_values,count_of_values,output_0,values,train,A
30,2,2,floor_divide,floor_divide,output_0,arg_0|arg_1,train,A
54,2,2,join_values_with,join_values_with,output_0,separator|values,train,A
39,1,1,nearest_integer,nearest_integer,output_0,arg_0,train,A
43,2,2,subtract,subtract,output_0,arg_0|arg_1,train,A
21,2,2,average_of_two,average_of_two,output_0,arg_0|arg_1,train,A
40,2,2,add,add,output_0,arg_0|arg_1,train,A
30,1,1,count_of_values,count_of_values,output_0,values,train,A
35,1,1,floor,floor,output_0,arg_0,train,A
64,2,2,is_divisible_by,is_divisible_by,output_0,arg_0|arg_1,train,A
16,2,2,absolute_difference,absolute_difference,output_0,arg_0|arg_1,train,A
32,2,2,quotient_of,quotient_of,output_0,denominator|numerator,train,A
38,1,1,parse_numeric_text,parse_numeric_text,output_0,text,train,A
32,1,1,square_value,square_value,output_0,arg_0,train,A
32,1,1,inverse,inverse,output_0,arg_0,train,A
35,2,2,product_of_numbers,product_of_numbers,output_0,first_factor|second_factor,train,A
26,2,2,exponent_of,exponent_of,output_0,base|exponent,train,A
34,2,2,sum_two_numbers,sum_two_numbers,output_0,first_number|second_number,train,A
37,2,2,ratio_of,ratio_of,output_0,denominator|numerator,train,A
45,1,1,text_length,text_length,output_0,text,train,A
27,2,2,minimum_of_two,minimum_of_two,output_0,arg_0|arg_1,train,A
57,2,2,label_with_unit,label_with_unit,output_0,unit|value,train,A
35,1,1,negate,negate,output_0,arg_0,train,A
30,1,1,meters_to_km,meters_to_km,output_0,meters,train,A
64,2,2,is_divisible_by,is_divisible_by,output_0,arg_0|arg_1,train,A
30,1,1,count_of_values,count_of_values,output_0,values,train,A
35,2,2,midpoint_value,midpoint_value,output_0,value_one|value_two,train,G
32,1,1,central_value,central_value,output_0,number_list,train,G
30,2,2,scale_quantity,scale_quantity,output_0,factor|quantity,train,G
44,3,3,dispersion_of_three,dispersion_of_three,output_0,value_one|value_three|value_two,train,G
29,1,1,seconds_from_minutes,seconds_from_minutes,output_0,minute_count,train,G
37,1,1,valley_of_series,valley_of_series,output_0,number_list,train,G
38,1,1,root_extract,root_extract,output_0,input_value,train,G
28,1,1,flip_sign,flip_sign,output_0,value,train,G
37,1,1,reciprocal_value,reciprocal_value,output_0,value,train,G
49,2,2,entries_over_limit,entries_over_limit,output_0,limit|number_list,train,G
39,2,2,decrease_by_percent,decrease_by_percent,output_0,base|percent,train,A
57,2,2,label_with_unit,label_with_unit,output_0,unit|value,train,A
43,1,1,sort_values_descending,sort_values_descending,output_0,values,train,A
42,1,1,digit_sum,digit_sum,output_0,arg_0,train,A
61,2,2,format_number_fixed,format_number_fixed,output_0,places|value,train,A
47,1,1,number_to_text,number_to_text,output_0,value,train,A
37,2,2,ratio_of,ratio_of,output_0,denominator|numerator,train,A
30,2,2,percentage_value,percentage_value,output_0,base|rate_percent,train,A
60,3,3,is_within_range,is_within_range,output_0,maximum|minimum|value,train,A
16,2,2,absolute_difference,absolute_difference,output_0,arg_0|arg_1,train,A
43,2,2,subtract,subtract,output_0,arg_0|arg_1,train,A
26,2,2,maximum_of_two,maximum_of_two,output_0,arg_0|arg_1,train,A
26,2,2,exponent_of,exponent_of,output_0,base|exponent,train,A
32,1,1,square_value,square_value,output_0,arg_0,train,A
30,2,2,percentage_value,percentage_value,output_0,base|rate_percent,train,A
50,2,2,take_top_values,take_top_values,output_0,k|values,train,A
59,2,2,filter_values_above,filter_values_above,output_0,threshold|values,train,A
39,1,1,mean_of_values,mean_of_values,output_0,values,train,A
42,1,1,digit_sum,digit_sum,output_0,arg_0,train,A
30,1,1,count_of_values,count_of_values,output_0,values,train,A
32,1,1,range_of_values,range_of_values,output_0,values,train,A
39,2,2,divide,divide,output_0,arg_0|arg_1,train,A
37,2,2,ratio_of,ratio_of,output_0,denominator|numerator,train,A
51,2,2,scale_values,scale_values,output_0,factor|values,train,A
24,1,1,sqrt,sqrt,output_0,arg_0,train,A
39,1,1,running_totals,running_totals,output_0,values,train,A
35,2,2,midpoint_value,midpoint_value,output_0,value_one|value_two,train,G
36,3,3,total_of_three_parts,total_of_three_parts,output_0,part_one|part_three|part_two,train,G
38,3,3,balance_of_three,balance_of_three,output_0,reading_one|reading_three|reading_two,train,G
36,2,2,gap_between,gap_between,output_0,first_value|second_value,train,G
37,1,1,valley_of_series,valley_of_series,output_0,number_list,train,G
37,1,1,fahrenheit_from_celsius,fahrenheit_from_celsius,output_0,temp_c,train,G
39,1,1,self_product,self_product,output_0,value,train,G
42,2,2,leading_entries,leading_entries,output_0,how_many|number_list,train,G
42,2,2,proportion_between,proportion_between,output_0,part_value|whole_value,train,G
53,2,2,split_evenly,split_evenly,output_0,parts|total,train,G
35,1,1,km_from_meters,km_from_meters,output_0,distance_m,train,G
42,2,2,trim_precision,trim_precision,output_0,digits|raw_value,train,G
35,2,2,grow_by_rate,grow_by_rate,output_0,growth_rate|starting_value,train,G
43,1,1,read_amount_from_text,read_amount_from_text,output_0,raw_text,train,G
31,1,1,meters_from_km,meters_from_km,output_0,distance_km,train,G
54,3,3,inside_limits,inside_limits,output_0,high_limit|low_limit|reading,train,G
41,2,2,combine_amounts,combine_amounts,output_0,amount_a|amount_b,train,G
33,1,1,aggregate_total,aggregate_total,output_0,number_list,train,G
32,1,1,central_value,central_value,output_0,number_list,train,G
37,2,2,shrink_by_rate,shrink_by_rate,output_0,discount_rate|starting_value,train,G
42,2,2,leading_entries,leading_entries,output_0,how_many|number_list,train,G
46,2,2,render_with_decimals,render_with_decimals,output_0,decimal_count|value,train,G
35,1,1,round_up_whole,round_up_whole,output_0,value,train,G
36,3,3,total_of_three_parts,total_of_three_parts,output_0,part_one|part_three|part_two,train,G
41,2,2,reduce_amount,reduce_amount,output_0,base_value|reduction,train,G
38,2,2,percent_of,percent_of,output_0,percent|whole,train,A
32,2,2,quotient_of,quotient_of,output_0,denominator|numerator,train,A
35,1,1,negate,negate,output_0,arg_0,train,A
57,2,2,label_with_unit,label_with_unit,output_0,unit|value,train,A
30,2,2,floor_divide,floor_divide,output_0,arg_0|arg_1,train,A
39,2,2,divide,divide,output_0,arg_0|arg_1,train,A
30,1,1,meters_to_km,meters_to_km,output_0,meters,train,A
30,1,1,km_to_meters,km_to_meters,output_0,kilometers,train,A
37,2,2,ratio_of,ratio_of,output_0,denominator|numerator,train,A
31,1,1,celsius_to_fahrenheit,celsius_to_fahrenheit,output_0,celsius,train,A
47,1,1,number_to_text,number_to_text,output_0,value,train,A
35,2,2,product_of_numbers,product_of_numbers,output_0,first_factor|second_factor,train,A
28,1,1,flip_sign,flip_sign,output_0,value,train,G
51,1,1,digits_added_up,digits_added_up,output_0,whole_value,train,G
35,1,1,round_up_whole,round_up_whole,output_0,value,train,G
33,1,1,whole_number_of,whole_number_of,output_0,value,train,G
30,2,2,scale_quantity,scale_quantity,output_0,factor|quantity,train,G
51,2,2,divides_evenly,divides_evenly,output_0,group_size|total_amount,train,G
52,2,2,exceeds_value,exceeds_value,output_0,limit|measured_value,train,G
28,2,2,per_unit_value,per_unit_value,output_0,units|whole,train,G
36,3,3,total_of_three_parts,total_of_three_parts,output_0,part_one|part_three|part_two,train,G
42,2,2,trim_precision,trim_precision,output_0,digits|raw_value,train,G
38,3,3,balance_of_three,balance_of_three,output_0,reading_one|reading_three|reading_two,train,G
39,2,2,leftover_after_grouping,leftover_after_grouping,output_0,group_size|total_items,train,G
52,1,1,rank_of_peak,rank_of_peak,output_0,number_list,train,G
37,1,1,reciprocal_value,reciprocal_value,output_0,value,train,G
31,1,1,meters_from_km,meters_from_km,output_0,distance_km,train,G
33,2,2,difference_of_numbers,difference_of_numbers,output_0,minuend|subtrahend,train,A
39,2,2,decrease_by_percent,decrease_by_percent,output_0,base|percent,train,A
34,2,2,sum_two_numbers,sum_two_numbers,output_0,first_number|second_number,train,A
39,2,2,increase_by_percent,increase_by_percent,output_0,base|percent,train,A
32,1,1,inverse,inverse,output_0,arg_0,train,A
32,1,1,square_value,square_value,output_0,arg_0,train,A
23,2,2,multiply,multiply,output_0,arg_0|arg_1,train,A
51,2,2,scale_values,scale_values,output_0,factor|values,train,A
51,2,2,scale_values,scale_values,output_0,factor|values,train,A
54,2,2,round_to_decimals,round_to_decimals,output_0,places|value,train,A
35,2,2,product_of_numbers,product_of_numbers,output_0,first_factor|second_factor,train,A
16,2,2,absolute_difference,absolute_difference,output_0,arg_0|arg_1,train,A
35,1,1,negate,negate,output_0,arg_0,train,A
38,2,2,percent_of,percent_of,output_0,percent|whole,train,A
33,2,2,difference_of_numbers,difference_of_numbers,output_0,minuend|subtrahend,train,A
26,1,1,hours_to_minutes,hours_to_minutes,output_0,hours,train,A
21,2,2,average_of_two,average_of_two,output_0,arg_0|arg_1,train,A
35,1,1,floor,floor,output_0,arg_0,train,A
38,2,2,percent_of,percent_of,output_0,percent|whole,train,A
34,2,2,sum_two_numbers,sum_two_numbers,output_0,first_number|second_number,train,A
16,2,2,absolute_difference,absolute_difference,output_0,arg_0|arg_1,train,A
35,2,2,product_of_numbers,product_of_numbers,output_0,first_factor|second_factor,train,A
54,2,2,join_values_with,join_values_with,output_0,separator|values,train,A
37,2,2,ratio_of,ratio_of,output_0,denominator|numerator,train,A
34,2,2,whole_quotient,whole_quotient,output_0,dividend|divisor,train,A
33,1,1,ceiling,ceiling,output_0,arg_0,train,A
43,2,2,subtract,subtract,output_0,arg_0|arg_1,train,A
39,2,2,divide,divide,output_0,arg_0|arg_1,train,A
35,1,1,floor,floor,output_0,arg_0,train,A
54,2,2,round_to_decimals,round_to_decimals,output_0,places|value,train,A
32,1,1,inverse,inverse,output_0,arg_0,train,A
28,1,1,flip_sign,flip_sign,output_0,value,train,G
49,2,2,adjust_to_whole,adjust_to_whole,output_0,direction|value,train,G
29,1,1,seconds_from_minutes,seconds_from_minutes,output_0,minute_count,train,G
27,1,1,minutes_from_hours,minutes_from_hours,output_0,hour_count,train,G
46,2,2,render_with_decimals,render_with_decimals,output_0,decimal_count|value,train,G
37,1,1,valley_of_series,valley_of_series,output_0,number_list,train,G
49,2,2,entries_over_limit,entries_over_limit,output_0,limit|number_list,train,G
31,1,1,meters_from_km,meters_from_km,output_0,distance_km,train,G
41,2,2,combine_amounts,combine_amounts,output_0,amount_a|amount_b,train,G
35,2,2,grow_by_rate,grow_by_rate,output_0,growth_rate|starting_value,train,G
35,2,2,exponentiate,exponentiate,output_0,base_value|power_value,train,G
35,1,1,peak_of_series,peak_of_series,output_0,number_list,train,G
34,1,1,series_spread,series_spread,output_0,number_list,train,G
53,2,2,split_evenly,split_evenly,output_0,parts|total,train,G
35,1,1,km_from_meters,km_from_meters,output_0,distance_m,train,G
36,2,2,gap_between,gap_between,output_0,first_value|second_value,train,G
37,2,2,shrink_by_rate,shrink_by_rate,output_0,discount_rate|starting_value,train,G
38,1,1,series_length,series_length,output_0,number_list,train,G
46,2,2,total_of_pair,total_of_pair,output_0,left|right,train,G
46,1,1,order_series_high_to_low,order_series_high_to_low,output_0,number_list,train,G
53,2,2,serialize_series,serialize_series,output_0,delimiter|number_list,train,G
52,1,1,rank_of_peak,rank_of_peak,output_0,number_list,train,G
35,2,2,grow_by_rate,grow_by_rate,output_0,growth_rate|starting_value,train,G
35,2,2,midpoint_value,midpoint_value,output_0,value_one|value_two,train,G
16,2,2,absolute_difference,absolute_difference,output_0,arg_0|arg_1,train,A
59,2,2,filter_values_above,filter_values_above,output_0,threshold|values,train,A
39,2,2,increase_by_percent,increase_by_percent,output_0,base|percent,train,A
21,2,2,average_of_two,average_of_two,output_0,arg_0|arg_1,train,A
39,2,2,decrease_by_percent,decrease_by_percent,output_0,base|percent,train,A
26,2,2,maximum_of_two,maximum_of_two,output_0,arg_0|arg_1,train,A
38,2,2,percent_of,percent_of,output_0,percent|whole,train,A
35,1,1,negate,negate,output_0,arg_0,train,A
34,2,2,sum_two_numbers,sum_two_numbers,output_0,first_number|second_number,train,A
54,2,2,round_to_decimals,round_to_decimals,output_0,places|value,train,A
30,2,2,modulo_of,modulo_of,output_0,dividend|divisor,train,A
16,2,2,absolute_difference,absolute_difference,output_0,arg_0|arg_1,train,A
62,2,2,append_to_values,append_to_values,output_0,value|values,train,A
33,1,1,ceiling,ceiling,output_0,arg_0,train,A
35,1,1,floor,floor,output_0,arg_0,train,A
33,2,2,difference_of_numbers,difference_of_numbers,output_0,minuend|subtrahend,train,A
32,2,2,quotient_of,quotient_of,output_0,denominator|numerator,train,A
66,2,2,build_tag,build_tag,output_0,prefix|value,train,A
39,1,1,nearest_integer,nearest_integer,output_0,arg_0,train,A
43,1,1,sort_values_descending,sort_values_descending,output_0,values,train,A
35,1,1,floor,floor,output_0,arg_0,train,A
24,1,1,sqrt,sqrt,output_0,arg_0,train,A
21,2,2,average_of_two,average_of_two,output_0,arg_0|arg_1,train,A
32,1,1,inverse,inverse,output_0,arg_0,train,A
39,2,2,decrease_by_percent,decrease_by_percent,output_0,base|percent,train,A
30,2,2,modulo_of,modulo_of,output_0,dividend|divisor,train,A
32,1,1,square_value,square_value,output_0,arg_0,train,A
54,2,2,round_to_decimals,round_to_decimals,output_0,places|value,train,A
30,2,2,modulo_of,modulo_of,output_0,dividend|divisor,train,A
39,2,2,decrease_by_percent,decrease_by_percent,output_0,base|percent,train,A
23,2,2,multiply,multiply,output_0,arg_0|arg_1,train,A
43,2,2,subtract,subtract,output_0,arg_0|arg_1,train,A
34,2,2,concat_strings,concat_strings,output_0,first|second,train,A
30,2,2,percentage_value,percentage_value,output_0,base|rate_percent,train,A
32,1,1,inverse,inverse,output_0,arg_0,train,A
40,2,2,add,add,output_0,arg_0|arg_1,train,A
24,1,1,sqrt,sqrt,output_0,arg_0,train,A
35,2,2,product_of_numbers,product_of_numbers,output_0,first_factor|second_factor,train,A
35,1,1,negate,negate,output_0,arg_0,train,A
61,2,2,format_number_fixed,format_number_fixed,output_0,places|value,train,A
32,1,1,range_of_values,range_of_values,output_0,values,train,A
16,2,2,absolute_difference,absolute_difference,output_0,arg_0|arg_1,train,A
30,2,2,modulo_of,modulo_of,output_0,dividend|divisor,train,A
43,1,1,sort_values_descending,sort_values_descending,output_0,values,train,A
26,1,1,hours_to_minutes,hours_to_minutes,output_0,hours,train,A
32,1,1,inverse,inverse,output_0,arg_0,train,A
59,2,2,filter_values_above,filter_values_above,output_0,threshold|values,train,A
41,3,3,sum_of_three,sum_of_three,output_0,arg_0|arg_1|arg_2,train,A
21,2,2,average_of_two,average_of_two,output_0,arg_0|arg_1,train,A
16,2,2,absolute_difference,absolute_difference,output_0,arg_0|arg_1,train,A
32,1,1,square_value,square_value,output_0,arg_0,train,A
57,2,2,label_with_unit,label_with_unit,output_0,unit|value,train,A
50,1,1,seconds_to_full_minutes,seconds_to_full_minutes,output_0,seconds,train,A
21,2,2,average_of_two,average_of_two,output_0,arg_0|arg_1,train,A
59,2,2,filter_values_above,filter_values_above,output_0,threshold|values,train,A
24,1,1,sqrt,sqrt,output_0,arg_0,train,A
32,1,1,inverse,inverse,output_0,arg_0,train,A
39,2,2,increase_by_percent,increase_by_percent,output_0,base|percent,train,A
40,2,2,add,add,output_0,arg_0|arg_1,train,A
30,1,1,count_of_values,count_of_values,output_0,values,train,A
27,2,2,minimum_of_two,minimum_of_two,output_0,arg_0|arg_1,train,A
39,1,1,mean_of_values,mean_of_values,output_0,values,train,A
32,1,1,range_of_values,range_of_values,output_0,values,train,A
40,2,2,remaining_after,remaining_after,output_0,from_value|take_away,train,G
41,2,2,combine_amounts,combine_amounts,output_0,amount_a|amount_b,train,G
33,1,1,whole_number_of,whole_number_of,output_0,value,train,G
52,1,1,rank_of_peak,rank_of_peak,output_0,number_list,train,G
30,2,2,scale_quantity,scale_quantity,output_0,factor|quantity,train,G
44,3,3,dispersion_of_three,dispersion_of_three,output_0,value_one|value_three|value_two,train,G
39,1,1,self_product,self_product,output_0,value,train,G
36,3,3,total_of_three_parts,total_of_three_parts,output_0,part_one|part_three|part_two,train,G
37,1,1,reciprocal_value,reciprocal_value,output_0,value,train,G
49,2,2,entries_over_limit,entries_over_limit,output_0,limit|number_list,train,G
52,1,1,rank_of_peak,rank_of_peak,output_0,number_list,train,G
35,2,2,pick_higher,pick_higher,output_0,candidate_a|candidate_b,train,G
41,2,2,full_groups_of,full_groups_of,output_0,group_size|total_items,train,G
31,2,2,join_text_pieces,join_text_pieces,output_0,piece_one|piece_two,train,G
36,1,1,character_count,character_count,output_0,input_text,train,G
42,2,2,trim_precision,trim_precision,output_0,digits|raw_value,train,G
35,3,3,bound_within,bound_within,output_0,high_limit|input_value|low_limit,train,G
49,1,1,whole_minutes_from_seconds,whole_minutes_from_seconds,output_0,second_count,train,G
47,2,2,portion_by_rate,portion_by_rate,output_0,rate|reference_value,train,G
44,3,3,dispersion_of_three,dispersion_of_three,output_0,value_one|value_three|value_two,train,G
40,2,2,remaining_after,remaining_after,output_0,from_value|take_away,train,G
35,2,2,exponentiate,exponentiate,output_0,base_value|power_value,train,G
53,2,2,compose_reference_code,compose_reference_code,output_0,code_number|code_prefix,train,G
35,1,1,negate,negate,output_0,arg_0,train,A
26,1,1,hours_to_minutes,hours_to_minutes,output_0,hours,train,A
61,2,2,format_number_fixed,format_number_fixed,output_0,places|value,train,A
39,2,2,increase_by_percent,increase_by_percent,output_0,base|percent,train,A
34,2,2,concat_strings,concat_strings,output_0,first|second,train,A
54,2,2,round_to_decimals,round_to_decimals,output_0,places|value,train,A
39,2,2,decrease_by_percent,decrease_by_percent,output_0,base|percent,train,A
60,3,3,is_within_range,is_within_range,output_0,maximum|minimum|value,train,A
54,2,2,join_values_with,join_values_with,output_0,separator|values,train,A
37,1,1,valley_of_series,valley_of_series,output_0,number_list,train,G
26,1,1,stringify_amount,stringify_amount,output_0,amount,train,G
29,1,1,seconds_from_minutes,seconds_from_minutes,output_0,minute_count,train,G
35,2,2,midpoint_value,midpoint_value,output_0,value_one|value_two,train,G
40,2,2,remaining_after,remaining_after,output_0,from_value|take_away,train,G
54,3,3,inside_limits,inside_limits,output_0,high_limit|low_limit|reading,train,G
42,2,2,proportion_between,proportion_between,output_0,part_value|whole_value,train,G
27,1,1,minutes_from_hours,minutes_from_hours,output_0,hour_count,train,G
35,2,2,grow_by_rate,grow_by_rate,output_0,growth_rate|starting_value,train,G
36,3,3,total_of_three_parts,total_of_three_parts,output_0,part_one|part_three|part_two,train,G
46,2,2,render_with_decimals,render_with_decimals,output_0,decimal_count|value,train,G
38,1,1,root_extract,root_extract,output_0,input_value,train,G
34,1,1,series_spread,series_spread,output_0,number_list,train,G
47,2,2,portion_by_rate,portion_by_rate,output_0,rate|reference_value,train,G
42,2,2,extend_series_with,extend_series_with,output_0,new_entry|number_list,train,G
51,1,1,digits_added_up,digits_added_up,output_0,whole_value,train,G
53,2,2,serialize_series,serialize_series,output_0,delimiter|number_list,train,G
41,2,2,combine_amounts,combine_amounts,output_0,amount_a|amount_b,train,G
35,2,2,product_of_numbers,product_of_numbers,output_0,first_factor|second_factor,train,A
30,2,2,floor_divide,floor_divide,output_0,arg_0|arg_1,train,A
35,1,1,negate,negate,output_0,arg_0,train,A
33,2,2,difference_of_numbers,difference_of_numbers,output_0,minuend|subtrahend,train,A
39,2,2,divide,divide,output_0,arg_0|arg_1,train,A
16,2,2,absolute_difference,absolute_difference,output_0,arg_0|arg_1,train,A
34,2,2,sum_two_numbers,sum_two_numbers,output_0,first_number|second_number,train,A
38,2,2,power,power,output_0,arg_0|arg_1,train,A
30,2,2,percentage_value,percentage_value,output_0,base|rate_percent,train,A
37,2,2,ratio_of,ratio_of,output_0,denominator|numerator,train,A
50,1,1,seconds_to_full_minutes,seconds_to_full_minutes,output_0,seconds,train,A
35,2,2,product_of_numbers,product_of_numbers,output_0,first_factor|second_factor,train,A
26,2,2,maximum_of_two,maximum_of_two,output_0,arg_0|arg_1,train,A
34,2,2,concat_strings,concat_strings,output_0,first|second,train,A
62,2,2,append_to_values,append_to_values,output_0,value|values,train,A
32,1,1,square_value,square_value,output_0,arg_0,train,A
34,2,2,sum_two_numbers,sum_two_numbers,output_0,first_number|second_number,train,A
35,1,1,negate,negate,output_0,arg_0,train,A
59,2,2,filter_values_above,filter_values_above,output_0,threshold|values,train,A
41,3,3,sum_of_three,sum_of_three,output_0,arg_0|arg_1|arg_2,train,A
33,1,1,ceiling,ceiling,output_0,arg_0,train,A
33,1,1,aggregate_total,aggregate_total,output_0,number_list,train,G
52,2,2,exceeds_value,exceeds_value,output_0,limit|measured_value,train,G
54,3,3,inside_limits,inside_limits,output_0,high_limit|low_limit|reading,train,G
43,1,1,read_amount_from_text,read_amount_from_text,output_0,raw_text,train,G
49,2,2,entries_over_limit,entries_over_limit,output_0,limit|number_list,train,G
39,2,2,leftover_after_grouping,leftover_after_grouping,output_0,group_size|total_items,train,G
51,1,1,digits_added_up,digits_added_up,output_0,whole_value,train,G
41,1,1,round_down_whole,round_down_whole,output_0,value,train,G
31,2,2,join_text_pieces,join_text_pieces,output_0,piece_one|piece_two,train,G
73,3,3,range_of_three,range_of_three,output_0,arg_0|arg_1|arg_2,train,A
39,1,1,mean_of_values,mean_of_values,output_0,values,train,A
38,1,1,parse_numeric_text,parse_numeric_text,output_0,text,train,A
33,1,1,ceiling,ceiling,output_0,arg_0,train,A
52,1,1,position_of_maximum,position_of_maximum,output_0,values,train,A
38,2,2,power,power,output_0,arg_0|arg_1,train,A
35,1,1,floor,floor,output_0,arg_0,train,A
24,1,1,sqrt,sqrt,output_0,arg_0,train,A
54,2,2,round_to_decimals,round_to_decimals,output_0,places|value,train,A
57,2,2,label_with_unit,label_with_unit,output_0,unit|value,train,A
23,2,2,multiply,multiply,output_0,arg_0|arg_1,train,A
21,2,2,average_of_two,average_of_two,output_0,arg_0|arg_1,train,A
31,1,1,celsius_to_fahrenheit,celsius_to_fahrenheit,output_0,celsius,train,A
62,2,2,append_to_values,append_to_values,output_0,value|values,train,A
38,1,1,max_of_values,max_of_values,output_0,values,train,A
54,2,2,round_to_decimals,round_to_decimals,output_0,places|value,train,A
42,1,1,digit_sum,digit_sum,output_0,arg_0,train,A
33,2,2,difference_of_numbers,difference_of_numbers,output_0,minuend|subtrahend,train,A
45,3,3,mean_of_three,mean_of_three,output_0,arg_0|arg_1|arg_2,train,A
41,3,3,sum_of_three,sum_of_three,output_0,arg_0|arg_1|arg_2,train,A
37,2,2,ratio_of,ratio_of,output_0,denominator|numerator,train,A
60,3,3,is_within_range,is_within_range,output_0,maximum|minimum|value,train,A
39,2,2,increase_by_percent,increase_by_percent,output_0,base|percent,train,A
16,2,2,absolute_difference,absolute_difference,output_0,arg_0|arg_1,train,A
30,2,2,percentage_value,percentage_value,output_0,base|rate_percent,train,A
31,1,1,fahrenheit_to_celsius,fahrenheit_to_celsius,output_0,fahrenheit,train,A
39,2,2,decrease_by_percent,decrease_by_percent,output_0,base|percent,train,A
30,1,1,meters_to_km,meters_to_km,output_0,meters,train,A
35,1,1,floor,floor,output_0,arg_0,train,A
37,2,2,ratio_of,ratio_of,output_0,denominator|numerator,train,A
39,1,1,nearest_integer,nearest_integer,output_0,arg_0,train,A
39,2,2,decrease_by_percent,decrease_by_percent,output_0,base|percent,train,A
41,3,3,sum_of_three,sum_of_three,output_0,arg_0|arg_1|arg_2,train,A
34,2,2,sum_two_numbers,sum_two_numbers,output_0,first_number|second_number,train,A
43,1,1,sort_values_descending,sort_values_descending,output_0,values,train,A
21,2,2,average_of_two,average_of_two,output_0,arg_0|arg_1,train,A
39,1,1,mean_of_values,mean_of_values,output_0,values,train,A
39,2,2,increase_by_percent,increase_by_percent,output_0,base|percent,train,A
61,2,2,format_number_fixed,format_number_fixed,output_0,places|value,train,A
38,2,2,percent_of,percent_of,output_0,percent|whole,train,A
35,2,2,product_of_numbers,product_of_numbers,output_0,first_factor|second_factor,train,A
58,2,2,round_with_mode,round_with_mode,output_0,mode|value,train,A
50,2,2,take_top_values,take_top_values,output_0,k|values,train,A
30,1,1,meters_to_km,meters_to_km,output_0,meters,train,A
39,2,2,decrease_by_percent,decrease_by_percent,output_0,base|percent,train,A
39,1,1,mean_of_values,mean_of_values,output_0,values,train,A
54,2,2,join_values_with,join_values_with,output_0,separator|values,train,A
62,2,2,is_greater,is_greater,output_0,arg_0|arg_1,train,A
50,1,1,seconds_to_full_minutes,seconds_to_full_minutes,output_0,seconds,train,A
39,2,2,increase_by_percent,increase_by_percent,output_0,base|percent,train,A
33,2,2,difference_of_numbers,difference_of_numbers,output_0,minuend|subtrahend,train,A
38,1,1,parse_numeric_text,parse_numeric_text,output_0,text,train,A
16,2,2,absolute_difference,absolute_difference,output_0,arg_0|arg_1,train,A
38,2,2,percent_of,percent_of,output_0,percent|whole,train,A
46,2,2,render_with_decimals,render_with_decimals,output_0,decimal_count|value,train,G
36,2,2,gap_between,gap_between,output_0,first_value|second_value,train,G
37,1,1,reciprocal_value,reciprocal_value,output_0,value,train,G
35,1,1,round_up_whole,round_up_whole,output_0,value,train,G
34,1,1,series_spread,series_spread,output_0,number_list,train,G
35,2,2,pick_higher,pick_higher,output_0,candidate_a|candidate_b,train,G
36,1,1,character_count,character_count,output_0,input_text,train,G
31,1,1,meters_from_km,meters_from_km,output_0,distance_km,train,G
53,2,2,compose_reference_code,compose_reference_code,output_0,code_number|code_prefix,train,G
33,1,1,whole_number_of,whole_number_of,output_0,value,train,G
27,1,1,minutes_from_hours,minutes_from_hours,output_0,hour_count,train,G
41,1,1,round_down_whole,round_down_whole,output_0,value,train,G
29,1,1,seconds_from_minutes,seconds_from_minutes,output_0,minute_count,train,G
32,1,1,central_value,central_value,output_0,number_list,train,G
34,2,2,pick_lower,pick_lower,output_0,candidate_a|candidate_b,train,G
41,2,2,combine_amounts,combine_amounts,output_0,amount_a|amount_b,train,G
41,2,2,full_groups_of,full_groups_of,output_0,group_size|total_items,train,G
42,2,2,trim_precision,trim_precision,output_0,digits|raw_value,train,G
35,2,2,exponentiate,exponentiate,output_0,base_value|power_value,train,G
31,2,2,join_text_pieces,join_text_pieces,output_0,piece_one|piece_two,train,G
42,2,2,leading_entries,leading_entries,output_0,how_many|number_list,train,G
35,3,3,bound_within,bound_within,output_0,high_limit|input_value|low_limit,train,G
28,2,2,per_unit_value,per_unit_value,output_0,units|whole,train,G
35,1,1,round_up_whole,round_up_whole,output_0,value,train,G
35,2,2,midpoint_value,midpoint_value,output_0,value_one|value_two,train,G
33,1,1,whole_number_of,whole_number_of,output_0,value,train,G
41,2,2,reduce_amount,reduce_amount,output_0,base_value|reduction,train,G
42,2,2,proportion_between,proportion_between,output_0,part_value|whole_value,train,G
35,2,2,midpoint_value,midpoint_value,output_0,value_one|value_two,train,G
28,2,2,per_unit_value,per_unit_value,output_0,units|whole,train,G
49,2,2,adjust_to_whole,adjust_to_whole,output_0,direction|value,train,G
34,1,1,series_spread,series_spread,output_0,number_list,train,G
31,1,1,meters_from_km,meters_from_km,output_0,distance_km,train,G
35,1,1,round_up_whole,round_up_whole,output_0,value,train,G
52,2,2,exceeds_value,exceeds_value,output_0,limit|measured_value,train,G
39,1,1,self_product,self_product,output_0,value,train,G
47,2,2,portion_by_rate,portion_by_rate,output_0,rate|reference_value,train,G
53,2,2,split_evenly,split_evenly,output_0,parts|total,train,G
39,2,2,leftover_after_grouping,leftover_after_grouping,output_0,group_size|total_items,train,G
41,1,1,round_down_whole,round_down_whole,output_0,value,train,G
35,2,2,grow_by_rate,grow_by_rate,output_0,growth_rate|starting_value,train,G
41,2,2,combine_amounts,combine_amounts,output_0,amount_a|amount_b,train,G
49,2,2,adjust_to_whole,adjust_to_whole,output_0,direction|value,train,G
51,1,1,digits_added_up,digits_added_up,output_0,whole_value,train,G
40,2,2,remaining_after,remaining_after,output_0,from_value|take_away,train,G
49,2,2,entries_over_limit,entries_over_limit,output_0,limit|number_list,train,G
36,3,3,total_of_three_parts,total_of_three_parts,output_0,part_one|part_three|part_two,train,G
42,2,2,trim_precision,trim_precision,output_0,digits|raw_value,train,G
41,1,1,round_down_whole,round_down_whole,output_0,value,train,G
34,2,2,pick_lower,pick_lower,output_0,candidate_a|candidate_b,train,G
35,2,2,midpoint_value,midpoint_value,output_0,value_one|value_two,train,G
31,1,1,meters_from_km,meters_from_km,output_0,distance_km,train,G
44,3,3,dispersion_of_three,dispersion_of_three,output_0,value_one|value_three|value_two,train,G
38,3,3,balance_of_three,balance_of_three,output_0,reading_one|reading_three|reading_two,train,G
37,1,1,reciprocal_value,reciprocal_value,output_0,value,train,G
40,2,2,remaining_after,remaining_after,output_0,from_value|take_away,train,G
35,1,1,peak_of_series,peak_of_series,output_0,number_list,train,G
41,2,2,combine_amounts,combine_amounts,output_0,amount_a|amount_b,train,G
52,2,2,exceeds_value,exceeds_value,output_0,limit|measured_value,train,G
37,2,2,shrink_by_rate,shrink_by_rate,output_0,discount_rate|starting_value,train,G
26,2,2,exponent_of,exponent_of,output_0,base|exponent,train,A
50,1,1,seconds_to_full_minutes,seconds_to_full_minutes,output_0,seconds,train,A
24,1,1,sqrt,sqrt,output_0,arg_0,train,A
30,1,1,km_to_meters,km_to_meters,output_0,kilometers,train,A
42,1,1,digit_sum,digit_sum,output_0,arg_0,train,A
39,2,2,decrease_by_percent,decrease_by_percent,output_0,base|percent,train,A
34,2,2,whole_quotient,whole_quotient,output_0,dividend|divisor,train,A
21,2,2,average_of_two,average_of_two,output_0,arg_0|arg_1,train,A
66,2,2,build_tag,build_tag,output_0,prefix|value,train,A
33,2,2,difference_of_numbers,difference_of_numbers,output_0,minuend|subtrahend,train,A
30,1,1,meters_to_km,meters_to_km,output_0,meters,train,A
32,1,1,inverse,inverse,output_0,arg_0,train,A
37,2,2,ratio_of,ratio_of,output_0,denominator|numerator,train,A
16,2,2,absolute_difference,absolute_difference,output_0,arg_0|arg_1,train,A
33,1,1,ceiling,ceiling,output_0,arg_0,train,A
39,1,1,mean_of_values,mean_of_values,output_0,values,train,A
54,2,2,round_to_decimals,round_to_decimals,output_0,places|value,train,A
66,2,2,build_tag,build_tag,output_0,prefix|value,train,A
21,2,2,average_of_two,average_of_two,output_0,arg_0|arg_1,train,A
32,1,1,inverse,inverse,output_0,arg_0,train,A
34,2,2,whole_quotient,whole_quotient,output_0,dividend|divisor,train,A
39,2,2,decrease_by_percent,decrease_by_percent,output_0,base|percent,train,A
61,2,2,format_number_fixed,format_number_fixed,output_0,places|value,train,A
39,2,2,decrease_by_percent,decrease_by_percent,output_0,base|percent,train,A
37,2,2,ratio_of,ratio_of,output_0,denominator|numerator,train,A
47,1,1,number_to_text,number_to_text,output_0,value,train,A
32,2,2,quotient_of,quotient_of,output_0,denominator|numerator,train,A
59,2,2,filter_values_above,filter_values_above,output_0,threshold|values,train,A
30,2,2,percentage_value,percentage_value,output_0,base|rate_percent,train,A
50,2,2,take_top_values,take_top_values,output_0,k|values,train,A
53,2,2,split_evenly,split_evenly,output_0,parts|total,train,G
40,2,2,remaining_after,remaining_after,output_0,from_value|take_away,train,G
39,1,1,self_product,self_product,output_0,value,train,G
35,2,2,midpoint_value,midpoint_value,output_0,value_one|value_two,train,G
35,2,2,grow_by_rate,grow_by_rate,output_0,growth_rate|starting_value,train,G
53,2,2,compose_reference_code,compose_reference_code,output_0,code_number|code_prefix,train,G
38,3,3,balance_of_three,balance_of_three,output_0,reading_one|reading_three|reading_two,train,G
37,1,1,valley_of_series,valley_of_series,output_0,number_list,train,G
46,2,2,total_of_pair,total_of_pair,output_0,left|right,train,G
37,1,1,fahrenheit_from_celsius,fahrenheit_from_celsius,output_0,temp_c,train,G
47,2,2,portion_by_rate,portion_by_rate,output_0,rate|reference_value,train,G
31,2,2,join_text_pieces,join_text_pieces,output_0,piece_one|piece_two,train,G
46,2,2,render_with_decimals,render_with_decimals,output_0,decimal_count|value,train,G
36,2,2,gap_between,gap_between,output_0,first_value|second_value,train,G
32,1,1,central_value,central_value,output_0,number_list,train,G
37,2,2,shrink_by_rate,shrink_by_rate,output_0,discount_rate|starting_value,train,G
51,1,1,digits_added_up,digits_added_up,output_0,whole_value,train,G
39,2,2,leftover_after_grouping,leftover_after_grouping,output_0,group_size|total_items,train,G
30,2,2,scale_quantity,scale_quantity,output_0,factor|quantity,train,G
36,2,2,gap_between,gap_between,output_0,first_value|second_value,train,G
38,1,1,series_length,series_length,output_0,number_list,train,G
35,2,2,pick_higher,pick_higher,output_0,candidate_a|candidate_b,train,G
35,2,2,midpoint_value,midpoint_value,output_0,value_one|value_two,train,G
35,2,2,grow_by_rate,grow_by_rate,output_0,growth_rate|starting_value,train,G
47,2,2,portion_by_rate,portion_by_rate,output_0,rate|reference_value,train,G
35,1,1,km_from_meters,km_from_meters,output_0,distance_m,train,G
42,2,2,proportion_between,proportion_between,output_0,part_value|whole_value,train,G
39,2,2,increase_by_percent,increase_by_percent,output_0,base|percent,train,A
30,2,2,percentage_value,percentage_value,output_0,base|rate_percent,train,A
39,1,1,nearest_integer,nearest_integer,output_0,arg_0,train,A
62,2,2,append_to_values,append_to_values,output_0,value|values,train,A
32,1,1,inverse,inverse,output_0,arg_0,train,A
33,1,1,ceiling,ceiling,output_0,arg_0,train,A
32,1,1,square_value,square_value,output_0,arg_0,train,A
50,1,1,seconds_to_full_minutes,seconds_to_full_minutes,output_0,seconds,train,A
54,2,2,round_to_decimals,round_to_decimals,output_0,places|value,train,A
32,1,1,range_of_values,range_of_values,output_0,values,train,A
24,1,1,sqrt,sqrt,output_0,arg_0,train,A
39,2,2,decrease_by_percent,decrease_by_percent,output_0,base|percent,train,A
42,1,1,digit_sum,digit_sum,output_0,arg_0,train,A
43,2,2,subtract,subtract,output_0,arg_0|arg_1,train,A
50,2,2,take_top_values,take_top_values,output_0,k|values,train,A
16,2,2,absolute_difference,absolute_difference,output_0,arg_0|arg_1,train,A
32,1,1,square_value,square_value,output_0,arg_0,train,A
38,1,1,max_of_values,max_of_values,output_0,values,train,A
62,2,2,append_to_values,append_to_values,output_0,value|values,train,A
39,2,2,divide,divide,output_0,arg_0|arg_1,train,A
45,1,1,text_length,text_length,output_0,text,train,A
33,2,2,difference_of_numbers,difference_of_numbers,output_0,minuend|subtrahend,train,A
35,1,1,floor,floor,output_0,arg_0,train,A
23,2,2,multiply,multiply,output_0,arg_0|arg_1,train,A
38,2,2,percent_of,percent_of,output_0,percent|whole,train,A
34,2,2,sum_two_numbers,sum_two_numbers,output_0,first_number|second_number,train,A
30,2,2,modulo_of,modulo_of,output_0,dividend|divisor,train,A
26,2,2,exponent_of,exponent_of,output_0,base|exponent,train,A
23,2,2,multiply,multiply,output_0,arg_0|arg_1,train,A
37,2,2,ratio_of,ratio_of,output_0,denominator|numerator,train,A
26,1,1,hours_to_minutes,hours_to_minutes,output_0,hours,train,A
16,2,2,absolute_difference,absolute_difference,output_0,arg_0|arg_1,train,A
66,2,2,build_tag,build_tag,output_0,prefix|value,train,A
30,1,1,meters_to_km,meters_to_km,output_0,meters,train,A
38,1,1,parse_numeric_text,parse_numeric_text,output_0,text,train,A
30,2,2,modulo_of,modulo_of,output_0,dividend|divisor,train,A
32,1,1,inverse,inverse,output_0,arg_0,train,A
32,2,2,quotient_of,quotient_of,output_0,denominator|numerator,train,A
45,3,3,mean_of_three,mean_of_three,output_0,arg_0|arg_1|arg_2,train,A
21,2,2,average_of_two,average_of_two,output_0,arg_0|arg_1,train,A
40,3,3,clamp_value,clamp_value,output_0,maximum|minimum|value,train,A
33,2,2,difference_of_numbers,difference_of_numbers,output_0,minuend|subtrahend,train,A
35,1,1,negate,negate,output_0,arg_0,train,A
30,1,1,count_of_values,count_of_values,output_0,values,train,A
31,1,1,celsius_to_fahrenheit,celsius_to_fahrenheit,output_0,celsius,train,A
51,2,2,divides_evenly,divides_evenly,output_0,group_size|total_amount,train,G
46,1,1,order_series_high_to_low,order_series_high_to_low,output_0,number_list,train,G
29,1,1,seconds_from_minutes,seconds_from_minutes,output_0,minute_count,train,G
35,1,1,round_up_whole,round_up_whole,output_0,value,train,G
28,1,1,flip_sign,flip_sign,output_0,value,train,G
41,2,2,full_groups_of,full_groups_of,output_0,group_size|total_items,train,G
35,1,1,km_from_meters,km_from_meters,output_0,distance_m,train,G
51,1,1,digits_added_up,digits_added_up,output_0,whole_value,train,G
35,2,2,midpoint_value,midpoint_value,output_0,value_one|value_two,train,G
35,2,2,grow_by_rate,grow_by_rate,output_0,growth_rate|starting_value,train,G
35,2,2,exponentiate,exponentiate,output_0,base_value|power_value,train,G
30,2,2,percentage_value,percentage_value,output_0,base|rate_percent,train,A
32,1,1,range_of_values,range_of_values,output_0,values,train,A
64,2,2,is_divisible_by,is_divisible_by,output_0,arg_0|arg_1,train,A
45,3,3,mean_of_three,mean_of_three,output_0,arg_0|arg_1|arg_2,train,A
31,1,1,fahrenheit_to_celsius,fahrenheit_to_celsius,output_0,fahrenheit,train,A
39,1,1,nearest_integer,nearest_integer,output_0,arg_0,train,A
32,2,2,quotient_of,quotient_of,output_0,denominator|numerator,train,A
39,2,2,increase_by_percent,increase_by_percent,output_0,base|percent,train,A
35,1,1,round_up_whole,round_up_whole,output_0,value,train,G
42,2,2,proportion_between,proportion_between,output_0,part_value|whole_value,train,G
35,1,1,peak_of_series,peak_of_series,output_0,number_list,train,G
39,2,2,leftover_after_grouping,leftover_after_grouping,output_0,group_size|total_items,train,G
28,2,2,per_unit_value,per_unit_value,output_0,units|whole,train,G
41,1,1,round_down_whole,round_down_whole,output_0,value,train,G
37,1,1,reciprocal_value,reciprocal_value,output_0,value,train,G
41,2,2,combine_amounts,combine_amounts,output_0,amount_a|amount_b,train,G
38,2,2,percent_of,percent_of,output_0,percent|whole,train,A
16,2,2,absolute_difference,absolute_difference,output_0,arg_0|arg_1,train,A
41,3,3,sum_of_three,sum_of_three,output_0,arg_0|arg_1|arg_2,train,A
33,2,2,difference_of_numbers,difference_of_numbers,output_0,minuend|subtrahend,train,A
32,1,1,square_value,square_value,output_0,arg_0,train,A
51,2,2,scale_values,scale_values,output_0,factor|values,train,A
62,2,2,is_greater,is_greater,output_0,arg_0|arg_1,train,A
40,2,2,add,add,output_0,arg_0|arg_1,train,A
50,1,1,seconds_to_full_minutes,seconds_to_full_minutes,output_0,seconds,train,A
43,2,2,subtract,subtract,output_0,arg_0|arg_1,train,A
46,2,2,total_of_pair,total_of_pair,output_0,left|right,train,G
42,2,2,extend_series_with,extend_series_with,output_0,new_entry|number_list,train,G
34,1,1,series_spread,series_spread,output_0,number_list,train,G
36,1,1,character_count,character_count,output_0,input_text,train,G
31,2,2,join_text_pieces,join_text_pieces,output_0,piece_one|piece_two,train,G
39,1,1,self_product,self_product,output_0,value,train,G
43,1,1,accumulate_series,accumulate_series,output_0,number_list,train,G
38,1,1,root_extract,root_extract,output_0,input_value,train,G
42,2,2,proportion_between,proportion_between,output_0,part_value|whole_value,train,G
49,2,2,entries_over_limit,entries_over_limit,output_0,limit|number_list,train,G
39,1,1,self_product,self_product,output_0,value,train,G
44,3,3,dispersion_of_three,dispersion_of_three,output_0,value_one|value_three|value_two,train,G
36,3,3,total_of_three_parts,total_of_three_parts,output_0,part_one|part_three|part_two,train,G
54,3,3,inside_limits,inside_limits,output_0,high_limit|low_limit|reading,train,G
49,1,1,whole_minutes_from_seconds,whole_minutes_from_seconds,output_0,second_count,train,G
38,1,1,root_extract,root_extract,output_0,input_value,train,G
53,2,2,rescale_series,rescale_series,output_0,multiplier|number_list,train,G
34,1,1,series_spread,series_spread,output_0,number_list,train,G
41,2,2,full_groups_of,full_groups_of,output_0,group_size|total_items,train,G
53,2,2,serialize_series,serialize_series,output_0,delimiter|number_list,train,G
46,1,1,order_series_high_to_low,order_series_high_to_low,output_0,number_list,train,G
41,2,2,reduce_amount,reduce_amount,output_0,base_value|reduction,train,G
36,2,2,gap_between,gap_between,output_0,first_value|second_value,train,G
53,2,2,split_evenly,split_evenly,output_0,parts|total,train,G
50,1,1,seconds_to_full_minutes,seconds_to_full_minutes,output_0,seconds,train,A
27,2,2,minimum_of_two,minimum_of_two,output_0,arg_0|arg_1,train,A
30,2,2,percentage_value,percentage_value,output_0,base|rate_percent,train,A
39,1,1,running_totals,running_totals,output_0,values,train,A
62,2,2,append_to_values,append_to_values,output_0,value|values,train,A
26,2,2,exponent_of,exponent_of,output_0,base|exponent,train,A
23,2,2,multiply,multiply,output_0,arg_0|arg_1,train,A
39,2,2,decrease_by_percent,decrease_by_percent,output_0,base|percent,train,A
37,2,2,ratio_of,ratio_of,output_0,denominator|numerator,train,A
34,2,2,whole_quotient,whole_quotient,output_0,dividend|divisor,train,A
39,1,1,min_of_values,min_of_values,output_0,values,train,A
45,3,3,mean_of_three,mean_of_three,output_0,arg_0|arg_1|arg_2,train,A
30,1,1,count_of_values,count_of_values,output_0,values,train,A
57,2,2,label_with_unit,label_with_unit,output_0,unit|value,train,A
39,2,2,increase_by_percent,increase_by_percent,output_0,base|percent,train,A
43,1,1,accumulate_series,accumulate_series,output_0,number_list,train,G
49,2,2,adjust_to_whole,adjust_to_whole,output_0,direction|value,train,G
35,2,2,midpoint_value,midpoint_value,output_0,value_one|value_two,train,G
41,2,2,full_groups_of,full_groups_of,output_0,group_size|total_items,train,G
33,1,1,aggregate_total,aggregate_total,output_0,number_list,train,G
46,2,2,render_with_decimals,render_with_decimals,output_0,decimal_count|value,train,G
52,2,2,exceeds_value,exceeds_value,output_0,limit|measured_value,train,G
37,2,2,shrink_by_rate,shrink_by_rate,output_0,discount_rate|starting_value,train,G
42,2,2,proportion_between,proportion_between,output_0,part_value|whole_value,train,G
31,1,1,meters_from_km,meters_from_km,output_0,distance_km,train,G
60,3,3,is_within_range,is_within_range,output_0,maximum|minimum|value,train,A
26,1,1,hours_to_minutes,hours_to_minutes,output_0,hours,train,A
16,2,2,absolute_difference,absolute_difference,output_0,arg_0|arg_1,train,A
41,3,3,sum_of_three,sum_of_three,output_0,arg_0|arg_1|arg_2,train,A
42,1,1,digit_sum,digit_sum,output_0,arg_0,train,A
35,1,1,floor,floor,output_0,arg_0,train,A
33,2,2,difference_of_numbers,difference_of_numbers,output_0,minuend|subtrahend,train,A
57,2,2,label_with_unit,label_with_unit,output_0,unit|value,train,A
32,1,1,range_of_values,range_of_values,output_0,values,train,A
35,1,1,negate,negate,output_0,arg_0,train,A
37,2,2,reminder,reminder,output_0,arg_0|arg_1,train,A
61,2,2,format_number_fixed,format_number_fixed,output_0,places|value,train,A
39,2,2,increase_by_percent,increase_by_percent,output_0,base|percent,train,A
45,3,3,mean_of_three,mean_of_three,output_0,arg_0|arg_1|arg_2,train,A
39,2,2,decrease_by_percent,decrease_by_percent,output_0,base|percent,train,A
54,2,2,round_to_decimals,round_to_decimals,output_0,places|value,train,A
40,2,2,remaining_after,remaining_after,output_0,from_value|take_away,train,G
34,1,1,celsius_from_fahrenheit,celsius_from_fahrenheit,output_0,temp_f,train,G
28,2,2,per_unit_value,per_unit_value,output_0,units|whole,train,G
38,1,1,series_length,series_length,output_0,number_list,train,G
31,2,2,join_text_pieces,join_text_pieces,output_0,piece_one|piece_two,train,G
54,3,3,inside_limits,inside_limits,output_0,high_limit|low_limit|reading,train,G
44,3,3,dispersion_of_three,dispersion_of_three,output_0,value_one|value_three|value_two,train,G
35,2,2,exponentiate,exponentiate,output_0,base_value|power_value,train,G
29,2,2,pairwise_product,pairwise_product,output_0,value_one|value_two,train,G
39,2,2,leftover_after_grouping,leftover_after_grouping,output_0,group_size|total_items,train,G
34,1,1,series_spread,series_spread,output_0,number_list,train,G
51,2,2,divides_evenly,divides_evenly,output_0,group_size|total_amount,train,G
42,2,2,trim_precision,trim_precision,output_0,digits|raw_value,train,G
36,2,2,gap_between,gap_between,output_0,first_value|second_value,train,G
47,2,2,portion_by_rate,portion_by_rate,output_0,rate|reference_value,train,G
39,1,1,self_product,self_product,output_0,value,train,G
42,2,2,proportion_between,proportion_between,output_0,part_value|whole_value,train,G
41,1,1,round_down_whole,round_down_whole,output_0,value,train,G
29,2,2,pairwise_product,pairwise_product,output_0,value_one|value_two,train,G
36,1,1,character_count,character_count,output_0,input_text,train,G
38,1,1,root_extract,root_extract,output_0,input_value,train,G
29,1,1,seconds_from_minutes,seconds_from_minutes,output_0,minute_count,train,G
51,1,1,digits_added_up,digits_added_up,output_0,whole_value,train,G
37,1,1,valley_of_series,valley_of_series,output_0,number_list,train,G
36,2,2,gap_between,gap_between,output_0,first_value|second_value,train,G
49,2,2,adjust_to_whole,adjust_to_whole,output_0,direction|value,train,G
39,2,2,leftover_after_grouping,leftover_after_grouping,output_0,group_size|total_items,train,G
49,1,1,whole_minutes_from_seconds,whole_minutes_from_seconds,output_0,second_count,train,G
53,2,2,split_evenly,split_evenly,output_0,parts|total,train,G
53,2,2,rescale_series,rescale_series,output_0,multiplier|number_list,train,G
27,1,1,minutes_from_hours,minutes_from_hours,output_0,hour_count,train,G
42,2,2,trim_precision,trim_precision,output_0,digits|raw_value,train,G
46,2,2,render_with_decimals,render_with_decimals,output_0,decimal_count|value,train,G
53,2,2,split_evenly,split_evenly,output_0,parts|total,train,G
35,3,3,bound_within,bound_within,output_0,high_limit|input_value|low_limit,train,G
52,1,1,rank_of_peak,rank_of_peak,output_0,number_list,train,G
42,2,2,proportion_between,proportion_between,output_0,part_value|whole_value,train,G
36,2,2,gap_between,gap_between,output_0,first_value|second_value,train,G
51,1,1,digits_added_up,digits_added_up,output_0,whole_value,train,G
47,2,2,portion_by_rate,portion_by_rate,output_0,rate|reference_value,train,G
46,1,1,order_series_high_to_low,order_series_high_to_low,output_0,number_list,train,G
35,1,1,peak_of_series,peak_of_series,output_0,number_list,train,G
38,1,1,series_length,series_length,output_0,number_list,train,G
35,2,2,pick_higher,pick_higher,output_0,candidate_a|candidate_b,train,G
41,2,2,combine_amounts,combine_amounts,output_0,amount_a|amount_b,train,G
53,2,2,serialize_series,serialize_series,output_0,delimiter|number_list,train,G
33,1,1,whole_number_of,whole_number_of,output_0,value,train,G
37,2,2,shrink_by_rate,shrink_by_rate,output_0,discount_rate|starting_value,train,G
50,2,2,annotate_measurement,annotate_measurement,output_0,measurement|unit_name,train,G
28,1,1,flip_sign,flip_sign,output_0,value,train,G
54,3,3,inside_limits,inside_limits,output_0,high_limit|low_limit|reading,train,G
52,2,2,exceeds_value,exceeds_value,output_0,limit|measured_value,train,G
47,2,2,portion_by_rate,portion_by_rate,output_0,rate|reference_value,train,G
28,2,2,per_unit_value,per_unit_value,output_0,units|whole,train,G
42,2,2,leading_entries,leading_entries,output_0,how_many|number_list,train,G
38,1,1,root_extract,root_extract,output_0,input_value,train,G
41,2,2,full_groups_of,full_groups_of,output_0,group_size|total_items,train,G
39,1,1,self_product,self_product,output_0,value,train,G
35,2,2,exponentiate,exponentiate,output_0,base_value|power_value,train,G
35,1,1,km_from_meters,km_from_meters,output_0,distance_m,train,G
53,2,2,compose_reference_code,compose_reference_code,output_0,code_number|code_prefix,train,G
33,1,1,whole_number_of,whole_number_of,output_0,value,train,G
41,2,2,combine_amounts,combine_amounts,output_0,amount_a|amount_b,train,G
52,2,2,exceeds_value,exceeds_value,output_0,limit|measured_value,train,G
39,2,2,leftover_after_grouping,leftover_after_grouping,output_0,group_size|total_items,train,G
30,2,2,scale_quantity,scale_quantity,output_0,factor|quantity,train,G
35,1,1,round_up_whole,round_up_whole,output_0,value,train,G
41,2,2,combine_amounts,combine_amounts,output_0,amount_a|amount_b,train,G
35,2,2,grow_by_rate,grow_by_rate,output_0,growth_rate|starting_value,train,G
35,2,2,midpoint_value,midpoint_value,output_0,value_one|value_two,train,G
32,1,1,central_value,central_value,output_0,number_list,train,G
49,2,2,entries_over_limit,entries_over_limit,output_0,limit|number_list,train,G
26,1,1,stringify_amount,stringify_amount,output_0,amount,train,G
24,1,1,sqrt,sqrt,output_0,arg_0,train,A
39,2,2,decrease_by_percent,decrease_by_percent,output_0,base|percent,train,A
45,1,1,text_length,text_length,output_0,text,train,A
35,2,2,product_of_numbers,product_of_numbers,output_0,first_factor|second_factor,train,A
40,3,3,clamp_value,clamp_value,output_0,maximum|minimum|value,train,A
50,1,1,seconds_to_full_minutes,seconds_to_full_minutes,output_0,seconds,train,A
21,2,2,average_of_two,average_of_two,output_0,arg_0|arg_1,train,A
26,1,1,hours_to_minutes,hours_to_minutes,output_0,hours,train,A
42,2,2,trim_precision,trim_precision,output_0,digits|raw_value,train,G
40,2,2,remaining_after,remaining_after,output_0,from_value|take_away,train,G
34,1,1,celsius_from_fahrenheit,celsius_from_fahrenheit,output_0,temp_f,train,G
38,1,1,root_extract,root_extract,output_0,input_value,train,G
35,1,1,round_up_whole,round_up_whole,output_0,value,train,G
34,2,2,pick_lower,pick_lower,output_0,candidate_a|candidate_b,train,G
46,1,1,order_series_high_to_low,order_series_high_to_low,output_0,number_list,train,G
53,2,2,split_evenly,split_evenly,output_0,parts|total,train,G
47,2,2,portion_by_rate,portion_by_rate,output_0,rate|reference_value,train,G
41,2,2,full_groups_of,full_groups_of,output_0,group_size|total_items,train,G
53,2,2,compose_reference_code,compose_reference_code,output_0,code_number|code_prefix,train,G
46,1,1,order_series_high_to_low,order_series_high_to_low,output_0,number_list,train,G
29,1,1,seconds_from_minutes,seconds_from_minutes,output_0,minute_count,train,G
47,2,2,portion_by_rate,portion_by_rate,output_0,rate|reference_value,train,G
38,1,1,series_length,series_length,output_0,number_list,train,G
40,2,2,remaining_after,remaining_after,output_0,from_value|take_away,train,G
38,3,3,balance_of_three,balance_of_three,output_0,reading_one|reading_three|reading_two,train,G
35,3,3,bound_within,bound_within,output_0,high_limit|input_value|low_limit,train,G
46,2,2,render_with_decimals,render_with_decimals,output_0,decimal_count|value,train,G
42,2,2,trim_precision,trim_precision,output_0,digits|raw_value,train,G
38,1,1,max_of_values,max_of_values,output_0,values,train,A
37,2,2,ratio_of,ratio_of,output_0,denominator|numerator,train,A
32,1,1,square_value,square_value,output_0,arg_0,train,A
50,2,2,take_top_values,take_top_values,output_0,k|values,train,A
32,1,1,inverse,inverse,output_0,arg_0,train,A
39,2,2,divide,divide,output_0,arg_0|arg_1,train,A
41,3,3,sum_of_three,sum_of_three,output_0,arg_0|arg_1|arg_2,train,A
39,1,1,mean_of_values,mean_of_values,output_0,values,train,A
24,1,1,sqrt,sqrt,output_0,arg_0,train,A
30,2,2,percentage_value,percentage_value,output_0,base|rate_percent,train,A
35,1,1,negate,negate,output_0,arg_0,train,A
39,2,2,increase_by_percent,increase_by_percent,output_0,base|percent,train,A
39,2,2,decrease_by_percent,decrease_by_percent,output_0,base|percent,train,A
26,1,1,hours_to_minutes,hours_to_minutes,output_0,hours,train,A
26,2,2,maximum_of_two,maximum_of_two,output_0,arg_0|arg_1,train,A
39,1,1,min_of_values,min_of_values,output_0,values,train,A
40,3,3,clamp_value,clamp_value,output_0,maximum|minimum|value,train,A
43,1,1,sort_values_descending,sort_values_descending,output_0,values,train,A
54,2,2,join_values_with,join_values_with,output_0,separator|values,train,A
50,1,1,seconds_to_full_minutes,seconds_to_full_minutes,output_0,seconds,train,A
50,2,2,take_top_values,take_top_values,output_0,k|values,train,A
33,2,2,difference_of_numbers,difference_of_numbers,output_0,minuend|subtrahend,train,A
34,2,2,concat_strings,concat_strings,output_0,first|second,train,A
40,3,3,clamp_value,clamp_value,output_0,maximum|minimum|value,train,A
60,3,3,is_within_range,is_within_range,output_0,maximum|minimum|value,train,A
33,1,1,ceiling,ceiling,output_0,arg_0,train,A
58,2,2,round_with_mode,round_with_mode,output_0,mode|value,train,A
35,1,1,floor,floor,output_0,arg_0,train,A
54,2,2,round_to_decimals,round_to_decimals,output_0,places|value,train,A
39,2,2,increase_by_percent,increase_by_percent,output_0,base|percent,train,A
30,1,1,meters_to_km,meters_to_km,output_0,meters,train,A
30,1,1,km_to_meters,km_to_meters,output_0,kilometers,train,A
51,2,2,scale_values,scale_values,output_0,factor|values,train,A
38,1,1,parse_numeric_text,parse_numeric_text,output_0,text,train,A
54,2,2,round_to_decimals,round_to_decimals,output_0,places|value,train,A
39,2,2,decrease_by_percent,decrease_by_percent,output_0,base|percent,train,A
23,2,2,multiply,multiply,output_0,arg_0|arg_1,train,A
41,3,3,sum_of_three,sum_of_three,output_0,arg_0|arg_1|arg_2,train,A
38,2,2,percent_of,percent_of,output_0,percent|whole,train,A
32,1,1,square_value,square_value,output_0,arg_0,train,A
37,2,2,ratio_of,ratio_of,output_0,denominator|numerator,train,A
38,2,2,percent_of,percent_of,output_0,percent|whole,train,A
40,3,3,clamp_value,clamp_value,output_0,maximum|minimum|value,train,A
39,1,1,mean_of_values,mean_of_values,output_0,values,train,A
52,1,1,position_of_maximum,position_of_maximum,output_0,values,train,A
37,2,2,reminder,reminder,output_0,arg_0|arg_1,train,A
39,2,2,divide,divide,output_0,arg_0|arg_1,train,A
54,2,2,join_values_with,join_values_with,output_0,separator|values,train,A
39,2,2,increase_by_percent,increase_by_percent,output_0,base|percent,train,A
38,2,2,power,power,output_0,arg_0|arg_1,train,A
33,1,1,aggregate_total,aggregate_total,output_0,number_list,train,G
38,1,1,root_extract,root_extract,output_0,input_value,train,G
41,1,1,round_down_whole,round_down_whole,output_0,value,train,G
35,2,2,midpoint_value,midpoint_value,output_0,value_one|value_two,train,G
39,1,1,self_product,self_product,output_0,value,train,G
36,2,2,gap_between,gap_between,output_0,first_value|second_value,train,G
37,2,2,shrink_by_rate,shrink_by_rate,output_0,discount_rate|starting_value,train,G
54,3,3,inside_limits,inside_limits,output_0,high_limit|low_limit|reading,train,G
35,2,2,grow_by_rate,grow_by_rate,output_0,growth_rate|starting_value,train,G
52,2,2,exceeds_value,exceeds_value,output_0,limit|measured_value,train,G
28,2,2,per_unit_value,per_unit_value,output_0,units|whole,train,G
51,1,1,digits_added_up,digits_added_up,output_0,whole_value,train,G
40,2,2,remaining_after,remaining_after,output_0,from_value|take_away,train,G
35,2,2,midpoint_value,midpoint_value,output_0,value_one|value_two,train,G
44,3,3,dispersion_of_three,dispersion_of_three,output_0,value_one|value_three|value_two,train,G
36,1,1,character_count,character_count,output_0,input_text,train,G
37,1,1,reciprocal_value,reciprocal_value,output_0,value,train,G
28,1,1,flip_sign,flip_sign,output_0,value,train,G
36,2,2,gap_between,gap_between,output_0,first_value|second_value,train,G
39,1,1,self_product,self_product,output_0,value,train,G
47,2,2,portion_by_rate,portion_by_rate,output_0,rate|reference_value,train,G
36,3,3,total_of_three_parts,total_of_three_parts,output_0,part_one|part_three|part_two,train,G
41,1,1,round_down_whole,round_down_whole,output_0,value,train,G
73,3,3,range_of_three,range_of_three,output_0,arg_0|arg_1|arg_2,train,A
66,2,2,build_tag,build_tag,output_0,prefix|value,train,A
54,2,2,round_to_decimals,round_to_decimals,output_0,places|value,train,A
50,2,2,take_top_values,take_top_values,output_0,k|values,train,A
33,2,2,difference_of_numbers,difference_of_numbers,output_0,minuend|subtrahend,train,A
33,1,1,ceiling,ceiling,output_0,arg_0,train,A
32,1,1,square_value,square_value,output_0,arg_0,train,A
21,2,2,average_of_two,average_of_two,output_0,arg_0|arg_1,train,A
32,1,1,inverse,inverse,output_0,arg_0,train,A
34,2,2,sum_two_numbers,sum_two_numbers,output_0,first_number|second_number,train,A
24,1,1,sqrt,sqrt,output_0,arg_0,train,A
38,1,1,parse_numeric_text,parse_numeric_text,output_0,text,train,A
47,1,1,number_to_text,number_to_text,output_0,value,train,A
26,1,1,hours_to_minutes,hours_to_minutes,output_0,hours,train,A
45,3,3,mean_of_three,mean_of_three,output_0,arg_0|arg_1|arg_2,train,A
61,2,2,format_number_fixed,format_number_fixed,output_0,places|value,train,A
21,2,2,average_of_two,average_of_two,output_0,arg_0|arg_1,train,A
31,1,1,fahrenheit_to_celsius,fahrenheit_to_celsius,output_0,fahrenheit,train,A
66,2,2,build_tag,build_tag,output_0,prefix|value,train,A
50,2,2,take_top_values,take_top_values,output_0,k|values,train,A
39,1,1,nearest_integer,nearest_integer,output_0,arg_0,train,A
52,1,1,position_of_maximum,position_of_maximum,output_0,values,train,A
16,2,2,absolute_difference,absolute_difference,output_0,arg_0|arg_1,train,A
41,2,2,full_groups_of,full_groups_of,output_0,group_size|total_items,train,G
53,2,2,compose_reference_code,compose_reference_code,output_0,code_number|code_prefix,train,G
36,2,2,gap_between,gap_between,output_0,first_value|second_value,train,G
31,1,1,meters_from_km,meters_from_km,output_0,distance_km,train,G
54,3,3,inside_limits,inside_limits,output_0,high_limit|low_limit|reading,train,G
53,2,2,rescale_series,rescale_series,output_0,multiplier|number_list,train,G
53,2,2,split_evenly,split_evenly,output_0,parts|total,train,G
35,3,3,bound_within,bound_within,output_0,high_limit|input_value|low_limit,train,G
33,1,1,aggregate_total,aggregate_total,output_0,number_list,train,G
37,2,2,shrink_by_rate,shrink_by_rate,output_0,discount_rate|starting_value,train,G
35,2,2,midpoint_value,midpoint_value,output_0,value_one|value_two,train,G
38,1,1,series_length,series_length,output_0,number_list,train,G
33,1,1,whole_number_of,whole_number_of,output_0,value,train,G
35,2,2,midpoint_value,midpoint_value,output_0,value_one|value_two,train,G
28,2,2,per_unit_value,per_unit_value,output_0,units|whole,train,G
47,2,2,portion_by_rate,portion_by_rate,output_0,rate|reference_value,train,G
36,3,3,total_of_three_parts,total_of_three_parts,output_0,part_one|part_three|part_two,train,G
53,2,2,serialize_series,serialize_series,output_0,delimiter|number_list,train,G
30,2,2,scale_quantity,scale_quantity,output_0,factor|quantity,train,G
35,2,2,grow_by_rate,grow_by_rate,output_0,growth_rate|starting_value,train,G
37,1,1,reciprocal_value,reciprocal_value,output_0,value,train,G
42,2,2,leading_entries,leading_entries,output_0,how_many|number_list,train,G
37,2,2,shrink_by_rate,shrink_by_rate,output_0,discount_rate|starting_value,train,G
28,1,1,flip_sign,flip_sign,output_0,value,train,G
57,2,2,label_with_unit,label_with_unit,output_0,unit|value,train,A
37,2,2,ratio_of,ratio_of,output_0,denominator|numerator,train,A
30,1,1,count_of_values,count_of_values,output_0,values,train,A
31,1,1,celsius_to_fahrenheit,celsius_to_fahrenheit,output_0,celsius,train,A
45,3,3,mean_of_three,mean_of_three,output_0,arg_0|arg_1|arg_2,train,A
39,2,2,increase_by_percent,increase_by_percent,output_0,base|percent,train,A
30,2,2,modulo_of,modulo_of,output_0,dividend|divisor,train,A
43,2,2,subtract,subtract,output_0,arg_0|arg_1,train,A
32,1,1,inverse,inverse,output_0,arg_0,train,A
38,1,1,parse_numeric_text,parse_numeric_text,output_0,text,train,A
54,2,2,join_values_with,join_values_with,output_0,separator|values,train,A
50,2,2,take_top_values,take_top_values,output_0,k|values,train,A
34,2,2,concat_strings,concat_strings,output_0,first|second,train,A
31,1,1,fahrenheit_to_celsius,fahrenheit_to_celsius,output_0,fahrenheit,train,A
30,2,2,percentage_value,percentage_value,output_0,base|rate_percent,train,A
62,2,2,append_to_values,append_to_values,output_0,value|values,train,A
38,2,2,power,power,output_0,arg_0|arg_1,train,A
51,2,2,scale_values,scale_values,output_0,factor|values,train,A
64,2,2,is_divisible_by,is_divisible_by,output_0,arg_0|arg_1,train,A
33,2,2,difference_of_numbers,difference_of_numbers,output_0,minuend|subtrahend,train,A
26,2,2,exponent_of,exponent_of,output_0,base|exponent,train,A
30,2,2,floor_divide,floor_divide,output_0,arg_0|arg_1,train,A
45,1,1,text_length,text_length,output_0,text,train,A
26,1,1,hours_to_minutes,hours_to_minutes,output_0,hours,train,A
58,2,2,round_with_mode,round_with_mode,output_0,mode|value,train,A
41,3,3,sum_of_three,sum_of_three,output_0,arg_0|arg_1|arg_2,train,A
73,3,3,range_of_three,range_of_three,output_0,arg_0|arg_1|arg_2,train,A
42,1,1,digit_sum,digit_sum,output_0,arg_0,train,A
39,2,2,divide,divide,output_0,arg_0|arg_1,train,A
39,2,2,increase_by_percent,increase_by_percent,output_0,base|percent,train,A
45,3,3,mean_of_three,mean_of_three,output_0,arg_0|arg_1|arg_2,train,A
30,1,1,count_of_values,count_of_values,output_0,values,train,A
37,2,2,ratio_of,ratio_of,output_0,denominator|numerator,train,A
38,2,2,percent_of,percent_of,output_0,percent|whole,train,A
30,2,2,modulo_of,modulo_of,output_0,dividend|divisor,train,A
40,3,3,clamp_value,clamp_value,output_0,maximum|minimum|value,train,A
46,2,2,total_of_pair,total_of_pair,output_0,left|right,train,G
37,1,1,fahrenheit_from_celsius,fahrenheit_from_celsius,output_0,temp_c,train,G
33,1,1,whole_number_of,whole_number_of,output_0,value,train,G
51,2,2,divides_evenly,divides_evenly,output_0,group_size|total_amount,train,G
38,1,1,root_extract,root_extract,output_0,input_value,train,G
36,2,2,gap_between,gap_between,output_0,first_value|second_value,train,G
47,2,2,portion_by_rate,portion_by_rate,output_0,rate|reference_value,train,G
40,2,2,remaining_after,remaining_after,output_0,from_value|take_away,train,G
35,2,2,midpoint_value,midpoint_value,output_0,value_one|value_two,train,G
50,2,2,annotate_measurement,annotate_measurement,output_0,measurement|unit_name,train,G
35,2,2,exponentiate,exponentiate,output_0,base_value|power_value,train,G
46,2,2,render_with_decimals,render_with_decimals,output_0,decimal_count|value,train,G
32,1,1,central_value,central_value,output_0,number_list,train,G
29,2,2,pairwise_product,pairwise_product,output_0,value_one|value_two,train,G
53,2,2,compose_reference_code,compose_reference_code,output_0,code_number|code_prefix,train,G
37,1,1,fahrenheit_from_celsius,fahrenheit_from_celsius,output_0,temp_c,train,G
37,2,2,shrink_by_rate,shrink_by_rate,output_0,discount_rate|starting_value,train,G
53,2,2,split_evenly,split_evenly,output_0,parts|total,train,G
42,2,2,proportion_between,proportion_between,output_0,part_value|whole_value,train,G
39,2,2,decrease_by_percent,decrease_by_percent,output_0,base|percent,train,A
34,2,2,sum_two_numbers,sum_two_numbers,output_0,first_number|second_number,train,A
43,2,2,subtract,subtract,output_0,arg_0|arg_1,train,A
31,1,1,fahrenheit_to_celsius,fahrenheit_to_celsius,output_0,fahrenheit,train,A
62,2,2,append_to_values,append_to_values,output_0,value|values,train,A
31,1,1,celsius_to_fahrenheit,celsius_to_fahrenheit,output_0,celsius,train,A
39,2,2,increase_by_percent,increase_by_percent,output_0,base|percent,train,A
30,2,2,percentage_value,percentage_value,output_0,base|rate_percent,train,A
32,1,1,square_value,square_value,output_0,arg_0,train,A
39,1,1,running_totals,running_totals,output_0,values,train,A
35,1,1,negate,negate,output_0,arg_0,train,A
37,2,2,reminder,reminder,output_0,arg_0|arg_1,train,A
39,2,2,increase_by_percent,increase_by_percent,output_0,base|percent,train,A
41,3,3,sum_of_three,sum_of_three,output_0,arg_0|arg_1|arg_2,train,A
66,2,2,build_tag,build_tag,output_0,prefix|value,train,A
34,2,2,whole_quotient,whole_quotient,output_0,dividend|divisor,train,A
39,2,2,decrease_by_percent,decrease_by_percent,output_0,base|percent,train,A
32,2,2,quotient_of,quotient_of,output_0,denominator|numerator,train,A
60,3,3,is_within_range,is_within_range,output_0,maximum|minimum|value,train,A
30,1,1,count_of_values,count_of_values,output_0,values,train,A
21,2,2,average_of_two,average_of_two,output_0,arg_0|arg_1,train,A
32,1,1,inverse,inverse,output_0,arg_0,train,A
39,2,2,divide,divide,output_0,arg_0|arg_1,train,A
26,2,2,maximum_of_two,maximum_of_two,output_0,arg_0|arg_1,train,A
52,1,1,position_of_maximum,position_of_maximum,output_0,values,train,A
21,2,2,average_of_two,average_of_two,output_0,arg_0|arg_1,train,A
39,1,1,mean_of_values,mean_of_values,output_0,values,train,A
38,1,1,max_of_values,max_of_values,output_0,values,train,A
37,2,2,ratio_of,ratio_of,output_0,denominator|numerator,train,A
62,2,2,append_to_values,append_to_values,output_0,value|values,train,A
35,1,1,negate,negate,output_0,arg_0,train,A
30,1,1,count_of_values,count_of_values,output_0,values,train,A
32,1,1,inverse,inverse,output_0,arg_0,train,A
39,1,1,running_totals,running_totals,output_0,values,train,A
38,2,2,percent_of,percent_of,output_0,percent|whole,train,A
57,2,2,label_with_unit,label_with_unit,output_0,unit|value,train,A
50,2,2,take_top_values,take_top_values,output_0,k|values,train,A
16,2,2,absolute_difference,absolute_difference,output_0,arg_0|arg_1,train,A
46,2,2,total_of_pair,total_of_pair,output_0,left|right,train,G
42,2,2,proportion_between,proportion_between,output_0,part_value|whole_value,train,G
30,2,2,scale_quantity,scale_quantity,output_0,factor|quantity,train,G
35,2,2,midpoint_value,midpoint_value,output_0,value_one|value_two,train,G
43,1,1,accumulate_series,accumulate_series,output_0,number_list,train,G
44,3,3,dispersion_of_three,dispersion_of_three,output_0,value_one|value_three|value_two,train,G
31,1,1,meters_from_km,meters_from_km,output_0,distance_km,train,G
42,2,2,extend_series_with,extend_series_with,output_0,new_entry|number_list,train,G
28,2,2,per_unit_value,per_unit_value,output_0,units|whole,train,G
34,1,1,celsius_from_fahrenheit,celsius_from_fahrenheit,output_0,temp_f,train,G
26,1,1,stringify_amount,stringify_amount,output_0,amount,train,G
38,3,3,balance_of_three,balance_of_three,output_0,reading_one|reading_three|reading_two,train,G
32,1,1,central_value,central_value,output_0,number_list,train,G
37,2,2,shrink_by_rate,shrink_by_rate,output_0,discount_rate|starting_value,train,G
49,1,1,whole_minutes_from_seconds,whole_minutes_from_seconds,output_0,second_count,train,G
31,2,2,join_text_pieces,join_text_pieces,output_0,piece_one|piece_two,train,G
35,1,1,floor,floor,output_0,arg_0,train,A
37,2,2,ratio_of,ratio_of,output_0,denominator|numerator,train,A
39,1,1,nearest_integer,nearest_integer,output_0,arg_0,train,A
39,2,2,decrease_by_percent,decrease_by_percent,output_0,base|percent,train,A
38,2,2,percent_of,percent_of,output_0,percent|whole,train,A
16,2,2,absolute_difference,absolute_difference,output_0,arg_0|arg_1,train,A
51,2,2,scale_values,scale_values,output_0,factor|values,train,A
32,1,1,square_value,square_value,output_0,arg_0,train,A
34,2,2,sum_two_numbers,sum_two_numbers,output_0,first_number|second_number,train,A
33,1,1,ceiling,ceiling,output_0,arg_0,train,A
30,2,2,modulo_of,modulo_of,output_0,dividend|divisor,train,A
41,2,2,combine_amounts,combine_amounts,output_0,amount_a|amount_b,train,G
36,1,1,character_count,character_count,output_0,input_text,train,G
52,2,2,exceeds_value,exceeds_value,output_0,limit|measured_value,train,G
32,1,1,central_value,central_value,output_0,number_list,train,G
35,1,1,peak_of_series,peak_of_series,output_0,number_list,train,G
33,1,1,whole_number_of,whole_number_of,output_0,value,train,G
28,2,2,per_unit_value,per_unit_value,output_0,units|whole,train,G
33,1,1,aggregate_total,aggregate_total,output_0,number_list,train,G
37,2,2,shrink_by_rate,shrink_by_rate,output_0,discount_rate|starting_value,train,G
35,2,2,midpoint_value,midpoint_value,output_0,value_one|value_two,train,G
43,1,1,accumulate_series,accumulate_series,output_0,number_list,train,G
38,1,1,root_extract,root_extract,output_0,input_value,train,G
16,2,2,absolute_difference,absolute_difference,output_0,arg_0|arg_1,train,A
30,2,2,percentage_value,percentage_value,output_0,base|rate_percent,train,A
32,1,1,range_of_values,range_of_values,output_0,values,train,A
39,2,2,decrease_by_percent,decrease_by_percent,output_0,base|percent,train,A
30,2,2,floor_divide,floor_divide,output_0,arg_0|arg_1,train,A
54,2,2,round_to_decimals,round_to_decimals,output_0,places|value,train,A
43,2,2,subtract,subtract,output_0,arg_0|arg_1,train,A
39,1,1,nearest_integer,nearest_integer,output_0,arg_0,train,A
39,2,2,increase_by_percent,increase_by_percent,output_0,base|percent,train,A
66,2,2,build_tag,build_tag,output_0,prefix|value,train,A
26,2,2,exponent_of,exponent_of,output_0,base|exponent,train,A
30,2,2,percentage_value,percentage_value,output_0,base|rate_percent,train,A
38,1,1,parse_numeric_text,parse_numeric_text,output_0,text,train,A
54,2,2,round_to_decimals,round_to_decimals,output_0,places|value,train,A
23,2,2,multiply,multiply,output_0,arg_0|arg_1,train,A
73,3,3,range_of_three,range_of_three,output_0,arg_0|arg_1|arg_2,train,A
30,2,2,modulo_of,modulo_of,output_0,dividend|divisor,train,A
21,2,2,average_of_two,average_of_two,output_0,arg_0|arg_1,train,A
40,2,2,add,add,output_0,arg_0|arg_1,train,A
30,2,2,floor_divide,floor_divide,output_0,arg_0|arg_1,train,A
24,1,1,sqrt,sqrt,output_0,arg_0,train,A
39,2,2,decrease_by_percent,decrease_by_percent,output_0,base|percent,train,A
39,1,1,running_totals,running_totals,output_0,values,train,A
33,1,1,ceiling,ceiling,output_0,arg_0,train,A
35,1,1,floor,floor,output_0,arg_0,train,A
39,1,1,nearest_integer,nearest_integer,output_0,arg_0,train,A
16,2,2,absolute_difference,absolute_difference,output_0,arg_0|arg_1,train,A
30,1,1,meters_to_km,meters_to_km,output_0,meters,train,A
21,2,2,average_of_two,average_of_two,output_0,arg_0|arg_1,train,A
46,2,2,total_of_pair,total_of_pair,output_0,left|right,train,G
29,1,1,seconds_from_minutes,seconds_from_minutes,output_0,minute_count,train,G
37,1,1,fahrenheit_from_celsius,fahrenheit_from_celsius,output_0,temp_c,train,G
42,2,2,trim_precision,trim_precision,output_0,digits|raw_value,train,G
42,2,2,proportion_between,proportion_between,output_0,part_value|whole_value,train,G
28,2,2,per_unit_value,per_unit_value,output_0,units|whole,train,G
35,2,2,midpoint_value,midpoint_value,output_0,value_one|value_two,train,G
35,1,1,km_from_meters,km_from_meters,output_0,distance_m,train,G
35,2,2,pick_higher,pick_higher,output_0,candidate_a|candidate_b,train,G
36,1,1,character_count,character_count,output_0,input_text,train,G
50,2,2,annotate_measurement,annotate_measurement,output_0,measurement|unit_name,train,G
60,3,3,is_within_range,is_within_range,output_0,maximum|minimum|value,train,A
45,3,3,mean_of_three,mean_of_three,output_0,arg_0|arg_1|arg_2,train,A
62,2,2,is_greater,is_greater,output_0,arg_0|arg_1,train,A
38,2,2,percent_of,percent_of,output_0,percent|whole,train,A
38,1,1,max_of_values,max_of_values,output_0,values,train,A
30,2,2,modulo_of,modulo_of,output_0,dividend|divisor,train,A
40,3,3,clamp_value,clamp_value,output_0,maximum|minimum|value,train,A
39,2,2,increase_by_percent,increase_by_percent,output_0,base|percent,train,A
59,2,2,filter_values_above,filter_values_above,output_0,threshold|values,train,A
39,1,1,min_of_values,min_of_values,output_0,values,train,A
31,1,1,fahrenheit_to_celsius,fahrenheit_to_celsius,output_0,fahrenheit,train,A
66,2,2,build_tag,build_tag,output_0,prefix|value,train,A
34,1,1,series_spread,series_spread,output_0,number_list,train,G
35,2,2,exponentiate,exponentiate,output_0,base_value|power_value,train,G
50,2,2,annotate_measurement,annotate_measurement,output_0,measurement|unit_name,train,G
32,1,1,central_value,central_value,output_0,number_list,train,G
42,2,2,trim_precision,trim_precision,output_0,digits|raw_value,train,G
31,1,1,meters_from_km,meters_from_km,output_0,distance_km,train,G
35,2,2,grow_by_rate,grow_by_rate,output_0,growth_rate|starting_value,train,G
33,1,1,aggregate_total,aggregate_total,output_0,number_list,train,G
28,2,2,per_unit_value,per_unit_value,output_0,units|whole,train,G
47,2,2,portion_by_rate,portion_by_rate,output_0,rate|reference_value,train,G
37,2,2,shrink_by_rate,shrink_by_rate,output_0,discount_rate|starting_value,train,G
54,3,3,inside_limits,inside_limits,output_0,high_limit|low_limit|reading,train,G
38,1,1,series_length,series_length,output_0,number_list,train,G
38,1,1,root_extract,root_extract,output_0,input_value,train,G
36,1,1,character_count,character_count,output_0,input_text,train,G
44,3,3,dispersion_of_three,dispersion_of_three,output_0,value_one|value_three|value_two,train,G
42,2,2,leading_entries,leading_entries,output_0,how_many|number_list,train,G
41,2,2,full_groups_of,full_groups_of,output_0,group_size|total_items,train,G
40,2,2,remaining_after,remaining_after,output_0,from_value|take_away,train,G
46,2,2,total_of_pair,total_of_pair,output_0,left|right,train,G
36,2,2,gap_between,gap_between,output_0,first_value|second_value,train,G
34,1,1,celsius_from_fahrenheit,celsius_from_fahrenheit,output_0,temp_f,train,G
35,1,1,round_up_whole,round_up_whole,output_0,value,train,G
35,2,2,grow_by_rate,grow_by_rate,output_0,growth_rate|starting_value,train,G
41,1,1,round_down_whole,round_down_whole,output_0,value,train,G
39,2,2,leftover_after_grouping,leftover_after_grouping,output_0,group_size|total_items,train,G
37,1,1,fahrenheit_from_celsius,fahrenheit_from_celsius,output_0,temp_c,train,G
37,1,1,valley_of_series,valley_of_series,output_0,number_list,train,G
36,1,1,character_count,character_count,output_0,input_text,train,G
42,2,2,trim_precision,trim_precision,output_0,digits|raw_value,train,G
32,2,2,quotient_of,quotient_of,output_0,denominator|numerator,train,A
35,1,1,floor,floor,output_0,arg_0,train,A
28,1,1,minutes_to_seconds,minutes_to_seconds,output_0,minutes,train,A
37,2,2,ratio_of,ratio_of,output_0,denominator|numerator,train,A
38,1,1,parse_numeric_text,parse_numeric_text,output_0,text,train,A
32,1,1,inverse,inverse,output_0,arg_0,train,A
33,1,1,ceiling,ceiling,output_0,arg_0,train,A
39,1,1,min_of_values,min_of_values,output_0,values,train,A
39,2,2,increase_by_percent,increase_by_percent,output_0,base|percent,train,A
37,2,2,ratio_of,ratio_of,output_0,denominator|numerator,train,A
62,2,2,is_greater,is_greater,output_0,arg_0|arg_1,train,A
34,2,2,sum_two_numbers,sum_two_numbers,output_0,first_number|second_number,train,A
39,1,1,mean_of_values,mean_of_values,output_0,values,train,A
40,3,3,clamp_value,clamp_value,output_0,maximum|minimum|value,train,A
39,1,1,running_totals,running_totals,output_0,values,train,A
32,1,1,range_of_values,range_of_values,output_0,values,train,A
32,2,2,quotient_of,quotient_of,output_0,denominator|numerator,train,A
43,1,1,sort_values_descending,sort_values_descending,output_0,values,train,A
38,2,2,percent_of,percent_of,output_0,percent|whole,train,A
54,2,2,round_to_decimals,round_to_decimals,output_0,places|value,train,A
32,1,1,inverse,inverse,output_0,arg_0,train,A
24,1,1,sqrt,sqrt,output_0,arg_0,train,A
28,1,1,minutes_to_seconds,minutes_to_seconds,output_0,minutes,train,A
23,1,1,sum_of_values,sum_of_values,output_0,values,train,A
38,1,1,root_extract,root_extract,output_0,input_value,train,G
28,1,1,flip_sign,flip_sign,output_0,value,train,G
37,1,1,fahrenheit_from_celsius,fahrenheit_from_celsius,output_0,temp_c,train,G
35,2,2,pick_higher,pick_higher,output_0,candidate_a|candidate_b,train,G
42,2,2,proportion_between,proportion_between,output_0,part_value|whole_value,train,G
29,1,1,seconds_from_minutes,seconds_from_minutes,output_0,minute_count,train,G
42,2,2,extend_series_with,extend_series_with,output_0,new_entry|number_list,train,G
40,2,2,remaining_after,remaining_after,output_0,from_value|take_away,train,G
27,1,1,minutes_from_hours,minutes_from_hours,output_0,hour_count,train,G
46,2,2,total_of_pair,total_of_pair,output_0,left|right,train,G
41,2,2,full_groups_of,full_groups_of,output_0,group_size|total_items,train,G
41,1,1,round_down_whole,round_down_whole,output_0,value,train,G
41,2,2,reduce_amount,reduce_amount,output_0,base_value|reduction,train,G
35,2,2,midpoint_value,midpoint_value,output_0,value_one|value_two,train,G
31,2,2,join_text_pieces,join_text_pieces,output_0,piece_one|piece_two,train,G
46,1,1,order_series_high_to_low,order_series_high_to_low,output_0,number_list,train,G
36,2,2,gap_between,gap_between,output_0,first_value|second_value,train,G
33,1,1,whole_number_of,whole_number_of,output_0,value,train,G
47,2,2,portion_by_rate,portion_by_rate,output_0,rate|reference_value,train,G
34,1,1,celsius_from_fahrenheit,celsius_from_fahrenheit,output_0,temp_f,train,G
41,2,2,reduce_amount,reduce_amount,output_0,base_value|reduction,train,G
39,2,2,leftover_after_grouping,leftover_after_grouping,output_0,group_size|total_items,train,G
54,3,3,inside_limits,inside_limits,output_0,high_limit|low_limit|reading,train,G
43,1,1,accumulate_series,accumulate_series,output_0,number_list,train,G
35,2,2,midpoint_value,midpoint_value,output_0,value_one|value_two,train,G
35,3,3,bound_within,bound_within,output_0,high_limit|input_value|low_limit,train,G
35,1,1,peak_of_series,peak_of_series,output_0,number_list,train,G
38,3,3,balance_of_three,balance_of_three,output_0,reading_one|reading_three|reading_two,train,G
28,2,2,per_unit_value,per_unit_value,output_0,units|whole,train,G
42,2,2,extend_series_with,extend_series_with,output_0,new_entry|number_list,train,G
26,2,2,maximum_of_two,maximum_of_two,output_0,arg_0|arg_1,train,A
40,2,2,add,add,output_0,arg_0|arg_1,train,A
39,2,2,decrease_by_percent,decrease_by_percent,output_0,base|percent,train,A
50,1,1,seconds_to_full_minutes,seconds_to_full_minutes,output_0,seconds,train,A
23,2,2,multiply,multiply,output_0,arg_0|arg_1,train,A
16,2,2,absolute_difference,absolute_difference,output_0,arg_0|arg_1,train,A
39,1,1,mean_of_values,mean_of_values,output_0,values,train,A
30,2,2,floor_divide,floor_divide,output_0,arg_0|arg_1,train,A
32,1,1,inverse,inverse,output_0,arg_0,train,A
30,1,1,count_of_values,count_of_values,output_0,values,train,A
26,1,1,hours_to_minutes,hours_to_minutes,output_0,hours,train,A
43,2,2,subtract,subtract,output_0,arg_0|arg_1,train,A
39,2,2,divide,divide,output_0,arg_0|arg_1,train,A
34,2,2,concat_strings,concat_strings,output_0,first|second,train,A
31,1,1,fahrenheit_to_celsius,fahrenheit_to_celsius,output_0,fahrenheit,train,A
32,1,1,inverse,inverse,output_0,arg_0,train,A
51,2,2,scale_values,scale_values,output_0,factor|values,train,A
39,1,1,mean_of_values,mean_of_values,output_0,values,train,A
39,2,2,decrease_by_percent,decrease_by_percent,output_0,base|percent,train,A
37,2,2,ratio_of,ratio_of,output_0,denominator|numerator,train,A
23,1,1,sum_of_values,sum_of_values,output_0,values,train,A
40,2,2,add,add,output_0,arg_0|arg_1,train,A
38,2,2,percent_of,percent_of,output_0,percent|whole,train,A
39,2,2,increase_by_percent,increase_by_percent,output_0,base|percent,train,A
34,2,2,sum_two_numbers,sum_two_numbers,output_0,first_number|second_number,train,A
16,2,2,absolute_difference,absolute_difference,output_0,arg_0|arg_1,train,A
62,2,2,is_greater,is_greater,output_0,arg_0|arg_1,train,A
73,3,3,range_of_three,range_of_three,output_0,arg_0|arg_1|arg_2,train,A
39,2,2,decrease_by_percent,decrease_by_percent,output_0,base|percent,train,A
39,1,1,mean_of_values,mean_of_values,output_0,values,train,A
33,2,2,difference_of_numbers,difference_of_numbers,output_0,minuend|subtrahend,train,A
52,1,1,position_of_maximum,position_of_maximum,output_0,values,train,A
31,1,1,meters_from_km,meters_from_km,output_0,distance_km,train,G
51,1,1,digits_added_up,digits_added_up,output_0,whole_value,train,G
35,1,1,km_from_meters,km_from_meters,output_0,distance_m,train,G
49,1,1,whole_minutes_from_seconds,whole_minutes_from_seconds,output_0,second_count,train,G
36,2,2,gap_between,gap_between,output_0,first_value|second_value,train,G
46,2,2,total_of_pair,total_of_pair,output_0,left|right,train,G
53,2,2,compose_reference_code,compose_reference_code,output_0,code_number|code_prefix,train,G
41,2,2,reduce_amount,reduce_amount,output_0,base_value|reduction,train,G
39,1,1,self_product,self_product,output_0,value,train,G
29,2,2,pairwise_product,pairwise_product,output_0,value_one|value_two,train,G
42,2,2,proportion_between,proportion_between,output_0,part_value|whole_value,train,G
38,1,1,root_extract,root_extract,output_0,input_value,train,G
39,1,1,mean_of_values,mean_of_values,output_0,values,train,A
37,2,2,reminder,reminder,output_0,arg_0|arg_1,train,A
39,2,2,divide,divide,output_0,arg_0|arg_1,train,A
30,2,2,floor_divide,floor_divide,output_0,arg_0|arg_1,train,A
32,1,1,square_value,square_value,output_0,arg_0,train,A
33,1,1,ceiling,ceiling,output_0,arg_0,train,A
35,2,2,product_of_numbers,product_of_numbers,output_0,first_factor|second_factor,train,A
32,1,1,range_of_values,range_of_values,output_0,values,train,A
29,2,2,pairwise_product,pairwise_product,output_0,value_one|value_two,train,G
53,2,2,split_evenly,split_evenly,output_0,parts|total,train,G
40,2,2,remaining_after,remaining_after,output_0,from_value|take_away,train,G
35,1,1,km_from_meters,km_from_meters,output_0,distance_m,train,G
35,3,3,bound_within,bound_within,output_0,high_limit|input_value|low_limit,train,G
35,2,2,midpoint_value,midpoint_value,output_0,value_one|value_two,train,G
52,2,2,exceeds_value,exceeds_value,output_0,limit|measured_value,train,G
34,2,2,pick_lower,pick_lower,output_0,candidate_a|candidate_b,train,G
31,1,1,meters_from_km,meters_from_km,output_0,distance_km,train,G
38,3,3,balance_of_three,balance_of_three,output_0,reading_one|reading_three|reading_two,train,G
42,2,2,trim_precision,trim_precision,output_0,digits|raw_value,train,G
37,1,1,fahrenheit_from_celsius,fahrenheit_from_celsius,output_0,temp_c,train,G
49,1,1,whole_minutes_from_seconds,whole_minutes_from_seconds,output_0,second_count,train,G
34,1,1,series_spread,series_spread,output_0,number_list,train,G
46,2,2,total_of_pair,total_of_pair,output_0,left|right,train,G
35,2,2,exponentiate,exponentiate,output_0,base_value|power_value,train,G
41,2,2,reduce_amount,reduce_amount,output_0,base_value|reduction,train,G
51,1,1,digits_added_up,digits_added_up,output_0,whole_value,train,G
35,1,1,peak_of_series,peak_of_series,output_0,number_list,train,G
35,2,2,grow_by_rate,grow_by_rate,output_0,growth_rate|starting_value,train,G
35,1,1,round_up_whole,round_up_whole,output_0,value,train,G
42,2,2,extend_series_with,extend_series_with,output_0,new_entry|number_list,train,G
53,2,2,compose_reference_code,compose_reference_code,output_0,code_number|code_prefix,train,G
54,3,3,inside_limits,inside_limits,output_0,high_limit|low_limit|reading,train,G
36,2,2,gap_between,gap_between,output_0,first_value|second_value,train,G
35,2,2,midpoint_value,midpoint_value,output_0,value_one|value_two,train,G
29,1,1,seconds_from_minutes,seconds_from_minutes,output_0,minute_count,train,G
37,1,1,reciprocal_value,reciprocal_value,output_0,value,train,G
28,1,1,flip_sign,flip_sign,output_0,value,train,G
31,1,1,meters_from_km,meters_from_km,output_0,distance_km,train,G
36,2,2,gap_between,gap_between,output_0,first_value|second_value,train,G
34,2,2,pick_lower,pick_lower,output_0,candidate_a|candidate_b,train,G
52,2,2,exceeds_value,exceeds_value,output_0,limit|measured_value,train,G
38,1,1,root_extract,root_extract,output_0,input_value,train,G
35,2,2,exponentiate,exponentiate,output_0,base_value|power_value,train,G
50,2,2,annotate_measurement,annotate_measurement,output_0,measurement|unit_name,train,G
38,1,1,series_length,series_length,output_0,number_list,train,G
39,2,2,divide,divide,output_0,arg_0|arg_1,train,A
31,1,1,fahrenheit_to_celsius,fahrenheit_to_celsius,output_0,fahrenheit,train,A
34,2,2,whole_quotient,whole_quotient,output_0,dividend|divisor,train,A
39,1,1,mean_of_values,mean_of_values,output_0,values,train,A
27,2,2,minimum_of_two,minimum_of_two,output_0,arg_0|arg_1,train,A
45,1,1,text_length,text_length,output_0,text,train,A
30,2,2,modulo_of,modulo_of,output_0,dividend|divisor,train,A
61,2,2,format_number_fixed,format_number_fixed,output_0,places|value,train,A
37,2,2,ratio_of,ratio_of,output_0,denominator|numerator,train,A
34,2,2,whole_quotient,whole_quotient,output_0,dividend|divisor,train,A
58,2,2,round_with_mode,round_with_mode,output_0,mode|value,train,A
31,1,1,fahrenheit_to_celsius,fahrenheit_to_celsius,output_0,fahrenheit,train,A
73,3,3,range_of_three,range_of_three,output_0,arg_0|arg_1|arg_2,train,A
39,2,2,divide,divide,output_0,arg_0|arg_1,train,A
31,1,1,celsius_to_fahrenheit,celsius_to_fahrenheit,output_0,celsius,train,A
34,2,2,sum_two_numbers,sum_two_numbers,output_0,first_number|second_number,train,A
32,1,1,range_of_values,range_of_values,output_0,values,train,A
35,1,1,floor,floor,output_0,arg_0,train,A
26,1,1,hours_to_minutes,hours_to_minutes,output_0,hours,train,A
30,2,2,modulo_of,modulo_of,output_0,dividend|divisor,train,A
54,2,2,round_to_decimals,round_to_decimals,output_0,places|value,train,A
37,2,2,ratio_of,ratio_of,output_0,denominator|numerator,train,A
32,1,1,inverse,inverse,output_0,arg_0,train,A
45,3,3,mean_of_three,mean_of_three,output_0,arg_0|arg_1|arg_2,train,A
50,2,2,take_top_values,take_top_values,output_0,k|values,train,A
35,1,1,km_from_meters,km_from_meters,output_0,distance_m,train,G
50,2,2,annotate_measurement,annotate_measurement,output_0,measurement|unit_name,train,G
39,1,1,self_product,self_product,output_0,value,train,G
35,1,1,round_up_whole,round_up_whole,output_0,value,train,G
42,2,2,leading_entries,leading_entries,output_0,how_many|number_list,train,G
33,1,1,whole_number_of,whole_number_of,output_0,value,train,G
33,1,1,aggregate_total,aggregate_total,output_0,number_list,train,G
41,2,2,reduce_amount,reduce_amount,output_0,base_value|reduction,train,G
34,1,1,celsius_from_fahrenheit,celsius_from_fahrenheit,output_0,temp_f,train,G
41,3,3,sum_of_three,sum_of_three,output_0,arg_0|arg_1|arg_2,train,A
62,2,2,append_to_values,append_to_values,output_0,value|values,train,A
24,1,1,sqrt,sqrt,output_0,arg_0,train,A
21,2,2,average_of_two,average_of_two,output_0,arg_0|arg_1,train,A
37,2,2,ratio_of,ratio_of,output_0,denominator|numerator,train,A
32,1,1,inverse,inverse,output_0,arg_0,train,A
52,1,1,position_of_maximum,position_of_maximum,output_0,values,train,A
34,2,2,sum_two_numbers,sum_two_numbers,output_0,first_number|second_number,train,A
16,2,2,absolute_difference,absolute_difference,output_0,arg_0|arg_1,train,A
73,3,3,range_of_three,range_of_three,output_0,arg_0|arg_1|arg_2,train,A
59,2,2,filter_values_above,filter_values_above,output_0,threshold|values,train,A
62,2,2,is_greater,is_greater,output_0,arg_0|arg_1,train,A
43,2,2,subtract,subtract,output_0,arg_0|arg_1,train,A
66,2,2,build_tag,build_tag,output_0,prefix|value,train,A
28,1,1,minutes_to_seconds,minutes_to_seconds,output_0,minutes,train,A
26,2,2,exponent_of,exponent_of,output_0,base|exponent,train,A
35,2,2,product_of_numbers,product_of_numbers,output_0,first_factor|second_factor,train,A
30,2,2,percentage_value,percentage_value,output_0,base|rate_percent,train,A
39,2,2,divide,divide,output_0,arg_0|arg_1,train,A
30,1,1,km_to_meters,km_to_meters,output_0,kilometers,train,A
30,2,2,modulo_of,modulo_of,output_0,dividend|divisor,train,A
24,1,1,sqrt,sqrt,output_0,arg_0,train,A
30,1,1,meters_to_km,meters_to_km,output_0,meters,train,A
39,1,1,nearest_integer,nearest_integer,output_0,arg_0,train,A
37,2,2,ratio_of,ratio_of,output_0,denominator|numerator,train,A
26,2,2,maximum_of_two,maximum_of_two,output_0,arg_0|arg_1,train,A
32,1,1,inverse,inverse,output_0,arg_0,train,A
49,2,2,adjust_to_whole,adjust_to_whole,output_0,direction|value,train,G
39,1,1,self_product,self_product,output_0,value,train,G
35,1,1,round_up_whole,round_up_whole,output_0,value,train,G
36,2,2,gap_between,gap_between,output_0,first_value|second_value,train,G
33,1,1,aggregate_total,aggregate_total,output_0,number_list,train,G
47,2,2,portion_by_rate,portion_by_rate,output_0,rate|reference_value,train,G
37,2,2,shrink_by_rate,shrink_by_rate,output_0,discount_rate|starting_value,train,G
39,2,2,leftover_after_grouping,leftover_after_grouping,output_0,group_size|total_items,train,G
52,2,2,exceeds_value,exceeds_value,output_0,limit|measured_value,train,G
36,3,3,total_of_three_parts,total_of_three_parts,output_0,part_one|part_three|part_two,train,G
41,2,2,full_groups_of,full_groups_of,output_0,group_size|total_items,train,G
52,1,1,rank_of_peak,rank_of_peak,output_0,number_list,train,G
16,2,2,absolute_difference,absolute_difference,output_0,arg_0|arg_1,train,A
39,2,2,decrease_by_percent,decrease_by_percent,output_0,base|percent,train,A
40,2,2,add,add,output_0,arg_0|arg_1,train,A
39,1,1,nearest_integer,nearest_integer,output_0,arg_0,train,A
38,2,2,percent_of,percent_of,output_0,percent|whole,train,A
52,1,1,position_of_maximum,position_of_maximum,output_0,values,train,A
30,2,2,floor_divide,floor_divide,output_0,arg_0|arg_1,train,A
39,2,2,divide,divide,output_0,arg_0|arg_1,train,A
43,2,2,subtract,subtract,output_0,arg_0|arg_1,train,A
39,1,1,nearest_integer,nearest_integer,output_0,arg_0,train,A
21,2,2,average_of_two,average_of_two,output_0,arg_0|arg_1,train,A
35,1,1,floor,floor,output_0,arg_0,train,A
32,2,2,quotient_of,quotient_of,output_0,denominator|numerator,train,A
23,1,1,sum_of_values,sum_of_values,output_0,values,train,A
34,2,2,whole_quotient,whole_quotient,output_0,dividend|divisor,train,A
52,1,1,position_of_maximum,position_of_maximum,output_0,values,train,A
45,1,1,text_length,text_length,output_0,text,train,A
45,3,3,mean_of_three,mean_of_three,output_0,arg_0|arg_1|arg_2,train,A
38,2,2,percent_of,percent_of,output_0,percent|whole,train,A
61,2,2,format_number_fixed,format_number_fixed,output_0,places|value,train,A
62,2,2,append_to_values,append_to_values,output_0,value|values,train,A
59,2,2,filter_values_above,filter_values_above,output_0,threshold|values,train,A
35,1,1,negate,negate,output_0,arg_0,train,A
32,1,1,inverse,inverse,output_0,arg_0,train,A
51,2,2,scale_values,scale_values,output_0,factor|values,train,A
37,2,2,ratio_of,ratio_of,output_0,denominator|numerator,train,A
34,2,2,sum_two_numbers,sum_two_numbers,output_0,first_number|second_number,train,A
37,1,1,valley_of_series,valley_of_series,output_0,number_list,train,G
41,2,2,full_groups_of,full_groups_of,output_0,group_size|total_items,train,G
39,2,2,leftover_after_grouping,leftover_after_grouping,output_0,group_size|total_items,train,G
36,3,3,total_of_three_parts,total_of_three_parts,output_0,part_one|part_three|part_two,train,G
26,1,1,stringify_amount,stringify_amount,output_0,amount,train,G
41,2,2,combine_amounts,combine_amounts,output_0,amount_a|amount_b,train,G
32,1,1,central_value,central_value,output_0,number_list,train,G
41,2,2,reduce_amount,reduce_amount,output_0,base_value|reduction,train,G
38,1,1,series_length,series_length,output_0,number_list,train,G
36,3,3,total_of_three_parts,total_of_three_parts,output_0,part_one|part_three|part_two,train,G
29,2,2,pairwise_product,pairwise_product,output_0,value_one|value_two,train,G
54,3,3,inside_limits,inside_limits,output_0,high_limit|low_limit|reading,train,G
37,2,2,shrink_by_rate,shrink_by_rate,output_0,discount_rate|starting_value,train,G
46,2,2,total_of_pair,total_of_pair,output_0,left|right,train,G
35,2,2,exponentiate,exponentiate,output_0,base_value|power_value,train,G
40,2,2,remaining_after,remaining_after,output_0,from_value|take_away,train,G
47,2,2,portion_by_rate,portion_by_rate,output_0,rate|reference_value,train,G
36,2,2,gap_between,gap_between,output_0,first_value|second_value,train,G
42,2,2,proportion_between,proportion_between,output_0,part_value|whole_value,train,G
42,2,2,trim_precision,trim_precision,output_0,digits|raw_value,train,G
41,2,2,reduce_amount,reduce_amount,output_0,base_value|reduction,train,G
38,1,1,root_extract,root_extract,output_0,input_value,train,G
28,1,1,flip_sign,flip_sign,output_0,value,train,G
35,2,2,pick_higher,pick_higher,output_0,candidate_a|candidate_b,train,G
46,1,1,order_series_high_to_low,order_series_high_to_low,output_0,number_list,train,G
53,2,2,rescale_series,rescale_series,output_0,multiplier|number_list,train,G
35,2,2,midpoint_value,midpoint_value,output_0,value_one|value_two,train,G
32,1,1,central_value,central_value,output_0,number_list,train,G
43,1,1,accumulate_series,accumulate_series,output_0,number_list,train,G
26,1,1,stringify_amount,stringify_amount,output_0,amount,train,G
37,1,1,fahrenheit_from_celsius,fahrenheit_from_celsius,output_0,temp_c,train,G
49,1,1,whole_minutes_from_seconds,whole_minutes_from_seconds,output_0,second_count,train,G
41,2,2,full_groups_of,full_groups_of,output_0,group_size|total_items,train,G
44,3,3,dispersion_of_three,dispersion_of_three,output_0,value_one|value_three|value_two,train,G
39,1,1,self_product,self_product,output_0,value,train,G
36,2,2,gap_between,gap_between,output_0,first_value|second_value,train,G
47,2,2,portion_by_rate,portion_by_rate,output_0,rate|reference_value,train,G
37,2,2,shrink_by_rate,shrink_by_rate,output_0,discount_rate|starting_value,train,G
27,1,1,minutes_from_hours,minutes_from_hours,output_0,hour_count,train,G
38,3,3,balance_of_three,balance_of_three,output_0,reading_one|reading_three|reading_two,train,G
41,2,2,reduce_amount,reduce_amount,output_0,base_value|reduction,train,G
58,2,2,round_with_mode,round_with_mode,output_0,mode|value,train,A
23,1,1,sum_of_values,sum_of_values,output_0,values,train,A
39,1,1,mean_of_values,mean_of_values,output_0,values,train,A
32,1,1,inverse,inverse,output_0,arg_0,train,A
38,1,1,parse_numeric_text,parse_numeric_text,output_0,text,train,A
35,1,1,negate,negate,output_0,arg_0,train,A
61,2,2,format_number_fixed,format_number_fixed,output_0,places|value,train,A
27,2,2,minimum_of_two,minimum_of_two,output_0,arg_0|arg_1,train,A
37,2,2,shrink_by_rate,shrink_by_rate,output_0,discount_rate|starting_value,train,G
41,2,2,combine_amounts,combine_amounts,output_0,amount_a|amount_b,train,G
28,1,1,flip_sign,flip_sign,output_0,value,train,G
41,1,1,round_down_whole,round_down_whole,output_0,value,train,G
37,1,1,reciprocal_value,reciprocal_value,output_0,value,train,G
35,2,2,midpoint_value,midpoint_value,output_0,value_one|value_two,train,G
35,1,1,peak_of_series,peak_of_series,output_0,number_list,train,G
35,2,2,grow_by_rate,grow_by_rate,output_0,growth_rate|starting_value,train,G
32,1,1,central_value,central_value,output_0,number_list,train,G
40,2,2,remaining_after,remaining_after,output_0,from_value|take_away,train,G
47,2,2,portion_by_rate,portion_by_rate,output_0,rate|reference_value,train,G
31,1,1,meters_from_km,meters_from_km,output_0,distance_km,train,G
39,2,2,leftover_after_grouping,leftover_after_grouping,output_0,group_size|total_items,train,G
37,1,1,valley_of_series,valley_of_series,output_0,number_list,train,G
23,1,1,sum_of_values,sum_of_values,output_0,values,train,A
42,1,1,digit_sum,digit_sum,output_0,arg_0,train,A
32,2,2,quotient_of,quotient_of,output_0,denominator|numerator,train,A
26,1,1,hours_to_minutes,hours_to_minutes,output_0,hours,train,A
32,1,1,square_value,square_value,output_0,arg_0,train,A
32,1,1,range_of_values,range_of_values,output_0,values,train,A
33,1,1,ceiling,ceiling,output_0,arg_0,train,A
37,2,2,ratio_of,ratio_of,output_0,denominator|numerator,train,A
39,1,1,nearest_integer,nearest_integer,output_0,arg_0,train,A
40,2,2,add,add,output_0,arg_0|arg_1,train,A
16,2,2,absolute_difference,absolute_difference,output_0,arg_0|arg_1,train,A
38,1,1,max_of_values,max_of_values,output_0,values,train,A
62,2,2,is_greater,is_greater,output_0,arg_0|arg_1,train,A
35,2,2,product_of_numbers,product_of_numbers,output_0,first_factor|second_factor,train,A
38,2,2,power,power,output_0,arg_0|arg_1,train,A
38,1,1,parse_numeric_text,parse_numeric_text,output_0,text,train,A
35,1,1,floor,floor,output_0,arg_0,train,A
30,2,2,modulo_of,modulo_of,output_0,dividend|divisor,train,A
39,2,2,increase_by_percent,increase_by_percent,output_0,base|percent,train,A
27,2,2,minimum_of_two,minimum_of_two,output_0,arg_0|arg_1,train,A
64,2,2,is_divisible_by,is_divisible_by,output_0,arg_0|arg_1,train,A
61,2,2,format_number_fixed,format_number_fixed,output_0,places|value,train,A
35,2,2,product_of_numbers,product_of_numbers,output_0,first_factor|second_factor,train,A
51,2,2,scale_values,scale_values,output_0,factor|values,train,A
62,2,2,append_to_values,append_to_values,output_0,value|values,train,A
54,2,2,join_values_with,join_values_with,output_0,separator|values,train,A
39,1,1,running_totals,running_totals,output_0,values,train,A
35,1,1,peak_of_series,peak_of_series,output_0,number_list,train,G
49,1,1,whole_minutes_from_seconds,whole_minutes_from_seconds,output_0,second_count,train,G
41,2,2,full_groups_of,full_groups_of,output_0,group_size|total_items,train,G
32,1,1,central_value,central_value,output_0,number_list,train,G
37,1,1,valley_of_series,valley_of_series,output_0,number_list,train,G
36,2,2,gap_between,gap_between,output_0,first_value|second_value,train,G
37,1,1,reciprocal_value,reciprocal_value,output_0,value,train,G
33,1,1,aggregate_total,aggregate_total,output_0,number_list,train,G
51,1,1,digits_added_up,digits_added_up,output_0,whole_value,train,G
35,2,2,midpoint_value,midpoint_value,output_0,value_one|value_two,train,G
43,1,1,read_amount_from_text,read_amount_from_text,output_0,raw_text,train,G
35,1,1,floor,floor,output_0,arg_0,train,A
32,1,1,inverse,inverse,output_0,arg_0,train,A
35,1,1,negate,negate,output_0,arg_0,train,A
16,2,2,absolute_difference,absolute_difference,output_0,arg_0|arg_1,train,A
32,1,1,square_value,square_value,output_0,arg_0,train,A
39,1,1,running_totals,running_totals,output_0,values,train,A
30,2,2,floor_divide,floor_divide,output_0,arg_0|arg_1,train,A
33,2,2,difference_of_numbers,difference_of_numbers,output_0,minuend|subtrahend,train,A
24,1,1,sqrt,sqrt,output_0,arg_0,train,A
39,2,2,increase_by_percent,increase_by_percent,output_0,base|percent,train,A
39,2,2,divide,divide,output_0,arg_0|arg_1,train,A
38,1,1,max_of_values,max_of_values,output_0,values,train,A
47,2,2,portion_by_rate,portion_by_rate,output_0,rate|reference_value,train,G
33,1,1,aggregate_total,aggregate_total,output_0,number_list,train,G
31,1,1,meters_from_km,meters_from_km,output_0,distance_km,train,G
42,2,2,proportion_between,proportion_between,output_0,part_value|whole_value,train,G
49,1,1,whole_minutes_from_seconds,whole_minutes_from_seconds,output_0,second_count,train,G
28,1,1,flip_sign,flip_sign,output_0,value,train,G
54,3,3,inside_limits,inside_limits,output_0,high_limit|low_limit|reading,train,G
41,2,2,reduce_amount,reduce_amount,output_0,base_value|reduction,train,G
33,1,1,whole_number_of,whole_number_of,output_0,value,train,G
36,2,2,gap_between,gap_between,output_0,first_value|second_value,train,G
40,2,2,add,add,output_0,arg_0|arg_1,train,A
35,1,1,floor,floor,output_0,arg_0,train,A
30,2,2,percentage_value,percentage_value,output_0,base|rate_percent,train,A
52,1,1,position_of_maximum,position_of_maximum,output_0,values,train,A
54,2,2,round_to_decimals,round_to_decimals,output_0,places|value,train,A
32,2,2,quotient_of,quotient_of,output_0,denominator|numerator,train,A
21,2,2,average_of_two,average_of_two,output_0,arg_0|arg_1,train,A
37,2,2,ratio_of,ratio_of,output_0,denominator|numerator,train,A
60,3,3,is_within_range,is_within_range,output_0,maximum|minimum|value,train,A
30,2,2,floor_divide,floor_divide,output_0,arg_0|arg_1,train,A
31,1,1,celsius_to_fahrenheit,celsius_to_fahrenheit,output_0,celsius,train,A
38,1,1,root_extract,root_extract,output_0,input_value,train,G
29,1,1,seconds_from_minutes,seconds_from_minutes,output_0,minute_count,train,G
35,2,2,grow_by_rate,grow_by_rate,output_0,growth_rate|starting_value,train,G
49,2,2,entries_over_limit,entries_over_limit,output_0,limit|number_list,train,G
37,2,2,shrink_by_rate,shrink_by_rate,output_0,discount_rate|starting_value,train,G
32,1,1,central_value,central_value,output_0,number_list,train,G
39,1,1,self_product,self_product,output_0,value,train,G
33,1,1,aggregate_total,aggregate_total,output_0,number_list,train,G
28,2,2,per_unit_value,per_unit_value,output_0,units|whole,train,G
35,1,1,km_from_meters,km_from_meters,output_0,distance_m,train,G
35,2,2,midpoint_value,midpoint_value,output_0,value_one|value_two,train,G
36,2,2,gap_between,gap_between,output_0,first_value|second_value,train,G
41,2,2,full_groups_of,full_groups_of,output_0,group_size|total_items,train,G
30,2,2,scale_quantity,scale_quantity,output_0,factor|quantity,train,G
47,2,2,portion_by_rate,portion_by_rate,output_0,rate|reference_value,train,G
38,1,1,root_extract,root_extract,output_0,input_value,train,G
36,1,1,character_count,character_count,output_0,input_text,train,G
32,1,1,central_value,central_value,output_0,number_list,train,G
47,2,2,portion_by_rate,portion_by_rate,output_0,rate|reference_value,train,G
35,2,2,pick_higher,pick_higher,output_0,candidate_a|candidate_b,train,G
51,2,2,divides_evenly,divides_evenly,output_0,group_size|total_amount,train,G
52,2,2,exceeds_value,exceeds_value,output_0,limit|measured_value,train,G
27,1,1,minutes_from_hours,minutes_from_hours,output_0,hour_count,train,G
35,1,1,km_from_meters,km_from_meters,output_0,distance_m,train,G
39,2,2,leftover_after_grouping,leftover_after_grouping,output_0,group_size|total_items,train,G
37,2,2,ratio_of,ratio_of,output_0,denominator|numerator,train,A
34,2,2,whole_quotient,whole_quotient,output_0,dividend|divisor,train,A
35,1,1,negate,negate,output_0,arg_0,train,A
61,2,2,format_number_fixed,format_number_fixed,output_0,places|value,train,A
51,2,2,scale_values,scale_values,output_0,factor|values,train,A
37,2,2,reminder,reminder,output_0,arg_0|arg_1,train,A
21,2,2,average_of_two,average_of_two,output_0,arg_0|arg_1,train,A
39,2,2,increase_by_percent,increase_by_percent,output_0,base|percent,train,A
30,2,2,percentage_value,percentage_value,output_0,base|rate_percent,train,A
32,2,2,quotient_of,quotient_of,output_0,denominator|numerator,train,A
33,1,1,whole_number_of,whole_number_of,output_0,value,train,G
46,1,1,order_series_high_to_low,order_series_high_to_low,output_0,number_list,train,G
47,2,2,portion_by_rate,portion_by_rate,output_0,rate|reference_value,train,G
38,1,1,root_extract,root_extract,output_0,input_value,train,G
53,2,2,rescale_series,rescale_series,output_0,multiplier|number_list,train,G
40,2,2,remaining_after,remaining_after,output_0,from_value|take_away,train,G
43,1,1,read_amount_from_text,read_amount_from_text,output_0,raw_text,train,G
37,2,2,shrink_by_rate,shrink_by_rate,output_0,discount_rate|starting_value,train,G
46,1,1,order_series_high_to_low,order_series_high_to_low,output_0,number_list,train,G
47,2,2,portion_by_rate,portion_by_rate,output_0,rate|reference_value,train,G
49,2,2,adjust_to_whole,adjust_to_whole,output_0,direction|value,train,G
41,2,2,full_groups_of,full_groups_of,output_0,group_size|total_items,train,G
35,1,1,round_up_whole,round_up_whole,output_0,value,train,G
28,2,2,per_unit_value,per_unit_value,output_0,units|whole,train,G
35,2,2,grow_by_rate,grow_by_rate,output_0,growth_rate|starting_value,train,G
39,2,2,leftover_after_grouping,leftover_after_grouping,output_0,group_size|total_items,train,G
35,2,2,midpoint_value,midpoint_value,output_0,value_one|value_two,train,G
38,1,1,root_extract,root_extract,output_0,input_value,train,G
52,1,1,rank_of_peak,rank_of_peak,output_0,number_list,train,G
31,2,2,join_text_pieces,join_text_pieces,output_0,piece_one|piece_two,train,G
50,2,2,annotate_measurement,annotate_measurement,output_0,measurement|unit_name,train,G
46,2,2,render_with_decimals,render_with_decimals,output_0,decimal_count|value,train,G
35,1,1,km_from_meters,km_from_meters,output_0,distance_m,train,G
39,1,1,self_product,self_product,output_0,value,train,G
44,3,3,dispersion_of_three,dispersion_of_three,output_0,value_one|value_three|value_two,train,G
53,2,2,split_evenly,split_evenly,output_0,parts|total,train,G
38,3,3,balance_of_three,balance_of_three,output_0,reading_one|reading_three|reading_two,train,G
39,1,1,self_product,self_product,output_0,value,train,G
44,3,3,dispersion_of_three,dispersion_of_three,output_0,value_one|value_three|value_two,train,G
43,1,1,accumulate_series,accumulate_series,output_0,number_list,train,G
35,2,2,grow_by_rate,grow_by_rate,output_0,growth_rate|starting_value,train,G
42,2,2,extend_series_with,extend_series_with,output_0,new_entry|number_list,train,G
46,2,2,total_of_pair,total_of_pair,output_0,left|right,train,G
36,2,2,gap_between,gap_between,output_0,first_value|second_value,train,G
33,1,1,whole_number_of,whole_number_of,output_0,value,train,G
34,1,1,celsius_from_fahrenheit,celsius_from_fahrenheit,output_0,temp_f,train,G
41,2,2,reduce_amount,reduce_amount,output_0,base_value|reduction,train,G
42,2,2,trim_precision,trim_precision,output_0,digits|raw_value,train,G
38,3,3,balance_of_three,balance_of_three,output_0,reading_one|reading_three|reading_two,train,G
42,2,2,proportion_between,proportion_between,output_0,part_value|whole_value,train,G
35,1,1,round_up_whole,round_up_whole,output_0,value,train,G
28,1,1,minutes_to_seconds,minutes_to_seconds,output_0,minutes,train,A
39,1,1,min_of_values,min_of_values,output_0,values,train,A
23,1,1,sum_of_values,sum_of_values,output_0,values,train,A
39,1,1,mean_of_values,mean_of_values,output_0,values,train,A
24,1,1,sqrt,sqrt,output_0,arg_0,train,A
21,2,2,average_of_two,average_of_two,output_0,arg_0|arg_1,train,A
16,2,2,absolute_difference,absolute_difference,output_0,arg_0|arg_1,train,A
30,1,1,count_of_values,count_of_values,output_0,values,train,A
38,2,2,power,power,output_0,arg_0|arg_1,train,A
30,1,1,km_to_meters,km_to_meters,output_0,kilometers,train,A
32,1,1,inverse,inverse,output_0,arg_0,train,A
38,1,1,max_of_values,max_of_values,output_0,values,train,A
32,1,1,square_value,square_value,output_0,arg_0,train,A
54,2,2,join_values_with,join_values_with,output_0,separator|values,train,A
33,2,2,difference_of_numbers,difference_of_numbers,output_0,minuend|subtrahend,train,A
39,2,2,increase_by_percent,increase_by_percent,output_0,base|percent,train,A
50,1,1,seconds_to_full_minutes,seconds_to_full_minutes,output_0,seconds,train,A
42,1,1,digit_sum,digit_sum,output_0,arg_0,train,A
30,2,2,modulo_of,modulo_of,output_0,dividend|divisor,train,A
40,2,2,add,add,output_0,arg_0|arg_1,train,A
33,2,2,difference_of_numbers,difference_of_numbers,output_0,minuend|subtrahend,train,A
54,2,2,round_to_decimals,round_to_decimals,output_0,places|value,train,A
35,1,1,negate,negate,output_0,arg_0,train,A
58,2,2,round_with_mode,round_with_mode,output_0,mode|value,train,A
39,2,2,decrease_by_percent,decrease_by_percent,output_0,base|percent,train,A
32,1,1,inverse,inverse,output_0,arg_0,train,A
30,2,2,percentage_value,percentage_value,output_0,base|rate_percent,train,A
35,2,2,product_of_numbers,product_of_numbers,output_0,first_factor|second_factor,train,A
30,1,1,km_to_meters,km_to_meters,output_0,kilometers,train,A
62,2,2,is_greater,is_greater,output_0,arg_0|arg_1,train,A
47,2,2,portion_by_rate,portion_by_rate,output_0,rate|reference_value,train,G
42,2,2,trim_precision,trim_precision,output_0,digits|raw_value,train,G
53,2,2,split_evenly,split_evenly,output_0,parts|total,train,G
35,2,2,grow_by_rate,grow_by_rate,output_0,growth_rate|starting_value,train,G
38,3,3,balance_of_three,balance_of_three,output_0,reading_one|reading_three|reading_two,train,G
37,2,2,shrink_by_rate,shrink_by_rate,output_0,discount_rate|starting_value,train,G
36,2,2,gap_between,gap_between,output_0,first_value|second_value,train,G
49,2,2,entries_over_limit,entries_over_limit,output_0,limit|number_list,train,G
39,1,1,self_product,self_product,output_0,value,train,G
42,2,2,proportion_between,proportion_between,output_0,part_value|whole_value,train,G
28,1,1,flip_sign,flip_sign,output_0,value,train,G
24,1,1,sqrt,sqrt,output_0,arg_0,train,A
39,2,2,increase_by_percent,increase_by_percent,output_0,base|percent,train,A
32,1,1,square_value,square_value,output_0,arg_0,train,A
21,2,2,average_of_two,average_of_two,output_0,arg_0|arg_1,train,A
33,1,1,ceiling,ceiling,output_0,arg_0,train,A
32,2,2,quotient_of,quotient_of,output_0,denominator|numerator,train,A
39,2,2,decrease_by_percent,decrease_by_percent,output_0,base|percent,train,A
39,1,1,running_totals,running_totals,output_0,values,train,A
54,2,2,round_to_decimals,round_to_decimals,output_0,places|value,train,A
30,2,2,percentage_value,percentage_value,output_0,base|rate_percent,train,A
37,2,2,ratio_of,ratio_of,output_0,denominator|numerator,train,A
35,1,1,floor,floor,output_0,arg_0,train,A
39,1,1,nearest_integer,nearest_integer,output_0,arg_0,train,A
54,2,2,round_to_decimals,round_to_decimals,output_0,places|value,train,A
16,2,2,absolute_difference,absolute_difference,output_0,arg_0|arg_1,train,A
24,1,1,sqrt,sqrt,output_0,arg_0,train,A
61,2,2,format_number_fixed,format_number_fixed,output_0,places|value,train,A
52,1,1,position_of_maximum,position_of_maximum,output_0,values,train,A
35,1,1,negate,negate,output_0,arg_0,train,A
32,1,1,inverse,inverse,output_0,arg_0,train,A
50,2,2,take_top_values,take_top_values,output_0,k|values,train,A
23,2,2,multiply,multiply,output_0,arg_0|arg_1,train,A
21,2,2,average_of_two,average_of_two,output_0,arg_0|arg_1,train,A
26,2,2,maximum_of_two,maximum_of_two,output_0,arg_0|arg_1,train,A
32,2,2,quotient_of,quotient_of,output_0,denominator|numerator,train,A
35,1,1,km_from_meters,km_from_meters,output_0,distance_m,train,G
38,3,3,balance_of_three,balance_of_three,output_0,reading_one|reading_three|reading_two,train,G
42,2,2,trim_precision,trim_precision,output_0,digits|raw_value,train,G
49,2,2,adjust_to_whole,adjust_to_whole,output_0,direction|value,train,G
41,2,2,combine_amounts,combine_amounts,output_0,amount_a|amount_b,train,G
30,2,2,scale_quantity,scale_quantity,output_0,factor|quantity,train,G
52,2,2,exceeds_value,exceeds_value,output_0,limit|measured_value,train,G
39,1,1,self_product,self_product,output_0,value,train,G
44,3,3,dispersion_of_three,dispersion_of_three,output_0,value_one|value_three|value_two,train,G
35,2,2,pick_higher,pick_higher,output_0,candidate_a|candidate_b,train,G
41,1,1,round_down_whole,round_down_whole,output_0,value,train,G
41,2,2,reduce_amount,reduce_amount,output_0,base_value|reduction,train,G
28,2,2,per_unit_value,per_unit_value,output_0,units|whole,train,G
43,1,1,accumulate_series,accumulate_series,output_0,number_list,train,G
42,2,2,proportion_between,proportion_between,output_0,part_value|whole_value,train,G
35,2,2,pick_higher,pick_higher,output_0,candidate_a|candidate_b,train,G
34,2,2,pick_lower,pick_lower,output_0,candidate_a|candidate_b,train,G
38,1,1,root_extract,root_extract,output_0,input_value,train,G
51,1,1,digits_added_up,digits_added_up,output_0,whole_value,train,G
52,1,1,rank_of_peak,rank_of_peak,output_0,number_list,train,G
29,1,1,seconds_from_minutes,seconds_from_minutes,output_0,minute_count,train,G
54,3,3,inside_limits,inside_limits,output_0,high_limit|low_limit|reading,train,G
31,1,1,meters_from_km,meters_from_km,output_0,distance_km,train,G
47,2,2,portion_by_rate,portion_by_rate,output_0,rate|reference_value,train,G
37,2,2,shrink_by_rate,shrink_by_rate,output_0,discount_rate|starting_value,train,G
35,1,1,peak_of_series,peak_of_series,output_0,number_list,train,G
53,2,2,split_evenly,split_evenly,output_0,parts|total,train,G
35,2,2,midpoint_value,midpoint_value,output_0,value_one|value_two,train,G
39,1,1,self_product,self_product,output_0,value,train,G
41,2,2,full_groups_of,full_groups_of,output_0,group_size|total_items,train,G
41,2,2,combine_amounts,combine_amounts,output_0,amount_a|amount_b,train,G
28,1,1,flip_sign,flip_sign,output_0,value,train,G
47,2,2,portion_by_rate,portion_by_rate,output_0,rate|reference_value,train,G
37,2,2,shrink_by_rate,shrink_by_rate,output_0,discount_rate|starting_value,train,G
35,2,2,grow_by_rate,grow_by_rate,output_0,growth_rate|starting_value,train,G
34,2,2,sum_two_numbers,sum_two_numbers,output_0,first_number|second_number,train,A
43,2,2,subtract,subtract,output_0,arg_0|arg_1,train,A
62,2,2,append_to_values,append_to_values,output_0,value|values,train,A
61,2,2,format_number_fixed,format_number_fixed,output_0,places|value,train,A
39,2,2,increase_by_percent,increase_by_percent,output_0,base|percent,train,A
31,1,1,fahrenheit_to_celsius,fahrenheit_to_celsius,output_0,fahrenheit,train,A
27,2,2,minimum_of_two,minimum_of_two,output_0,arg_0|arg_1,train,A
26,1,1,hours_to_minutes,hours_to_minutes,output_0,hours,train,A
23,1,1,sum_of_values,sum_of_values,output_0,values,train,A
30,1,1,meters_to_km,meters_to_km,output_0,meters,train,A
31,1,1,celsius_to_fahrenheit,celsius_to_fahrenheit,output_0,celsius,train,A
26,2,2,maximum_of_two,maximum_of_two,output_0,arg_0|arg_1,train,A
39,1,1,min_of_values,min_of_values,output_0,values,train,A
41,3,3,sum_of_three,sum_of_three,output_0,arg_0|arg_1|arg_2,train,A
30,2,2,percentage_value,percentage_value,output_0,base|rate_percent,train,A
37,2,2,ratio_of,ratio_of,output_0,denominator|numerator,train,A
32,1,1,square_value,square_value,output_0,arg_0,train,A
39,1,1,mean_of_values,mean_of_values,output_0,values,train,A
39,1,1,running_totals,running_totals,output_0,values,train,A
66,2,2,build_tag,build_tag,output_0,prefix|value,train,A
39,2,2,increase_by_percent,increase_by_percent,output_0,base|percent,train,A
24,1,1,sqrt,sqrt,output_0,arg_0,train,A
36,2,2,gap_between,gap_between,output_0,first_value|second_value,train,G
47,2,2,portion_by_rate,portion_by_rate,output_0,rate|reference_value,train,G
35,2,2,pick_higher,pick_higher,output_0,candidate_a|candidate_b,train,G
37,2,2,shrink_by_rate,shrink_by_rate,output_0,discount_rate|starting_value,train,G
41,2,2,combine_amounts,combine_amounts,output_0,amount_a|amount_b,train,G
41,2,2,reduce_amount,reduce_amount,output_0,base_value|reduction,train,G
39,1,1,self_product,self_product,output_0,value,train,G
30,2,2,scale_quantity,scale_quantity,output_0,factor|quantity,train,G
34,1,1,celsius_from_fahrenheit,celsius_from_fahrenheit,output_0,temp_f,train,G
26,1,1,stringify_amount,stringify_amount,output_0,amount,train,G
49,1,1,whole_minutes_from_seconds,whole_minutes_from_seconds,output_0,second_count,train,G
35,2,2,midpoint_value,midpoint_value,output_0,value_one|value_two,train,G
35,2,2,pick_higher,pick_higher,output_0,candidate_a|candidate_b,train,G
35,2,2,midpoint_value,midpoint_value,output_0,value_one|value_two,train,G
41,2,2,full_groups_of,full_groups_of,output_0,group_size|total_items,train,G
49,1,1,whole_minutes_from_seconds,whole_minutes_from_seconds,output_0,second_count,train,G
33,1,1,aggregate_total,aggregate_total,output_0,number_list,train,G
35,1,1,round_up_whole,round_up_whole,output_0,value,train,G
29,1,1,seconds_from_minutes,seconds_from_minutes,output_0,minute_count,train,G
50,2,2,annotate_measurement,annotate_measurement,output_0,measurement|unit_name,train,G
42,2,2,proportion_between,proportion_between,output_0,part_value|whole_value,train,G
41,1,1,round_down_whole,round_down_whole,output_0,value,train,G
33,1,1,aggregate_total,aggregate_total,output_0,number_list,train,G
46,2,2,total_of_pair,total_of_pair,output_0,left|right,train,G
30,2,2,scale_quantity,scale_quantity,output_0,factor|quantity,train,G
28,2,2,per_unit_value,per_unit_value,output_0,units|whole,train,G
42,2,2,proportion_between,proportion_between,output_0,part_value|whole_value,train,G
42,2,2,extend_series_with,extend_series_with,output_0,new_entry|number_list,train,G
40,2,2,remaining_after,remaining_after,output_0,from_value|take_away,train,G
44,3,3,dispersion_of_three,dispersion_of_three,output_0,value_one|value_three|value_two,train,G
36,3,3,total_of_three_parts,total_of_three_parts,output_0,part_one|part_three|part_two,train,G
26,1,1,stringify_amount,stringify_amount,output_0,amount,train,G
35,2,2,midpoint_value,midpoint_value,output_0,value_one|value_two,train,G
37,2,2,shrink_by_rate,shrink_by_rate,output_0,discount_rate|starting_value,train,G
35,1,1,round_up_whole,round_up_whole,output_0,value,train,G
35,2,2,grow_by_rate,grow_by_rate,output_0,growth_rate|starting_value,train,G
35,1,1,km_from_meters,km_from_meters,output_0,distance_m,train,G
38,1,1,root_extract,root_extract,output_0,input_value,train,G
39,2,2,decrease_by_percent,decrease_by_percent,output_0,base|percent,train,A
51,2,2,scale_values,scale_values,output_0,factor|values,train,A
40,2,2,add,add,output_0,arg_0|arg_1,train,A
16,2,2,absolute_difference,absolute_difference,output_0,arg_0|arg_1,train,A
35,2,2,product_of_numbers,product_of_numbers,output_0,first_factor|second_factor,train,A
66,2,2,build_tag,build_tag,output_0,prefix|value,train,A
30,1,1,meters_to_km,meters_to_km,output_0,meters,train,A
32,1,1,range_of_values,range_of_values,output_0,values,train,A
27,2,2,minimum_of_two,minimum_of_two,output_0,arg_0|arg_1,train,A
57,2,2,label_with_unit,label_with_unit,output_0,unit|value,train,A
35,1,1,floor,floor,output_0,arg_0,train,A
21,2,2,average_of_two,average_of_two,output_0,arg_0|arg_1,train,A
43,1,1,sort_values_descending,sort_values_descending,output_0,values,train,A
41,3,3,sum_of_three,sum_of_three,output_0,arg_0|arg_1|arg_2,train,A
39,2,2,divide,divide,output_0,arg_0|arg_1,train,A
45,3,3,mean_of_three,mean_of_three,output_0,arg_0|arg_1|arg_2,train,A
32,1,1,range_of_values,range_of_values,output_0,values,train,A
38,1,1,parse_numeric_text,parse_numeric_text,output_0,text,train,A
39,2,2,decrease_by_percent,decrease_by_percent,output_0,base|percent,train,A
38,2,2,percent_of,percent_of,output_0,percent|whole,train,A
35,1,1,negate,negate,output_0,arg_0,train,A
39,1,1,mean_of_values,mean_of_values,output_0,values,train,A
64,2,2,is_divisible_by,is_divisible_by,output_0,arg_0|arg_1,train,A
39,2,2,increase_by_percent,increase_by_percent,output_0,base|percent,train,A
16,2,2,absolute_difference,absolute_difference,output_0,arg_0|arg_1,train,A
43,2,2,subtract,subtract,output_0,arg_0|arg_1,train,A
62,2,2,append_to_values,append_to_values,output_0,value|values,train,A
73,3,3,range_of_three,range_of_three,output_0,arg_0|arg_1|arg_2,train,A
39,1,1,nearest_integer,nearest_integer,output_0,arg_0,train,A
38,2,2,power,power,output_0,arg_0|arg_1,train,A
16,2,2,absolute_difference,absolute_difference,output_0,arg_0|arg_1,train,A
35,1,1,negate,negate,output_0,arg_0,train,A
31,1,1,fahrenheit_to_celsius,fahrenheit_to_celsius,output_0,fahrenheit,train,A
26,2,2,maximum_of_two,maximum_of_two,output_0,arg_0|arg_1,train,A
30,2,2,floor_divide,floor_divide,output_0,arg_0|arg_1,train,A
57,2,2,label_with_unit,label_with_unit,output_0,unit|value,train,A
35,2,2,product_of_numbers,product_of_numbers,output_0,first_factor|second_factor,train,A
16,2,2,absolute_difference,absolute_difference,output_0,arg_0|arg_1,train,A
30,2,2,floor_divide,floor_divide,output_0,arg_0|arg_1,train,A
38,1,1,max_of_values,max_of_values,output_0,values,train,A
41,3,3,sum_of_three,sum_of_three,output_0,arg_0|arg_1|arg_2,train,A
43,2,2,subtract,subtract,output_0,arg_0|arg_1,train,A
30,1,1,meters_to_km,meters_to_km,output_0,meters,train,A
73,3,3,range_of_three,range_of_three,output_0,arg_0|arg_1|arg_2,train,A
66,2,2,build_tag,build_tag,output_0,prefix|value,train,A
64,2,2,is_divisible_by,is_divisible_by,output_0,arg_0|arg_1,train,A
39,1,1,mean_of_values,mean_of_values,output_0,values,train,A
59,2,2,filter_values_above,filter_values_above,output_0,threshold|values,train,A
26,1,1,hours_to_minutes,hours_to_minutes,output_0,hours,train,A
21,2,2,average_of_two,average_of_two,output_0,arg_0|arg_1,train,A
30,1,1,km_to_meters,km_to_meters,output_0,kilometers,train,A
37,2,2,reminder,reminder,output_0,arg_0|arg_1,train,A
26,1,1,stringify_amount,stringify_amount,output_0,amount,train,G
35,2,2,exponentiate,exponentiate,output_0,base_value|power_value,train,G
32,1,1,central_value,central_value,output_0,number_list,train,G
50,2,2,annotate_measurement,annotate_measurement,output_0,measurement|unit_name,train,G
41,2,2,reduce_amount,reduce_amount,output_0,base_value|reduction,train,G
37,1,1,reciprocal_value,reciprocal_value,output_0,value,train,G
34,2,2,pick_lower,pick_lower,output_0,candidate_a|candidate_b,train,G
49,1,1,whole_minutes_from_seconds,whole_minutes_from_seconds,output_0,second_count,train,G
62,2,2,append_to_values,append_to_values,output_0,value|values,train,A
60,3,3,is_within_range,is_within_range,output_0,maximum|minimum|value,train,A
28,1,1,minutes_to_seconds,minutes_to_seconds,output_0,minutes,train,A
39,1,1,nearest_integer,nearest_integer,output_0,arg_0,train,A
39,2,2,increase_by_percent,increase_by_percent,output_0,base|percent,train,A
45,1,1,text_length,text_length,output_0,text,train,A
66,2,2,build_tag,build_tag,output_0,prefix|value,train,A
51,2,2,scale_values,scale_values,output_0,factor|values,train,A
30,1,1,count_of_values,count_of_values,output_0,values,train,A
39,1,1,min_of_values,min_of_values,output_0,values,train,A
32,1,1,range_of_values,range_of_values,output_0,values,train,A
39,2,2,decrease_by_percent,decrease_by_percent,output_0,base|percent,train,A
23,1,1,sum_of_values,sum_of_values,output_0,values,train,A
35,1,1,floor,floor,output_0,arg_0,train,A
32,1,1,square_value,square_value,output_0,arg_0,train,A
30,2,2,floor_divide,floor_divide,output_0,arg_0|arg_1,train,A
23,2,2,multiply,multiply,output_0,arg_0|arg_1,train,A
39,2,2,increase_by_percent,increase_by_percent,output_0,base|percent,train,A
16,2,2,absolute_difference,absolute_difference,output_0,arg_0|arg_1,train,A
37,2,2,ratio_of,ratio_of,output_0,denominator|numerator,train,A
26,2,2,maximum_of_two,maximum_of_two,output_0,arg_0|arg_1,train,A
33,2,2,difference_of_numbers,difference_of_numbers,output_0,minuend|subtrahend,train,A
40,2,2,add,add,output_0,arg_0|arg_1,train,A
50,1,1,seconds_to_full_minutes,seconds_to_full_minutes,output_0,seconds,train,A
30,2,2,percentage_value,percentage_value,output_0,base|rate_percent,train,A
57,2,2,label_with_unit,label_with_unit,output_0,unit|value,train,A
34,2,2,concat_strings,concat_strings,output_0,first|second,train,A
30,1,1,meters_to_km,meters_to_km,output_0,meters,train,A
39,1,1,nearest_integer,nearest_integer,output_0,arg_0,train,A
62,2,2,append_to_values,append_to_values,output_0,value|values,train,A
23,2,2,multiply,multiply,output_0,arg_0|arg_1,train,A
37,2,2,ratio_of,ratio_of,output_0,denominator|numerator,train,A
54,2,2,round_to_decimals,round_to_decimals,output_0,places|value,train,A
35,1,1,floor,floor,output_0,arg_0,train,A
62,2,2,is_greater,is_greater,output_0,arg_0|arg_1,train,A
40,2,2,add,add,output_0,arg_0|arg_1,train,A
31,1,1,fahrenheit_to_celsius,fahrenheit_to_celsius,output_0,fahrenheit,train,A
21,2,2,average_of_two,average_of_two,output_0,arg_0|arg_1,train,A
62,2,2,is_greater,is_greater,output_0,arg_0|arg_1,train,A
61,2,2,format_number_fixed,format_number_fixed,output_0,places|value,train,A
30,2,2,modulo_of,modulo_of,output_0,dividend|divisor,train,A
52,1,1,position_of_maximum,position_of_maximum,output_0,values,train,A
42,1,1,digit_sum,digit_sum,output_0,arg_0,train,A
59,2,2,filter_values_above,filter_values_above,output_0,threshold|values,train,A
32,1,1,inverse,inverse,output_0,arg_0,train,A
26,1,1,hours_to_minutes,hours_to_minutes,output_0,hours,train,A
37,2,2,ratio_of,ratio_of,output_0,denominator|numerator,train,A
54,2,2,join_values_with,join_values_with,output_0,separator|values,train,A
35,1,1,floor,floor,output_0,arg_0,train,A
34,2,2,whole_quotient,whole_quotient,output_0,dividend|divisor,train,A
33,1,1,ceiling,ceiling,output_0,arg_0,train,A
54,2,2,round_to_decimals,round_to_decimals,output_0,places|value,train,A
32,2,2,quotient_of,quotient_of,output_0,denominator|numerator,train,A
58,2,2,round_with_mode,round_with_mode,output_0,mode|value,train,A
62,2,2,append_to_values,append_to_values,output_0,value|values,train,A
37,2,2,ratio_of,ratio_of,output_0,denominator|numerator,train,A
64,2,2,is_divisible_by,is_divisible_by,output_0,arg_0|arg_1,train,A
45,3,3,mean_of_three,mean_of_three,output_0,arg_0|arg_1|arg_2,train,A
39,2,2,decrease_by_percent,decrease_by_percent,output_0,base|percent,train,A
39,2,2,increase_by_percent,increase_by_percent,output_0,base|percent,train,A
45,1,1,text_length,text_length,output_0,text,train,A
39,1,1,nearest_integer,nearest_integer,output_0,arg_0,train,A
43,1,1,sort_values_descending,sort_values_descending,output_0,values,train,A
39,1,1,mean_of_values,mean_of_values,output_0,values,train,A
39,1,1,nearest_integer,nearest_integer,output_0,arg_0,train,A
28,1,1,minutes_to_seconds,minutes_to_seconds,output_0,minutes,train,A
39,2,2,decrease_by_percent,decrease_by_percent,output_0,base|percent,train,A
39,1,1,running_totals,running_totals,output_0,values,train,A
34,2,2,concat_strings,concat_strings,output_0,first|second,train,A
39,2,2,divide,divide,output_0,arg_0|arg_1,train,A
39,1,1,self_product,self_product,output_0,value,train,G
51,2,2,divides_evenly,divides_evenly,output_0,group_size|total_amount,train,G
38,1,1,root_extract,root_extract,output_0,input_value,train,G
35,2,2,exponentiate,exponentiate,output_0,base_value|power_value,train,G
31,1,1,meters_from_km,meters_from_km,output_0,distance_km,train,G
47,2,2,portion_by_rate,portion_by_rate,output_0,rate|reference_value,train,G
37,1,1,reciprocal_value,reciprocal_value,output_0,value,train,G
33,1,1,whole_number_of,whole_number_of,output_0,value,train,G
35,1,1,round_up_whole,round_up_whole,output_0,value,train,G
52,2,2,exceeds_value,exceeds_value,output_0,limit|measured_value,train,G
34,2,2,pick_lower,pick_lower,output_0,candidate_a|candidate_b,train,G
33,1,1,aggregate_total,aggregate_total,output_0,number_list,train,G
26,2,2,exponent_of,exponent_of,output_0,base|exponent,train,A
62,2,2,append_to_values,append_to_values,output_0,value|values,train,A
30,2,2,percentage_value,percentage_value,output_0,base|rate_percent,train,A
39,1,1,nearest_integer,nearest_integer,output_0,arg_0,train,A
34,2,2,sum_two_numbers,sum_two_numbers,output_0,first_number|second_number,train,A
27,2,2,minimum_of_two,minimum_of_two,output_0,arg_0|arg_1,train,A
32,1,1,inverse,inverse,output_0,arg_0,train,A
21,2,2,average_of_two,average_of_two,output_0,arg_0|arg_1,train,A
32,1,1,square_value,square_value,output_0,arg_0,train,A
39,2,2,increase_by_percent,increase_by_percent,output_0,base|percent,train,A
60,3,3,is_within_range,is_within_range,output_0,maximum|minimum|value,train,A
50,1,1,seconds_to_full_minutes,seconds_to_full_minutes,output_0,seconds,train,A
58,2,2,round_with_mode,round_with_mode,output_0,mode|value,train,A
37,2,2,ratio_of,ratio_of,output_0,denominator|numerator,train,A
35,2,2,product_of_numbers,product_of_numbers,output_0,first_factor|second_factor,train,A
43,1,1,sort_values_descending,sort_values_descending,output_0,values,train,A
30,2,2,floor_divide,floor_divide,output_0,arg_0|arg_1,train,A
21,2,2,average_of_two,average_of_two,output_0,arg_0|arg_1,train,A
32,1,1,square_value,square_value,output_0,arg_0,train,A
38,2,2,power,power,output_0,arg_0|arg_1,train,A
51,2,2,scale_values,scale_values,output_0,factor|values,train,A
26,1,1,hours_to_minutes,hours_to_minutes,output_0,hours,train,A
32,1,1,square_value,square_value,output_0,arg_0,train,A
50,2,2,take_top_values,take_top_values,output_0,k|values,train,A
23,1,1,sum_of_values,sum_of_values,output_0,values,train,A
62,2,2,is_greater,is_greater,output_0,arg_0|arg_1,train,A
38,1,1,max_of_values,max_of_values,output_0,values,train,A
38,2,2,power,power,output_0,arg_0|arg_1,train,A
38,1,1,parse_numeric_text,parse_numeric_text,output_0,text,train,A
39,1,1,mean_of_values,mean_of_values,output_0,values,train,A
58,2,2,round_with_mode,round_with_mode,output_0,mode|value,train,A
32,1,1,range_of_values,range_of_values,output_0,values,train,A
26,1,1,hours_to_minutes,hours_to_minutes,output_0,hours,train,A
37,1,1,fahrenheit_from_celsius,fahrenheit_from_celsius,output_0,temp_c,train,G
36,2,2,gap_between,gap_between,output_0,first_value|second_value,train,G
46,1,1,order_series_high_to_low,order_series_high_to_low,output_0,number_list,train,G
53,2,2,compose_reference_code,compose_reference_code,output_0,code_number|code_prefix,train,G
41,2,2,reduce_amount,reduce_amount,output_0,base_value|reduction,train,G
35,2,2,midpoint_value,midpoint_value,output_0,value_one|value_two,train,G
30,2,2,scale_quantity,scale_quantity,output_0,factor|quantity,train,G
42,2,2,trim_precision,trim_precision,output_0,digits|raw_value,train,G
32,1,1,central_value,central_value,output_0,number_list,train,G
35,1,1,km_from_meters,km_from_meters,output_0,distance_m,train,G
28,1,1,flip_sign,flip_sign,output_0,value,train,G
32,1,1,central_value,central_value,output_0,number_list,train,G
31,1,1,meters_from_km,meters_from_km,output_0,distance_km,train,G
41,2,2,full_groups_of,full_groups_of,output_0,group_size|total_items,train,G
35,1,1,peak_of_series,peak_of_series,output_0,number_list,train,G
35,2,2,midpoint_value,midpoint_value,output_0,value_one|value_two,train,G
35,2,2,exponentiate,exponentiate,output_0,base_value|power_value,train,G
29,2,2,pairwise_product,pairwise_product,output_0,value_one|value_two,train,G
35,2,2,grow_by_rate,grow_by_rate,output_0,growth_rate|starting_value,train,G
49,1,1,whole_minutes_from_seconds,whole_minutes_from_seconds,output_0,second_count,train,G
36,2,2,gap_between,gap_between,output_0,first_value|second_value,train,G
24,1,1,sqrt,sqrt,output_0,arg_0,train,A
21,2,2,average_of_two,average_of_two,output_0,arg_0|arg_1,train,A
33,1,1,ceiling,ceiling,output_0,arg_0,train,A
32,2,2,quotient_of,quotient_of,output_0,denominator|numerator,train,A
73,3,3,range_of_three,range_of_three,output_0,arg_0|arg_1|arg_2,train,A
32,1,1,square_value,square_value,output_0,arg_0,train,A
30,1,1,count_of_values,count_of_values,output_0,values,train,A
37,2,2,ratio_of,ratio_of,output_0,denominator|numerator,train,A
54,2,2,round_to_decimals,round_to_decimals,output_0,places|value,train,A
30,1,1,meters_to_km,meters_to_km,output_0,meters,train,A
39,1,1,nearest_integer,nearest_integer,output_0,arg_0,train,A
50,1,1,seconds_to_full_minutes,seconds_to_full_minutes,output_0,seconds,train,A
32,1,1,inverse,inverse,output_0,arg_0,train,A
34,2,2,sum_two_numbers,sum_two_numbers,output_0,first_number|second_number,train,A
39,1,1,mean_of_values,mean_of_values,output_0,values,train,A
38,2,2,percent_of,percent_of,output_0,percent|whole,train,A
38,2,2,power,power,output_0,arg_0|arg_1,train,A
24,1,1,sqrt,sqrt,output_0,arg_0,train,A
37,2,2,ratio_of,ratio_of,output_0,denominator|numerator,train,A
35,2,2,product_of_numbers,product_of_numbers,output_0,first_factor|second_factor,train,A
32,1,1,inverse,inverse,output_0,arg_0,train,A
16,2,2,absolute_difference,absolute_difference,output_0,arg_0|arg_1,train,A
32,1,1,range_of_values,range_of_values,output_0,values,train,A
32,2,2,quotient_of,quotient_of,output_0,denominator|numerator,train,A
51,2,2,scale_values,scale_values,output_0,factor|values,train,A
38,1,1,max_of_values,max_of_values,output_0,values,train,A
47,1,1,number_to_text,number_to_text,output_0,value,train,A
34,2,2,sum_two_numbers,sum_two_numbers,output_0,first_number|second_number,train,A
27,2,2,minimum_of_two,minimum_of_two,output_0,arg_0|arg_1,train,A
41,3,3,sum_of_three,sum_of_three,output_0,arg_0|arg_1|arg_2,train,A
38,1,1,max_of_values,max_of_values,output_0,values,train,A
32,1,1,range_of_values,range_of_values,output_0,values,train,A
51,2,2,scale_values,scale_values,output_0,factor|values,train,A
21,2,2,average_of_two,average_of_two,output_0,arg_0|arg_1,train,A
39,2,2,leftover_after_grouping,leftover_after_grouping,output_0,group_size|total_items,train,G
27,1,1,minutes_from_hours,minutes_from_hours,output_0,hour_count,train,G
36,3,3,total_of_three_parts,total_of_three_parts,output_0,part_one|part_three|part_two,train,G
46,2,2,total_of_pair,total_of_pair,output_0,left|right,train,G
41,2,2,full_groups_of,full_groups_of,output_0,group_size|total_items,train,G
35,2,2,midpoint_value,midpoint_value,output_0,value_one|value_two,train,G
37,2,2,shrink_by_rate,shrink_by_rate,output_0,discount_rate|starting_value,train,G
50,2,2,annotate_measurement,annotate_measurement,output_0,measurement|unit_name,train,G
52,2,2,exceeds_value,exceeds_value,output_0,limit|measured_value,train,G
36,2,2,gap_between,gap_between,output_0,first_value|second_value,train,G
54,3,3,inside_limits,inside_limits,output_0,high_limit|low_limit|reading,train,G
53,2,2,rescale_series,rescale_series,output_0,multiplier|number_list,train,G
53,2,2,split_evenly,split_evenly,output_0,parts|total,train,G
40,2,2,remaining_after,remaining_after,output_0,from_value|take_away,train,G
53,2,2,serialize_series,serialize_series,output_0,delimiter|number_list,train,G
43,1,1,read_amount_from_text,read_amount_from_text,output_0,raw_text,train,G
53,2,2,rescale_series,rescale_series,output_0,multiplier|number_list,train,G
40,2,2,remaining_after,remaining_after,output_0,from_value|take_away,train,G
31,2,2,join_text_pieces,join_text_pieces,output_0,piece_one|piece_two,train,G
47,2,2,portion_by_rate,portion_by_rate,output_0,rate|reference_value,train,G
42,2,2,leading_entries,leading_entries,output_0,how_many|number_list,train,G
41,1,1,round_down_whole,round_down_whole,output_0,value,train,G
35,2,2,midpoint_value,midpoint_value,output_0,value_one|value_two,train,G
41,2,2,full_groups_of,full_groups_of,output_0,group_size|total_items,train,G
35,3,3,bound_within,bound_within,output_0,high_limit|input_value|low_limit,train,G
29,2,2,pairwise_product,pairwise_product,output_0,value_one|value_two,train,G
39,1,1,self_product,self_product,output_0,value,train,G
34,1,1,celsius_from_fahrenheit,celsius_from_fahrenheit,output_0,temp_f,train,G
35,1,1,peak_of_series,peak_of_series,output_0,number_list,train,G
46,1,1,order_series_high_to_low,order_series_high_to_low,output_0,number_list,train,G
43,1,1,read_amount_from_text,read_amount_from_text,output_0,raw_text,train,G
35,1,1,round_up_whole,round_up_whole,output_0,value,train,G
51,1,1,digits_added_up,digits_added_up,output_0,whole_value,train,G
35,2,2,pick_higher,pick_higher,output_0,candidate_a|candidate_b,train,G
35,1,1,round_up_whole,round_up_whole,output_0,value,train,G
53,2,2,compose_reference_code,compose_reference_code,output_0,code_number|code_prefix,train,G
41,1,1,round_down_whole,round_down_whole,output_0,value,train,G
37,1,1,valley_of_series,valley_of_series,output_0,number_list,train,G
42,2,2,trim_precision,trim_precision,output_0,digits|raw_value,train,G
52,2,2,exceeds_value,exceeds_value,output_0,limit|measured_value,train,G
39,2,2,leftover_after_grouping,leftover_after_grouping,output_0,group_size|total_items,train,G
35,2,2,midpoint_value,midpoint_value,output_0,value_one|value_two,train,G
35,2,2,pick_higher,pick_higher,output_0,candidate_a|candidate_b,train,G
39,1,1,self_product,self_product,output_0,value,train,G
54,2,2,round_to_decimals,round_to_decimals,output_0,places|value,train,A
38,1,1,parse_numeric_text,parse_numeric_text,output_0,text,train,A
62,2,2,is_greater,is_greater,output_0,arg_0|arg_1,train,A
33,1,1,ceiling,ceiling,output_0,arg_0,train,A
39,1,1,nearest_integer,nearest_integer,output_0,arg_0,train,A
39,1,1,min_of_values,min_of_values,output_0,values,train,A
50,1,1,seconds_to_full_minutes,seconds_to_full_minutes,output_0,seconds,train,A
62,2,2,append_to_values,append_to_values,output_0,value|values,train,A
16,2,2,absolute_difference,absolute_difference,output_0,arg_0|arg_1,train,A
73,3,3,range_of_three,range_of_three,output_0,arg_0|arg_1|arg_2,train,A
33,2,2,difference_of_numbers,difference_of_numbers,output_0,minuend|subtrahend,train,A
49,1,1,whole_minutes_from_seconds,whole_minutes_from_seconds,output_0,second_count,train,G
41,2,2,combine_amounts,combine_amounts,output_0,amount_a|amount_b,train,G
36,2,2,gap_between,gap_between,output_0,first_value|second_value,train,G
49,2,2,entries_over_limit,entries_over_limit,output_0,limit|number_list,train,G
34,1,1,celsius_from_fahrenheit,celsius_from_fahrenheit,output_0,temp_f,train,G
35,1,1,km_from_meters,km_from_meters,output_0,distance_m,train,G
53,2,2,rescale_series,rescale_series,output_0,multiplier|number_list,train,G
44,3,3,dispersion_of_three,dispersion_of_three,output_0,value_one|value_three|value_two,train,G
35,1,1,peak_of_series,peak_of_series,output_0,number_list,train,G
35,2,2,midpoint_value,midpoint_value,output_0,value_one|value_two,train,G
34,1,1,series_spread,series_spread,output_0,number_list,train,G
38,2,2,power,power,output_0,arg_0|arg_1,train,A
38,2,2,percent_of,percent_of,output_0,percent|whole,train,A
35,1,1,negate,negate,output_0,arg_0,train,A
39,1,1,nearest_integer,nearest_integer,output_0,arg_0,train,A
38,1,1,parse_numeric_text,parse_numeric_text,output_0,text,train,A
21,2,2,average_of_two,average_of_two,output_0,arg_0|arg_1,train,A
39,2,2,increase_by_percent,increase_by_percent,output_0,base|percent,train,A
39,2,2,decrease_by_percent,decrease_by_percent,output_0,base|percent,train,A
43,1,1,sort_values_descending,sort_values_descending,output_0,values,train,A
34,2,2,concat_strings,concat_strings,output_0,first|second,train,A
62,2,2,append_to_values,append_to_values,output_0,value|values,train,A
31,1,1,celsius_to_fahrenheit,celsius_to_fahrenheit,output_0,celsius,train,A
39,1,1,mean_of_values,mean_of_values,output_0,values,train,A
30,2,2,modulo_of,modulo_of,output_0,dividend|divisor,train,A
50,2,2,take_top_values,take_top_values,output_0,k|values,train,A
39,2,2,increase_by_percent,increase_by_percent,output_0,base|percent,train,A
64,2,2,is_divisible_by,is_divisible_by,output_0,arg_0|arg_1,train,A
38,2,2,percent_of,percent_of,output_0,percent|whole,train,A
35,1,1,negate,negate,output_0,arg_0,train,A
30,1,1,meters_to_km,meters_to_km,output_0,meters,train,A
37,2,2,ratio_of,ratio_of,output_0,denominator|numerator,train,A
66,2,2,build_tag,build_tag,output_0,prefix|value,train,A
43,2,2,subtract,subtract,output_0,arg_0|arg_1,train,A
39,1,1,running_totals,running_totals,output_0,values,train,A
51,2,2,scale_values,scale_values,output_0,factor|values,train,A
30,1,1,meters_to_km,meters_to_km,output_0,meters,train,A
30,2,2,percentage_value,percentage_value,output_0,base|rate_percent,train,A
33,2,2,difference_of_numbers,difference_of_numbers,output_0,minuend|subtrahend,train,A
21,2,2,average_of_two,average_of_two,output_0,arg_0|arg_1,train,A
39,2,2,decrease_by_percent,decrease_by_percent,output_0,base|percent,train,A
23,2,2,multiply,multiply,output_0,arg_0|arg_1,train,A
40,2,2,add,add,output_0,arg_0|arg_1,train,A
39,2,2,decrease_by_percent,decrease_by_percent,output_0,base|percent,train,A
32,2,2,quotient_of,quotient_of,output_0,denominator|numerator,train,A
61,2,2,format_number_fixed,format_number_fixed,output_0,places|value,train,A
54,2,2,round_to_decimals,round_to_decimals,output_0,places|value,train,A
38,2,2,power,power,output_0,arg_0|arg_1,train,A
23,2,2,multiply,multiply,output_0,arg_0|arg_1,train,A
28,1,1,minutes_to_seconds,minutes_to_seconds,output_0,minutes,train,A
31,1,1,celsius_to_fahrenheit,celsius_to_fahrenheit,output_0,celsius,train,A
26,1,1,hours_to_minutes,hours_to_minutes,output_0,hours,train,A
46,1,1,order_series_high_to_low,order_series_high_to_low,output_0,number_list,train,G
51,1,1,digits_added_up,digits_added_up,output_0,whole_value,train,G
35,1,1,round_up_whole,round_up_whole,output_0,value,train,G
42,2,2,proportion_between,proportion_between,output_0,part_value|whole_value,train,G
42,2,2,trim_precision,trim_precision,output_0,digits|raw_value,train,G
35,2,2,midpoint_value,midpoint_value,output_0,value_one|value_two,train,G
41,2,2,combine_amounts,combine_amounts,output_0,amount_a|amount_b,train,G
33,1,1,whole_number_of,whole_number_of,output_0,value,train,G
37,2,2,reminder,reminder,output_0,arg_0|arg_1,train,A
23,1,1,sum_of_values,sum_of_values,output_0,values,train,A
21,2,2,average_of_two,average_of_two,output_0,arg_0|arg_1,train,A
39,1,1,mean_of_values,mean_of_values,output_0,values,train,A
39,2,2,increase_by_percent,increase_by_percent,output_0,base|percent,train,A
39,2,2,decrease_by_percent,decrease_by_percent,output_0,base|percent,train,A
51,2,2,scale_values,scale_values,output_0,factor|values,train,A
35,1,1,negate,negate,output_0,arg_0,train,A
32,1,1,square_value,square_value,output_0,arg_0,train,A
41,2,2,full_groups_of,full_groups_of,output_0,group_size|total_items,train,G
35,2,2,midpoint_value,midpoint_value,output_0,value_one|value_two,train,G
37,2,2,shrink_by_rate,shrink_by_rate,output_0,discount_rate|starting_value,train,G
47,2,2,portion_by_rate,portion_by_rate,output_0,rate|reference_value,train,G
33,1,1,whole_number_of,whole_number_of,output_0,value,train,G
41,2,2,combine_amounts,combine_amounts,output_0,amount_a|amount_b,train,G
36,3,3,total_of_three_parts,total_of_three_parts,output_0,part_one|part_three|part_two,train,G
37,1,1,fahrenheit_from_celsius,fahrenheit_from_celsius,output_0,temp_c,train,G
38,1,1,root_extract,root_extract,output_0,input_value,train,G
35,1,1,peak_of_series,peak_of_series,output_0,number_list,train,G
42,2,2,proportion_between,proportion_between,output_0,part_value|whole_value,train,G
29,2,2,pairwise_product,pairwise_product,output_0,value_one|value_two,train,G
53,2,2,split_evenly,split_evenly,output_0,parts|total,train,G
41,1,1,round_down_whole,round_down_whole,output_0,value,train,G
42,2,2,extend_series_with,extend_series_with,output_0,new_entry|number_list,train,G
42,2,2,trim_precision,trim_precision,output_0,digits|raw_value,train,G
39,1,1,self_product,self_product,output_0,value,train,G
29,2,2,pairwise_product,pairwise_product,output_0,value_one|value_two,train,G
39,2,2,leftover_after_grouping,leftover_after_grouping,output_0,group_size|total_items,train,G
43,1,1,accumulate_series,accumulate_series,output_0,number_list,train,G
46,2,2,render_with_decimals,render_with_decimals,output_0,decimal_count|value,train,G
35,2,2,midpoint_value,midpoint_value,output_0,value_one|value_two,train,G
36,2,2,gap_between,gap_between,output_0,first_value|second_value,train,G
41,1,1,round_down_whole,round_down_whole,output_0,value,train,G
41,2,2,reduce_amount,reduce_amount,output_0,base_value|reduction,train,G
42,2,2,extend_series_with,extend_series_with,output_0,new_entry|number_list,train,G
31,1,1,meters_from_km,meters_from_km,output_0,distance_km,train,G
33,1,1,ceiling,ceiling,output_0,arg_0,train,A
39,1,1,mean_of_values,mean_of_values,output_0,values,train,A
41,3,3,sum_of_three,sum_of_three,output_0,arg_0|arg_1|arg_2,train,A
52,1,1,position_of_maximum,position_of_maximum,output_0,values,train,A
43,2,2,subtract,subtract,output_0,arg_0|arg_1,train,A
39,2,2,decrease_by_percent,decrease_by_percent,output_0,base|percent,train,A
39,1,1,nearest_integer,nearest_integer,output_0,arg_0,train,A
34,2,2,concat_strings,concat_strings,output_0,first|second,train,A
32,1,1,range_of_values,range_of_values,output_0,values,train,A
28,1,1,flip_sign,flip_sign,output_0,value,train,G
38,3,3,balance_of_three,balance_of_three,output_0,reading_one|reading_three|reading_two,train,G
38,1,1,root_extract,root_extract,output_0,input_value,train,G
36,2,2,gap_between,gap_between,output_0,first_value|second_value,train,G
37,1,1,reciprocal_value,reciprocal_value,output_0,value,train,G
40,2,2,remaining_after,remaining_after,output_0,from_value|take_away,train,G
29,2,2,pairwise_product,pairwise_product,output_0,value_one|value_two,train,G
49,2,2,entries_over_limit,entries_over_limit,output_0,limit|number_list,train,G
29,1,1,seconds_from_minutes,seconds_from_minutes,output_0,minute_count,train,G
50,2,2,annotate_measurement,annotate_measurement,output_0,measurement|unit_name,train,G
41,1,1,round_down_whole,round_down_whole,output_0,value,train,G
52,1,1,rank_of_peak,rank_of_peak,output_0,number_list,train,G
49,1,1,whole_minutes_from_seconds,whole_minutes_from_seconds,output_0,second_count,train,G
32,1,1,central_value,central_value,output_0,number_list,train,G
28,1,1,flip_sign,flip_sign,output_0,value,train,G
29,2,2,pairwise_product,pairwise_product,output_0,value_one|value_two,train,G
42,2,2,proportion_between,proportion_between,output_0,part_value|whole_value,train,G
35,2,2,midpoint_value,midpoint_value,output_0,value_one|value_two,train,G
53,2,2,compose_reference_code,compose_reference_code,output_0,code_number|code_prefix,train,G
52,2,2,exceeds_value,exceeds_value,output_0,limit|measured_value,train,G
42,2,2,trim_precision,trim_precision,output_0,digits|raw_value,train,G
51,2,2,divides_evenly,divides_evenly,output_0,group_size|total_amount,train,G
41,1,1,round_down_whole,round_down_whole,output_0,value,train,G
39,2,2,leftover_after_grouping,leftover_after_grouping,output_0,group_size|total_items,train,G
34,2,2,whole_quotient,whole_quotient,output_0,dividend|divisor,train,A
52,1,1,position_of_maximum,position_of_maximum,output_0,values,train,A
21,2,2,average_of_two,average_of_two,output_0,arg_0|arg_1,train,A
27,2,2,minimum_of_two,minimum_of_two,output_0,arg_0|arg_1,train,A
38,1,1,parse_numeric_text,parse_numeric_text,output_0,text,train,A
66,2,2,build_tag,build_tag,output_0,prefix|value,train,A
39,1,1,nearest_integer,nearest_integer,output_0,arg_0,train,A
30,1,1,count_of_values,count_of_values,output_0,values,train,A
60,3,3,is_within_range,is_within_range,output_0,maximum|minimum|value,train,A
39,2,2,decrease_by_percent,decrease_by_percent,output_0,base|percent,train,A
16,2,2,absolute_difference,absolute_difference,output_0,arg_0|arg_1,train,A
37,2,2,ratio_of,ratio_of,output_0,denominator|numerator,train,A
58,2,2,round_with_mode,round_with_mode,output_0,mode|value,train,A
39,2,2,increase_by_percent,increase_by_percent,output_0,base|percent,train,A
24,1,1,sqrt,sqrt,output_0,arg_0,train,A
26,1,1,hours_to_minutes,hours_to_minutes,output_0,hours,train,A
28,1,1,minutes_to_seconds,minutes_to_seconds,output_0,minutes,train,A
16,2,2,absolute_difference,absolute_difference,output_0,arg_0|arg_1,train,A
50,1,1,seconds_to_full_minutes,seconds_to_full_minutes,output_0,seconds,train,A
23,2,2,multiply,multiply,output_0,arg_0|arg_1,train,A
53,2,2,rescale_series,rescale_series,output_0,multiplier|number_list,train,G
35,2,2,midpoint_value,midpoint_value,output_0,value_one|value_two,train,G
31,1,1,meters_from_km,meters_from_km,output_0,distance_km,train,G
46,2,2,total_of_pair,total_of_pair,output_0,left|right,train,G
41,2,2,full_groups_of,full_groups_of,output_0,group_size|total_items,train,G
49,1,1,whole_minutes_from_seconds,whole_minutes_from_seconds,output_0,second_count,train,G
35,2,2,grow_by_rate,grow_by_rate,output_0,growth_rate|starting_value,train,G
40,2,2,remaining_after,remaining_after,output_0,from_value|take_away,train,G
51,1,1,digits_added_up,digits_added_up,output_0,whole_value,train,G
52,2,2,exceeds_value,exceeds_value,output_0,limit|measured_value,train,G
43,1,1,read_amount_from_text,read_amount_from_text,output_0,raw_text,train,G
33,1,1,whole_number_of,whole_number_of,output_0,value,train,G
38,1,1,root_extract,root_extract,output_0,input_value,train,G
37,1,1,valley_of_series,valley_of_series,output_0,number_list,train,G
52,1,1,rank_of_peak,rank_of_peak,output_0,number_list,train,G
53,2,2,compose_reference_code,compose_reference_code,output_0,code_number|code_prefix,train,G
39,1,1,self_product,self_product,output_0,value,train,G
34,1,1,series_spread,series_spread,output_0,number_list,train,G
26,2,2,maximum_of_two,maximum_of_two,output_0,arg_0|arg_1,train,A
39,1,1,nearest_integer,nearest_integer,output_0,arg_0,train,A
40,2,2,add,add,output_0,arg_0|arg_1,train,A
39,2,2,decrease_by_percent,decrease_by_percent,output_0,base|percent,train,A
35,1,1,negate,negate,output_0,arg_0,train,A
60,3,3,is_within_range,is_within_range,output_0,maximum|minimum|value,train,A
30,2,2,percentage_value,percentage_value,output_0,base|rate_percent,train,A
32,1,1,inverse,inverse,output_0,arg_0,train,A
39,2,2,increase_by_percent,increase_by_percent,output_0,base|percent,train,A
37,1,1,valley_of_series,valley_of_series,output_0,number_list,train,G
41,1,1,round_down_whole,round_down_whole,output_0,value,train,G
46,2,2,render_with_decimals,render_with_decimals,output_0,decimal_count|value,train,G
34,1,1,series_spread,series_spread,output_0,number_list,train,G
43,1,1,accumulate_series,accumulate_series,output_0,number_list,train,G
53,2,2,split_evenly,split_evenly,output_0,parts|total,train,G
34,1,1,celsius_from_fahrenheit,celsius_from_fahrenheit,output_0,temp_f,train,G
33,1,1,aggregate_total,aggregate_total,output_0,number_list,train,G
35,1,1,km_from_meters,km_from_meters,output_0,distance_m,train,G
41,2,2,full_groups_of,full_groups_of,output_0,group_size|total_items,train,G
39,2,2,leftover_after_grouping,leftover_after_grouping,output_0,group_size|total_items,train,G
32,1,1,central_value,central_value,output_0,number_list,train,G
30,2,2,scale_quantity,scale_quantity,output_0,factor|quantity,train,G
28,2,2,per_unit_value,per_unit_value,output_0,units|whole,train,G
33,1,1,whole_number_of,whole_number_of,output_0,value,train,G
35,2,2,midpoint_value,midpoint_value,output_0,value_one|value_two,train,G
32,1,1,central_value,central_value,output_0,number_list,train,G
46,2,2,total_of_pair,total_of_pair,output_0,left|right,train,G
47,2,2,portion_by_rate,portion_by_rate,output_0,rate|reference_value,train,G
42,2,2,proportion_between,proportion_between,output_0,part_value|whole_value,train,G
39,2,2,increase_by_percent,increase_by_percent,output_0,base|percent,train,A
62,2,2,append_to_values,append_to_values,output_0,value|values,train,A
23,1,1,sum_of_values,sum_of_values,output_0,values,train,A
33,1,1,ceiling,ceiling,output_0,arg_0,train,A
16,2,2,absolute_difference,absolute_difference,output_0,arg_0|arg_1,train,A
30,2,2,percentage_value,percentage_value,output_0,base|rate_percent,train,A
40,2,2,add,add,output_0,arg_0|arg_1,train,A
37,2,2,ratio_of,ratio_of,output_0,denominator|numerator,train,A
35,1,1,floor,floor,output_0,arg_0,train,A
43,2,2,subtract,subtract,output_0,arg_0|arg_1,train,A
42,2,2,trim_precision,trim_precision,output_0,digits|raw_value,train,G
47,2,2,portion_by_rate,portion_by_rate,output_0,rate|reference_value,train,G
35,2,2,grow_by_rate,grow_by_rate,output_0,growth_rate|starting_value,train,G
42,2,2,proportion_between,proportion_between,output_0,part_value|whole_value,train,G
28,1,1,flip_sign,flip_sign,output_0,value,train,G
37,2,2,shrink_by_rate,shrink_by_rate,output_0,discount_rate|starting_value,train,G
32,1,1,central_value,central_value,output_0,number_list,train,G
36,2,2,gap_between,gap_between,output_0,first_value|second_value,train,G
41,2,2,full_groups_of,full_groups_of,output_0,group_size|total_items,train,G
53,2,2,split_evenly,split_evenly,output_0,parts|total,train,G
21,2,2,average_of_two,average_of_two,output_0,arg_0|arg_1,train,A
33,2,2,difference_of_numbers,difference_of_numbers,output_0,minuend|subtrahend,train,A
33,1,1,ceiling,ceiling,output_0,arg_0,train,A
35,1,1,floor,floor,output_0,arg_0,train,A
16,2,2,absolute_difference,absolute_difference,output_0,arg_0|arg_1,train,A
37,2,2,ratio_of,ratio_of,output_0,denominator|numerator,train,A
41,3,3,sum_of_three,sum_of_three,output_0,arg_0|arg_1|arg_2,train,A
31,1,1,celsius_to_fahrenheit,celsius_to_fahrenheit,output_0,celsius,train,A
35,1,1,floor,floor,output_0,arg_0,train,A
30,1,1,meters_to_km,meters_to_km,output_0,meters,train,A
21,2,2,average_of_two,average_of_two,output_0,arg_0|arg_1,train,A
16,2,2,absolute_difference,absolute_difference,output_0,arg_0|arg_1,train,A
39,2,2,increase_by_percent,increase_by_percent,output_0,base|percent,train,A
50,1,1,seconds_to_full_minutes,seconds_to_full_minutes,output_0,seconds,train,A
54,2,2,round_to_decimals,round_to_decimals,output_0,places|value,train,A
60,3,3,is_within_range,is_within_range,output_0,maximum|minimum|value,train,A
24,1,1,sqrt,sqrt,output_0,arg_0,train,A
62,2,2,append_to_values,append_to_values,output_0,value|values,train,A
37,1,1,fahrenheit_from_celsius,fahrenheit_from_celsius,output_0,temp_c,train,G
39,1,1,self_product,self_product,output_0,value,train,G
40,2,2,remaining_after,remaining_after,output_0,from_value|take_away,train,G
28,1,1,flip_sign,flip_sign,output_0,value,train,G
54,3,3,inside_limits,inside_limits,output_0,high_limit|low_limit|reading,train,G
34,2,2,pick_lower,pick_lower,output_0,candidate_a|candidate_b,train,G
41,2,2,full_groups_of,full_groups_of,output_0,group_size|total_items,train,G
34,1,1,celsius_from_fahrenheit,celsius_from_fahrenheit,output_0,temp_f,train,G
42,2,2,trim_precision,trim_precision,output_0,digits|raw_value,train,G
32,1,1,central_value,central_value,output_0,number_list,train,G
47,1,1,number_to_text,number_to_text,output_0,value,train,A
33,2,2,difference_of_numbers,difference_of_numbers,output_0,minuend|subtrahend,train,A
60,3,3,is_within_range,is_within_range,output_0,maximum|minimum|value,train,A
30,2,2,modulo_of,modulo_of,output_0,dividend|divisor,train,A
30,2,2,percentage_value,percentage_value,output_0,base|rate_percent,train,A
27,2,2,minimum_of_two,minimum_of_two,output_0,arg_0|arg_1,train,A
32,2,2,quotient_of,quotient_of,output_0,denominator|numerator,train,A
54,2,2,join_values_with,join_values_with,output_0,separator|values,train,A
34,2,2,whole_quotient,whole_quotient,output_0,dividend|divisor,train,A
16,2,2,absolute_difference,absolute_difference,output_0,arg_0|arg_1,train,A
37,1,1,valley_of_series,valley_of_series,output_0,number_list,train,G
34,2,2,pick_lower,pick_lower,output_0,candidate_a|candidate_b,train,G
41,1,1,round_down_whole,round_down_whole,output_0,value,train,G
50,2,2,annotate_measurement,annotate_measurement,output_0,measurement|unit_name,train,G
33,1,1,whole_number_of,whole_number_of,output_0,value,train,G
46,1,1,order_series_high_to_low,order_series_high_to_low,output_0,number_list,train,G
42,2,2,trim_precision,trim_precision,output_0,digits|raw_value,train,G
35,1,1,round_up_whole,round_up_whole,output_0,value,train,G
37,2,2,shrink_by_rate,shrink_by_rate,output_0,discount_rate|starting_value,train,G
47,2,2,portion_by_rate,portion_by_rate,output_0,rate|reference_value,train,G
27,1,1,minutes_from_hours,minutes_from_hours,output_0,hour_count,train,G
52,1,1,rank_of_peak,rank_of_peak,output_0,number_list,train,G
39,1,1,min_of_values,min_of_values,output_0,values,train,A
24,1,1,sqrt,sqrt,output_0,arg_0,train,A
40,2,2,add,add,output_0,arg_0|arg_1,train,A
30,2,2,modulo_of,modulo_of,output_0,dividend|divisor,train,A
35,1,1,negate,negate,output_0,arg_0,train,A
50,1,1,seconds_to_full_minutes,seconds_to_full_minutes,output_0,seconds,train,A
16,2,2,absolute_difference,absolute_difference,output_0,arg_0|arg_1,train,A
26,1,1,hours_to_minutes,hours_to_minutes,output_0,hours,train,A
32,1,1,inverse,inverse,output_0,arg_0,train,A
38,1,1,max_of_values,max_of_values,output_0,values,train,A
26,2,2,maximum_of_two,maximum_of_two,output_0,arg_0|arg_1,train,A
47,1,1,number_to_text,number_to_text,output_0,value,train,A
32,1,1,range_of_values,range_of_values,output_0,values,train,A
39,1,1,running_totals,running_totals,output_0,values,train,A
39,1,1,mean_of_values,mean_of_values,output_0,values,train,A
21,2,2,average_of_two,average_of_two,output_0,arg_0|arg_1,train,A
40,2,2,add,add,output_0,arg_0|arg_1,train,A
35,1,1,floor,floor,output_0,arg_0,train,A
58,2,2,round_with_mode,round_with_mode,output_0,mode|value,train,A
24,1,1,sqrt,sqrt,output_0,arg_0,train,A
39,1,1,nearest_integer,nearest_integer,output_0,arg_0,train,A
30,2,2,percentage_value,percentage_value,output_0,base|rate_percent,train,A
35,2,2,product_of_numbers,product_of_numbers,output_0,first_factor|second_factor,train,A
37,1,1,valley_of_series,valley_of_series,output_0,number_list,train,G
35,3,3,bound_within,bound_within,output_0,high_limit|input_value|low_limit,train,G
35,2,2,pick_higher,pick_higher,output_0,candidate_a|candidate_b,train,G
38,1,1,series_length,series_length,output_0,number_list,train,G
34,1,1,series_spread,series_spread,output_0,number_list,train,G
27,1,1,minutes_from_hours,minutes_from_hours,output_0,hour_count,train,G
50,2,2,annotate_measurement,annotate_measurement,output_0,measurement|unit_name,train,G
33,1,1,aggregate_total,aggregate_total,output_0,number_list,train,G
36,1,1,character_count,character_count,output_0,input_text,train,G
41,2,2,combine_amounts,combine_amounts,output_0,amount_a|amount_b,train,G
40,2,2,remaining_after,remaining_after,output_0,from_value|take_away,train,G
36,2,2,gap_between,gap_between,output_0,first_value|second_value,train,G
37,1,1,reciprocal_value,reciprocal_value,output_0,value,train,G
51,1,1,digits_added_up,digits_added_up,output_0,whole_value,train,G
28,1,1,flip_sign,flip_sign,output_0,value,train,G
39,2,2,leftover_after_grouping,leftover_after_grouping,output_0,group_size|total_items,train,G
38,3,3,balance_of_three,balance_of_three,output_0,reading_one|reading_three|reading_two,train,G
38,1,1,root_extract,root_extract,output_0,input_value,train,G
39,1,1,self_product,self_product,output_0,value,train,G
52,2,2,exceeds_value,exceeds_value,output_0,limit|measured_value,train,G
35,1,1,km_from_meters,km_from_meters,output_0,distance_m,train,G
28,2,2,per_unit_value,per_unit_value,output_0,units|whole,train,G
51,2,2,divides_evenly,divides_evenly,output_0,group_size|total_amount,train,G
35,2,2,midpoint_value,midpoint_value,output_0,value_one|value_two,train,G
31,1,1,meters_from_km,meters_from_km,output_0,distance_km,train,G
27,1,1,minutes_from_hours,minutes_from_hours,output_0,hour_count,train,G
29,1,1,seconds_from_minutes,seconds_from_minutes,output_0,minute_count,train,G
53,2,2,rescale_series,rescale_series,output_0,multiplier|number_list,train,G
29,2,2,pairwise_product,pairwise_product,output_0,value_one|value_two,train,G
38,3,3,balance_of_three,balance_of_three,output_0,reading_one|reading_three|reading_two,train,G
51,1,1,digits_added_up,digits_added_up,output_0,whole_value,train,G
39,2,2,leftover_after_grouping,leftover_after_grouping,output_0,group_size|total_items,train,G
39,1,1,nearest_integer,nearest_integer,output_0,arg_0,train,A
39,2,2,divide,divide,output_0,arg_0|arg_1,train,A
26,1,1,hours_to_minutes,hours_to_minutes,output_0,hours,train,A
37,2,2,ratio_of,ratio_of,output_0,denominator|numerator,train,A
39,1,1,running_totals,running_totals,output_0,values,train,A
62,2,2,append_to_values,append_to_values,output_0,value|values,train,A
30,2,2,modulo_of,modulo_of,output_0,dividend|divisor,train,A
34,2,2,whole_quotient,whole_quotient,output_0,dividend|divisor,train,A
32,1,1,square_value,square_value,output_0,arg_0,train,A
45,3,3,mean_of_three,mean_of_three,output_0,arg_0|arg_1|arg_2,train,A
45,3,3,mean_of_three,mean_of_three,output_0,arg_0|arg_1|arg_2,train,A
39,2,2,decrease_by_percent,decrease_by_percent,output_0,base|percent,train,A
34,2,2,whole_quotient,whole_quotient,output_0,dividend|divisor,train,A
37,2,2,reminder,reminder,output_0,arg_0|arg_1,train,A
39,2,2,increase_by_percent,increase_by_percent,output_0,base|percent,train,A
16,2,2,absolute_difference,absolute_difference,output_0,arg_0|arg_1,train,A
30,2,2,percentage_value,percentage_value,output_0,base|rate_percent,train,A
37,2,2,ratio_of,ratio_of,output_0,denominator|numerator,train,A
39,2,2,increase_by_percent,increase_by_percent,output_0,base|percent,train,A
41,3,3,sum_of_three,sum_of_three,output_0,arg_0|arg_1|arg_2,train,A
38,1,1,parse_numeric_text,parse_numeric_text,output_0,text,train,A
73,3,3,range_of_three,range_of_three,output_0,arg_0|arg_1|arg_2,train,A
16,2,2,absolute_difference,absolute_difference,output_0,arg_0|arg_1,train,A
39,2,2,decrease_by_percent,decrease_by_percent,output_0,base|percent,train,A
32,1,1,inverse,inverse,output_0,arg_0,train,A
47,1,1,number_to_text,number_to_text,output_0,value,train,A
54,2,2,round_to_decimals,round_to_decimals,output_0,places|value,train,A
45,3,3,mean_of_three,mean_of_three,output_0,arg_0|arg_1|arg_2,train,A
35,1,1,negate,negate,output_0,arg_0,train,A
30,1,1,meters_to_km,meters_to_km,output_0,meters,train,A
39,1,1,mean_of_values,mean_of_values,output_0,values,train,A
40,2,2,add,add,output_0,arg_0|arg_1,train,A
31,1,1,celsius_to_fahrenheit,celsius_to_fahrenheit,output_0,celsius,train,A
24,1,1,sqrt,sqrt,output_0,arg_0,train,A
33,1,1,ceiling,ceiling,output_0,arg_0,train,A
64,2,2,is_divisible_by,is_divisible_by,output_0,arg_0|arg_1,train,A
33,1,1,ceiling,ceiling,output_0,arg_0,train,A
16,2,2,absolute_difference,absolute_difference,output_0,arg_0|arg_1,train,A
50,1,1,seconds_to_full_minutes,seconds_to_full_minutes,output_0,seconds,train,A
33,2,2,difference_of_numbers,difference_of_numbers,output_0,minuend|subtrahend,train,A
34,2,2,concat_strings,concat_strings,output_0,first|second,train,A
39,2,2,increase_by_percent,increase_by_percent,output_0,base|percent,train,A
21,2,2,average_of_two,average_of_two,output_0,arg_0|arg_1,train,A
51,2,2,scale_values,scale_values,output_0,factor|values,train,A
35,1,1,negate,negate,output_0,arg_0,train,A
43,2,2,subtract,subtract,output_0,arg_0|arg_1,train,A
27,2,2,minimum_of_two,minimum_of_two,output_0,arg_0|arg_1,train,A
43,1,1,sort_values_descending,sort_values_descending,output_0,values,train,A
39,2,2,divide,divide,output_0,arg_0|arg_1,train,A
51,2,2,scale_values,scale_values,output_0,factor|values,train,A
40,2,2,add,add,output_0,arg_0|arg_1,train,A
16,2,2,absolute_difference,absolute_difference,output_0,arg_0|arg_1,train,A
39,1,1,nearest_integer,nearest_integer,output_0,arg_0,train,A
30,1,1,meters_to_km,meters_to_km,output_0,meters,train,A
38,1,1,max_of_values,max_of_values,output_0,values,train,A
26,2,2,exponent_of,exponent_of,output_0,base|exponent,train,A
35,1,1,floor,floor,output_0,arg_0,train,A
16,2,2,absolute_difference,absolute_difference,output_0,arg_0|arg_1,train,A
31,1,1,fahrenheit_to_celsius,fahrenheit_to_celsius,output_0,fahrenheit,train,A
21,2,2,average_of_two,average_of_two,output_0,arg_0|arg_1,train,A
33,1,1,ceiling,ceiling,output_0,arg_0,train,A
39,2,2,decrease_by_percent,decrease_by_percent,output_0,base|percent,train,A
37,2,2,reminder,reminder,output_0,arg_0|arg_1,train,A
40,2,2,add,add,output_0,arg_0|arg_1,train,A
50,2,2,take_top_values,take_top_values,output_0,k|values,train,A
43,2,2,subtract,subtract,output_0,arg_0|arg_1,train,A
73,3,3,range_of_three,range_of_three,output_0,arg_0|arg_1|arg_2,train,A
38,1,1,parse_numeric_text,parse_numeric_text,output_0,text,train,A
23,2,2,multiply,multiply,output_0,arg_0|arg_1,train,A
39,1,1,running_totals,running_totals,output_0,values,train,A
28,1,1,minutes_to_seconds,minutes_to_seconds,output_0,minutes,train,A
41,3,3,sum_of_three,sum_of_three,output_0,arg_0|arg_1|arg_2,train,A
39,2,2,divide,divide,output_0,arg_0|arg_1,train,A
32,2,2,quotient_of,quotient_of,output_0,denominator|numerator,train,A
35,1,1,floor,floor,output_0,arg_0,train,A
26,1,1,hours_to_minutes,hours_to_minutes,output_0,hours,train,A
37,2,2,ratio_of,ratio_of,output_0,denominator|numerator,train,A
50,1,1,seconds_to_full_minutes,seconds_to_full_minutes,output_0,seconds,train,A
30,1,1,meters_to_km,meters_to_km,output_0,meters,train,A
62,2,2,append_to_values,append_to_values,output_0,value|values,train,A
39,1,1,nearest_integer,nearest_integer,output_0,arg_0,train,A
33,1,1,aggregate_total,aggregate_total,output_0,number_list,train,G
42,2,2,trim_precision,trim_precision,output_0,digits|raw_value,train,G
51,1,1,digits_added_up,digits_added_up,output_0,whole_value,train,G
39,1,1,self_product,self_product,output_0,value,train,G
38,1,1,root_extract,root_extract,output_0,input_value,train,G
32,1,1,central_value,central_value,output_0,number_list,train,G
35,1,1,peak_of_series,peak_of_series,output_0,number_list,train,G
35,2,2,exponentiate,exponentiate,output_0,base_value|power_value,train,G
53,2,2,split_evenly,split_evenly,output_0,parts|total,train,G
53,2,2,rescale_series,rescale_series,output_0,multiplier|number_list,train,G
52,1,1,rank_of_peak,rank_of_peak,output_0,number_list,train,G
35,2,2,pick_higher,pick_higher,output_0,candidate_a|candidate_b,train,G
26,1,1,stringify_amount,stringify_amount,output_0,amount,train,G
32,1,1,square_value,square_value,output_0,arg_0,train,A
24,1,1,sqrt,sqrt,output_0,arg_0,train,A
51,2,2,scale_values,scale_values,output_0,factor|values,train,A
27,2,2,minimum_of_two,minimum_of_two,output_0,arg_0|arg_1,train,A
54,2,2,round_to_decimals,round_to_decimals,output_0,places|value,train,A
47,1,1,number_to_text,number_to_text,output_0,value,train,A
39,1,1,mean_of_values,mean_of_values,output_0,values,train,A
30,2,2,modulo_of,modulo_of,output_0,dividend|divisor,train,A
40,2,2,add,add,output_0,arg_0|arg_1,train,A
21,2,2,average_of_two,average_of_two,output_0,arg_0|arg_1,train,A
34,2,2,concat_strings,concat_strings,output_0,first|second,train,A
73,3,3,range_of_three,range_of_three,output_0,arg_0|arg_1|arg_2,train,A
62,2,2,is_greater,is_greater,output_0,arg_0|arg_1,train,A
40,3,3,clamp_value,clamp_value,output_0,maximum|minimum|value,train,A
32,1,1,inverse,inverse,output_0,arg_0,train,A
37,2,2,ratio_of,ratio_of,output_0,denominator|numerator,train,A
30,2,2,floor_divide,floor_divide,output_0,arg_0|arg_1,train,A
39,1,1,nearest_integer,nearest_integer,output_0,arg_0,train,A
39,2,2,increase_by_percent,increase_by_percent,output_0,base|percent,train,A
64,2,2,is_divisible_by,is_divisible_by,output_0,arg_0|arg_1,train,A
62,2,2,is_greater,is_greater,output_0,arg_0|arg_1,train,A
30,2,2,modulo_of,modulo_of,output_0,dividend|divisor,train,A
54,2,2,join_values_with,join_values_with,output_0,separator|values,train,A
39,2,2,divide,divide,output_0,arg_0|arg_1,train,A
39,1,1,mean_of_values,mean_of_values,output_0,values,train,A
62,2,2,append_to_values,append_to_values,output_0,value|values,train,A
23,2,2,multiply,multiply,output_0,arg_0|arg_1,train,A
49,2,2,entries_over_limit,entries_over_limit,output_0,limit|number_list,train,G
42,2,2,leading_entries,leading_entries,output_0,how_many|number_list,train,G
35,2,2,grow_by_rate,grow_by_rate,output_0,growth_rate|starting_value,train,G
39,2,2,leftover_after_grouping,leftover_after_grouping,output_0,group_size|total_items,train,G
27,1,1,minutes_from_hours,minutes_from_hours,output_0,hour_count,train,G
31,1,1,meters_from_km,meters_from_km,output_0,distance_km,train,G
39,1,1,self_product,self_product,output_0,value,train,G
47,2,2,portion_by_rate,portion_by_rate,output_0,rate|reference_value,train,G
49,2,2,adjust_to_whole,adjust_to_whole,output_0,direction|value,train,G
35,2,2,exponentiate,exponentiate,output_0,base_value|power_value,train,G
30,1,1,meters_to_km,meters_to_km,output_0,meters,train,A
51,2,2,scale_values,scale_values,output_0,factor|values,train,A
35,1,1,floor,floor,output_0,arg_0,train,A
37,2,2,ratio_of,ratio_of,output_0,denominator|numerator,train,A
54,2,2,round_to_decimals,round_to_decimals,output_0,places|value,train,A
16,2,2,absolute_difference,absolute_difference,output_0,arg_0|arg_1,train,A
21,2,2,average_of_two,average_of_two,output_0,arg_0|arg_1,train,A
39,1,1,running_totals,running_totals,output_0,values,train,A
34,2,2,sum_two_numbers,sum_two_numbers,output_0,first_number|second_number,train,A
32,1,1,range_of_values,range_of_values,output_0,values,train,A
16,2,2,absolute_difference,absolute_difference,output_0,arg_0|arg_1,train,A
62,2,2,is_greater,is_greater,output_0,arg_0|arg_1,train,A
37,2,2,reminder,reminder,output_0,arg_0|arg_1,train,A
35,1,1,negate,negate,output_0,arg_0,train,A
62,2,2,append_to_values,append_to_values,output_0,value|values,train,A
34,2,2,whole_quotient,whole_quotient,output_0,dividend|divisor,train,A
57,2,2,label_with_unit,label_with_unit,output_0,unit|value,train,A
32,1,1,square_value,square_value,output_0,arg_0,train,A
31,1,1,celsius_to_fahrenheit,celsius_to_fahrenheit,output_0,celsius,train,A
32,1,1,square_value,square_value,output_0,arg_0,train,A
32,1,1,range_of_values,range_of_values,output_0,values,train,A
26,2,2,exponent_of,exponent_of,output_0,base|exponent,train,A
30,1,1,meters_to_km,meters_to_km,output_0,meters,train,A
39,2,2,divide,divide,output_0,arg_0|arg_1,train,A
37,2,2,reminder,reminder,output_0,arg_0|arg_1,train,A
62,2,2,is_greater,is_greater,output_0,arg_0|arg_1,train,A
33,2,2,difference_of_numbers,difference_of_numbers,output_0,minuend|subtrahend,train,A
23,1,1,sum_of_values,sum_of_values,output_0,values,train,A
24,1,1,sqrt,sqrt,output_0,arg_0,train,A
37,2,2,ratio_of,ratio_of,output_0,denominator|numerator,train,A
38,1,1,parse_numeric_text,parse_numeric_text,output_0,text,train,A
39,2,2,increase_by_percent,increase_by_percent,output_0,base|percent,train,A
34,2,2,sum_two_numbers,sum_two_numbers,output_0,first_number|second_number,train,A
31,1,1,celsius_to_fahrenheit,celsius_to_fahrenheit,output_0,celsius,train,A
62,2,2,is_greater,is_greater,output_0,arg_0|arg_1,train,A
38,2,2,percent_of,percent_of,output_0,percent|whole,train,A
34,2,2,whole_quotient,whole_quotient,output_0,dividend|divisor,train,A
27,2,2,minimum_of_two,minimum_of_two,output_0,arg_0|arg_1,train,A
60,3,3,is_within_range,is_within_range,output_0,maximum|minimum|value,train,A
50,2,2,take_top_values,take_top_values,output_0,k|values,train,A
57,2,2,label_with_unit,label_with_unit,output_0,unit|value,train,A
37,2,2,ratio_of,ratio_of,output_0,denominator|numerator,train,A
23,1,1,sum_of_values,sum_of_values,output_0,values,train,A
24,1,1,sqrt,sqrt,output_0,arg_0,train,A
66,2,2,build_tag,build_tag,output_0,prefix|value,train,A
39,1,1,min_of_values,min_of_values,output_0,values,train,A
21,2,2,average_of_two,average_of_two,output_0,arg_0|arg_1,train,A
32,2,2,quotient_of,quotient_of,output_0,denominator|numerator,train,A
26,2,2,maximum_of_two,maximum_of_two,output_0,arg_0|arg_1,train,A
39,2,2,divide,divide,output_0,arg_0|arg_1,train,A
37,2,2,ratio_of,ratio_of,output_0,denominator|numerator,train,A
39,2,2,increase_by_percent,increase_by_percent,output_0,base|percent,train,A
34,2,2,sum_two_numbers,sum_two_numbers,output_0,first_number|second_number,train,A
39,2,2,decrease_by_percent,decrease_by_percent,output_0,base|percent,train,A
30,2,2,modulo_of,modulo_of,output_0,dividend|divisor,train,A
38,2,2,percent_of,percent_of,output_0,percent|whole,train,A
34,2,2,whole_quotient,whole_quotient,output_0,dividend|divisor,train,A
61,2,2,format_number_fixed,format_number_fixed,output_0,places|value,train,A
32,2,2,quotient_of,quotient_of,output_0,denominator|numerator,train,A
54,2,2,join_values_with,join_values_with,output_0,separator|values,train,A
52,1,1,position_of_maximum,position_of_maximum,output_0,values,train,A
32,1,1,range_of_values,range_of_values,output_0,values,train,A
30,2,2,floor_divide,floor_divide,output_0,arg_0|arg_1,train,A
73,3,3,range_of_three,range_of_three,output_0,arg_0|arg_1|arg_2,train,A
39,2,2,divide,divide,output_0,arg_0|arg_1,train,A
33,2,2,difference_of_numbers,difference_of_numbers,output_0,minuend|subtrahend,train,A
58,2,2,round_with_mode,round_with_mode,output_0,mode|value,train,A
37,2,2,ratio_of,ratio_of,output_0,denominator|numerator,train,A
38,2,2,percent_of,percent_of,output_0,percent|whole,train,A
33,1,1,aggregate_total,aggregate_total,output_0,number_list,train,G
46,1,1,order_series_high_to_low,order_series_high_to_low,output_0,number_list,train,G
42,2,2,proportion_between,proportion_between,output_0,part_value|whole_value,train,G
31,1,1,meters_from_km,meters_from_km,output_0,distance_km,train,G
27,1,1,minutes_from_hours,minutes_from_hours,output_0,hour_count,train,G
32,1,1,central_value,central_value,output_0,number_list,train,G
54,3,3,inside_limits,inside_limits,output_0,high_limit|low_limit|reading,train,G
49,2,2,entries_over_limit,entries_over_limit,output_0,limit|number_list,train,G
38,1,1,root_extract,root_extract,output_0,input_value,train,G
38,1,1,series_length,series_length,output_0,number_list,train,G
35,1,1,km_from_meters,km_from_meters,output_0,distance_m,train,G
39,2,2,leftover_after_grouping,leftover_after_grouping,output_0,group_size|total_items,train,G
37,1,1,reciprocal_value,reciprocal_value,output_0,value,train,G
41,2,2,full_groups_of,full_groups_of,output_0,group_size|total_items,train,G
29,2,2,pairwise_product,pairwise_product,output_0,value_one|value_two,train,G
53,2,2,split_evenly,split_evenly,output_0,parts|total,train,G
41,2,2,combine_amounts,combine_amounts,output_0,amount_a|amount_b,train,G
35,2,2,exponentiate,exponentiate,output_0,base_value|power_value,train,G
42,2,2,leading_entries,leading_entries,output_0,how_many|number_list,train,G
34,1,1,celsius_from_fahrenheit,celsius_from_fahrenheit,output_0,temp_f,train,G
41,2,2,full_groups_of,full_groups_of,output_0,group_size|total_items,train,G
38,1,1,series_length,series_length,output_0,number_list,train,G
34,2,2,pick_lower,pick_lower,output_0,candidate_a|candidate_b,train,G
26,1,1,stringify_amount,stringify_amount,output_0,amount,train,G
38,1,1,root_extract,root_extract,output_0,input_value,train,G
39,1,1,self_product,self_product,output_0,value,train,G
39,2,2,leftover_after_grouping,leftover_after_grouping,output_0,group_size|total_items,train,G
51,1,1,digits_added_up,digits_added_up,output_0,whole_value,train,G
54,3,3,inside_limits,inside_limits,output_0,high_limit|low_limit|reading,train,G
46,2,2,total_of_pair,total_of_pair,output_0,left|right,train,G
39,2,2,divide,divide,output_0,arg_0|arg_1,train,A
33,1,1,ceiling,ceiling,output_0,arg_0,train,A
23,2,2,multiply,multiply,output_0,arg_0|arg_1,train,A
24,1,1,sqrt,sqrt,output_0,arg_0,train,A
39,2,2,increase_by_percent,increase_by_percent,output_0,base|percent,train,A
35,1,1,negate,negate,output_0,arg_0,train,A
54,2,2,round_to_decimals,round_to_decimals,output_0,places|value,train,A
62,2,2,append_to_values,append_to_values,output_0,value|values,train,A
31,1,1,fahrenheit_to_celsius,fahrenheit_to_celsius,output_0,fahrenheit,train,A
32,1,1,square_value,square_value,output_0,arg_0,train,A
34,2,2,sum_two_numbers,sum_two_numbers,output_0,first_number|second_number,train,A
30,1,1,km_to_meters,km_to_meters,output_0,kilometers,train,A
31,1,1,celsius_to_fahrenheit,celsius_to_fahrenheit,output_0,celsius,train,A
43,2,2,subtract,subtract,output_0,arg_0|arg_1,train,A
39,2,2,decrease_by_percent,decrease_by_percent,output_0,base|percent,train,A
21,2,2,average_of_two,average_of_two,output_0,arg_0|arg_1,train,A
39,2,2,divide,divide,output_0,arg_0|arg_1,train,A
37,2,2,ratio_of,ratio_of,output_0,denominator|numerator,train,A
31,1,1,fahrenheit_to_celsius,fahrenheit_to_celsius,output_0,fahrenheit,train,A
23,2,2,multiply,multiply,output_0,arg_0|arg_1,train,A
33,1,1,ceiling,ceiling,output_0,arg_0,train,A
35,1,1,floor,floor,output_0,arg_0,train,A
54,2,2,round_to_decimals,round_to_decimals,output_0,places|value,train,A
34,2,2,sum_two_numbers,sum_two_numbers,output_0,first_number|second_number,train,A
39,1,1,running_totals,running_totals,output_0,values,train,A
60,3,3,is_within_range,is_within_range,output_0,maximum|minimum|value,train,A
35,2,2,product_of_numbers,product_of_numbers,output_0,first_factor|second_factor,train,A
31,1,1,fahrenheit_to_celsius,fahrenheit_to_celsius,output_0,fahrenheit,train,A
28,1,1,minutes_to_seconds,minutes_to_seconds,output_0,minutes,train,A
39,1,1,nearest_integer,nearest_integer,output_0,arg_0,train,A
21,2,2,average_of_two,average_of_two,output_0,arg_0|arg_1,train,A
64,2,2,is_divisible_by,is_divisible_by,output_0,arg_0|arg_1,train,A
37,2,2,ratio_of,ratio_of,output_0,denominator|numerator,train,A
34,2,2,whole_quotient,whole_quotient,output_0,dividend|divisor,train,A
30,2,2,modulo_of,modulo_of,output_0,dividend|divisor,train,A
39,2,2,divide,divide,output_0,arg_0|arg_1,train,A
35,1,1,floor,floor,output_0,arg_0,train,A
16,2,2,absolute_difference,absolute_difference,output_0,arg_0|arg_1,train,A
73,3,3,range_of_three,range_of_three,output_0,arg_0|arg_1|arg_2,train,A
30,2,2,percentage_value,percentage_value,output_0,base|rate_percent,train,A
30,1,1,km_to_meters,km_to_meters,output_0,kilometers,train,A
23,1,1,sum_of_values,sum_of_values,output_0,values,train,A
61,2,2,format_number_fixed,format_number_fixed,output_0,places|value,train,A
33,2,2,difference_of_numbers,difference_of_numbers,output_0,minuend|subtrahend,train,A
37,2,2,ratio_of,ratio_of,output_0,denominator|numerator,train,A
32,2,2,quotient_of,quotient_of,output_0,denominator|numerator,train,A
45,1,1,text_length,text_length,output_0,text,train,A
30,1,1,meters_to_km,meters_to_km,output_0,meters,train,A
34,2,2,whole_quotient,whole_quotient,output_0,dividend|divisor,train,A
26,1,1,hours_to_minutes,hours_to_minutes,output_0,hours,train,A
16,2,2,absolute_difference,absolute_difference,output_0,arg_0|arg_1,train,A
34,2,2,concat_strings,concat_strings,output_0,first|second,train,A
54,2,2,join_values_with,join_values_with,output_0,separator|values,train,A
30,1,1,meters_to_km,meters_to_km,output_0,meters,train,A
38,2,2,percent_of,percent_of,output_0,percent|whole,train,A
39,2,2,increase_by_percent,increase_by_percent,output_0,base|percent,train,A
39,1,1,running_totals,running_totals,output_0,values,train,A
38,1,1,max_of_values,max_of_values,output_0,values,train,A
39,2,2,decrease_by_percent,decrease_by_percent,output_0,base|percent,train,A
43,1,1,sort_values_descending,sort_values_descending,output_0,values,train,A
37,2,2,reminder,reminder,output_0,arg_0|arg_1,train,A
30,1,1,count_of_values,count_of_values,output_0,values,train,A
52,1,1,position_of_maximum,position_of_maximum,output_0,values,train,A
32,1,1,inverse,inverse,output_0,arg_0,train,A
32,1,1,inverse,inverse,output_0,arg_0,train,A
39,1,1,running_totals,running_totals,output_0,values,train,A
23,1,1,sum_of_values,sum_of_values,output_0,values,train,A
32,1,1,square_value,square_value,output_0,arg_0,train,A
73,3,3,range_of_three,range_of_three,output_0,arg_0|arg_1|arg_2,train,A
38,2,2,power,power,output_0,arg_0|arg_1,train,A
50,1,1,seconds_to_full_minutes,seconds_to_full_minutes,output_0,seconds,train,A
58,2,2,round_with_mode,round_with_mode,output_0,mode|value,train,A
41,3,3,sum_of_three,sum_of_three,output_0,arg_0|arg_1|arg_2,train,A
24,1,1,sqrt,sqrt,output_0,arg_0,train,A
62,2,2,append_to_values,append_to_values,output_0,value|values,train,A
38,1,1,max_of_values,max_of_values,output_0,values,train,A
28,1,1,minutes_to_seconds,minutes_to_seconds,output_0,minutes,train,A
39,1,1,mean_of_values,mean_of_values,output_0,values,train,A
45,3,3,mean_of_three,mean_of_three,output_0,arg_0|arg_1|arg_2,train,A
66,2,2,build_tag,build_tag,output_0,prefix|value,train,A
35,2,2,product_of_numbers,product_of_numbers,output_0,first_factor|second_factor,train,A
34,2,2,concat_strings,concat_strings,output_0,first|second,train,A
33,1,1,ceiling,ceiling,output_0,arg_0,train,A
50,1,1,seconds_to_full_minutes,seconds_to_full_minutes,output_0,seconds,train,A
38,2,2,power,power,output_0,arg_0|arg_1,train,A
62,2,2,append_to_values,append_to_values,output_0,value|values,train,A
42,2,2,trim_precision,trim_precision,output_0,digits|raw_value,train,G
49,2,2,adjust_to_whole,adjust_to_whole,output_0,direction|value,train,G
35,1,1,km_from_meters,km_from_meters,output_0,distance_m,train,G
27,1,1,minutes_from_hours,minutes_from_hours,output_0,hour_count,train,G
35,1,1,round_up_whole,round_up_whole,output_0,value,train,G
49,2,2,entries_over_limit,entries_over_limit,output_0,limit|number_list,train,G
41,2,2,full_groups_of,full_groups_of,output_0,group_size|total_items,train,G
38,1,1,root_extract,root_extract,output_0,input_value,train,G
36,3,3,total_of_three_parts,total_of_three_parts,output_0,part_one|part_three|part_two,train,G
37,1,1,reciprocal_value,reciprocal_value,output_0,value,train,G
36,2,2,gap_between,gap_between,output_0,first_value|second_value,train,G
41,2,2,combine_amounts,combine_amounts,output_0,amount_a|amount_b,train,G
53,2,2,split_evenly,split_evenly,output_0,parts|total,train,G
42,2,2,proportion_between,proportion_between,output_0,part_value|whole_value,train,G
35,3,3,bound_within,bound_within,output_0,high_limit|input_value|low_limit,train,G
32,1,1,square_value,square_value,output_0,arg_0,train,A
21,2,2,average_of_two,average_of_two,output_0,arg_0|arg_1,train,A
26,1,1,hours_to_minutes,hours_to_minutes,output_0,hours,train,A
43,2,2,subtract,subtract,output_0,arg_0|arg_1,train,A
54,2,2,round_to_decimals,round_to_decimals,output_0,places|value,train,A
33,1,1,ceiling,ceiling,output_0,arg_0,train,A
35,2,2,product_of_numbers,product_of_numbers,output_0,first_factor|second_factor,train,A
39,1,1,nearest_integer,nearest_integer,output_0,arg_0,train,A
32,1,1,inverse,inverse,output_0,arg_0,train,A
30,1,1,meters_to_km,meters_to_km,output_0,meters,train,A
16,2,2,absolute_difference,absolute_difference,output_0,arg_0|arg_1,train,A
40,3,3,clamp_value,clamp_value,output_0,maximum|minimum|value,train,A
34,2,2,sum_two_numbers,sum_two_numbers,output_0,first_number|second_number,train,A
57,2,2,label_with_unit,label_with_unit,output_0,unit|value,train,A
21,2,2,average_of_two,average_of_two,output_0,arg_0|arg_1,train,A
47,1,1,number_to_text,number_to_text,output_0,value,train,A
39,1,1,mean_of_values,mean_of_values,output_0,values,train,A
64,2,2,is_divisible_by,is_divisible_by,output_0,arg_0|arg_1,train,A
33,2,2,difference_of_numbers,difference_of_numbers,output_0,minuend|subtrahend,train,A
21,2,2,average_of_two,average_of_two,output_0,arg_0|arg_1,train,A
34,2,2,sum_two_numbers,sum_two_numbers,output_0,first_number|second_number,train,A
39,1,1,nearest_integer,nearest_integer,output_0,arg_0,train,A
30,1,1,km_to_meters,km_to_meters,output_0,kilometers,train,A
39,2,2,divide,divide,output_0,arg_0|arg_1,train,A
26,1,1,hours_to_minutes,hours_to_minutes,output_0,hours,train,A
28,1,1,minutes_to_seconds,minutes_to_seconds,output_0,minutes,train,A
57,2,2,label_with_unit,label_with_unit,output_0,unit|value,train,A
32,1,1,central_value,central_value,output_0,number_list,train,G
42,2,2,leading_entries,leading_entries,output_0,how_many|number_list,train,G
41,1,1,round_down_whole,round_down_whole,output_0,value,train,G
42,2,2,trim_precision,trim_precision,output_0,digits|raw_value,train,G
49,1,1,whole_minutes_from_seconds,whole_minutes_from_seconds,output_0,second_count,train,G
42,2,2,proportion_between,proportion_between,output_0,part_value|whole_value,train,G
46,1,1,order_series_high_to_low,order_series_high_to_low,output_0,number_list,train,G
53,2,2,rescale_series,rescale_series,output_0,multiplier|number_list,train,G
38,3,3,balance_of_three,balance_of_three,output_0,reading_one|reading_three|reading_two,train,G
29,1,1,seconds_from_minutes,seconds_from_minutes,output_0,minute_count,train,G
35,2,2,midpoint_value,midpoint_value,output_0,value_one|value_two,train,G
33,1,1,whole_number_of,whole_number_of,output_0,value,train,G
40,3,3,clamp_value,clamp_value,output_0,maximum|minimum|value,train,A
35,1,1,floor,floor,output_0,arg_0,train,A
16,2,2,absolute_difference,absolute_difference,output_0,arg_0|arg_1,train,A
30,1,1,km_to_meters,km_to_meters,output_0,kilometers,train,A
34,2,2,whole_quotient,whole_quotient,output_0,dividend|divisor,train,A
39,1,1,mean_of_values,mean_of_values,output_0,values,train,A
38,1,1,parse_numeric_text,parse_numeric_text,output_0,text,train,A
26,1,1,hours_to_minutes,hours_to_minutes,output_0,hours,train,A
40,2,2,add,add,output_0,arg_0|arg_1,train,A
30,1,1,count_of_values,count_of_values,output_0,values,train,A
28,1,1,minutes_to_seconds,minutes_to_seconds,output_0,minutes,train,A
21,2,2,average_of_two,average_of_two,output_0,arg_0|arg_1,train,A
64,2,2,is_divisible_by,is_divisible_by,output_0,arg_0|arg_1,train,A
41,3,3,sum_of_three,sum_of_three,output_0,arg_0|arg_1|arg_2,train,A
39,2,2,leftover_after_grouping,leftover_after_grouping,output_0,group_size|total_items,train,G
44,3,3,dispersion_of_three,dispersion_of_three,output_0,value_one|value_three|value_two,train,G
42,2,2,proportion_between,proportion_between,output_0,part_value|whole_value,train,G
47,2,2,portion_by_rate,portion_by_rate,output_0,rate|reference_value,train,G
41,2,2,full_groups_of,full_groups_of,output_0,group_size|total_items,train,G
38,1,1,root_extract,root_extract,output_0,input_value,train,G
53,2,2,split_evenly,split_evenly,output_0,parts|total,train,G
37,1,1,fahrenheit_from_celsius,fahrenheit_from_celsius,output_0,temp_c,train,G
37,2,2,shrink_by_rate,shrink_by_rate,output_0,discount_rate|starting_value,train,G
42,2,2,proportion_between,proportion_between,output_0,part_value|whole_value,train,G
35,2,2,grow_by_rate,grow_by_rate,output_0,growth_rate|starting_value,train,G
40,2,2,remaining_after,remaining_after,output_0,from_value|take_away,train,G
38,1,1,series_length,series_length,output_0,number_list,train,G
47,2,2,portion_by_rate,portion_by_rate,output_0,rate|reference_value,train,G
35,1,1,km_from_meters,km_from_meters,output_0,distance_m,train,G
28,2,2,per_unit_value,per_unit_value,output_0,units|whole,train,G
31,1,1,meters_from_km,meters_from_km,output_0,distance_km,train,G
27,1,1,minutes_from_hours,minutes_from_hours,output_0,hour_count,train,G
30,2,2,scale_quantity,scale_quantity,output_0,factor|quantity,train,G
46,2,2,render_with_decimals,render_with_decimals,output_0,decimal_count|value,train,G
51,2,2,divides_evenly,divides_evenly,output_0,group_size|total_amount,train,G
35,2,2,exponentiate,exponentiate,output_0,base_value|power_value,train,G
38,1,1,root_extract,root_extract,output_0,input_value,train,G
46,2,2,total_of_pair,total_of_pair,output_0,left|right,train,G
39,1,1,self_product,self_product,output_0,value,train,G
38,1,1,root_extract,root_extract,output_0,input_value,train,G
42,2,2,proportion_between,proportion_between,output_0,part_value|whole_value,train,G
52,1,1,rank_of_peak,rank_of_peak,output_0,number_list,train,G
39,2,2,leftover_after_grouping,leftover_after_grouping,output_0,group_size|total_items,train,G
30,2,2,scale_quantity,scale_quantity,output_0,factor|quantity,train,G
35,2,2,midpoint_value,midpoint_value,output_0,value_one|value_two,train,G
36,2,2,gap_between,gap_between,output_0,first_value|second_value,train,G
28,2,2,per_unit_value,per_unit_value,output_0,units|whole,train,G
39,1,1,self_product,self_product,output_0,value,train,G
41,2,2,full_groups_of,full_groups_of,output_0,group_size|total_items,train,G
34,2,2,pick_lower,pick_lower,output_0,candidate_a|candidate_b,train,G
29,1,1,seconds_from_minutes,seconds_from_minutes,output_0,minute_count,train,G
32,1,1,central_value,central_value,output_0,number_list,train,G
30,2,2,scale_quantity,scale_quantity,output_0,factor|quantity,train,G
34,1,1,series_spread,series_spread,output_0,number_list,train,G
36,1,1,character_count,character_count,output_0,input_text,train,G
50,2,2,annotate_measurement,annotate_measurement,output_0,measurement|unit_name,train,G
28,1,1,flip_sign,flip_sign,output_0,value,train,G
49,1,1,whole_minutes_from_seconds,whole_minutes_from_seconds,output_0,second_count,train,G
41,2,2,reduce_amount,reduce_amount,output_0,base_value|reduction,train,G
39,1,1,self_product,self_product,output_0,value,train,G
38,1,1,root_extract,root_extract,output_0,input_value,train,G
35,2,2,midpoint_value,midpoint_value,output_0,value_one|value_two,train,G
36,2,2,gap_between,gap_between,output_0,first_value|second_value,train,G
51,2,2,divides_evenly,divides_evenly,output_0,group_size|total_amount,train,G
46,2,2,total_of_pair,total_of_pair,output_0,left|right,train,G
40,2,2,remaining_after,remaining_after,output_0,from_value|take_away,train,G
51,1,1,digits_added_up,digits_added_up,output_0,whole_value,train,G
39,2,2,leftover_after_grouping,leftover_after_grouping,output_0,group_size|total_items,train,G
35,2,2,grow_by_rate,grow_by_rate,output_0,growth_rate|starting_value,train,G
41,2,2,full_groups_of,full_groups_of,output_0,group_size|total_items,train,G
49,1,1,whole_minutes_from_seconds,whole_minutes_from_seconds,output_0,second_count,train,G
37,1,1,reciprocal_value,reciprocal_value,output_0,value,train,G
36,2,2,gap_between,gap_between,output_0,first_value|second_value,train,G
38,1,1,root_extract,root_extract,output_0,input_value,train,G
40,2,2,remaining_after,remaining_after,output_0,from_value|take_away,train,G
37,2,2,shrink_by_rate,shrink_by_rate,output_0,discount_rate|starting_value,train,G
49,2,2,entries_over_limit,entries_over_limit,output_0,limit|number_list,train,G
36,3,3,total_of_three_parts,total_of_three_parts,output_0,part_one|part_three|part_two,train,G
49,1,1,whole_minutes_from_seconds,whole_minutes_from_seconds,output_0,second_count,train,G
52,1,1,rank_of_peak,rank_of_peak,output_0,number_list,train,G
41,2,2,full_groups_of,full_groups_of,output_0,group_size|total_items,train,G
38,1,1,root_extract,root_extract,output_0,input_value,train,G
38,3,3,balance_of_three,balance_of_three,output_0,reading_one|reading_three|reading_two,train,G
37,1,1,reciprocal_value,reciprocal_value,output_0,value,train,G
31,1,1,meters_from_km,meters_from_km,output_0,distance_km,train,G
36,2,2,gap_between,gap_between,output_0,first_value|second_value,train,G
28,1,1,flip_sign,flip_sign,output_0,value,train,G
28,2,2,per_unit_value,per_unit_value,output_0,units|whole,train,G
44,3,3,dispersion_of_three,dispersion_of_three,output_0,value_one|value_three|value_two,train,G
42,2,2,extend_series_with,extend_series_with,output_0,new_entry|number_list,train,G
35,2,2,midpoint_value,midpoint_value,output_0,value_one|value_two,train,G
35,2,2,exponentiate,exponentiate,output_0,base_value|power_value,train,G
39,1,1,self_product,self_product,output_0,value,train,G
33,1,1,aggregate_total,aggregate_total,output_0,number_list,train,G
38,1,1,root_extract,root_extract,output_0,input_value,train,G
37,1,1,reciprocal_value,reciprocal_value,output_0,value,train,G
42,2,2,trim_precision,trim_precision,output_0,digits|raw_value,train,G
32,1,1,central_value,central_value,output_0,number_list,train,G
62,2,2,append_to_values,append_to_values,output_0,value|values,train,A
39,1,1,nearest_integer,nearest_integer,output_0,arg_0,train,A
38,2,2,percent_of,percent_of,output_0,percent|whole,train,A
32,1,1,inverse,inverse,output_0,arg_0,train,A
26,1,1,hours_to_minutes,hours_to_minutes,output_0,hours,train,A
24,1,1,sqrt,sqrt,output_0,arg_0,train,A
38,1,1,max_of_values,max_of_values,output_0,values,train,A
39,2,2,increase_by_percent,increase_by_percent,output_0,base|percent,train,A
32,1,1,square_value,square_value,output_0,arg_0,train,A
51,2,2,scale_values,scale_values,output_0,factor|values,train,A
35,1,1,negate,negate,output_0,arg_0,train,A
41,3,3,sum_of_three,sum_of_three,output_0,arg_0|arg_1|arg_2,train,A
39,1,1,running_totals,running_totals,output_0,values,train,A
38,2,2,power,power,output_0,arg_0|arg_1,train,A
39,2,2,decrease_by_percent,decrease_by_percent,output_0,base|percent,train,A
23,2,2,multiply,multiply,output_0,arg_0|arg_1,train,A
16,2,2,absolute_difference,absolute_difference,output_0,arg_0|arg_1,train,A
32,2,2,quotient_of,quotient_of,output_0,denominator|numerator,train,A
54,2,2,join_values_with,join_values_with,output_0,separator|values,train,A
37,2,2,reminder,reminder,output_0,arg_0|arg_1,train,A
35,1,1,negate,negate,output_0,arg_0,train,A
43,1,1,sort_values_descending,sort_values_descending,output_0,values,train,A
40,3,3,clamp_value,clamp_value,output_0,maximum|minimum|value,train,A
30,2,2,floor_divide,floor_divide,output_0,arg_0|arg_1,train,A
45,3,3,mean_of_three,mean_of_three,output_0,arg_0|arg_1|arg_2,train,A
32,1,1,inverse,inverse,output_0,arg_0,train,A
62,2,2,append_to_values,append_to_values,output_0,value|values,train,A
59,2,2,filter_values_above,filter_values_above,output_0,threshold|values,train,A
16,2,2,absolute_difference,absolute_difference,output_0,arg_0|arg_1,train,A
38,2,2,percent_of,percent_of,output_0,percent|whole,train,A
23,2,2,multiply,multiply,output_0,arg_0|arg_1,train,A
39,2,2,increase_by_percent,increase_by_percent,output_0,base|percent,train,A
33,1,1,ceiling,ceiling,output_0,arg_0,train,A
39,1,1,min_of_values,min_of_values,output_0,values,train,A
21,2,2,average_of_two,average_of_two,output_0,arg_0|arg_1,train,A
73,3,3,range_of_three,range_of_three,output_0,arg_0|arg_1|arg_2,train,A
30,2,2,floor_divide,floor_divide,output_0,arg_0|arg_1,train,A
26,2,2,exponent_of,exponent_of,output_0,base|exponent,train,A
41,3,3,sum_of_three,sum_of_three,output_0,arg_0|arg_1|arg_2,train,A
37,2,2,ratio_of,ratio_of,output_0,denominator|numerator,train,A
34,2,2,sum_two_numbers,sum_two_numbers,output_0,first_number|second_number,train,A
43,2,2,subtract,subtract,output_0,arg_0|arg_1,train,A
39,1,1,nearest_integer,nearest_integer,output_0,arg_0,train,A
52,2,2,exceeds_value,exceeds_value,output_0,limit|measured_value,train,G
35,1,1,peak_of_series,peak_of_series,output_0,number_list,train,G
26,1,1,stringify_amount,stringify_amount,output_0,amount,train,G
42,2,2,proportion_between,proportion_between,output_0,part_value|whole_value,train,G
42,2,2,trim_precision,trim_precision,output_0,digits|raw_value,train,G
35,2,2,midpoint_value,midpoint_value,output_0,value_one|value_two,train,G
46,2,2,total_of_pair,total_of_pair,output_0,left|right,train,G
40,2,2,remaining_after,remaining_after,output_0,from_value|take_away,train,G
47,2,2,portion_by_rate,portion_by_rate,output_0,rate|reference_value,train,G
49,1,1,whole_minutes_from_seconds,whole_minutes_from_seconds,output_0,second_count,train,G
29,1,1,seconds_from_minutes,seconds_from_minutes,output_0,minute_count,train,G
38,3,3,balance_of_three,balance_of_three,output_0,reading_one|reading_three|reading_two,train,G
44,3,3,dispersion_of_three,dispersion_of_three,output_0,value_one|value_three|value_two,train,G
37,1,1,reciprocal_value,reciprocal_value,output_0,value,train,G
41,2,2,full_groups_of,full_groups_of,output_0,group_size|total_items,train,G
29,2,2,pairwise_product,pairwise_product,output_0,value_one|value_two,train,G
51,1,1,digits_added_up,digits_added_up,output_0,whole_value,train,G
35,1,1,round_up_whole,round_up_whole,output_0,value,train,G
35,2,2,midpoint_value,midpoint_value,output_0,value_one|value_two,train,G
36,2,2,gap_between,gap_between,output_0,first_value|second_value,train,G
26,1,1,stringify_amount,stringify_amount,output_0,amount,train,G
53,2,2,compose_reference_code,compose_reference_code,output_0,code_number|code_prefix,train,G
41,2,2,reduce_amount,reduce_amount,output_0,base_value|reduction,train,G
28,2,2,per_unit_value,per_unit_value,output_0,units|whole,train,G
39,2,2,leftover_after_grouping,leftover_after_grouping,output_0,group_size|total_items,train,G
49,2,2,adjust_to_whole,adjust_to_whole,output_0,direction|value,train,G
41,2,2,combine_amounts,combine_amounts,output_0,amount_a|amount_b,train,G
46,2,2,render_with_decimals,render_with_decimals,output_0,decimal_count|value,train,G
29,2,2,pairwise_product,pairwise_product,output_0,value_one|value_two,train,G
28,2,2,per_unit_value,per_unit_value,output_0,units|whole,train,G
37,2,2,shrink_by_rate,shrink_by_rate,output_0,discount_rate|starting_value,train,G
31,2,2,join_text_pieces,join_text_pieces,output_0,piece_one|piece_two,train,G
41,1,1,round_down_whole,round_down_whole,output_0,value,train,G
31,1,1,meters_from_km,meters_from_km,output_0,distance_km,train,G
38,1,1,root_extract,root_extract,output_0,input_value,train,G
39,1,1,self_product,self_product,output_0,value,train,G
39,2,2,leftover_after_grouping,leftover_after_grouping,output_0,group_size|total_items,train,G
44,3,3,dispersion_of_three,dispersion_of_three,output_0,value_one|value_three|value_two,train,G
50,2,2,take_top_values,take_top_values,output_0,k|values,train,A
24,1,1,sqrt,sqrt,output_0,arg_0,train,A
32,1,1,square_value,square_value,output_0,arg_0,train,A
64,2,2,is_divisible_by,is_divisible_by,output_0,arg_0|arg_1,train,A
31,1,1,fahrenheit_to_celsius,fahrenheit_to_celsius,output_0,fahrenheit,train,A
38,2,2,power,power,output_0,arg_0|arg_1,train,A
39,2,2,decrease_by_percent,decrease_by_percent,output_0,base|percent,train,A
62,2,2,is_greater,is_greater,output_0,arg_0|arg_1,train,A
30,1,1,count_of_values,count_of_values,output_0,values,train,A
45,3,3,mean_of_three,mean_of_three,output_0,arg_0|arg_1|arg_2,train,A
34,2,2,concat_strings,concat_strings,output_0,first|second,train,A
38,1,1,root_extract,root_extract,output_0,input_value,train,G
52,1,1,rank_of_peak,rank_of_peak,output_0,number_list,train,G
46,2,2,total_of_pair,total_of_pair,output_0,left|right,train,G
37,1,1,reciprocal_value,reciprocal_value,output_0,value,train,G
41,2,2,full_groups_of,full_groups_of,output_0,group_size|total_items,train,G
47,2,2,portion_by_rate,portion_by_rate,output_0,rate|reference_value,train,G
34,2,2,pick_lower,pick_lower,output_0,candidate_a|candidate_b,train,G
28,1,1,flip_sign,flip_sign,output_0,value,train,G
37,1,1,fahrenheit_from_celsius,fahrenheit_from_celsius,output_0,temp_c,train,G
42,2,2,trim_precision,trim_precision,output_0,digits|raw_value,train,G
39,2,2,leftover_after_grouping,leftover_after_grouping,output_0,group_size|total_items,train,G
53,2,2,split_evenly,split_evenly,output_0,parts|total,train,G
40,2,2,remaining_after,remaining_after,output_0,from_value|take_away,train,G
36,2,2,gap_between,gap_between,output_0,first_value|second_value,train,G
37,2,2,shrink_by_rate,shrink_by_rate,output_0,discount_rate|starting_value,train,G
44,3,3,dispersion_of_three,dispersion_of_three,output_0,value_one|value_three|value_two,train,G
23,2,2,multiply,multiply,output_0,arg_0|arg_1,train,A
37,2,2,ratio_of,ratio_of,output_0,denominator|numerator,train,A
23,1,1,sum_of_values,sum_of_values,output_0,values,train,A
32,1,1,square_value,square_value,output_0,arg_0,train,A
34,2,2,sum_two_numbers,sum_two_numbers,output_0,first_number|second_number,train,A
24,1,1,sqrt,sqrt,output_0,arg_0,train,A
60,3,3,is_within_range,is_within_range,output_0,maximum|minimum|value,train,A
32,2,2,quotient_of,quotient_of,output_0,denominator|numerator,train,A
37,2,2,reminder,reminder,output_0,arg_0|arg_1,train,A
38,2,2,percent_of,percent_of,output_0,percent|whole,train,A
26,2,2,exponent_of,exponent_of,output_0,base|exponent,train,A
33,1,1,ceiling,ceiling,output_0,arg_0,train,A
38,1,1,max_of_values,max_of_values,output_0,values,train,A
41,3,3,sum_of_three,sum_of_three,output_0,arg_0|arg_1|arg_2,train,A
32,1,1,inverse,inverse,output_0,arg_0,train,A
62,2,2,is_greater,is_greater,output_0,arg_0|arg_1,train,A
34,2,2,whole_quotient,whole_quotient,output_0,dividend|divisor,train,A
30,1,1,meters_to_km,meters_to_km,output_0,meters,train,A
31,1,1,celsius_to_fahrenheit,celsius_to_fahrenheit,output_0,celsius,train,A
32,1,1,square_value,square_value,output_0,arg_0,train,A
38,2,2,percent_of,percent_of,output_0,percent|whole,train,A
41,3,3,sum_of_three,sum_of_three,output_0,arg_0|arg_1|arg_2,train,A
37,2,2,ratio_of,ratio_of,output_0,denominator|numerator,train,A
42,1,1,digit_sum,digit_sum,output_0,arg_0,train,A
39,1,1,nearest_integer,nearest_integer,output_0,arg_0,train,A
45,3,3,mean_of_three,mean_of_three,output_0,arg_0|arg_1|arg_2,train,A
30,2,2,percentage_value,percentage_value,output_0,base|rate_percent,train,A
61,2,2,format_number_fixed,format_number_fixed,output_0,places|value,train,A
23,2,2,multiply,multiply,output_0,arg_0|arg_1,train,A
34,2,2,sum_two_numbers,sum_two_numbers,output_0,first_number|second_number,train,A
39,1,1,running_totals,running_totals,output_0,values,train,A
45,3,3,mean_of_three,mean_of_three,output_0,arg_0|arg_1|arg_2,train,A
73,3,3,range_of_three,range_of_three,output_0,arg_0|arg_1|arg_2,train,A
59,2,2,filter_values_above,filter_values_above,output_0,threshold|values,train,A
54,2,2,round_to_decimals,round_to_decimals,output_0,places|value,train,A
41,3,3,sum_of_three,sum_of_three,output_0,arg_0|arg_1|arg_2,train,A
35,1,1,floor,floor,output_0,arg_0,train,A
26,1,1,hours_to_minutes,hours_to_minutes,output_0,hours,train,A
32,1,1,inverse,inverse,output_0,arg_0,train,A
42,2,2,proportion_between,proportion_between,output_0,part_value|whole_value,train,G
41,2,2,full_groups_of,full_groups_of,output_0,group_size|total_items,train,G
26,1,1,stringify_amount,stringify_amount,output_0,amount,train,G
43,1,1,read_amount_from_text,read_amount_from_text,output_0,raw_text,train,G
39,1,1,self_product,self_product,output_0,value,train,G
29,1,1,seconds_from_minutes,seconds_from_minutes,output_0,minute_count,train,G
46,1,1,order_series_high_to_low,order_series_high_to_low,output_0,number_list,train,G
53,2,2,split_evenly,split_evenly,output_0,parts|total,train,G
27,1,1,minutes_from_hours,minutes_from_hours,output_0,hour_count,train,G
43,1,1,accumulate_series,accumulate_series,output_0,number_list,train,G
46,2,2,render_with_decimals,render_with_decimals,output_0,decimal_count|value,train,G
35,2,2,grow_by_rate,grow_by_rate,output_0,growth_rate|starting_value,train,G
37,2,2,shrink_by_rate,shrink_by_rate,output_0,discount_rate|starting_value,train,G
51,1,1,digits_added_up,digits_added_up,output_0,whole_value,train,G
39,2,2,leftover_after_grouping,leftover_after_grouping,output_0,group_size|total_items,train,G
34,2,2,pick_lower,pick_lower,output_0,candidate_a|candidate_b,train,G
42,2,2,extend_series_with,extend_series_with,output_0,new_entry|number_list,train,G
41,2,2,reduce_amount,reduce_amount,output_0,base_value|reduction,train,G
39,1,1,running_totals,running_totals,output_0,values,train,A
41,3,3,sum_of_three,sum_of_three,output_0,arg_0|arg_1|arg_2,train,A
31,1,1,fahrenheit_to_celsius,fahrenheit_to_celsius,output_0,fahrenheit,train,A
60,3,3,is_within_range,is_within_range,output_0,maximum|minimum|value,train,A
37,2,2,ratio_of,ratio_of,output_0,denominator|numerator,train,A
73,3,3,range_of_three,range_of_three,output_0,arg_0|arg_1|arg_2,train,A
30,1,1,km_to_meters,km_to_meters,output_0,kilometers,train,A
23,2,2,multiply,multiply,output_0,arg_0|arg_1,train,A
39,2,2,divide,divide,output_0,arg_0|arg_1,train,A
30,2,2,percentage_value,percentage_value,output_0,base|rate_percent,train,A
54,2,2,round_to_decimals,round_to_decimals,output_0,places|value,train,A
34,2,2,whole_quotient,whole_quotient,output_0,dividend|divisor,train,A
54,2,2,join_values_with,join_values_with,output_0,separator|values,train,A
34,2,2,concat_strings,concat_strings,output_0,first|second,train,A
26,2,2,maximum_of_two,maximum_of_two,output_0,arg_0|arg_1,train,A
31,1,1,celsius_to_fahrenheit,celsius_to_fahrenheit,output_0,celsius,train,A
42,2,2,leading_entries,leading_entries,output_0,how_many|number_list,train,G
35,1,1,round_up_whole,round_up_whole,output_0,value,train,G
51,2,2,divides_evenly,divides_evenly,output_0,group_size|total_amount,train,G
35,1,1,peak_of_series,peak_of_series,output_0,number_list,train,G
38,3,3,balance_of_three,balance_of_three,output_0,reading_one|reading_three|reading_two,train,G
28,1,1,flip_sign,flip_sign,output_0,value,train,G
32,1,1,central_value,central_value,output_0,number_list,train,G
33,1,1,whole_number_of,whole_number_of,output_0,value,train,G
47,2,2,portion_by_rate,portion_by_rate,output_0,rate|reference_value,train,G
35,2,2,midpoint_value,midpoint_value,output_0,value_one|value_two,train,G
46,2,2,total_of_pair,total_of_pair,output_0,left|right,train,G
41,1,1,round_down_whole,round_down_whole,output_0,value,train,G
61,2,2,format_number_fixed,format_number_fixed,output_0,places|value,train,A
59,2,2,filter_values_above,filter_values_above,output_0,threshold|values,train,A
37,2,2,ratio_of,ratio_of,output_0,denominator|numerator,train,A
39,1,1,mean_of_values,mean_of_values,output_0,values,train,A
31,1,1,fahrenheit_to_celsius,fahrenheit_to_celsius,output_0,fahrenheit,train,A
30,1,1,meters_to_km,meters_to_km,output_0,meters,train,A
33,1,1,ceiling,ceiling,output_0,arg_0,train,A
66,2,2,build_tag,build_tag,output_0,prefix|value,train,A
40,2,2,add,add,output_0,arg_0|arg_1,train,A
35,1,1,floor,floor,output_0,arg_0,train,A
50,2,2,take_top_values,take_top_values,output_0,k|values,train,A
35,2,2,product_of_numbers,product_of_numbers,output_0,first_factor|second_factor,train,A
37,2,2,ratio_of,ratio_of,output_0,denominator|numerator,train,A
34,2,2,whole_quotient,whole_quotient,output_0,dividend|divisor,train,A
34,2,2,sum_two_numbers,sum_two_numbers,output_0,first_number|second_number,train,A
32,1,1,inverse,inverse,output_0,arg_0,train,A
38,2,2,percent_of,percent_of,output_0,percent|whole,train,A
33,1,1,ceiling,ceiling,output_0,arg_0,train,A
39,2,2,decrease_by_percent,decrease_by_percent,output_0,base|percent,train,A
32,1,1,square_value,square_value,output_0,arg_0,train,A
39,2,2,divide,divide,output_0,arg_0|arg_1,train,A
35,2,2,product_of_numbers,product_of_numbers,output_0,first_factor|second_factor,train,A
33,2,2,difference_of_numbers,difference_of_numbers,output_0,minuend|subtrahend,train,A
32,2,2,quotient_of,quotient_of,output_0,denominator|numerator,train,A
16,2,2,absolute_difference,absolute_difference,output_0,arg_0|arg_1,train,A
66,2,2,build_tag,build_tag,output_0,prefix|value,train,A
41,3,3,sum_of_three,sum_of_three,output_0,arg_0|arg_1|arg_2,train,A
32,1,1,square_value,square_value,output_0,arg_0,train,A
24,1,1,sqrt,sqrt,output_0,arg_0,train,A
40,3,3,clamp_value,clamp_value,output_0,maximum|minimum|value,train,A
59,2,2,filter_values_above,filter_values_above,output_0,threshold|values,train,A
39,1,1,nearest_integer,nearest_integer,output_0,arg_0,train,A
30,2,2,modulo_of,modulo_of,output_0,dividend|divisor,train,A
45,3,3,mean_of_three,mean_of_three,output_0,arg_0|arg_1|arg_2,train,A
52,1,1,position_of_maximum,position_of_maximum,output_0,values,train,A
31,1,1,celsius_to_fahrenheit,celsius_to_fahrenheit,output_0,celsius,train,A
32,1,1,inverse,inverse,output_0,arg_0,train,A
50,2,2,take_top_values,take_top_values,output_0,k|values,train,A
33,1,1,ceiling,ceiling,output_0,arg_0,train,A
35,2,2,product_of_numbers,product_of_numbers,output_0,first_factor|second_factor,train,A
40,3,3,clamp_value,clamp_value,output_0,maximum|minimum|value,train,A
41,3,3,sum_of_three,sum_of_three,output_0,arg_0|arg_1|arg_2,train,A
66,2,2,build_tag,build_tag,output_0,prefix|value,train,A
35,1,1,negate,negate,output_0,arg_0,train,A
27,2,2,minimum_of_two,minimum_of_two,output_0,arg_0|arg_1,train,A
26,1,1,hours_to_minutes,hours_to_minutes,output_0,hours,train,A
30,1,1,meters_to_km,meters_to_km,output_0,meters,train,A
60,3,3,is_within_range,is_within_range,output_0,maximum|minimum|value,train,A
47,1,1,number_to_text,number_to_text,output_0,value,train,A
43,1,1,accumulate_series,accumulate_series,output_0,number_list,train,G
37,2,2,shrink_by_rate,shrink_by_rate,output_0,discount_rate|starting_value,train,G
34,1,1,celsius_from_fahrenheit,celsius_from_fahrenheit,output_0,temp_f,train,G
53,2,2,rescale_series,rescale_series,output_0,multiplier|number_list,train,G
26,1,1,stringify_amount,stringify_amount,output_0,amount,train,G
46,2,2,render_with_decimals,render_with_decimals,output_0,decimal_count|value,train,G
42,2,2,trim_precision,trim_precision,output_0,digits|raw_value,train,G
30,2,2,scale_quantity,scale_quantity,output_0,factor|quantity,train,G
36,2,2,gap_between,gap_between,output_0,first_value|second_value,train,G
31,1,1,meters_from_km,meters_from_km,output_0,distance_km,train,G
28,1,1,flip_sign,flip_sign,output_0,value,train,G
41,2,2,full_groups_of,full_groups_of,output_0,group_size|total_items,train,G
46,2,2,total_of_pair,total_of_pair,output_0,left|right,train,G
32,1,1,central_value,central_value,output_0,number_list,train,G
35,2,2,midpoint_value,midpoint_value,output_0,value_one|value_two,train,G
35,2,2,pick_higher,pick_higher,output_0,candidate_a|candidate_b,train,G
35,2,2,exponentiate,exponentiate,output_0,base_value|power_value,train,G
43,1,1,read_amount_from_text,read_amount_from_text,output_0,raw_text,train,G
60,3,3,is_within_range,is_within_range,output_0,maximum|minimum|value,train,A
40,3,3,clamp_value,clamp_value,output_0,maximum|minimum|value,train,A
58,2,2,round_with_mode,round_with_mode,output_0,mode|value,train,A
33,1,1,ceiling,ceiling,output_0,arg_0,train,A
35,1,1,floor,floor,output_0,arg_0,train,A
52,1,1,position_of_maximum,position_of_maximum,output_0,values,train,A
54,2,2,join_values_with,join_values_with,output_0,separator|values,train,A
62,2,2,is_greater,is_greater,output_0,arg_0|arg_1,train,A
61,2,2,format_number_fixed,format_number_fixed,output_0,places|value,train,A
24,1,1,sqrt,sqrt,output_0,arg_0,train,A
32,1,1,inverse,inverse,output_0,arg_0,train,A
51,2,2,scale_values,scale_values,output_0,factor|values,train,A
35,2,2,midpoint_value,midpoint_value,output_0,value_one|value_two,train,G
41,1,1,round_down_whole,round_down_whole,output_0,value,train,G
35,2,2,grow_by_rate,grow_by_rate,output_0,growth_rate|starting_value,train,G
37,2,2,shrink_by_rate,shrink_by_rate,output_0,discount_rate|starting_value,train,G
43,1,1,read_amount_from_text,read_amount_from_text,output_0,raw_text,train,G
34,1,1,series_spread,series_spread,output_0,number_list,train,G
40,2,2,remaining_after,remaining_after,output_0,from_value|take_away,train,G
49,2,2,entries_over_limit,entries_over_limit,output_0,limit|number_list,train,G
36,3,3,total_of_three_parts,total_of_three_parts,output_0,part_one|part_three|part_two,train,G
36,2,2,gap_between,gap_between,output_0,first_value|second_value,train,G
28,1,1,flip_sign,flip_sign,output_0,value,train,G
47,2,2,portion_by_rate,portion_by_rate,output_0,rate|reference_value,train,G
44,3,3,dispersion_of_three,dispersion_of_three,output_0,value_one|value_three|value_two,train,G
26,1,1,stringify_amount,stringify_amount,output_0,amount,train,G
41,2,2,combine_amounts,combine_amounts,output_0,amount_a|amount_b,train,G
38,1,1,series_length,series_length,output_0,number_list,train,G
33,1,1,whole_number_of,whole_number_of,output_0,value,train,G
38,3,3,balance_of_three,balance_of_three,output_0,reading_one|reading_three|reading_two,train,G
35,1,1,peak_of_series,peak_of_series,output_0,number_list,train,G
41,1,1,round_down_whole,round_down_whole,output_0,value,train,G
33,1,1,aggregate_total,aggregate_total,output_0,number_list,train,G
32,1,1,central_value,central_value,output_0,number_list,train,G
37,1,1,reciprocal_value,reciprocal_value,output_0,value,train,G
31,2,2,join_text_pieces,join_text_pieces,output_0,piece_one|piece_two,train,G
28,1,1,flip_sign,flip_sign,output_0,value,train,G
53,2,2,compose_reference_code,compose_reference_code,output_0,code_number|code_prefix,train,G
46,1,1,order_series_high_to_low,order_series_high_to_low,output_0,number_list,train,G
42,2,2,trim_precision,trim_precision,output_0,digits|raw_value,train,G
34,2,2,whole_quotient,whole_quotient,output_0,dividend|divisor,train,A
34,2,2,sum_two_numbers,sum_two_numbers,output_0,first_number|second_number,train,A
32,1,1,range_of_values,range_of_values,output_0,values,train,A
43,1,1,sort_values_descending,sort_values_descending,output_0,values,train,A
26,1,1,hours_to_minutes,hours_to_minutes,output_0,hours,train,A
32,1,1,inverse,inverse,output_0,arg_0,train,A
60,3,3,is_within_range,is_within_range,output_0,maximum|minimum|value,train,A
32,1,1,square_value,square_value,output_0,arg_0,train,A
38,2,2,percent_of,percent_of,output_0,percent|whole,train,A
37,2,2,reminder,reminder,output_0,arg_0|arg_1,train,A
37,2,2,ratio_of,ratio_of,output_0,denominator|numerator,train,A
35,1,1,km_from_meters,km_from_meters,output_0,distance_m,train,G
42,2,2,extend_series_with,extend_series_with,output_0,new_entry|number_list,train,G
30,2,2,scale_quantity,scale_quantity,output_0,factor|quantity,train,G
51,1,1,digits_added_up,digits_added_up,output_0,whole_value,train,G
31,1,1,meters_from_km,meters_from_km,output_0,distance_km,train,G
35,2,2,midpoint_value,midpoint_value,output_0,value_one|value_two,train,G
33,1,1,whole_number_of,whole_number_of,output_0,value,train,G
32,1,1,central_value,central_value,output_0,number_list,train,G
53,2,2,compose_reference_code,compose_reference_code,output_0,code_number|code_prefix,train,G
28,2,2,per_unit_value,per_unit_value,output_0,units|whole,train,G
39,2,2,decrease_by_percent,decrease_by_percent,output_0,base|percent,train,A
21,2,2,average_of_two,average_of_two,output_0,arg_0|arg_1,train,A
32,1,1,square_value,square_value,output_0,arg_0,train,A
57,2,2,label_with_unit,label_with_unit,output_0,unit|value,train,A
16,2,2,absolute_difference,absolute_difference,output_0,arg_0|arg_1,train,A
61,2,2,format_number_fixed,format_number_fixed,output_0,places|value,train,A
28,1,1,minutes_to_seconds,minutes_to_seconds,output_0,minutes,train,A
32,1,1,inverse,inverse,output_0,arg_0,train,A
42,1,1,digit_sum,digit_sum,output_0,arg_0,train,A
59,2,2,filter_values_above,filter_values_above,output_0,threshold|values,train,A
73,3,3,range_of_three,range_of_three,output_0,arg_0|arg_1|arg_2,train,A
39,2,2,increase_by_percent,increase_by_percent,output_0,base|percent,train,A
45,3,3,mean_of_three,mean_of_three,output_0,arg_0|arg_1|arg_2,train,A
39,2,2,divide,divide,output_0,arg_0|arg_1,train,A
27,2,2,minimum_of_two,minimum_of_two,output_0,arg_0|arg_1,train,A
36,2,2,gap_between,gap_between,output_0,first_value|second_value,train,G
29,1,1,seconds_from_minutes,seconds_from_minutes,output_0,minute_count,train,G
46,2,2,render_with_decimals,render_with_decimals,output_0,decimal_count|value,train,G
47,2,2,portion_by_rate,portion_by_rate,output_0,rate|reference_value,train,G
29,2,2,pairwise_product,pairwise_product,output_0,value_one|value_two,train,G
38,1,1,root_extract,root_extract,output_0,input_value,train,G
32,1,1,central_value,central_value,output_0,number_list,train,G
39,1,1,self_product,self_product,output_0,value,train,G
35,2,2,grow_by_rate,grow_by_rate,output_0,growth_rate|starting_value,train,G
37,1,1,reciprocal_value,reciprocal_value,output_0,value,train,G
26,1,1,stringify_amount,stringify_amount,output_0,amount,train,G
42,2,2,trim_precision,trim_precision,output_0,digits|raw_value,train,G
41,2,2,reduce_amount,reduce_amount,output_0,base_value|reduction,train,G
41,2,2,combine_amounts,combine_amounts,output_0,amount_a|amount_b,train,G
41,1,1,round_down_whole,round_down_whole,output_0,value,train,G
35,2,2,grow_by_rate,grow_by_rate,output_0,growth_rate|starting_value,train,G
36,2,2,gap_between,gap_between,output_0,first_value|second_value,train,G
42,2,2,proportion_between,proportion_between,output_0,part_value|whole_value,train,G
37,2,2,shrink_by_rate,shrink_by_rate,output_0,discount_rate|starting_value,train,G
47,2,2,portion_by_rate,portion_by_rate,output_0,rate|reference_value,train,G
28,1,1,flip_sign,flip_sign,output_0,value,train,G
39,1,1,self_product,self_product,output_0,value,train,G
53,2,2,split_evenly,split_evenly,output_0,parts|total,train,G
39,2,2,decrease_by_percent,decrease_by_percent,output_0,base|percent,train,A
37,2,2,reminder,reminder,output_0,arg_0|arg_1,train,A
40,3,3,clamp_value,clamp_value,output_0,maximum|minimum|value,train,A
39,1,1,mean_of_values,mean_of_values,output_0,values,train,A
43,2,2,subtract,subtract,output_0,arg_0|arg_1,train,A
39,1,1,running_totals,running_totals,output_0,values,train,A
37,2,2,ratio_of,ratio_of,output_0,denominator|numerator,train,A
21,2,2,average_of_two,average_of_two,output_0,arg_0|arg_1,train,A
32,1,1,square_value,square_value,output_0,arg_0,train,A
43,1,1,sort_values_descending,sort_values_descending,output_0,values,train,A
52,1,1,position_of_maximum,position_of_maximum,output_0,values,train,A
30,2,2,floor_divide,floor_divide,output_0,arg_0|arg_1,train,A
24,1,1,sqrt,sqrt,output_0,arg_0,train,A
35,2,2,product_of_numbers,product_of_numbers,output_0,first_factor|second_factor,train,A
16,2,2,absolute_difference,absolute_difference,output_0,arg_0|arg_1,train,A
41,3,3,sum_of_three,sum_of_three,output_0,arg_0|arg_1|arg_2,train,A
59,2,2,filter_values_above,filter_values_above,output_0,threshold|values,train,A
39,2,2,increase_by_percent,increase_by_percent,output_0,base|percent,train,A
35,1,1,floor,floor,output_0,arg_0,train,A
42,1,1,digit_sum,digit_sum,output_0,arg_0,train,A
33,1,1,ceiling,ceiling,output_0,arg_0,train,A
45,1,1,text_length,text_length,output_0,text,train,A
30,2,2,modulo_of,modulo_of,output_0,dividend|divisor,train,A
39,2,2,decrease_by_percent,decrease_by_percent,output_0,base|percent,train,A
34,2,2,concat_strings,concat_strings,output_0,first|second,train,A
43,1,1,sort_values_descending,sort_values_descending,output_0,values,train,A
54,2,2,round_to_decimals,round_to_decimals,output_0,places|value,train,A
39,2,2,divide,divide,output_0,arg_0|arg_1,train,A
32,1,1,square_value,square_value,output_0,arg_0,train,A
40,2,2,add,add,output_0,arg_0|arg_1,train,A
47,1,1,number_to_text,number_to_text,output_0,value,train,A
42,1,1,digit_sum,digit_sum,output_0,arg_0,train,A
62,2,2,is_greater,is_greater,output_0,arg_0|arg_1,train,A
39,2,2,divide,divide,output_0,arg_0|arg_1,train,A
28,1,1,minutes_to_seconds,minutes_to_seconds,output_0,minutes,train,A
38,1,1,parse_numeric_text,parse_numeric_text,output_0,text,train,A
61,2,2,format_number_fixed,format_number_fixed,output_0,places|value,train,A
50,2,2,take_top_values,take_top_values,output_0,k|values,train,A
62,2,2,append_to_values,append_to_values,output_0,value|values,train,A
66,2,2,build_tag,build_tag,output_0,prefix|value,train,A
23,2,2,multiply,multiply,output_0,arg_0|arg_1,train,A
16,2,2,absolute_difference,absolute_difference,output_0,arg_0|arg_1,train,A
43,2,2,subtract,subtract,output_0,arg_0|arg_1,train,A
64,2,2,is_divisible_by,is_divisible_by,output_0,arg_0|arg_1,train,A
38,2,2,power,power,output_0,arg_0|arg_1,train,A
38,2,2,percent_of,percent_of,output_0,percent|whole,train,A
33,2,2,difference_of_numbers,difference_of_numbers,output_0,minuend|subtrahend,train,A
64,2,2,is_divisible_by,is_divisible_by,output_0,arg_0|arg_1,train,A
37,2,2,reminder,reminder,output_0,arg_0|arg_1,train,A
16,2,2,absolute_difference,absolute_difference,output_0,arg_0|arg_1,train,A
34,2,2,sum_two_numbers,sum_two_numbers,output_0,first_number|second_number,train,A
32,1,1,square_value,square_value,output_0,arg_0,train,A
30,2,2,floor_divide,floor_divide,output_0,arg_0|arg_1,train,A
23,2,2,multiply,multiply,output_0,arg_0|arg_1,train,A
39,2,2,decrease_by_percent,decrease_by_percent,output_0,base|percent,train,A
39,2,2,increase_by_percent,increase_by_percent,output_0,base|percent,train,A
43,1,1,sort_values_descending,sort_values_descending,output_0,values,train,A
35,1,1,negate,negate,output_0,arg_0,train,A
30,1,1,count_of_values,count_of_values,output_0,values,train,A
51,2,2,scale_values,scale_values,output_0,factor|values,train,A
39,2,2,decrease_by_percent,decrease_by_percent,output_0,base|percent,train,A
32,1,1,square_value,square_value,output_0,arg_0,train,A
61,2,2,format_number_fixed,format_number_fixed,output_0,places|value,train,A
38,2,2,percent_of,percent_of,output_0,percent|whole,train,A
21,2,2,average_of_two,average_of_two,output_0,arg_0|arg_1,train,A
34,2,2,sum_two_numbers,sum_two_numbers,output_0,first_number|second_number,train,A
39,2,2,increase_by_percent,increase_by_percent,output_0,base|percent,train,A
24,1,1,sqrt,sqrt,output_0,arg_0,train,A
39,1,1,mean_of_values,mean_of_values,output_0,values,train,A
41,3,3,sum_of_three,sum_of_three,output_0,arg_0|arg_1|arg_2,train,A
30,1,1,count_of_values,count_of_values,output_0,values,train,A
38,2,2,percent_of,percent_of,output_0,percent|whole,train,A
32,1,1,inverse,inverse,output_0,arg_0,train,A
47,1,1,number_to_text,number_to_text,output_0,value,train,A
39,1,1,mean_of_values,mean_of_values,output_0,values,train,A
21,2,2,average_of_two,average_of_two,output_0,arg_0|arg_1,train,A
50,1,1,seconds_to_full_minutes,seconds_to_full_minutes,output_0,seconds,train,A
39,1,1,nearest_integer,nearest_integer,output_0,arg_0,train,A
33,1,1,ceiling,ceiling,output_0,arg_0,train,A
39,2,2,decrease_by_percent,decrease_by_percent,output_0,base|percent,train,A
45,3,3,mean_of_three,mean_of_three,output_0,arg_0|arg_1|arg_2,train,A
39,2,2,increase_by_percent,increase_by_percent,output_0,base|percent,train,A
34,2,2,concat_strings,concat_strings,output_0,first|second,train,A
35,1,1,negate,negate,output_0,arg_0,train,A
73,3,3,range_of_three,range_of_three,output_0,arg_0|arg_1|arg_2,train,A
41,3,3,sum_of_three,sum_of_three,output_0,arg_0|arg_1|arg_2,train,A
50,2,2,take_top_values,take_top_values,output_0,k|values,train,A
16,2,2,absolute_difference,absolute_difference,output_0,arg_0|arg_1,train,A
37,2,2,ratio_of,ratio_of,output_0,denominator|numerator,train,A
24,1,1,sqrt,sqrt,output_0,arg_0,train,A
39,1,1,min_of_values,min_of_values,output_0,values,train,A
39,2,2,increase_by_percent,increase_by_percent,output_0,base|percent,train,A
30,2,2,percentage_value,percentage_value,output_0,base|rate_percent,train,A
52,1,1,position_of_maximum,position_of_maximum,output_0,values,train,A
33,1,1,ceiling,ceiling,output_0,arg_0,train,A
32,2,2,quotient_of,quotient_of,output_0,denominator|numerator,train,A
35,1,1,floor,floor,output_0,arg_0,train,A
66,2,2,build_tag,build_tag,output_0,prefix|value,train,A
26,2,2,maximum_of_two,maximum_of_two,output_0,arg_0|arg_1,train,A
24,1,1,sqrt,sqrt,output_0,arg_0,train,A
39,1,1,mean_of_values,mean_of_values,output_0,values,train,A
30,1,1,km_to_meters,km_to_meters,output_0,kilometers,train,A
38,2,2,power,power,output_0,arg_0|arg_1,train,A
35,1,1,negate,negate,output_0,arg_0,train,A
50,1,1,seconds_to_full_minutes,seconds_to_full_minutes,output_0,seconds,train,A
39,1,1,nearest_integer,nearest_integer,output_0,arg_0,train,A
31,1,1,meters_from_km,meters_from_km,output_0,distance_km,train,G
42,2,2,extend_series_with,extend_series_with,output_0,new_entry|number_list,train,G
33,1,1,whole_number_of,whole_number_of,output_0,value,train,G
35,2,2,grow_by_rate,grow_by_rate,output_0,growth_rate|starting_value,train,G
37,2,2,shrink_by_rate,shrink_by_rate,output_0,discount_rate|starting_value,train,G
30,2,2,scale_quantity,scale_quantity,output_0,factor|quantity,train,G
47,2,2,portion_by_rate,portion_by_rate,output_0,rate|reference_value,train,G
37,1,1,fahrenheit_from_celsius,fahrenheit_from_celsius,output_0,temp_c,train,G
53,2,2,compose_reference_code,compose_reference_code,output_0,code_number|code_prefix,train,G
51,1,1,digits_added_up,digits_added_up,output_0,whole_value,train,G
32,2,2,quotient_of,quotient_of,output_0,denominator|numerator,train,A
31,1,1,celsius_to_fahrenheit,celsius_to_fahrenheit,output_0,celsius,train,A
62,2,2,is_greater,is_greater,output_0,arg_0|arg_1,train,A
39,2,2,increase_by_percent,increase_by_percent,output_0,base|percent,train,A
34,2,2,whole_quotient,whole_quotient,output_0,dividend|divisor,train,A
30,1,1,count_of_values,count_of_values,output_0,values,train,A
38,2,2,percent_of,percent_of,output_0,percent|whole,train,A
26,1,1,hours_to_minutes,hours_to_minutes,output_0,hours,train,A
54,2,2,join_values_with,join_values_with,output_0,separator|values,train,A
32,1,1,inverse,inverse,output_0,arg_0,train,A
16,2,2,absolute_difference,absolute_difference,output_0,arg_0|arg_1,train,A
41,3,3,sum_of_three,sum_of_three,output_0,arg_0|arg_1|arg_2,train,A
28,1,1,minutes_to_seconds,minutes_to_seconds,output_0,minutes,train,A
37,1,1,reciprocal_value,reciprocal_value,output_0,value,train,G
31,2,2,join_text_pieces,join_text_pieces,output_0,piece_one|piece_two,train,G
42,2,2,extend_series_with,extend_series_with,output_0,new_entry|number_list,train,G
37,1,1,fahrenheit_from_celsius,fahrenheit_from_celsius,output_0,temp_c,train,G
36,2,2,gap_between,gap_between,output_0,first_value|second_value,train,G
41,2,2,full_groups_of,full_groups_of,output_0,group_size|total_items,train,G
39,1,1,self_product,self_product,output_0,value,train,G
34,1,1,celsius_from_fahrenheit,celsius_from_fahrenheit,output_0,temp_f,train,G
35,2,2,midpoint_value,midpoint_value,output_0,value_one|value_two,train,G
41,2,2,reduce_amount,reduce_amount,output_0,base_value|reduction,train,G
47,2,2,portion_by_rate,portion_by_rate,output_0,rate|reference_value,train,G
37,1,1,valley_of_series,valley_of_series,output_0,number_list,train,G
35,1,1,round_up_whole,round_up_whole,output_0,value,train,G
31,1,1,meters_from_km,meters_from_km,output_0,distance_km,train,G
41,1,1,round_down_whole,round_down_whole,output_0,value,train,G
35,2,2,midpoint_value,midpoint_value,output_0,value_one|value_two,train,G
31,1,1,meters_from_km,meters_from_km,output_0,distance_km,train,G
35,2,2,grow_by_rate,grow_by_rate,output_0,growth_rate|starting_value,train,G
39,2,2,leftover_after_grouping,leftover_after_grouping,output_0,group_size|total_items,train,G
36,2,2,gap_between,gap_between,output_0,first_value|second_value,train,G
31,2,2,join_text_pieces,join_text_pieces,output_0,piece_one|piece_two,train,G
41,2,2,reduce_amount,reduce_amount,output_0,base_value|reduction,train,G
53,2,2,split_evenly,split_evenly,output_0,parts|total,train,G
37,1,1,fahrenheit_from_celsius,fahrenheit_from_celsius,output_0,temp_c,train,G
37,2,2,shrink_by_rate,shrink_by_rate,output_0,discount_rate|starting_value,train,G
50,2,2,annotate_measurement,annotate_measurement,output_0,measurement|unit_name,train,G
37,2,2,ratio_of,ratio_of,output_0,denominator|numerator,train,A
61,2,2,format_number_fixed,format_number_fixed,output_0,places|value,train,A
35,1,1,negate,negate,output_0,arg_0,train,A
50,1,1,seconds_to_full_minutes,seconds_to_full_minutes,output_0,seconds,train,A
58,2,2,round_with_mode,round_with_mode,output_0,mode|value,train,A
60,3,3,is_within_range,is_within_range,output_0,maximum|minimum|value,train,A
30,2,2,percentage_value,percentage_value,output_0,base|rate_percent,train,A
62,2,2,is_greater,is_greater,output_0,arg_0|arg_1,train,A
30,1,1,meters_to_km,meters_to_km,output_0,meters,train,A
39,1,1,running_totals,running_totals,output_0,values,train,A
16,2,2,absolute_difference,absolute_difference,output_0,arg_0|arg_1,train,A
33,1,1,ceiling,ceiling,output_0,arg_0,train,A
57,2,2,label_with_unit,label_with_unit,output_0,unit|value,train,A
23,2,2,multiply,multiply,output_0,arg_0|arg_1,train,A
59,2,2,filter_values_above,filter_values_above,output_0,threshold|values,train,A
23,1,1,sum_of_values,sum_of_values,output_0,values,train,A
35,1,1,floor,floor,output_0,arg_0,train,A
39,2,2,decrease_by_percent,decrease_by_percent,output_0,base|percent,train,A
60,3,3,is_within_range,is_within_range,output_0,maximum|minimum|value,train,A
61,2,2,format_number_fixed,format_number_fixed,output_0,places|value,train,A
73,3,3,range_of_three,range_of_three,output_0,arg_0|arg_1|arg_2,train,A
42,2,2,proportion_between,proportion_between,output_0,part_value|whole_value,train,G
36,2,2,gap_between,gap_between,output_0,first_value|second_value,train,G
40,2,2,remaining_after,remaining_after,output_0,from_value|take_away,train,G
35,2,2,midpoint_value,midpoint_value,output_0,value_one|value_two,train,G
49,2,2,entries_over_limit,entries_over_limit,output_0,limit|number_list,train,G
53,2,2,split_evenly,split_evenly,output_0,parts|total,train,G
47,2,2,portion_by_rate,portion_by_rate,output_0,rate|reference_value,train,G
49,1,1,whole_minutes_from_seconds,whole_minutes_from_seconds,output_0,second_count,train,G
30,2,2,scale_quantity,scale_quantity,output_0,factor|quantity,train,G
44,3,3,dispersion_of_three,dispersion_of_three,output_0,value_one|value_three|value_two,train,G
53,2,2,split_evenly,split_evenly,output_0,parts|total,train,G
39,1,1,self_product,self_product,output_0,value,train,G
36,2,2,gap_between,gap_between,output_0,first_value|second_value,train,G
51,1,1,digits_added_up,digits_added_up,output_0,whole_value,train,G
30,2,2,scale_quantity,scale_quantity,output_0,factor|quantity,train,G
28,1,1,flip_sign,flip_sign,output_0,value,train,G
42,2,2,proportion_between,proportion_between,output_0,part_value|whole_value,train,G
42,2,2,trim_precision,trim_precision,output_0,digits|raw_value,train,G
35,1,1,round_up_whole,round_up_whole,output_0,value,train,G
42,2,2,extend_series_with,extend_series_with,output_0,new_entry|number_list,train,G
37,1,1,reciprocal_value,reciprocal_value,output_0,value,train,G
42,2,2,leading_entries,leading_entries,output_0,how_many|number_list,train,G
35,1,1,peak_of_series,peak_of_series,output_0,number_list,train,G
34,1,1,celsius_from_fahrenheit,celsius_from_fahrenheit,output_0,temp_f,train,G
43,1,1,read_amount_from_text,read_amount_from_text,output_0,raw_text,train,G
35,1,1,km_from_meters,km_from_meters,output_0,distance_m,train,G
27,2,2,minimum_of_two,minimum_of_two,output_0,arg_0|arg_1,train,A
35,2,2,product_of_numbers,product_of_numbers,output_0,first_factor|second_factor,train,A
30,1,1,meters_to_km,meters_to_km,output_0,meters,train,A
50,1,1,seconds_to_full_minutes,seconds_to_full_minutes,output_0,seconds,train,A
61,2,2,format_number_fixed,format_number_fixed,output_0,places|value,train,A
40,3,3,clamp_value,clamp_value,output_0,maximum|minimum|value,train,A
34,2,2,sum_two_numbers,sum_two_numbers,output_0,first_number|second_number,train,A
38,2,2,power,power,output_0,arg_0|arg_1,train,A
21,2,2,average_of_two,average_of_two,output_0,arg_0|arg_1,train,A
16,2,2,absolute_difference,absolute_difference,output_0,arg_0|arg_1,train,A
39,1,1,nearest_integer,nearest_integer,output_0,arg_0,train,A
33,1,1,ceiling,ceiling,output_0,arg_0,train,A
32,1,1,inverse,inverse,output_0,arg_0,train,A
39,2,2,increase_by_percent,increase_by_percent,output_0,base|percent,train,A
33,2,2,difference_of_numbers,difference_of_numbers,output_0,minuend|subtrahend,train,A
54,2,2,round_to_decimals,round_to_decimals,output_0,places|value,train,A
35,2,2,midpoint_value,midpoint_value,output_0,value_one|value_two,train,G
53,2,2,rescale_series,rescale_series,output_0,multiplier|number_list,train,G
34,1,1,series_spread,series_spread,output_0,number_list,train,G
30,2,2,scale_quantity,scale_quantity,output_0,factor|quantity,train,G
28,1,1,flip_sign,flip_sign,output_0,value,train,G
41,2,2,combine_amounts,combine_amounts,output_0,amount_a|amount_b,train,G
37,1,1,reciprocal_value,reciprocal_value,output_0,value,train,G
35,2,2,exponentiate,exponentiate,output_0,base_value|power_value,train,G
51,2,2,scale_values,scale_values,output_0,factor|values,train,A
30,1,1,meters_to_km,meters_to_km,output_0,meters,train,A
39,1,1,nearest_integer,nearest_integer,output_0,arg_0,train,A
66,2,2,build_tag,build_tag,output_0,prefix|value,train,A
39,2,2,increase_by_percent,increase_by_percent,output_0,base|percent,train,A
39,1,1,mean_of_values,mean_of_values,output_0,values,train,A
35,2,2,product_of_numbers,product_of_numbers,output_0,first_factor|second_factor,train,A
62,2,2,is_greater,is_greater,output_0,arg_0|arg_1,train,A
16,2,2,absolute_difference,absolute_difference,output_0,arg_0|arg_1,train,A
73,3,3,range_of_three,range_of_three,output_0,arg_0|arg_1|arg_2,train,A
62,2,2,append_to_values,append_to_values,output_0,value|values,train,A
43,1,1,sort_values_descending,sort_values_descending,output_0,values,train,A
27,1,1,minutes_from_hours,minutes_from_hours,output_0,hour_count,train,G
41,1,1,round_down_whole,round_down_whole,output_0,value,train,G
35,2,2,exponentiate,exponentiate,output_0,base_value|power_value,train,G
35,1,1,round_up_whole,round_up_whole,output_0,value,train,G
38,1,1,root_extract,root_extract,output_0,input_value,train,G
37,1,1,reciprocal_value,reciprocal_value,output_0,value,train,G
47,2,2,portion_by_rate,portion_by_rate,output_0,rate|reference_value,train,G
42,2,2,proportion_between,proportion_between,output_0,part_value|whole_value,train,G
36,2,2,gap_between,gap_between,output_0,first_value|second_value,train,G
44,3,3,dispersion_of_three,dispersion_of_three,output_0,value_one|value_three|value_two,train,G
39,2,2,leftover_after_grouping,leftover_after_grouping,output_0,group_size|total_items,train,G
37,1,1,fahrenheit_from_celsius,fahrenheit_from_celsius,output_0,temp_c,train,G
39,1,1,self_product,self_product,output_0,value,train,G
35,2,2,grow_by_rate,grow_by_rate,output_0,growth_rate|starting_value,train,G
32,1,1,inverse,inverse,output_0,arg_0,train,A
23,1,1,sum_of_values,sum_of_values,output_0,values,train,A
39,1,1,nearest_integer,nearest_integer,output_0,arg_0,train,A
31,1,1,fahrenheit_to_celsius,fahrenheit_to_celsius,output_0,fahrenheit,train,A
39,2,2,divide,divide,output_0,arg_0|arg_1,train,A
54,2,2,round_to_decimals,round_to_decimals,output_0,places|value,train,A
38,2,2,percent_of,percent_of,output_0,percent|whole,train,A
31,1,1,celsius_to_fahrenheit,celsius_to_fahrenheit,output_0,celsius,train,A
58,2,2,round_with_mode,round_with_mode,output_0,mode|value,train,A
30,1,1,km_to_meters,km_to_meters,output_0,kilometers,train,A
39,1,1,nearest_integer,nearest_integer,output_0,arg_0,train,A
21,2,2,average_of_two,average_of_two,output_0,arg_0|arg_1,train,A
39,1,1,mean_of_values,mean_of_values,output_0,values,train,A
16,2,2,absolute_difference,absolute_difference,output_0,arg_0|arg_1,train,A
62,2,2,is_greater,is_greater,output_0,arg_0|arg_1,train,A
39,2,2,decrease_by_percent,decrease_by_percent,output_0,base|percent,train,A
26,1,1,hours_to_minutes,hours_to_minutes,output_0,hours,train,A
34,2,2,whole_quotient,whole_quotient,output_0,dividend|divisor,train,A
31,1,1,celsius_to_fahrenheit,celsius_to_fahrenheit,output_0,celsius,train,A
37,2,2,ratio_of,ratio_of,output_0,denominator|numerator,train,A
32,1,1,inverse,inverse,output_0,arg_0,train,A
21,2,2,average_of_two,average_of_two,output_0,arg_0|arg_1,train,A
32,1,1,square_value,square_value,output_0,arg_0,train,A
39,1,1,running_totals,running_totals,output_0,values,train,A
39,1,1,nearest_integer,nearest_integer,output_0,arg_0,train,A
38,1,1,parse_numeric_text,parse_numeric_text,output_0,text,train,A
35,1,1,km_from_meters,km_from_meters,output_0,distance_m,train,G
38,1,1,series_length,series_length,output_0,number_list,train,G
42,2,2,proportion_between,proportion_between,output_0,part_value|whole_value,train,G
37,1,1,fahrenheit_from_celsius,fahrenheit_from_celsius,output_0,temp_c,train,G
41,2,2,combine_amounts,combine_amounts,output_0,amount_a|amount_b,train,G
28,2,2,per_unit_value,per_unit_value,output_0,units|whole,train,G
46,2,2,render_with_decimals,render_with_decimals,output_0,decimal_count|value,train,G
41,2,2,full_groups_of,full_groups_of,output_0,group_size|total_items,train,G
33,1,1,whole_number_of,whole_number_of,output_0,value,train,G
27,1,1,minutes_from_hours,minutes_from_hours,output_0,hour_count,train,G
39,1,1,min_of_values,min_of_values,output_0,values,train,A
24,1,1,sqrt,sqrt,output_0,arg_0,train,A
31,1,1,celsius_to_fahrenheit,celsius_to_fahrenheit,output_0,celsius,train,A
35,2,2,product_of_numbers,product_of_numbers,output_0,first_factor|second_factor,train,A
32,1,1,square_value,square_value,output_0,arg_0,train,A
62,2,2,append_to_values,append_to_values,output_0,value|values,train,A
60,3,3,is_within_range,is_within_range,output_0,maximum|minimum|value,train,A
33,1,1,ceiling,ceiling,output_0,arg_0,train,A
38,1,1,parse_numeric_text,parse_numeric_text,output_0,text,train,A
40,2,2,add,add,output_0,arg_0|arg_1,train,A
40,3,3,clamp_value,clamp_value,output_0,maximum|minimum|value,train,A
46,1,1,order_series_high_to_low,order_series_high_to_low,output_0,number_list,train,G
29,1,1,seconds_from_minutes,seconds_from_minutes,output_0,minute_count,train,G
47,2,2,portion_by_rate,portion_by_rate,output_0,rate|reference_value,train,G
42,2,2,proportion_between,proportion_between,output_0,part_value|whole_value,train,G
28,1,1,flip_sign,flip_sign,output_0,value,train,G
53,2,2,split_evenly,split_evenly,output_0,parts|total,train,G
36,2,2,gap_between,gap_between,output_0,first_value|second_value,train,G
41,2,2,reduce_amount,reduce_amount,output_0,base_value|reduction,train,G
46,2,2,total_of_pair,total_of_pair,output_0,left|right,train,G
39,1,1,nearest_integer,nearest_integer,output_0,arg_0,train,A
58,2,2,round_with_mode,round_with_mode,output_0,mode|value,train,A
39,2,2,divide,divide,output_0,arg_0|arg_1,train,A
57,2,2,label_with_unit,label_with_unit,output_0,unit|value,train,A
51,2,2,scale_values,scale_values,output_0,factor|values,train,A
38,2,2,power,power,output_0,arg_0|arg_1,train,A
39,2,2,increase_by_percent,increase_by_percent,output_0,base|percent,train,A
45,3,3,mean_of_three,mean_of_three,output_0,arg_0|arg_1|arg_2,train,A
34,2,2,sum_two_numbers,sum_two_numbers,output_0,first_number|second_number,train,A
31,1,1,celsius_to_fahrenheit,celsius_to_fahrenheit,output_0,celsius,train,A
42,1,1,digit_sum,digit_sum,output_0,arg_0,train,A
30,2,2,floor_divide,floor_divide,output_0,arg_0|arg_1,train,A
35,1,1,floor,floor,output_0,arg_0,train,A
27,2,2,minimum_of_two,minimum_of_two,output_0,arg_0|arg_1,train,A
39,1,1,nearest_integer,nearest_integer,output_0,arg_0,train,A
61,2,2,format_number_fixed,format_number_fixed,output_0,places|value,train,A
32,1,1,square_value,square_value,output_0,arg_0,train,A
45,3,3,mean_of_three,mean_of_three,output_0,arg_0|arg_1|arg_2,train,A
32,2,2,quotient_of,quotient_of,output_0,denominator|numerator,train,A
37,2,2,reminder,reminder,output_0,arg_0|arg_1,train,A
33,1,1,ceiling,ceiling,output_0,arg_0,train,A
35,1,1,negate,negate,output_0,arg_0,train,A
39,2,2,increase_by_percent,increase_by_percent,output_0,base|percent,train,A
51,2,2,scale_values,scale_values,output_0,factor|values,train,A
30,1,1,km_to_meters,km_to_meters,output_0,kilometers,train,A
39,2,2,decrease_by_percent,decrease_by_percent,output_0,base|percent,train,A
38,2,2,percent_of,percent_of,output_0,percent|whole,train,A
35,1,1,floor,floor,output_0,arg_0,train,A
30,1,1,meters_to_km,meters_to_km,output_0,meters,train,A
50,1,1,seconds_to_full_minutes,seconds_to_full_minutes,output_0,seconds,train,A
62,2,2,append_to_values,append_to_values,output_0,value|values,train,A
30,2,2,percentage_value,percentage_value,output_0,base|rate_percent,train,A
39,2,2,divide,divide,output_0,arg_0|arg_1,train,A
30,2,2,floor_divide,floor_divide,output_0,arg_0|arg_1,train,A
33,2,2,difference_of_numbers,difference_of_numbers,output_0,minuend|subtrahend,train,A
37,2,2,reminder,reminder,output_0,arg_0|arg_1,train,A
37,2,2,ratio_of,ratio_of,output_0,denominator|numerator,train,A
16,2,2,absolute_difference,absolute_difference,output_0,arg_0|arg_1,train,A
43,2,2,subtract,subtract,output_0,arg_0|arg_1,train,A
30,1,1,count_of_values,count_of_values,output_0,values,train,A
32,2,2,quotient_of,quotient_of,output_0,denominator|numerator,train,A
52,1,1,position_of_maximum,position_of_maximum,output_0,values,train,A
16,2,2,absolute_difference,absolute_difference,output_0,arg_0|arg_1,train,A
23,2,2,multiply,multiply,output_0,arg_0|arg_1,train,A
61,2,2,format_number_fixed,format_number_fixed,output_0,places|value,train,A
34,2,2,sum_two_numbers,sum_two_numbers,output_0,first_number|second_number,train,A
33,1,1,whole_number_of,whole_number_of,output_0,value,train,G
39,1,1,self_product,self_product,output_0,value,train,G
41,1,1,round_down_whole,round_down_whole,output_0,value,train,G
41,2,2,combine_amounts,combine_amounts,output_0,amount_a|amount_b,train,G
35,2,2,midpoint_value,midpoint_value,output_0,value_one|value_two,train,G
31,1,1,meters_from_km,meters_from_km,output_0,distance_km,train,G
51,1,1,digits_added_up,digits_added_up,output_0,whole_value,train,G
35,1,1,round_up_whole,round_up_whole,output_0,value,train,G
39,2,2,leftover_after_grouping,leftover_after_grouping,output_0,group_size|total_items,train,G
29,1,1,seconds_from_minutes,seconds_from_minutes,output_0,minute_count,train,G
41,2,2,reduce_amount,reduce_amount,output_0,base_value|reduction,train,G
33,1,1,aggregate_total,aggregate_total,output_0,number_list,train,G
29,2,2,pairwise_product,pairwise_product,output_0,value_one|value_two,train,G
41,2,2,reduce_amount,reduce_amount,output_0,base_value|reduction,train,G
41,2,2,full_groups_of,full_groups_of,output_0,group_size|total_items,train,G
36,2,2,gap_between,gap_between,output_0,first_value|second_value,train,G
37,1,1,reciprocal_value,reciprocal_value,output_0,value,train,G
38,1,1,root_extract,root_extract,output_0,input_value,train,G
36,3,3,total_of_three_parts,total_of_three_parts,output_0,part_one|part_three|part_two,train,G
37,1,1,fahrenheit_from_celsius,fahrenheit_from_celsius,output_0,temp_c,train,G
28,1,1,flip_sign,flip_sign,output_0,value,train,G
42,2,2,proportion_between,proportion_between,output_0,part_value|whole_value,train,G
47,2,2,portion_by_rate,portion_by_rate,output_0,rate|reference_value,train,G
29,2,2,pairwise_product,pairwise_product,output_0,value_one|value_two,train,G
38,1,1,series_length,series_length,output_0,number_list,train,G
52,1,1,rank_of_peak,rank_of_peak,output_0,number_list,train,G
51,1,1,digits_added_up,digits_added_up,output_0,whole_value,train,G
27,1,1,minutes_from_hours,minutes_from_hours,output_0,hour_count,train,G
41,2,2,reduce_amount,reduce_amount,output_0,base_value|reduction,train,G
35,3,3,bound_within,bound_within,output_0,high_limit|input_value|low_limit,train,G
28,2,2,per_unit_value,per_unit_value,output_0,units|whole,train,G
35,2,2,pick_higher,pick_higher,output_0,candidate_a|candidate_b,train,G
36,3,3,total_of_three_parts,total_of_three_parts,output_0,part_one|part_three|part_two,train,G
39,1,1,self_product,self_product,output_0,value,train,G
35,1,1,negate,negate,output_0,arg_0,train,A
51,2,2,scale_values,scale_values,output_0,factor|values,train,A
26,1,1,hours_to_minutes,hours_to_minutes,output_0,hours,train,A
43,1,1,sort_values_descending,sort_values_descending,output_0,values,train,A
43,2,2,subtract,subtract,output_0,arg_0|arg_1,train,A
28,1,1,minutes_to_seconds,minutes_to_seconds,output_0,minutes,train,A
16,2,2,absolute_difference,absolute_difference,output_0,arg_0|arg_1,train,A
64,2,2,is_divisible_by,is_divisible_by,output_0,arg_0|arg_1,train,A
40,3,3,clamp_value,clamp_value,output_0,maximum|minimum|value,train,A
32,1,1,square_value,square_value,output_0,arg_0,train,A
38,2,2,percent_of,percent_of,output_0,percent|whole,train,A
16,2,2,absolute_difference,absolute_difference,output_0,arg_0|arg_1,train,A
27,2,2,minimum_of_two,minimum_of_two,output_0,arg_0|arg_1,train,A
21,2,2,average_of_two,average_of_two,output_0,arg_0|arg_1,train,A
37,2,2,ratio_of,ratio_of,output_0,denominator|numerator,train,A
38,1,1,max_of_values,max_of_values,output_0,values,train,A
52,1,1,position_of_maximum,position_of_maximum,output_0,values,train,A
30,1,1,km_to_meters,km_to_meters,output_0,kilometers,train,A
23,1,1,sum_of_values,sum_of_values,output_0,values,train,A
73,3,3,range_of_three,range_of_three,output_0,arg_0|arg_1|arg_2,train,A
39,2,2,increase_by_percent,increase_by_percent,output_0,base|percent,train,A
39,1,1,mean_of_values,mean_of_values,output_0,values,train,A
61,2,2,format_number_fixed,format_number_fixed,output_0,places|value,train,A
54,2,2,join_values_with,join_values_with,output_0,separator|values,train,A
30,1,1,count_of_values,count_of_values,output_0,values,train,A
57,2,2,label_with_unit,label_with_unit,output_0,unit|value,train,A
54,3,3,inside_limits,inside_limits,output_0,high_limit|low_limit|reading,train,G
38,1,1,series_length,series_length,output_0,number_list,train,G
39,1,1,self_product,self_product,output_0,value,train,G
49,2,2,adjust_to_whole,adjust_to_whole,output_0,direction|value,train,G
36,1,1,character_count,character_count,output_0,input_text,train,G
46,2,2,render_with_decimals,render_with_decimals,output_0,decimal_count|value,train,G
50,2,2,annotate_measurement,annotate_measurement,output_0,measurement|unit_name,train,G
34,1,1,celsius_from_fahrenheit,celsius_from_fahrenheit,output_0,temp_f,train,G
39,2,2,decrease_by_percent,decrease_by_percent,output_0,base|percent,train,A
66,2,2,build_tag,build_tag,output_0,prefix|value,train,A
33,1,1,ceiling,ceiling,output_0,arg_0,train,A
30,2,2,percentage_value,percentage_value,output_0,base|rate_percent,train,A
50,1,1,seconds_to_full_minutes,seconds_to_full_minutes,output_0,seconds,train,A
30,2,2,modulo_of,modulo_of,output_0,dividend|divisor,train,A
16,2,2,absolute_difference,absolute_difference,output_0,arg_0|arg_1,train,A
59,2,2,filter_values_above,filter_values_above,output_0,threshold|values,train,A
45,1,1,text_length,text_length,output_0,text,train,A
32,1,1,inverse,inverse,output_0,arg_0,train,A
38,1,1,parse_numeric_text,parse_numeric_text,output_0,text,train,A
66,2,2,build_tag,build_tag,output_0,prefix|value,train,A
73,3,3,range_of_three,range_of_three,output_0,arg_0|arg_1|arg_2,train,A
39,1,1,min_of_values,min_of_values,output_0,values,train,A
58,2,2,round_with_mode,round_with_mode,output_0,mode|value,train,A
27,2,2,minimum_of_two,minimum_of_two,output_0,arg_0|arg_1,train,A
62,2,2,append_to_values,append_to_values,output_0,value|values,train,A
23,1,1,sum_of_values,sum_of_values,output_0,values,train,A
35,1,1,floor,floor,output_0,arg_0,train,A
36,2,2,gap_between,gap_between,output_0,first_value|second_value,train,G
34,1,1,series_spread,series_spread,output_0,number_list,train,G
28,2,2,per_unit_value,per_unit_value,output_0,units|whole,train,G
35,2,2,grow_by_rate,grow_by_rate,output_0,growth_rate|starting_value,train,G
41,2,2,full_groups_of,full_groups_of,output_0,group_size|total_items,train,G
35,2,2,midpoint_value,midpoint_value,output_0,value_one|value_two,train,G
42,2,2,proportion_between,proportion_between,output_0,part_value|whole_value,train,G
33,1,1,whole_number_of,whole_number_of,output_0,value,train,G
32,1,1,central_value,central_value,output_0,number_list,train,G
33,1,1,whole_number_of,whole_number_of,output_0,value,train,G
54,3,3,inside_limits,inside_limits,output_0,high_limit|low_limit|reading,train,G
44,3,3,dispersion_of_three,dispersion_of_three,output_0,value_one|value_three|value_two,train,G
35,2,2,exponentiate,exponentiate,output_0,base_value|power_value,train,G
49,2,2,adjust_to_whole,adjust_to_whole,output_0,direction|value,train,G
35,1,1,peak_of_series,peak_of_series,output_0,number_list,train,G
29,1,1,seconds_from_minutes,seconds_from_minutes,output_0,minute_count,train,G
39,1,1,self_product,self_product,output_0,value,train,G
51,1,1,digits_added_up,digits_added_up,output_0,whole_value,train,G
38,3,3,balance_of_three,balance_of_three,output_0,reading_one|reading_three|reading_two,train,G
36,3,3,total_of_three_parts,total_of_three_parts,output_0,part_one|part_three|part_two,train,G
33,1,1,aggregate_total,aggregate_total,output_0,number_list,train,G
28,2,2,per_unit_value,per_unit_value,output_0,units|whole,train,G
52,1,1,rank_of_peak,rank_of_peak,output_0,number_list,train,G
41,1,1,round_down_whole,round_down_whole,output_0,value,train,G
42,2,2,proportion_between,proportion_between,output_0,part_value|whole_value,train,G
39,2,2,leftover_after_grouping,leftover_after_grouping,output_0,group_size|total_items,train,G
54,3,3,inside_limits,inside_limits,output_0,high_limit|low_limit|reading,train,G
39,1,1,self_product,self_product,output_0,value,train,G
37,2,2,shrink_by_rate,shrink_by_rate,output_0,discount_rate|starting_value,train,G
37,1,1,reciprocal_value,reciprocal_value,output_0,value,train,G
39,2,2,leftover_after_grouping,leftover_after_grouping,output_0,group_size|total_items,train,G
53,2,2,split_evenly,split_evenly,output_0,parts|total,train,G
47,2,2,portion_by_rate,portion_by_rate,output_0,rate|reference_value,train,G
35,1,1,km_from_meters,km_from_meters,output_0,distance_m,train,G
32,1,1,central_value,central_value,output_0,number_list,train,G
41,2,2,reduce_amount,reduce_amount,output_0,base_value|reduction,train,G
38,1,1,root_extract,root_extract,output_0,input_value,train,G
43,1,1,read_amount_from_text,read_amount_from_text,output_0,raw_text,train,G
47,2,2,portion_by_rate,portion_by_rate,output_0,rate|reference_value,train,G
35,2,2,midpoint_value,midpoint_value,output_0,value_one|value_two,train,G
53,2,2,serialize_series,serialize_series,output_0,delimiter|number_list,train,G
41,1,1,round_down_whole,round_down_whole,output_0,value,train,G
41,2,2,full_groups_of,full_groups_of,output_0,group_size|total_items,train,G
49,1,1,whole_minutes_from_seconds,whole_minutes_from_seconds,output_0,second_count,train,G
34,1,1,celsius_from_fahrenheit,celsius_from_fahrenheit,output_0,temp_f,train,G
52,2,2,exceeds_value,exceeds_value,output_0,limit|measured_value,train,G
37,1,1,reciprocal_value,reciprocal_value,output_0,value,train,G
35,2,2,midpoint_value,midpoint_value,output_0,value_one|value_two,train,G
41,1,1,round_down_whole,round_down_whole,output_0,value,train,G
38,1,1,root_extract,root_extract,output_0,input_value,train,G
35,1,1,round_up_whole,round_up_whole,output_0,value,train,G
32,1,1,central_value,central_value,output_0,number_list,train,G
35,3,3,bound_within,bound_within,output_0,high_limit|input_value|low_limit,train,G
36,2,2,gap_between,gap_between,output_0,first_value|second_value,train,G
28,1,1,flip_sign,flip_sign,output_0,value,train,G
33,1,1,ceiling,ceiling,output_0,arg_0,train,A
35,1,1,floor,floor,output_0,arg_0,train,A
21,2,2,average_of_two,average_of_two,output_0,arg_0|arg_1,train,A
33,2,2,difference_of_numbers,difference_of_numbers,output_0,minuend|subtrahend,train,A
32,1,1,square_value,square_value,output_0,arg_0,train,A
54,2,2,join_values_with,join_values_with,output_0,separator|values,train,A
58,2,2,round_with_mode,round_with_mode,output_0,mode|value,train,A
32,1,1,range_of_values,range_of_values,output_0,values,train,A
43,1,1,sort_values_descending,sort_values_descending,output_0,values,train,A
64,2,2,is_divisible_by,is_divisible_by,output_0,arg_0|arg_1,train,A
40,2,2,add,add,output_0,arg_0|arg_1,train,A
39,1,1,nearest_integer,nearest_integer,output_0,arg_0,train,A
73,3,3,range_of_three,range_of_three,output_0,arg_0|arg_1|arg_2,train,A
61,2,2,format_number_fixed,format_number_fixed,output_0,places|value,train,A
33,1,1,ceiling,ceiling,output_0,arg_0,train,A
62,2,2,append_to_values,append_to_values,output_0,value|values,train,A
35,2,2,product_of_numbers,product_of_numbers,output_0,first_factor|second_factor,train,A
35,1,1,negate,negate,output_0,arg_0,train,A
39,2,2,decrease_by_percent,decrease_by_percent,output_0,base|percent,train,A
52,1,1,position_of_maximum,position_of_maximum,output_0,values,train,A
39,2,2,increase_by_percent,increase_by_percent,output_0,base|percent,train,A
26,2,2,maximum_of_two,maximum_of_two,output_0,arg_0|arg_1,train,A
33,2,2,difference_of_numbers,difference_of_numbers,output_0,minuend|subtrahend,train,A
35,1,1,floor,floor,output_0,arg_0,train,A
24,1,1,sqrt,sqrt,output_0,arg_0,train,A
32,1,1,square_value,square_value,output_0,arg_0,train,A
32,1,1,inverse,inverse,output_0,arg_0,train,A
39,2,2,divide,divide,output_0,arg_0|arg_1,train,A
50,2,2,take_top_values,take_top_values,output_0,k|values,train,A
61,2,2,format_number_fixed,format_number_fixed,output_0,places|value,train,A
28,1,1,flip_sign,flip_sign,output_0,value,train,G
47,2,2,portion_by_rate,portion_by_rate,output_0,rate|reference_value,train,G
35,2,2,grow_by_rate,grow_by_rate,output_0,growth_rate|starting_value,train,G
37,1,1,reciprocal_value,reciprocal_value,output_0,value,train,G
26,1,1,stringify_amount,stringify_amount,output_0,amount,train,G
39,2,2,leftover_after_grouping,leftover_after_grouping,output_0,group_size|total_items,train,G
46,1,1,order_series_high_to_low,order_series_high_to_low,output_0,number_list,train,G
42,2,2,leading_entries,leading_entries,output_0,how_many|number_list,train,G
53,2,2,serialize_series,serialize_series,output_0,delimiter|number_list,train,G
37,2,2,shrink_by_rate,shrink_by_rate,output_0,discount_rate|starting_value,train,G
41,1,1,round_down_whole,round_down_whole,output_0,value,train,G
37,1,1,reciprocal_value,reciprocal_value,output_0,value,train,G
38,1,1,root_extract,root_extract,output_0,input_value,train,G
28,2,2,per_unit_value,per_unit_value,output_0,units|whole,train,G
29,2,2,pairwise_product,pairwise_product,output_0,value_one|value_two,train,G
42,2,2,trim_precision,trim_precision,output_0,digits|raw_value,train,G
42,2,2,proportion_between,proportion_between,output_0,part_value|whole_value,train,G
33,1,1,aggregate_total,aggregate_total,output_0,number_list,train,G
34,2,2,pick_lower,pick_lower,output_0,candidate_a|candidate_b,train,G
35,2,2,pick_higher,pick_higher,output_0,candidate_a|candidate_b,train,G
34,1,1,celsius_from_fahrenheit,celsius_from_fahrenheit,output_0,temp_f,train,G
31,1,1,meters_from_km,meters_from_km,output_0,distance_km,train,G
28,1,1,flip_sign,flip_sign,output_0,value,train,G
46,2,2,render_with_decimals,render_with_decimals,output_0,decimal_count|value,train,G
28,2,2,per_unit_value,per_unit_value,output_0,units|whole,train,G
35,2,2,midpoint_value,midpoint_value,output_0,value_one|value_two,train,G
39,2,2,leftover_after_grouping,leftover_after_grouping,output_0,group_size|total_items,train,G
49,1,1,whole_minutes_from_seconds,whole_minutes_from_seconds,output_0,second_count,train,G
42,2,2,trim_precision,trim_precision,output_0,digits|raw_value,train,G
41,1,1,round_down_whole,round_down_whole,output_0,value,train,G
42,2,2,proportion_between,proportion_between,output_0,part_value|whole_value,train,G
41,2,2,full_groups_of,full_groups_of,output_0,group_size|total_items,train,G
32,1,1,central_value,central_value,output_0,number_list,train,G
51,1,1,digits_added_up,digits_added_up,output_0,whole_value,train,G
44,3,3,dispersion_of_three,dispersion_of_three,output_0,value_one|value_three|value_two,train,G
47,2,2,portion_by_rate,portion_by_rate,output_0,rate|reference_value,train,G
36,1,1,character_count,character_count,output_0,input_text,train,G
53,2,2,split_evenly,split_evenly,output_0,parts|total,train,G
41,2,2,reduce_amount,reduce_amount,output_0,base_value|reduction,train,G
42,2,2,leading_entries,leading_entries,output_0,how_many|number_list,train,G
36,2,2,gap_between,gap_between,output_0,first_value|second_value,train,G
39,2,2,leftover_after_grouping,leftover_after_grouping,output_0,group_size|total_items,train,G
34,2,2,sum_two_numbers,sum_two_numbers,output_0,first_number|second_number,train,A
21,2,2,average_of_two,average_of_two,output_0,arg_0|arg_1,train,A
34,2,2,concat_strings,concat_strings,output_0,first|second,train,A
37,2,2,ratio_of,ratio_of,output_0,denominator|numerator,train,A
24,1,1,sqrt,sqrt,output_0,arg_0,train,A
54,2,2,round_to_decimals,round_to_decimals,output_0,places|value,train,A
30,2,2,percentage_value,percentage_value,output_0,base|rate_percent,train,A
43,2,2,subtract,subtract,output_0,arg_0|arg_1,train,A
30,1,1,meters_to_km,meters_to_km,output_0,meters,train,A
16,2,2,absolute_difference,absolute_difference,output_0,arg_0|arg_1,train,A
34,2,2,sum_two_numbers,sum_two_numbers,output_0,first_number|second_number,train,A
24,1,1,sqrt,sqrt,output_0,arg_0,train,A
23,1,1,sum_of_values,sum_of_values,output_0,values,train,A
38,1,1,max_of_values,max_of_values,output_0,values,train,A
33,2,2,difference_of_numbers,difference_of_numbers,output_0,minuend|subtrahend,train,A
47,1,1,number_to_text,number_to_text,output_0,value,train,A
61,2,2,format_number_fixed,format_number_fixed,output_0,places|value,train,A
38,2,2,percent_of,percent_of,output_0,percent|whole,train,A
59,2,2,filter_values_above,filter_values_above,output_0,threshold|values,train,A
31,1,1,celsius_to_fahrenheit,celsius_to_fahrenheit,output_0,celsius,train,A
39,1,1,mean_of_values,mean_of_values,output_0,values,train,A
36,2,2,gap_between,gap_between,output_0,first_value|second_value,train,G
47,2,2,portion_by_rate,portion_by_rate,output_0,rate|reference_value,train,G
29,1,1,seconds_from_minutes,seconds_from_minutes,output_0,minute_count,train,G
35,1,1,round_up_whole,round_up_whole,output_0,value,train,G
27,1,1,minutes_from_hours,minutes_from_hours,output_0,hour_count,train,G
46,2,2,render_with_decimals,render_with_decimals,output_0,decimal_count|value,train,G
30,2,2,scale_quantity,scale_quantity,output_0,factor|quantity,train,G
51,1,1,digits_added_up,digits_added_up,output_0,whole_value,train,G
41,2,2,combine_amounts,combine_amounts,output_0,amount_a|amount_b,train,G
40,2,2,remaining_after,remaining_after,output_0,from_value|take_away,train,G
42,2,2,leading_entries,leading_entries,output_0,how_many|number_list,train,G
42,2,2,proportion_between,proportion_between,output_0,part_value|whole_value,train,G
26,1,1,stringify_amount,stringify_amount,output_0,amount,train,G
35,2,2,grow_by_rate,grow_by_rate,output_0,growth_rate|starting_value,train,G
66,2,2,build_tag,build_tag,output_0,prefix|value,train,A
35,1,1,negate,negate,output_0,arg_0,train,A
51,2,2,scale_values,scale_values,output_0,factor|values,train,A
42,1,1,digit_sum,digit_sum,output_0,arg_0,train,A
37,2,2,ratio_of,ratio_of,output_0,denominator|numerator,train,A
32,1,1,inverse,inverse,output_0,arg_0,train,A
35,2,2,product_of_numbers,product_of_numbers,output_0,first_factor|second_factor,train,A
32,1,1,range_of_values,range_of_values,output_0,values,train,A
39,2,2,leftover_after_grouping,leftover_after_grouping,output_0,group_size|total_items,train,G
38,3,3,balance_of_three,balance_of_three,output_0,reading_one|reading_three|reading_two,train,G
52,1,1,rank_of_peak,rank_of_peak,output_0,number_list,train,G
36,3,3,total_of_three_parts,total_of_three_parts,output_0,part_one|part_three|part_two,train,G
31,2,2,join_text_pieces,join_text_pieces,output_0,piece_one|piece_two,train,G
41,2,2,reduce_amount,reduce_amount,output_0,base_value|reduction,train,G
54,3,3,inside_limits,inside_limits,output_0,high_limit|low_limit|reading,train,G
42,2,2,proportion_between,proportion_between,output_0,part_value|whole_value,train,G
38,1,1,series_length,series_length,output_0,number_list,train,G
35,3,3,bound_within,bound_within,output_0,high_limit|input_value|low_limit,train,G
50,2,2,annotate_measurement,annotate_measurement,output_0,measurement|unit_name,train,G
36,2,2,gap_between,gap_between,output_0,first_value|second_value,train,G
35,2,2,exponentiate,exponentiate,output_0,base_value|power_value,train,G
35,2,2,pick_higher,pick_higher,output_0,candidate_a|candidate_b,train,G
53,2,2,rescale_series,rescale_series,output_0,multiplier|number_list,train,G
41,2,2,combine_amounts,combine_amounts,output_0,amount_a|amount_b,train,G
34,1,1,celsius_from_fahrenheit,celsius_from_fahrenheit,output_0,temp_f,train,G
42,2,2,extend_series_with,extend_series_with,output_0,new_entry|number_list,train,G
42,2,2,leading_entries,leading_entries,output_0,how_many|number_list,train,G
37,1,1,reciprocal_value,reciprocal_value,output_0,value,train,G
42,2,2,proportion_between,proportion_between,output_0,part_value|whole_value,train,G
35,2,2,pick_higher,pick_higher,output_0,candidate_a|candidate_b,train,G
35,1,1,round_up_whole,round_up_whole,output_0,value,train,G
35,1,1,peak_of_series,peak_of_series,output_0,number_list,train,G
38,1,1,root_extract,root_extract,output_0,input_value,train,G
46,2,2,total_of_pair,total_of_pair,output_0,left|right,train,G
39,1,1,self_product,self_product,output_0,value,train,G
28,1,1,flip_sign,flip_sign,output_0,value,train,G
43,1,1,accumulate_series,accumulate_series,output_0,number_list,train,G
47,2,2,portion_by_rate,portion_by_rate,output_0,rate|reference_value,train,G
37,1,1,reciprocal_value,reciprocal_value,output_0,value,train,G
31,1,1,meters_from_km,meters_from_km,output_0,distance_km,train,G
46,2,2,render_with_decimals,render_with_decimals,output_0,decimal_count|value,train,G
49,2,2,entries_over_limit,entries_over_limit,output_0,limit|number_list,train,G
36,3,3,total_of_three_parts,total_of_three_parts,output_0,part_one|part_three|part_two,train,G
28,1,1,flip_sign,flip_sign,output_0,value,train,G
42,2,2,trim_precision,trim_precision,output_0,digits|raw_value,train,G
41,1,1,round_down_whole,round_down_whole,output_0,value,train,G
53,2,2,compose_reference_code,compose_reference_code,output_0,code_number|code_prefix,train,G
47,2,2,portion_by_rate,portion_by_rate,output_0,rate|reference_value,train,G
36,2,2,gap_between,gap_between,output_0,first_value|second_value,train,G
36,1,1,character_count,character_count,output_0,input_text,train,G
30,2,2,scale_quantity,scale_quantity,output_0,factor|quantity,train,G
35,2,2,midpoint_value,midpoint_value,output_0,value_one|value_two,train,G
35,2,2,exponentiate,exponentiate,output_0,base_value|power_value,train,G
44,3,3,dispersion_of_three,dispersion_of_three,output_0,value_one|value_three|value_two,train,G
41,2,2,combine_amounts,combine_amounts,output_0,amount_a|amount_b,train,G
35,1,1,round_up_whole,round_up_whole,output_0,value,train,G
46,2,2,render_with_decimals,render_with_decimals,output_0,decimal_count|value,train,G
30,2,2,scale_quantity,scale_quantity,output_0,factor|quantity,train,G
38,1,1,root_extract,root_extract,output_0,input_value,train,G
49,2,2,adjust_to_whole,adjust_to_whole,output_0,direction|value,train,G
39,1,1,self_product,self_product,output_0,value,train,G
36,2,2,gap_between,gap_between,output_0,first_value|second_value,train,G
35,2,2,midpoint_value,midpoint_value,output_0,value_one|value_two,train,G
37,2,2,shrink_by_rate,shrink_by_rate,output_0,discount_rate|starting_value,train,G
35,2,2,grow_by_rate,grow_by_rate,output_0,growth_rate|starting_value,train,G
47,2,2,portion_by_rate,portion_by_rate,output_0,rate|reference_value,train,G
35,3,3,bound_within,bound_within,output_0,high_limit|input_value|low_limit,train,G
50,2,2,annotate_measurement,annotate_measurement,output_0,measurement|unit_name,train,G
53,2,2,split_evenly,split_evenly,output_0,parts|total,train,G
27,1,1,minutes_from_hours,minutes_from_hours,output_0,hour_count,train,G
42,2,2,proportion_between,proportion_between,output_0,part_value|whole_value,train,G
35,2,2,exponentiate,exponentiate,output_0,base_value|power_value,train,G
35,2,2,pick_higher,pick_higher,output_0,candidate_a|candidate_b,train,G
54,3,3,inside_limits,inside_limits,output_0,high_limit|low_limit|reading,train,G
29,2,2,pairwise_product,pairwise_product,output_0,value_one|value_two,train,G
28,1,1,flip_sign,flip_sign,output_0,value,train,G
41,2,2,reduce_amount,reduce_amount,output_0,base_value|reduction,train,G
35,1,1,peak_of_series,peak_of_series,output_0,number_list,train,G
39,1,1,self_product,self_product,output_0,value,train,G
31,2,2,join_text_pieces,join_text_pieces,output_0,piece_one|piece_two,train,G
42,2,2,trim_precision,trim_precision,output_0,digits|raw_value,train,G
46,1,1,order_series_high_to_low,order_series_high_to_low,output_0,number_list,train,G
53,2,2,rescale_series,rescale_series,output_0,multiplier|number_list,train,G
27,1,1,minutes_from_hours,minutes_from_hours,output_0,hour_count,train,G
37,2,2,ratio_of,ratio_of,output_0,denominator|numerator,train,A
39,1,1,nearest_integer,nearest_integer,output_0,arg_0,train,A
38,2,2,percent_of,percent_of,output_0,percent|whole,train,A
39,2,2,decrease_by_percent,decrease_by_percent,output_0,base|percent,train,A
50,1,1,seconds_to_full_minutes,seconds_to_full_minutes,output_0,seconds,train,A
35,1,1,floor,floor,output_0,arg_0,train,A
35,1,1,negate,negate,output_0,arg_0,train,A
33,1,1,ceiling,ceiling,output_0,arg_0,train,A
37,1,1,fahrenheit_from_celsius,fahrenheit_from_celsius,output_0,temp_c,train,G
39,2,2,leftover_after_grouping,leftover_after_grouping,output_0,group_size|total_items,train,G
38,1,1,root_extract,root_extract,output_0,input_value,train,G
53,2,2,split_evenly,split_evenly,output_0,parts|total,train,G
42,2,2,leading_entries,leading_entries,output_0,how_many|number_list,train,G
42,2,2,trim_precision,trim_precision,output_0,digits|raw_value,train,G
51,2,2,divides_evenly,divides_evenly,output_0,group_size|total_amount,train,G
42,2,2,extend_series_with,extend_series_with,output_0,new_entry|number_list,train,G
38,1,1,series_length,series_length,output_0,number_list,train,G
41,2,2,combine_amounts,combine_amounts,output_0,amount_a|amount_b,train,G
33,1,1,whole_number_of,whole_number_of,output_0,value,train,G
41,2,2,reduce_amount,reduce_amount,output_0,base_value|reduction,train,G
42,2,2,trim_precision,trim_precision,output_0,digits|raw_value,train,G
35,1,1,round_up_whole,round_up_whole,output_0,value,train,G
34,1,1,series_spread,series_spread,output_0,number_list,train,G
39,2,2,leftover_after_grouping,leftover_after_grouping,output_0,group_size|total_items,train,G
34,2,2,pick_lower,pick_lower,output_0,candidate_a|candidate_b,train,G
27,1,1,minutes_from_hours,minutes_from_hours,output_0,hour_count,train,G
35,2,2,grow_by_rate,grow_by_rate,output_0,growth_rate|starting_value,train,G
35,2,2,pick_higher,pick_higher,output_0,candidate_a|candidate_b,train,G
30,2,2,percentage_value,percentage_value,output_0,base|rate_percent,train,A
27,2,2,minimum_of_two,minimum_of_two,output_0,arg_0|arg_1,train,A
16,2,2,absolute_difference,absolute_difference,output_0,arg_0|arg_1,train,A
35,1,1,floor,floor,output_0,arg_0,train,A
32,1,1,square_value,square_value,output_0,arg_0,train,A
54,2,2,round_to_decimals,round_to_decimals,output_0,places|value,train,A
32,1,1,inverse,inverse,output_0,arg_0,train,A
39,1,1,min_of_values,min_of_values,output_0,values,train,A
37,2,2,ratio_of,ratio_of,output_0,denominator|numerator,train,A
24,1,1,sqrt,sqrt,output_0,arg_0,train,A
66,2,2,build_tag,build_tag,output_0,prefix|value,train,A
38,2,2,percent_of,percent_of,output_0,percent|whole,train,A
30,2,2,modulo_of,modulo_of,output_0,dividend|divisor,train,A
30,1,1,meters_to_km,meters_to_km,output_0,meters,train,A
43,2,2,subtract,subtract,output_0,arg_0|arg_1,train,A
16,2,2,absolute_difference,absolute_difference,output_0,arg_0|arg_1,train,A
51,2,2,scale_values,scale_values,output_0,factor|values,train,A
54,2,2,round_to_decimals,round_to_decimals,output_0,places|value,train,A
32,1,1,square_value,square_value,output_0,arg_0,train,A
39,2,2,increase_by_percent,increase_by_percent,output_0,base|percent,train,A
34,2,2,whole_quotient,whole_quotient,output_0,dividend|divisor,train,A
37,2,2,reminder,reminder,output_0,arg_0|arg_1,train,A
23,2,2,multiply,multiply,output_0,arg_0|arg_1,train,A
52,1,1,position_of_maximum,position_of_maximum,output_0,values,train,A
30,2,2,percentage_value,percentage_value,output_0,base|rate_percent,train,A
40,2,2,add,add,output_0,arg_0|arg_1,train,A
39,2,2,decrease_by_percent,decrease_by_percent,output_0,base|percent,train,A
62,2,2,append_to_values,append_to_values,output_0,value|values,train,A
73,3,3,range_of_three,range_of_three,output_0,arg_0|arg_1|arg_2,train,A
35,1,1,negate,negate,output_0,arg_0,train,A
37,2,2,ratio_of,ratio_of,output_0,denominator|numerator,train,A
39,2,2,increase_by_percent,increase_by_percent,output_0,base|percent,train,A
39,2,2,increase_by_percent,increase_by_percent,output_0,base|percent,train,A
47,1,1,number_to_text,number_to_text,output_0,value,train,A
54,2,2,round_to_decimals,round_to_decimals,output_0,places|value,train,A
30,2,2,percentage_value,percentage_value,output_0,base|rate_percent,train,A
34,2,2,whole_quotient,whole_quotient,output_0,dividend|divisor,train,A
35,2,2,product_of_numbers,product_of_numbers,output_0,first_factor|second_factor,train,A
66,2,2,build_tag,build_tag,output_0,prefix|value,train,A
30,1,1,meters_to_km,meters_to_km,output_0,meters,train,A
50,1,1,seconds_to_full_minutes,seconds_to_full_minutes,output_0,seconds,train,A
32,1,1,inverse,inverse,output_0,arg_0,train,A
26,1,1,hours_to_minutes,hours_to_minutes,output_0,hours,train,A
34,2,2,concat_strings,concat_strings,output_0,first|second,train,A
35,2,2,product_of_numbers,product_of_numbers,output_0,first_factor|second_factor,train,A
23,1,1,sum_of_values,sum_of_values,output_0,values,train,A
39,2,2,decrease_by_percent,decrease_by_percent,output_0,base|percent,train,A
61,2,2,format_number_fixed,format_number_fixed,output_0,places|value,train,A
34,2,2,sum_two_numbers,sum_two_numbers,output_0,first_number|second_number,train,A
27,2,2,minimum_of_two,minimum_of_two,output_0,arg_0|arg_1,train,A
43,2,2,subtract,subtract,output_0,arg_0|arg_1,train,A
35,1,1,floor,floor,output_0,arg_0,train,A
50,1,1,seconds_to_full_minutes,seconds_to_full_minutes,output_0,seconds,train,A
39,1,1,nearest_integer,nearest_integer,output_0,arg_0,train,A
26,1,1,hours_to_minutes,hours_to_minutes,output_0,hours,train,A
42,1,1,digit_sum,digit_sum,output_0,arg_0,train,A
64,2,2,is_divisible_by,is_divisible_by,output_0,arg_0|arg_1,train,A
26,2,2,exponent_of,exponent_of,output_0,base|exponent,train,A
23,2,2,multiply,multiply,output_0,arg_0|arg_1,train,A
45,1,1,text_length,text_length,output_0,text,train,A
34,2,2,concat_strings,concat_strings,output_0,first|second,train,A
34,2,2,sum_two_numbers,sum_two_numbers,output_0,first_number|second_number,train,A
31,1,1,fahrenheit_to_celsius,fahrenheit_to_celsius,output_0,fahrenheit,train,A
30,1,1,km_to_meters,km_to_meters,output_0,kilometers,train,A
32,1,1,inverse,inverse,output_0,arg_0,train,A
24,1,1,sqrt,sqrt,output_0,arg_0,train,A
73,3,3,range_of_three,range_of_three,output_0,arg_0|arg_1|arg_2,train,A
30,1,1,meters_to_km,meters_to_km,output_0,meters,train,A
32,1,1,square_value,square_value,output_0,arg_0,train,A
45,3,3,mean_of_three,mean_of_three,output_0,arg_0|arg_1|arg_2,train,A
43,1,1,sort_values_descending,sort_values_descending,output_0,values,train,A
54,2,2,round_to_decimals,round_to_decimals,output_0,places|value,train,A
36,2,2,gap_between,gap_between,output_0,first_value|second_value,train,G
41,2,2,combine_amounts,combine_amounts,output_0,amount_a|amount_b,train,G
26,1,1,stringify_amount,stringify_amount,output_0,amount,train,G
29,1,1,seconds_from_minutes,seconds_from_minutes,output_0,minute_count,train,G
39,1,1,self_product,self_product,output_0,value,train,G
49,1,1,whole_minutes_from_seconds,whole_minutes_from_seconds,output_0,second_count,train,G
39,2,2,leftover_after_grouping,leftover_after_grouping,output_0,group_size|total_items,train,G
35,1,1,round_up_whole,round_up_whole,output_0,value,train,G
42,2,2,trim_precision,trim_precision,output_0,digits|raw_value,train,G
34,1,1,series_spread,series_spread,output_0,number_list,train,G
41,2,2,full_groups_of,full_groups_of,output_0,group_size|total_items,train,G
42,2,2,leading_entries,leading_entries,output_0,how_many|number_list,train,G
42,2,2,proportion_between,proportion_between,output_0,part_value|whole_value,train,G
41,1,1,round_down_whole,round_down_whole,output_0,value,train,G
28,2,2,per_unit_value,per_unit_value,output_0,units|whole,train,G
38,1,1,root_extract,root_extract,output_0,input_value,train,G
38,3,3,balance_of_three,balance_of_three,output_0,reading_one|reading_three|reading_two,train,G
54,2,2,join_values_with,join_values_with,output_0,separator|values,train,A
30,2,2,modulo_of,modulo_of,output_0,dividend|divisor,train,A
54,2,2,round_to_decimals,round_to_decimals,output_0,places|value,train,A
41,3,3,sum_of_three,sum_of_three,output_0,arg_0|arg_1|arg_2,train,A
33,1,1,ceiling,ceiling,output_0,arg_0,train,A
35,1,1,negate,negate,output_0,arg_0,train,A
39,2,2,divide,divide,output_0,arg_0|arg_1,train,A
21,2,2,average_of_two,average_of_two,output_0,arg_0|arg_1,train,A
35,1,1,floor,floor,output_0,arg_0,train,A
62,2,2,is_greater,is_greater,output_0,arg_0|arg_1,train,A
23,2,2,multiply,multiply,output_0,arg_0|arg_1,train,A
39,1,1,mean_of_values,mean_of_values,output_0,values,train,A
37,2,2,ratio_of,ratio_of,output_0,denominator|numerator,train,A
41,2,2,full_groups_of,full_groups_of,output_0,group_size|total_items,train,G
44,3,3,dispersion_of_three,dispersion_of_three,output_0,value_one|value_three|value_two,train,G
38,1,1,root_extract,root_extract,output_0,input_value,train,G
37,2,2,shrink_by_rate,shrink_by_rate,output_0,discount_rate|starting_value,train,G
35,2,2,pick_higher,pick_higher,output_0,candidate_a|candidate_b,train,G
38,3,3,balance_of_three,balance_of_three,output_0,reading_one|reading_three|reading_two,train,G
36,3,3,total_of_three_parts,total_of_three_parts,output_0,part_one|part_three|part_two,train,G
35,1,1,round_up_whole,round_up_whole,output_0,value,train,G
35,2,2,midpoint_value,midpoint_value,output_0,value_one|value_two,train,G
32,1,1,central_value,central_value,output_0,number_list,train,G
49,1,1,whole_minutes_from_seconds,whole_minutes_from_seconds,output_0,second_count,train,G
41,2,2,reduce_amount,reduce_amount,output_0,base_value|reduction,train,G
29,2,2,pairwise_product,pairwise_product,output_0,value_one|value_two,train,G
32,2,2,quotient_of,quotient_of,output_0,denominator|numerator,train,A
30,1,1,km_to_meters,km_to_meters,output_0,kilometers,train,A
43,1,1,sort_values_descending,sort_values_descending,output_0,values,train,A
51,2,2,scale_values,scale_values,output_0,factor|values,train,A
38,2,2,power,power,output_0,arg_0|arg_1,train,A
60,3,3,is_within_range,is_within_range,output_0,maximum|minimum|value,train,A
23,2,2,multiply,multiply,output_0,arg_0|arg_1,train,A
62,2,2,append_to_values,append_to_values,output_0,value|values,train,A
39,1,1,running_totals,running_totals,output_0,values,train,A
37,2,2,ratio_of,ratio_of,output_0,denominator|numerator,train,A
39,2,2,divide,divide,output_0,arg_0|arg_1,train,A
30,2,2,percentage_value,percentage_value,output_0,base|rate_percent,train,A
34,2,2,whole_quotient,whole_quotient,output_0,dividend|divisor,train,A
39,2,2,decrease_by_percent,decrease_by_percent,output_0,base|percent,train,A
32,1,1,square_value,square_value,output_0,arg_0,train,A
24,1,1,sqrt,sqrt,output_0,arg_0,train,A
39,1,1,nearest_integer,nearest_integer,output_0,arg_0,train,A
47,1,1,number_to_text,number_to_text,output_0,value,train,A
41,2,2,reduce_amount,reduce_amount,output_0,base_value|reduction,train,G
34,1,1,series_spread,series_spread,output_0,number_list,train,G
35,1,1,peak_of_series,peak_of_series,output_0,number_list,train,G
39,1,1,self_product,self_product,output_0,value,train,G
36,2,2,gap_between,gap_between,output_0,first_value|second_value,train,G
36,1,1,character_count,character_count,output_0,input_text,train,G
52,1,1,rank_of_peak,rank_of_peak,output_0,number_list,train,G
34,1,1,celsius_from_fahrenheit,celsius_from_fahrenheit,output_0,temp_f,train,G
38,1,1,root_extract,root_extract,output_0,input_value,train,G
35,2,2,exponentiate,exponentiate,output_0,base_value|power_value,train,G
29,1,1,seconds_from_minutes,seconds_from_minutes,output_0,minute_count,train,G
46,2,2,total_of_pair,total_of_pair,output_0,left|right,train,G
30,2,2,scale_quantity,scale_quantity,output_0,factor|quantity,train,G
51,1,1,digits_added_up,digits_added_up,output_0,whole_value,train,G
47,2,2,portion_by_rate,portion_by_rate,output_0,rate|reference_value,train,G
37,1,1,reciprocal_value,reciprocal_value,output_0,value,train,G
53,2,2,split_evenly,split_evenly,output_0,parts|total,train,G
41,2,2,combine_amounts,combine_amounts,output_0,amount_a|amount_b,train,G
42,2,2,trim_precision,trim_precision,output_0,digits|raw_value,train,G
41,1,1,round_down_whole,round_down_whole,output_0,value,train,G
28,1,1,flip_sign,flip_sign,output_0,value,train,G
16,2,2,absolute_difference,absolute_difference,output_0,arg_0|arg_1,train,A
39,2,2,decrease_by_percent,decrease_by_percent,output_0,base|percent,train,A
37,2,2,ratio_of,ratio_of,output_0,denominator|numerator,train,A
38,1,1,max_of_values,max_of_values,output_0,values,train,A
60,3,3,is_within_range,is_within_range,output_0,maximum|minimum|value,train,A
23,1,1,sum_of_values,sum_of_values,output_0,values,train,A
32,1,1,inverse,inverse,output_0,arg_0,train,A
26,2,2,maximum_of_two,maximum_of_two,output_0,arg_0|arg_1,train,A
30,1,1,km_to_meters,km_to_meters,output_0,kilometers,train,A
57,2,2,label_with_unit,label_with_unit,output_0,unit|value,train,A
61,2,2,format_number_fixed,format_number_fixed,output_0,places|value,train,A
66,2,2,build_tag,build_tag,output_0,prefix|value,train,A
30,1,1,count_of_values,count_of_values,output_0,values,train,A
50,2,2,take_top_values,take_top_values,output_0,k|values,train,A
41,3,3,sum_of_three,sum_of_three,output_0,arg_0|arg_1|arg_2,train,A
39,2,2,increase_by_percent,increase_by_percent,output_0,base|percent,train,A
32,1,1,square_value,square_value,output_0,arg_0,train,A
39,2,2,divide,divide,output_0,arg_0|arg_1,train,A
39,1,1,nearest_integer,nearest_integer,output_0,arg_0,train,A
37,2,2,ratio_of,ratio_of,output_0,denominator|numerator,train,A
32,1,1,inverse,inverse,output_0,arg_0,train,A
24,1,1,sqrt,sqrt,output_0,arg_0,train,A
73,3,3,range_of_three,range_of_three,output_0,arg_0|arg_1|arg_2,train,A
16,2,2,absolute_difference,absolute_difference,output_0,arg_0|arg_1,train,A
38,2,2,percent_of,percent_of,output_0,percent|whole,train,A
35,1,1,round_up_whole,round_up_whole,output_0,value,train,G
28,1,1,flip_sign,flip_sign,output_0,value,train,G
36,1,1,character_count,character_count,output_0,input_text,train,G
39,2,2,leftover_after_grouping,leftover_after_grouping,output_0,group_size|total_items,train,G
47,2,2,portion_by_rate,portion_by_rate,output_0,rate|reference_value,train,G
36,2,2,gap_between,gap_between,output_0,first_value|second_value,train,G
41,2,2,combine_amounts,combine_amounts,output_0,amount_a|amount_b,train,G
37,1,1,reciprocal_value,reciprocal_value,output_0,value,train,G
46,1,1,order_series_high_to_low,order_series_high_to_low,output_0,number_list,train,G
50,2,2,annotate_measurement,annotate_measurement,output_0,measurement|unit_name,train,G
28,1,1,minutes_to_seconds,minutes_to_seconds,output_0,minutes,train,A
16,2,2,absolute_difference,absolute_difference,output_0,arg_0|arg_1,train,A
33,2,2,difference_of_numbers,difference_of_numbers,output_0,minuend|subtrahend,train,A
23,1,1,sum_of_values,sum_of_values,output_0,values,train,A
21,2,2,average_of_two,average_of_two,output_0,arg_0|arg_1,train,A
40,2,2,add,add,output_0,arg_0|arg_1,train,A
39,2,2,decrease_by_percent,decrease_by_percent,output_0,base|percent,train,A
54,2,2,join_values_with,join_values_with,output_0,separator|values,train,A
50,1,1,seconds_to_full_minutes,seconds_to_full_minutes,output_0,seconds,train,A
32,2,2,quotient_of,quotient_of,output_0,denominator|numerator,train,A
62,2,2,is_greater,is_greater,output_0,arg_0|arg_1,train,A
35,1,1,floor,floor,output_0,arg_0,train,A
58,2,2,round_with_mode,round_with_mode,output_0,mode|value,train,A
38,1,1,parse_numeric_text,parse_numeric_text,output_0,text,train,A
37,2,2,ratio_of,ratio_of,output_0,denominator|numerator,train,A
39,2,2,increase_by_percent,increase_by_percent,output_0,base|percent,train,A
31,1,1,meters_from_km,meters_from_km,output_0,distance_km,train,G
46,2,2,render_with_decimals,render_with_decimals,output_0,decimal_count|value,train,G
53,2,2,split_evenly,split_evenly,output_0,parts|total,train,G
35,2,2,midpoint_value,midpoint_value,output_0,value_one|value_two,train,G
47,2,2,portion_by_rate,portion_by_rate,output_0,rate|reference_value,train,G
36,3,3,total_of_three_parts,total_of_three_parts,output_0,part_one|part_three|part_two,train,G
26,1,1,stringify_amount,stringify_amount,output_0,amount,train,G
37,2,2,shrink_by_rate,shrink_by_rate,output_0,discount_rate|starting_value,train,G
43,1,1,accumulate_series,accumulate_series,output_0,number_list,train,G
35,3,3,bound_within,bound_within,output_0,high_limit|input_value|low_limit,train,G
32,1,1,central_value,central_value,output_0,number_list,train,G
35,1,1,km_from_meters,km_from_meters,output_0,distance_m,train,G
37,1,1,reciprocal_value,reciprocal_value,output_0,value,train,G
46,2,2,total_of_pair,total_of_pair,output_0,left|right,train,G
38,1,1,root_extract,root_extract,output_0,input_value,train,G
35,2,2,midpoint_value,midpoint_value,output_0,value_one|value_two,train,G
34,2,2,pick_lower,pick_lower,output_0,candidate_a|candidate_b,train,G
41,2,2,full_groups_of,full_groups_of,output_0,group_size|total_items,train,G
37,2,2,shrink_by_rate,shrink_by_rate,output_0,discount_rate|starting_value,train,G
34,1,1,celsius_from_fahrenheit,celsius_from_fahrenheit,output_0,temp_f,train,G
36,3,3,total_of_three_parts,total_of_three_parts,output_0,part_one|part_three|part_two,train,G
44,3,3,dispersion_of_three,dispersion_of_three,output_0,value_one|value_three|value_two,train,G
33,1,1,whole_number_of,whole_number_of,output_0,value,train,G
36,2,2,gap_between,gap_between,output_0,first_value|second_value,train,G
54,3,3,inside_limits,inside_limits,output_0,high_limit|low_limit|reading,train,G
46,1,1,order_series_high_to_low,order_series_high_to_low,output_0,number_list,train,G
38,1,1,root_extract,root_extract,output_0,input_value,train,G
34,2,2,pick_lower,pick_lower,output_0,candidate_a|candidate_b,train,G
52,2,2,exceeds_value,exceeds_value,output_0,limit|measured_value,train,G
41,2,2,reduce_amount,reduce_amount,output_0,base_value|reduction,train,G
47,2,2,portion_by_rate,portion_by_rate,output_0,rate|reference_value,train,G
53,2,2,compose_reference_code,compose_reference_code,output_0,code_number|code_prefix,train,G
39,1,1,self_product,self_product,output_0,value,train,G
37,2,2,shrink_by_rate,shrink_by_rate,output_0,discount_rate|starting_value,train,G
35,2,2,exponentiate,exponentiate,output_0,base_value|power_value,train,G
62,2,2,append_to_values,append_to_values,output_0,value|values,train,A
54,2,2,round_to_decimals,round_to_decimals,output_0,places|value,train,A
50,2,2,take_top_values,take_top_values,output_0,k|values,train,A
41,3,3,sum_of_three,sum_of_three,output_0,arg_0|arg_1|arg_2,train,A
40,2,2,add,add,output_0,arg_0|arg_1,train,A
39,1,1,min_of_values,min_of_values,output_0,values,train,A
42,1,1,digit_sum,digit_sum,output_0,arg_0,train,A
73,3,3,range_of_three,range_of_three,output_0,arg_0|arg_1|arg_2,train,A
34,2,2,concat_strings,concat_strings,output_0,first|second,train,A
30,2,2,percentage_value,percentage_value,output_0,base|rate_percent,train,A
26,2,2,maximum_of_two,maximum_of_two,output_0,arg_0|arg_1,train,A
32,1,1,range_of_values,range_of_values,output_0,values,train,A
30,2,2,floor_divide,floor_divide,output_0,arg_0|arg_1,train,A
35,1,1,floor,floor,output_0,arg_0,train,A
50,1,1,seconds_to_full_minutes,seconds_to_full_minutes,output_0,seconds,train,A
37,2,2,reminder,reminder,output_0,arg_0|arg_1,train,A
23,2,2,multiply,multiply,output_0,arg_0|arg_1,train,A
39,1,1,nearest_integer,nearest_integer,output_0,arg_0,train,A
39,2,2,decrease_by_percent,decrease_by_percent,output_0,base|percent,train,A
40,2,2,add,add,output_0,arg_0|arg_1,train,A
26,2,2,maximum_of_two,maximum_of_two,output_0,arg_0|arg_1,train,A
54,2,2,round_to_decimals,round_to_decimals,output_0,places|value,train,A
43,2,2,subtract,subtract,output_0,arg_0|arg_1,train,A
30,1,1,count_of_values,count_of_values,output_0,values,train,A
39,1,1,running_totals,running_totals,output_0,values,train,A
39,2,2,increase_by_percent,increase_by_percent,output_0,base|percent,train,A
26,2,2,exponent_of,exponent_of,output_0,base|exponent,train,A
30,1,1,km_to_meters,km_to_meters,output_0,kilometers,train,A
33,1,1,ceiling,ceiling,output_0,arg_0,train,A
16,2,2,absolute_difference,absolute_difference,output_0,arg_0|arg_1,train,A
39,1,1,running_totals,running_totals,output_0,values,train,A
16,2,2,absolute_difference,absolute_difference,output_0,arg_0|arg_1,train,A
39,2,2,increase_by_percent,increase_by_percent,output_0,base|percent,train,A
45,3,3,mean_of_three,mean_of_three,output_0,arg_0|arg_1|arg_2,train,A
23,2,2,multiply,multiply,output_0,arg_0|arg_1,train,A
21,2,2,average_of_two,average_of_two,output_0,arg_0|arg_1,train,A
32,2,2,quotient_of,quotient_of,output_0,denominator|numerator,train,A
30,1,1,meters_to_km,meters_to_km,output_0,meters,train,A
30,2,2,floor_divide,floor_divide,output_0,arg_0|arg_1,train,A
39,2,2,decrease_by_percent,decrease_by_percent,output_0,base|percent,train,A
49,1,1,whole_minutes_from_seconds,whole_minutes_from_seconds,output_0,second_count,train,G
40,2,2,remaining_after,remaining_after,output_0,from_value|take_away,train,G
47,2,2,portion_by_rate,portion_by_rate,output_0,rate|reference_value,train,G
42,2,2,proportion_between,proportion_between,output_0,part_value|whole_value,train,G
28,2,2,per_unit_value,per_unit_value,output_0,units|whole,train,G
41,2,2,full_groups_of,full_groups_of,output_0,group_size|total_items,train,G
37,2,2,shrink_by_rate,shrink_by_rate,output_0,discount_rate|starting_value,train,G
41,2,2,combine_amounts,combine_amounts,output_0,amount_a|amount_b,train,G
35,2,2,grow_by_rate,grow_by_rate,output_0,growth_rate|starting_value,train,G
34,2,2,pick_lower,pick_lower,output_0,candidate_a|candidate_b,train,G
42,2,2,proportion_between,proportion_between,output_0,part_value|whole_value,train,G
47,2,2,portion_by_rate,portion_by_rate,output_0,rate|reference_value,train,G
41,2,2,reduce_amount,reduce_amount,output_0,base_value|reduction,train,G
28,2,2,per_unit_value,per_unit_value,output_0,units|whole,train,G
41,2,2,combine_amounts,combine_amounts,output_0,amount_a|amount_b,train,G
46,2,2,render_with_decimals,render_with_decimals,output_0,decimal_count|value,train,G
31,1,1,meters_from_km,meters_from_km,output_0,distance_km,train,G
35,1,1,round_up_whole,round_up_whole,output_0,value,train,G
52,1,1,position_of_maximum,position_of_maximum,output_0,values,train,A
43,2,2,subtract,subtract,output_0,arg_0|arg_1,train,A
31,1,1,celsius_to_fahrenheit,celsius_to_fahrenheit,output_0,celsius,train,A
54,2,2,round_to_decimals,round_to_decimals,output_0,places|value,train,A
51,2,2,scale_values,scale_values,output_0,factor|values,train,A
32,1,1,inverse,inverse,output_0,arg_0,train,A
21,2,2,average_of_two,average_of_two,output_0,arg_0|arg_1,train,A
28,1,1,minutes_to_seconds,minutes_to_seconds,output_0,minutes,train,A
40,2,2,add,add,output_0,arg_0|arg_1,train,A
42,1,1,digit_sum,digit_sum,output_0,arg_0,train,A
35,2,2,pick_higher,pick_higher,output_0,candidate_a|candidate_b,train,G
35,1,1,peak_of_series,peak_of_series,output_0,number_list,train,G
33,1,1,whole_number_of,whole_number_of,output_0,value,train,G
42,2,2,extend_series_with,extend_series_with,output_0,new_entry|number_list,train,G
41,2,2,reduce_amount,reduce_amount,output_0,base_value|reduction,train,G
38,3,3,balance_of_three,balance_of_three,output_0,reading_one|reading_three|reading_two,train,G
37,1,1,fahrenheit_from_celsius,fahrenheit_from_celsius,output_0,temp_c,train,G
39,2,2,leftover_after_grouping,leftover_after_grouping,output_0,group_size|total_items,train,G
35,2,2,grow_by_rate,grow_by_rate,output_0,growth_rate|starting_value,train,G
47,2,2,portion_by_rate,portion_by_rate,output_0,rate|reference_value,train,G
16,2,2,absolute_difference,absolute_difference,output_0,arg_0|arg_1,train,A
21,2,2,average_of_two,average_of_two,output_0,arg_0|arg_1,train,A
31,1,1,fahrenheit_to_celsius,fahrenheit_to_celsius,output_0,fahrenheit,train,A
40,2,2,add,add,output_0,arg_0|arg_1,train,A
30,1,1,meters_to_km,meters_to_km,output_0,meters,train,A
33,2,2,difference_of_numbers,difference_of_numbers,output_0,minuend|subtrahend,train,A
66,2,2,build_tag,build_tag,output_0,prefix|value,train,A
54,2,2,round_to_decimals,round_to_decimals,output_0,places|value,train,A
50,1,1,seconds_to_full_minutes,seconds_to_full_minutes,output_0,seconds,train,A
16,2,2,absolute_difference,absolute_difference,output_0,arg_0|arg_1,train,A
58,2,2,round_with_mode,round_with_mode,output_0,mode|value,train,A
47,1,1,number_to_text,number_to_text,output_0,value,train,A
26,2,2,maximum_of_two,maximum_of_two,output_0,arg_0|arg_1,train,A
64,2,2,is_divisible_by,is_divisible_by,output_0,arg_0|arg_1,train,A
62,2,2,is_greater,is_greater,output_0,arg_0|arg_1,train,A
38,2,2,percent_of,percent_of,output_0,percent|whole,train,A
39,1,1,nearest_integer,nearest_integer,output_0,arg_0,train,A
38,2,2,power,power,output_0,arg_0|arg_1,train,A
50,2,2,take_top_values,take_top_values,output_0,k|values,train,A
50,1,1,seconds_to_full_minutes,seconds_to_full_minutes,output_0,seconds,train,A
28,1,1,minutes_to_seconds,minutes_to_seconds,output_0,minutes,train,A
34,2,2,sum_two_numbers,sum_two_numbers,output_0,first_number|second_number,train,A
51,2,2,scale_values,scale_values,output_0,factor|values,train,A
47,1,1,number_to_text,number_to_text,output_0,value,train,A
33,2,2,difference_of_numbers,difference_of_numbers,output_0,minuend|subtrahend,train,A
54,2,2,join_values_with,join_values_with,output_0,separator|values,train,A
62,2,2,is_greater,is_greater,output_0,arg_0|arg_1,train,A
40,2,2,add,add,output_0,arg_0|arg_1,train,A
33,2,2,difference_of_numbers,difference_of_numbers,output_0,minuend|subtrahend,train,A
38,1,1,parse_numeric_text,parse_numeric_text,output_0,text,train,A
16,2,2,absolute_difference,absolute_difference,output_0,arg_0|arg_1,train,A
66,2,2,build_tag,build_tag,output_0,prefix|value,train,A
26,2,2,maximum_of_two,maximum_of_two,output_0,arg_0|arg_1,train,A
51,2,2,scale_values,scale_values,output_0,factor|values,train,A
61,2,2,format_number_fixed,format_number_fixed,output_0,places|value,train,A
38,2,2,percent_of,percent_of,output_0,percent|whole,train,A
32,2,2,quotient_of,quotient_of,output_0,denominator|numerator,train,A
37,2,2,shrink_by_rate,shrink_by_rate,output_0,discount_rate|starting_value,train,G
35,2,2,grow_by_rate,grow_by_rate,output_0,growth_rate|starting_value,train,G
41,2,2,reduce_amount,reduce_amount,output_0,base_value|reduction,train,G
37,1,1,valley_of_series,valley_of_series,output_0,number_list,train,G
36,1,1,character_count,character_count,output_0,input_text,train,G
47,2,2,portion_by_rate,portion_by_rate,output_0,rate|reference_value,train,G
35,2,2,midpoint_value,midpoint_value,output_0,value_one|value_two,train,G
32,1,1,central_value,central_value,output_0,number_list,train,G
38,1,1,series_length,series_length,output_0,number_list,train,G
35,1,1,negate,negate,output_0,arg_0,train,A
50,2,2,take_top_values,take_top_values,output_0,k|values,train,A
39,2,2,decrease_by_percent,decrease_by_percent,output_0,base|percent,train,A
38,2,2,percent_of,percent_of,output_0,percent|whole,train,A
39,1,1,running_totals,running_totals,output_0,values,train,A
40,3,3,clamp_value,clamp_value,output_0,maximum|minimum|value,train,A
45,1,1,text_length,text_length,output_0,text,train,A
16,2,2,absolute_difference,absolute_difference,output_0,arg_0|arg_1,train,A
32,1,1,inverse,inverse,output_0,arg_0,train,A
34,2,2,concat_strings,concat_strings,output_0,first|second,train,A
33,1,1,ceiling,ceiling,output_0,arg_0,train,A
39,2,2,increase_by_percent,increase_by_percent,output_0,base|percent,train,A
52,1,1,position_of_maximum,position_of_maximum,output_0,values,train,A
35,2,2,product_of_numbers,product_of_numbers,output_0,first_factor|second_factor,train,A
24,1,1,sqrt,sqrt,output_0,arg_0,train,A
62,2,2,is_greater,is_greater,output_0,arg_0|arg_1,train,A
66,2,2,build_tag,build_tag,output_0,prefix|value,train,A
31,1,1,fahrenheit_to_celsius,fahrenheit_to_celsius,output_0,fahrenheit,train,A
34,2,2,sum_two_numbers,sum_two_numbers,output_0,first_number|second_number,train,A
60,3,3,is_within_range,is_within_range,output_0,maximum|minimum|value,train,A
39,2,2,increase_by_percent,increase_by_percent,output_0,base|percent,train,A
32,1,1,inverse,inverse,output_0,arg_0,train,A
39,2,2,decrease_by_percent,decrease_by_percent,output_0,base|percent,train,A
39,2,2,divide,divide,output_0,arg_0|arg_1,train,A
37,2,2,ratio_of,ratio_of,output_0,denominator|numerator,train,A
62,2,2,is_greater,is_greater,output_0,arg_0|arg_1,train,A
33,2,2,difference_of_numbers,difference_of_numbers,output_0,minuend|subtrahend,train,A
35,1,1,negate,negate,output_0,arg_0,train,A
32,1,1,inverse,inverse,output_0,arg_0,train,A
45,1,1,text_length,text_length,output_0,text,train,A
54,2,2,join_values_with,join_values_with,output_0,separator|values,train,A
54,2,2,round_to_decimals,round_to_decimals,output_0,places|value,train,A
32,1,1,square_value,square_value,output_0,arg_0,train,A
21,2,2,average_of_two,average_of_two,output_0,arg_0|arg_1,train,A
66,2,2,build_tag,build_tag,output_0,prefix|value,train,A
37,2,2,ratio_of,ratio_of,output_0,denominator|numerator,train,A
24,1,1,sqrt,sqrt,output_0,arg_0,train,A
26,1,1,hours_to_minutes,hours_to_minutes,output_0,hours,train,A
40,3,3,clamp_value,clamp_value,output_0,maximum|minimum|value,train,A
28,1,1,minutes_to_seconds,minutes_to_seconds,output_0,minutes,train,A
37,2,2,ratio_of,ratio_of,output_0,denominator|numerator,train,A
38,2,2,percent_of,percent_of,output_0,percent|whole,train,A
31,1,1,fahrenheit_to_celsius,fahrenheit_to_celsius,output_0,fahrenheit,train,A
39,2,2,increase_by_percent,increase_by_percent,output_0,base|percent,train,A
64,2,2,is_divisible_by,is_divisible_by,output_0,arg_0|arg_1,train,A
30,2,2,floor_divide,floor_divide,output_0,arg_0|arg_1,train,A
31,1,1,celsius_to_fahrenheit,celsius_to_fahrenheit,output_0,celsius,train,A
16,2,2,absolute_difference,absolute_difference,output_0,arg_0|arg_1,train,A
42,1,1,digit_sum,digit_sum,output_0,arg_0,train,A
32,1,1,square_value,square_value,output_0,arg_0,train,A
32,2,2,quotient_of,quotient_of,output_0,denominator|numerator,train,A
27,2,2,minimum_of_two,minimum_of_two,output_0,arg_0|arg_1,train,A
26,1,1,hours_to_minutes,hours_to_minutes,output_0,hours,train,A
34,2,2,whole_quotient,whole_quotient,output_0,dividend|divisor,train,A
21,2,2,average_of_two,average_of_two,output_0,arg_0|arg_1,train,A
38,2,2,power,power,output_0,arg_0|arg_1,train,A
39,1,1,nearest_integer,nearest_integer,output_0,arg_0,train,A
39,2,2,increase_by_percent,increase_by_percent,output_0,base|percent,train,A
38,1,1,parse_numeric_text,parse_numeric_text,output_0,text,train,A
54,2,2,round_to_decimals,round_to_decimals,output_0,places|value,train,A
37,2,2,reminder,reminder,output_0,arg_0|arg_1,train,A
54,2,2,join_values_with,join_values_with,output_0,separator|values,train,A
24,1,1,sqrt,sqrt,output_0,arg_0,train,A
73,3,3,range_of_three,range_of_three,output_0,arg_0|arg_1|arg_2,train,A
30,1,1,km_to_meters,km_to_meters,output_0,kilometers,train,A
35,2,2,product_of_numbers,product_of_numbers,output_0,first_factor|second_factor,train,A
35,1,1,negate,negate,output_0,arg_0,train,A
16,2,2,absolute_difference,absolute_difference,output_0,arg_0|arg_1,train,A
21,2,2,average_of_two,average_of_two,output_0,arg_0|arg_1,train,A
30,1,1,km_to_meters,km_to_meters,output_0,kilometers,train,A
23,1,1,sum_of_values,sum_of_values,output_0,values,train,A
32,1,1,inverse,inverse,output_0,arg_0,train,A
30,1,1,meters_to_km,meters_to_km,output_0,meters,train,A
40,2,2,add,add,output_0,arg_0|arg_1,train,A
39,1,1,mean_of_values,mean_of_values,output_0,values,train,A
35,1,1,floor,floor,output_0,arg_0,train,A
43,1,1,sort_values_descending,sort_values_descending,output_0,values,train,A
31,1,1,fahrenheit_to_celsius,fahrenheit_to_celsius,output_0,fahrenheit,train,A
32,1,1,range_of_values,range_of_values,output_0,values,train,A
26,1,1,hours_to_minutes,hours_to_minutes,output_0,hours,train,A
42,2,2,proportion_between,proportion_between,output_0,part_value|whole_value,train,G
35,2,2,midpoint_value,midpoint_value,output_0,value_one|value_two,train,G
52,2,2,exceeds_value,exceeds_value,output_0,limit|measured_value,train,G
37,1,1,reciprocal_value,reciprocal_value,output_0,value,train,G
38,1,1,root_extract,root_extract,output_0,input_value,train,G
41,2,2,reduce_amount,reduce_amount,output_0,base_value|reduction,train,G
41,2,2,combine_amounts,combine_amounts,output_0,amount_a|amount_b,train,G
53,2,2,split_evenly,split_evenly,output_0,parts|total,train,G
26,1,1,stringify_amount,stringify_amount,output_0,amount,train,G
53,2,2,compose_reference_code,compose_reference_code,output_0,code_number|code_prefix,train,G
39,1,1,self_product,self_product,output_0,value,train,G
42,2,2,trim_precision,trim_precision,output_0,digits|raw_value,train,G
35,1,1,round_up_whole,round_up_whole,output_0,value,train,G
43,1,1,read_amount_from_text,read_amount_from_text,output_0,raw_text,train,G
52,2,2,exceeds_value,exceeds_value,output_0,limit|measured_value,train,G
39,2,2,leftover_after_grouping,leftover_after_grouping,output_0,group_size|total_items,train,G
62,2,2,append_to_values,append_to_values,output_0,value|values,train,A
31,1,1,fahrenheit_to_celsius,fahrenheit_to_celsius,output_0,fahrenheit,train,A
38,1,1,max_of_values,max_of_values,output_0,values,train,A
26,2,2,exponent_of,exponent_of,output_0,base|exponent,train,A
50,2,2,take_top_values,take_top_values,output_0,k|values,train,A
32,1,1,square_value,square_value,output_0,arg_0,train,A
54,2,2,round_to_decimals,round_to_decimals,output_0,places|value,train,A
16,2,2,absolute_difference,absolute_difference,output_0,arg_0|arg_1,train,A
21,2,2,average_of_two,average_of_two,output_0,arg_0|arg_1,train,A
43,2,2,subtract,subtract,output_0,arg_0|arg_1,train,A
32,1,1,square_value,square_value,output_0,arg_0,train,A
23,2,2,multiply,multiply,output_0,arg_0|arg_1,train,A
54,2,2,round_to_decimals,round_to_decimals,output_0,places|value,train,A
30,2,2,floor_divide,floor_divide,output_0,arg_0|arg_1,train,A
62,2,2,is_greater,is_greater,output_0,arg_0|arg_1,train,A
39,1,1,running_totals,running_totals,output_0,values,train,A
39,2,2,divide,divide,output_0,arg_0|arg_1,train,A
39,2,2,decrease_by_percent,decrease_by_percent,output_0,base|percent,train,A
16,2,2,absolute_difference,absolute_difference,output_0,arg_0|arg_1,train,A
27,1,1,minutes_from_hours,minutes_from_hours,output_0,hour_count,train,G
49,1,1,whole_minutes_from_seconds,whole_minutes_from_seconds,output_0,second_count,train,G
42,2,2,proportion_between,proportion_between,output_0,part_value|whole_value,train,G
35,2,2,grow_by_rate,grow_by_rate,output_0,growth_rate|starting_value,train,G
52,2,2,exceeds_value,exceeds_value,output_0,limit|measured_value,train,G
32,1,1,central_value,central_value,output_0,number_list,train,G
28,2,2,per_unit_value,per_unit_value,output_0,units|whole,train,G
36,2,2,gap_between,gap_between,output_0,first_value|second_value,train,G
33,1,1,whole_number_of,whole_number_of,output_0,value,train,G
40,2,2,remaining_after,remaining_after,output_0,from_value|take_away,train,G
44,3,3,dispersion_of_three,dispersion_of_three,output_0,value_one|value_three|value_two,train,G
54,3,3,inside_limits,inside_limits,output_0,high_limit|low_limit|reading,train,G
39,2,2,leftover_after_grouping,leftover_after_grouping,output_0,group_size|total_items,train,G
38,3,3,balance_of_three,balance_of_three,output_0,reading_one|reading_three|reading_two,train,G
42,2,2,proportion_between,proportion_between,output_0,part_value|whole_value,train,G
51,2,2,divides_evenly,divides_evenly,output_0,group_size|total_amount,train,G
38,1,1,series_length,series_length,output_0,number_list,train,G
29,1,1,seconds_from_minutes,seconds_from_minutes,output_0,minute_count,train,G
47,2,2,portion_by_rate,portion_by_rate,output_0,rate|reference_value,train,G
35,2,2,midpoint_value,midpoint_value,output_0,value_one|value_two,train,G
32,1,1,central_value,central_value,output_0,number_list,train,G
49,2,2,adjust_to_whole,adjust_to_whole,output_0,direction|value,train,G
46,2,2,render_with_decimals,render_with_decimals,output_0,decimal_count|value,train,G
51,1,1,digits_added_up,digits_added_up,output_0,whole_value,train,G
36,2,2,gap_between,gap_between,output_0,first_value|second_value,train,G
34,2,2,pick_lower,pick_lower,output_0,candidate_a|candidate_b,train,G
61,2,2,format_number_fixed,format_number_fixed,output_0,places|value,train,A
34,2,2,concat_strings,concat_strings,output_0,first|second,train,A
26,1,1,hours_to_minutes,hours_to_minutes,output_0,hours,train,A
35,1,1,negate,negate,output_0,arg_0,train,A
58,2,2,round_with_mode,round_with_mode,output_0,mode|value,train,A
47,1,1,number_to_text,number_to_text,output_0,value,train,A
50,1,1,seconds_to_full_minutes,seconds_to_full_minutes,output_0,seconds,train,A
34,2,2,sum_two_numbers,sum_two_numbers,output_0,first_number|second_number,train,A
30,2,2,floor_divide,floor_divide,output_0,arg_0|arg_1,train,A
26,1,1,hours_to_minutes,hours_to_minutes,output_0,hours,train,A
32,1,1,range_of_values,range_of_values,output_0,values,train,A
23,1,1,sum_of_values,sum_of_values,output_0,values,train,A
45,1,1,text_length,text_length,output_0,text,train,A
26,2,2,maximum_of_two,maximum_of_two,output_0,arg_0|arg_1,train,A
39,1,1,nearest_integer,nearest_integer,output_0,arg_0,train,A
62,2,2,append_to_values,append_to_values,output_0,value|values,train,A
21,2,2,average_of_two,average_of_two,output_0,arg_0|arg_1,train,A
38,2,2,power,power,output_0,arg_0|arg_1,train,A
32,1,1,inverse,inverse,output_0,arg_0,train,A
28,1,1,minutes_to_seconds,minutes_to_seconds,output_0,minutes,train,A
24,1,1,sqrt,sqrt,output_0,arg_0,train,A
23,2,2,multiply,multiply,output_0,arg_0|arg_1,train,A
43,2,2,subtract,subtract,output_0,arg_0|arg_1,train,A
39,1,1,min_of_values,min_of_values,output_0,values,train,A
62,2,2,append_to_values,append_to_values,output_0,value|values,train,A
39,2,2,divide,divide,output_0,arg_0|arg_1,train,A
47,1,1,number_to_text,number_to_text,output_0,value,train,A
32,1,1,range_of_values,range_of_values,output_0,values,train,A
34,2,2,sum_two_numbers,sum_two_numbers,output_0,first_number|second_number,train,A
34,2,2,sum_two_numbers,sum_two_numbers,output_0,first_number|second_number,train,A
41,3,3,sum_of_three,sum_of_three,output_0,arg_0|arg_1|arg_2,train,A
45,3,3,mean_of_three,mean_of_three,output_0,arg_0|arg_1|arg_2,train,A
35,1,1,floor,floor,output_0,arg_0,train,A
51,2,2,scale_values,scale_values,output_0,factor|values,train,A
32,1,1,square_value,square_value,output_0,arg_0,train,A
43,2,2,subtract,subtract,output_0,arg_0|arg_1,train,A
35,1,1,negate,negate,output_0,arg_0,train,A
37,2,2,ratio_of,ratio_of,output_0,denominator|numerator,train,A
33,1,1,ceiling,ceiling,output_0,arg_0,train,A
54,2,2,round_to_decimals,round_to_decimals,output_0,places|value,train,A
31,1,1,fahrenheit_to_celsius,fahrenheit_to_celsius,output_0,fahrenheit,train,A
31,1,1,celsius_to_fahrenheit,celsius_to_fahrenheit,output_0,celsius,train,A
38,1,1,root_extract,root_extract,output_0,input_value,train,G
35,2,2,midpoint_value,midpoint_value,output_0,value_one|value_two,train,G
26,1,1,stringify_amount,stringify_amount,output_0,amount,train,G
53,2,2,serialize_series,serialize_series,output_0,delimiter|number_list,train,G
49,2,2,entries_over_limit,entries_over_limit,output_0,limit|number_list,train,G
43,1,1,read_amount_from_text,read_amount_from_text,output_0,raw_text,train,G
35,2,2,exponentiate,exponentiate,output_0,base_value|power_value,train,G
28,2,2,per_unit_value,per_unit_value,output_0,units|whole,train,G
35,1,1,km_from_meters,km_from_meters,output_0,distance_m,train,G
42,2,2,extend_series_with,extend_series_with,output_0,new_entry|number_list,train,G
29,2,2,pairwise_product,pairwise_product,output_0,value_one|value_two,train,G
42,2,2,trim_precision,trim_precision,output_0,digits|raw_value,train,G
37,2,2,shrink_by_rate,shrink_by_rate,output_0,discount_rate|starting_value,train,G
37,1,1,valley_of_series,valley_of_series,output_0,number_list,train,G
46,2,2,total_of_pair,total_of_pair,output_0,left|right,train,G
47,2,2,portion_by_rate,portion_by_rate,output_0,rate|reference_value,train,G
31,1,1,meters_from_km,meters_from_km,output_0,distance_km,train,G
39,1,1,self_product,self_product,output_0,value,train,G
54,2,2,round_to_decimals,round_to_decimals,output_0,places|value,train,A
39,2,2,increase_by_percent,increase_by_percent,output_0,base|percent,train,A
33,1,1,ceiling,ceiling,output_0,arg_0,train,A
32,1,1,range_of_values,range_of_values,output_0,values,train,A
32,2,2,quotient_of,quotient_of,output_0,denominator|numerator,train,A
39,2,2,decrease_by_percent,decrease_by_percent,output_0,base|percent,train,A
16,2,2,absolute_difference,absolute_difference,output_0,arg_0|arg_1,train,A
21,2,2,average_of_two,average_of_two,output_0,arg_0|arg_1,train,A
32,1,1,central_value,central_value,output_0,number_list,train,G
35,2,2,midpoint_value,midpoint_value,output_0,value_one|value_two,train,G
34,1,1,series_spread,series_spread,output_0,number_list,train,G
41,2,2,combine_amounts,combine_amounts,output_0,amount_a|amount_b,train,G
38,1,1,series_length,series_length,output_0,number_list,train,G
36,2,2,gap_between,gap_between,output_0,first_value|second_value,train,G
28,1,1,flip_sign,flip_sign,output_0,value,train,G
37,1,1,valley_of_series,valley_of_series,output_0,number_list,train,G
42,2,2,proportion_between,proportion_between,output_0,part_value|whole_value,train,G
30,2,2,scale_quantity,scale_quantity,output_0,factor|quantity,train,G
39,2,2,leftover_after_grouping,leftover_after_grouping,output_0,group_size|total_items,train,G
39,2,2,decrease_by_percent,decrease_by_percent,output_0,base|percent,train,A
30,1,1,count_of_values,count_of_values,output_0,values,train,A
66,2,2,build_tag,build_tag,output_0,prefix|value,train,A
32,1,1,inverse,inverse,output_0,arg_0,train,A
42,1,1,digit_sum,digit_sum,output_0,arg_0,train,A
52,1,1,position_of_maximum,position_of_maximum,output_0,values,train,A
38,2,2,percent_of,percent_of,output_0,percent|whole,train,A
57,2,2,label_with_unit,label_with_unit,output_0,unit|value,train,A
64,2,2,is_divisible_by,is_divisible_by,output_0,arg_0|arg_1,train,A
39,1,1,running_totals,running_totals,output_0,values,train,A
39,2,2,increase_by_percent,increase_by_percent,output_0,base|percent,train,A
47,2,2,portion_by_rate,portion_by_rate,output_0,rate|reference_value,train,G
35,2,2,exponentiate,exponentiate,output_0,base_value|power_value,train,G
46,2,2,total_of_pair,total_of_pair,output_0,left|right,train,G
28,1,1,flip_sign,flip_sign,output_0,value,train,G
36,2,2,gap_between,gap_between,output_0,first_value|second_value,train,G
31,1,1,meters_from_km,meters_from_km,output_0,distance_km,train,G
36,3,3,total_of_three_parts,total_of_three_parts,output_0,part_one|part_three|part_two,train,G
53,2,2,rescale_series,rescale_series,output_0,multiplier|number_list,train,G
29,2,2,pairwise_product,pairwise_product,output_0,value_one|value_two,train,G
54,3,3,inside_limits,inside_limits,output_0,high_limit|low_limit|reading,train,G
39,1,1,self_product,self_product,output_0,value,train,G
40,2,2,remaining_after,remaining_after,output_0,from_value|take_away,train,G
35,2,2,grow_by_rate,grow_by_rate,output_0,growth_rate|starting_value,train,G
41,1,1,round_down_whole,round_down_whole,output_0,value,train,G
36,2,2,gap_between,gap_between,output_0,first_value|second_value,train,G
33,1,1,whole_number_of,whole_number_of,output_0,value,train,G
37,2,2,shrink_by_rate,shrink_by_rate,output_0,discount_rate|starting_value,train,G
47,2,2,portion_by_rate,portion_by_rate,output_0,rate|reference_value,train,G
44,3,3,dispersion_of_three,dispersion_of_three,output_0,value_one|value_three|value_two,train,G
39,2,2,decrease_by_percent,decrease_by_percent,output_0,base|percent,train,A
33,1,1,ceiling,ceiling,output_0,arg_0,train,A
38,2,2,percent_of,percent_of,output_0,percent|whole,train,A
31,1,1,fahrenheit_to_celsius,fahrenheit_to_celsius,output_0,fahrenheit,train,A
32,2,2,quotient_of,quotient_of,output_0,denominator|numerator,train,A
37,2,2,reminder,reminder,output_0,arg_0|arg_1,train,A
39,1,1,running_totals,running_totals,output_0,values,train,A
32,1,1,inverse,inverse,output_0,arg_0,train,A
54,2,2,round_to_decimals,round_to_decimals,output_0,places|value,train,A
47,1,1,number_to_text,number_to_text,output_0,value,train,A
61,2,2,format_number_fixed,format_number_fixed,output_0,places|value,train,A
35,1,1,floor,floor,output_0,arg_0,train,A
41,3,3,sum_of_three,sum_of_three,output_0,arg_0|arg_1|arg_2,train,A
64,2,2,is_divisible_by,is_divisible_by,output_0,arg_0|arg_1,train,A
32,1,1,square_value,square_value,output_0,arg_0,train,A
32,2,2,quotient_of,quotient_of,output_0,denominator|numerator,train,A
62,2,2,append_to_values,append_to_values,output_0,value|values,train,A
38,2,2,percent_of,percent_of,output_0,percent|whole,train,A
30,2,2,modulo_of,modulo_of,output_0,dividend|divisor,train,A
54,2,2,round_to_decimals,round_to_decimals,output_0,places|value,train,A
34,2,2,whole_quotient,whole_quotient,output_0,dividend|divisor,train,A
30,1,1,meters_to_km,meters_to_km,output_0,meters,train,A
29,1,1,seconds_from_minutes,seconds_from_minutes,output_0,minute_count,train,G
35,2,2,midpoint_value,midpoint_value,output_0,value_one|value_two,train,G
36,2,2,gap_between,gap_between,output_0,first_value|second_value,train,G
43,1,1,read_amount_from_text,read_amount_from_text,output_0,raw_text,train,G
38,1,1,series_length,series_length,output_0,number_list,train,G
42,2,2,proportion_between,proportion_between,output_0,part_value|whole_value,train,G
49,2,2,adjust_to_whole,adjust_to_whole,output_0,direction|value,train,G
37,1,1,reciprocal_value,reciprocal_value,output_0,value,train,G
31,1,1,meters_from_km,meters_from_km,output_0,distance_km,train,G
39,1,1,self_product,self_product,output_0,value,train,G
30,2,2,scale_quantity,scale_quantity,output_0,factor|quantity,train,G
38,1,1,root_extract,root_extract,output_0,input_value,train,G
43,2,2,subtract,subtract,output_0,arg_0|arg_1,train,A
40,3,3,clamp_value,clamp_value,output_0,maximum|minimum|value,train,A
57,2,2,label_with_unit,label_with_unit,output_0,unit|value,train,A
35,1,1,floor,floor,output_0,arg_0,train,A
62,2,2,is_greater,is_greater,output_0,arg_0|arg_1,train,A
34,2,2,concat_strings,concat_strings,output_0,first|second,train,A
35,1,1,negate,negate,output_0,arg_0,train,A
35,2,2,product_of_numbers,product_of_numbers,output_0,first_factor|second_factor,train,A
47,1,1,number_to_text,number_to_text,output_0,value,train,A
34,2,2,sum_two_numbers,sum_two_numbers,output_0,first_number|second_number,train,A
50,1,1,seconds_to_full_minutes,seconds_to_full_minutes,output_0,seconds,train,A
26,1,1,hours_to_minutes,hours_to_minutes,output_0,hours,train,A
43,1,1,read_amount_from_text,read_amount_from_text,output_0,raw_text,train,G
50,2,2,annotate_measurement,annotate_measurement,output_0,measurement|unit_name,train,G
54,3,3,inside_limits,inside_limits,output_0,high_limit|low_limit|reading,train,G
51,1,1,digits_added_up,digits_added_up,output_0,whole_value,train,G
46,2,2,total_of_pair,total_of_pair,output_0,left|right,train,G
35,2,2,midpoint_value,midpoint_value,output_0,value_one|value_two,train,G
37,1,1,reciprocal_value,reciprocal_value,output_0,value,train,G
29,1,1,seconds_from_minutes,seconds_from_minutes,output_0,minute_count,train,G
39,1,1,self_product,self_product,output_0,value,train,G
41,2,2,reduce_amount,reduce_amount,output_0,base_value|reduction,train,G
37,2,2,shrink_by_rate,shrink_by_rate,output_0,discount_rate|starting_value,train,G
38,1,1,series_length,series_length,output_0,number_list,train,G
28,1,1,flip_sign,flip_sign,output_0,value,train,G
36,2,2,gap_between,gap_between,output_0,first_value|second_value,train,G
32,1,1,central_value,central_value,output_0,number_list,train,G
42,1,1,digit_sum,digit_sum,output_0,arg_0,train,A
52,1,1,position_of_maximum,position_of_maximum,output_0,values,train,A
21,2,2,average_of_two,average_of_two,output_0,arg_0|arg_1,train,A
39,1,1,running_totals,running_totals,output_0,values,train,A
30,1,1,meters_to_km,meters_to_km,output_0,meters,train,A
33,2,2,difference_of_numbers,difference_of_numbers,output_0,minuend|subtrahend,train,A
16,2,2,absolute_difference,absolute_difference,output_0,arg_0|arg_1,train,A
30,2,2,percentage_value,percentage_value,output_0,base|rate_percent,train,A
30,2,2,floor_divide,floor_divide,output_0,arg_0|arg_1,train,A
26,1,1,hours_to_minutes,hours_to_minutes,output_0,hours,train,A
26,2,2,exponent_of,exponent_of,output_0,base|exponent,train,A
37,2,2,ratio_of,ratio_of,output_0,denominator|numerator,train,A
66,2,2,build_tag,build_tag,output_0,prefix|value,train,A
54,2,2,round_to_decimals,round_to_decimals,output_0,places|value,train,A
30,1,1,count_of_values,count_of_values,output_0,values,train,A
32,2,2,quotient_of,quotient_of,output_0,denominator|numerator,train,A
61,2,2,format_number_fixed,format_number_fixed,output_0,places|value,train,A
37,2,2,ratio_of,ratio_of,output_0,denominator|numerator,train,A
33,2,2,difference_of_numbers,difference_of_numbers,output_0,minuend|subtrahend,train,A
31,1,1,fahrenheit_to_celsius,fahrenheit_to_celsius,output_0,fahrenheit,train,A
39,2,2,decrease_by_percent,decrease_by_percent,output_0,base|percent,train,A
21,2,2,average_of_two,average_of_two,output_0,arg_0|arg_1,train,A
39,2,2,increase_by_percent,increase_by_percent,output_0,base|percent,train,A
38,2,2,percent_of,percent_of,output_0,percent|whole,train,A
34,2,2,sum_two_numbers,sum_two_numbers,output_0,first_number|second_number,train,A
38,1,1,max_of_values,max_of_values,output_0,values,train,A
27,1,1,minutes_from_hours,minutes_from_hours,output_0,hour_count,train,G
39,2,2,leftover_after_grouping,leftover_after_grouping,output_0,group_size|total_items,train,G
41,2,2,combine_amounts,combine_amounts,output_0,amount_a|amount_b,train,G
47,2,2,portion_by_rate,portion_by_rate,output_0,rate|reference_value,train,G
42,2,2,leading_entries,leading_entries,output_0,how_many|number_list,train,G
41,2,2,full_groups_of,full_groups_of,output_0,group_size|total_items,train,G
44,3,3,dispersion_of_three,dispersion_of_three,output_0,value_one|value_three|value_two,train,G
40,2,2,remaining_after,remaining_after,output_0,from_value|take_away,train,G
57,2,2,label_with_unit,label_with_unit,output_0,unit|value,train,A
30,2,2,floor_divide,floor_divide,output_0,arg_0|arg_1,train,A
42,1,1,digit_sum,digit_sum,output_0,arg_0,train,A
26,1,1,hours_to_minutes,hours_to_minutes,output_0,hours,train,A
30,2,2,modulo_of,modulo_of,output_0,dividend|divisor,train,A
39,1,1,mean_of_values,mean_of_values,output_0,values,train,A
62,2,2,append_to_values,append_to_values,output_0,value|values,train,A
23,2,2,multiply,multiply,output_0,arg_0|arg_1,train,A
42,2,2,leading_entries,leading_entries,output_0,how_many|number_list,train,G
37,1,1,fahrenheit_from_celsius,fahrenheit_from_celsius,output_0,temp_c,train,G
51,2,2,divides_evenly,divides_evenly,output_0,group_size|total_amount,train,G
35,2,2,midpoint_value,midpoint_value,output_0,value_one|value_two,train,G
35,1,1,km_from_meters,km_from_meters,output_0,distance_m,train,G
41,2,2,combine_amounts,combine_amounts,output_0,amount_a|amount_b,train,G
54,3,3,inside_limits,inside_limits,output_0,high_limit|low_limit|reading,train,G
34,1,1,celsius_from_fahrenheit,celsius_from_fahrenheit,output_0,temp_f,train,G
52,1,1,rank_of_peak,rank_of_peak,output_0,number_list,train,G
39,2,2,leftover_after_grouping,leftover_after_grouping,output_0,group_size|total_items,train,G
42,2,2,trim_precision,trim_precision,output_0,digits|raw_value,train,G
44,3,3,dispersion_of_three,dispersion_of_three,output_0,value_one|value_three|value_two,train,G
27,1,1,minutes_from_hours,minutes_from_hours,output_0,hour_count,train,G
35,2,2,grow_by_rate,grow_by_rate,output_0,growth_rate|starting_value,train,G
32,1,1,central_value,central_value,output_0,number_list,train,G
35,1,1,round_up_whole,round_up_whole,output_0,value,train,G
38,1,1,root_extract,root_extract,output_0,input_value,train,G
39,1,1,self_product,self_product,output_0,value,train,G
31,2,2,join_text_pieces,join_text_pieces,output_0,piece_one|piece_two,train,G
35,2,2,midpoint_value,midpoint_value,output_0,value_one|value_two,train,G
46,2,2,total_of_pair,total_of_pair,output_0,left|right,train,G
21,2,2,average_of_two,average_of_two,output_0,arg_0|arg_1,train,A
35,1,1,negate,negate,output_0,arg_0,train,A
43,2,2,subtract,subtract,output_0,arg_0|arg_1,train,A
16,2,2,absolute_difference,absolute_difference,output_0,arg_0|arg_1,train,A
39,2,2,increase_by_percent,increase_by_percent,output_0,base|percent,train,A
39,1,1,mean_of_values,mean_of_values,output_0,values,train,A
39,1,1,running_totals,running_totals,output_0,values,train,A
30,2,2,modulo_of,modulo_of,output_0,dividend|divisor,train,A
51,2,2,scale_values,scale_values,output_0,factor|values,train,A
39,1,1,min_of_values,min_of_values,output_0,values,train,A
51,2,2,scale_values,scale_values,output_0,factor|values,train,A
43,1,1,sort_values_descending,sort_values_descending,output_0,values,train,A
33,1,1,ceiling,ceiling,output_0,arg_0,train,A
32,1,1,inverse,inverse,output_0,arg_0,train,A
35,1,1,floor,floor,output_0,arg_0,train,A
39,2,2,decrease_by_percent,decrease_by_percent,output_0,base|percent,train,A
35,1,1,negate,negate,output_0,arg_0,train,A
24,1,1,sqrt,sqrt,output_0,arg_0,train,A
35,2,2,product_of_numbers,product_of_numbers,output_0,first_factor|second_factor,train,A
21,2,2,average_of_two,average_of_two,output_0,arg_0|arg_1,train,A
35,2,2,grow_by_rate,grow_by_rate,output_0,growth_rate|starting_value,train,G
47,2,2,portion_by_rate,portion_by_rate,output_0,rate|reference_value,train,G
30,2,2,scale_quantity,scale_quantity,output_0,factor|quantity,train,G
52,2,2,exceeds_value,exceeds_value,output_0,limit|measured_value,train,G
43,1,1,accumulate_series,accumulate_series,output_0,number_list,train,G
36,2,2,gap_between,gap_between,output_0,first_value|second_value,train,G
42,2,2,leading_entries,leading_entries,output_0,how_many|number_list,train,G
46,1,1,order_series_high_to_low,order_series_high_to_low,output_0,number_list,train,G
38,1,1,root_extract,root_extract,output_0,input_value,train,G
39,1,1,self_product,self_product,output_0,value,train,G
36,2,2,gap_between,gap_between,output_0,first_value|second_value,train,G
35,2,2,midpoint_value,midpoint_value,output_0,value_one|value_two,train,G
30,2,2,scale_quantity,scale_quantity,output_0,factor|quantity,train,G
37,1,1,fahrenheit_from_celsius,fahrenheit_from_celsius,output_0,temp_c,train,G
46,2,2,total_of_pair,total_of_pair,output_0,left|right,train,G
31,1,1,meters_from_km,meters_from_km,output_0,distance_km,train,G
32,1,1,central_value,central_value,output_0,number_list,train,G
49,2,2,adjust_to_whole,adjust_to_whole,output_0,direction|value,train,G
40,2,2,remaining_after,remaining_after,output_0,from_value|take_away,train,G
49,1,1,whole_minutes_from_seconds,whole_minutes_from_seconds,output_0,second_count,train,G
35,3,3,bound_within,bound_within,output_0,high_limit|input_value|low_limit,train,G
33,1,1,ceiling,ceiling,output_0,arg_0,train,A
39,2,2,increase_by_percent,increase_by_percent,output_0,base|percent,train,A
38,2,2,percent_of,percent_of,output_0,percent|whole,train,A
32,1,1,square_value,square_value,output_0,arg_0,train,A
39,1,1,min_of_values,min_of_values,output_0,values,train,A
16,2,2,absolute_difference,absolute_difference,output_0,arg_0|arg_1,train,A
21,2,2,average_of_two,average_of_two,output_0,arg_0|arg_1,train,A
37,2,2,ratio_of,ratio_of,output_0,denominator|numerator,train,A
39,1,1,nearest_integer,nearest_integer,output_0,arg_0,train,A
27,2,2,minimum_of_two,minimum_of_two,output_0,arg_0|arg_1,train,A
50,2,2,take_top_values,take_top_values,output_0,k|values,train,A
35,2,2,product_of_numbers,product_of_numbers,output_0,first_factor|second_factor,train,A
35,1,1,negate,negate,output_0,arg_0,train,A
59,2,2,filter_values_above,filter_values_above,output_0,threshold|values,train,A
32,1,1,inverse,inverse,output_0,arg_0,train,A
51,2,2,scale_values,scale_values,output_0,factor|values,train,A
37,2,2,ratio_of,ratio_of,output_0,denominator|numerator,train,A
38,2,2,percent_of,percent_of,output_0,percent|whole,train,A
43,2,2,subtract,subtract,output_0,arg_0|arg_1,train,A
37,2,2,reminder,reminder,output_0,arg_0|arg_1,train,A
39,1,1,mean_of_values,mean_of_values,output_0,values,train,A
31,1,1,celsius_to_fahrenheit,celsius_to_fahrenheit,output_0,celsius,train,A
32,1,1,range_of_values,range_of_values,output_0,values,train,A
21,2,2,average_of_two,average_of_two,output_0,arg_0|arg_1,train,A
16,2,2,absolute_difference,absolute_difference,output_0,arg_0|arg_1,train,A
32,1,1,square_value,square_value,output_0,arg_0,train,A
59,2,2,filter_values_above,filter_values_above,output_0,threshold|values,train,A
32,1,1,inverse,inverse,output_0,arg_0,train,A
33,1,1,ceiling,ceiling,output_0,arg_0,train,A
35,1,1,negate,negate,output_0,arg_0,train,A
38,2,2,percent_of,percent_of,output_0,percent|whole,train,A
50,1,1,seconds_to_full_minutes,seconds_to_full_minutes,output_0,seconds,train,A
24,1,1,sqrt,sqrt,output_0,arg_0,train,A
40,3,3,clamp_value,clamp_value,output_0,maximum|minimum|value,train,A
51,2,2,divides_evenly,divides_evenly,output_0,group_size|total_amount,train,G
36,3,3,total_of_three_parts,total_of_three_parts,output_0,part_one|part_three|part_two,train,G
35,2,2,midpoint_value,midpoint_value,output_0,value_one|value_two,train,G
40,2,2,remaining_after,remaining_after,output_0,from_value|take_away,train,G
46,2,2,total_of_pair,total_of_pair,output_0,left|right,train,G
30,2,2,scale_quantity,scale_quantity,output_0,factor|quantity,train,G
42,2,2,trim_precision,trim_precision,output_0,digits|raw_value,train,G
39,1,1,self_product,self_product,output_0,value,train,G
37,1,1,reciprocal_value,reciprocal_value,output_0,value,train,G
36,2,2,gap_between,gap_between,output_0,first_value|second_value,train,G
41,1,1,round_down_whole,round_down_whole,output_0,value,train,G
53,2,2,compose_reference_code,compose_reference_code,output_0,code_number|code_prefix,train,G
38,1,1,root_extract,root_extract,output_0,input_value,train,G
50,2,2,annotate_measurement,annotate_measurement,output_0,measurement|unit_name,train,G
49,2,2,adjust_to_whole,adjust_to_whole,output_0,direction|value,train,G
38,2,2,percent_of,percent_of,output_0,percent|whole,train,A
30,1,1,count_of_values,count_of_values,output_0,values,train,A
59,2,2,filter_values_above,filter_values_above,output_0,threshold|values,train,A
43,1,1,sort_values_descending,sort_values_descending,output_0,values,train,A
39,1,1,mean_of_values,mean_of_values,output_0,values,train,A
27,2,2,minimum_of_two,minimum_of_two,output_0,arg_0|arg_1,train,A
54,2,2,round_to_decimals,round_to_decimals,output_0,places|value,train,A
61,2,2,format_number_fixed,format_number_fixed,output_0,places|value,train,A
37,2,2,ratio_of,ratio_of,output_0,denominator|numerator,train,A
31,2,2,join_text_pieces,join_text_pieces,output_0,piece_one|piece_two,train,G
38,1,1,root_extract,root_extract,output_0,input_value,train,G
53,2,2,split_evenly,split_evenly,output_0,parts|total,train,G
46,1,1,order_series_high_to_low,order_series_high_to_low,output_0,number_list,train,G
36,2,2,gap_between,gap_between,output_0,first_value|second_value,train,G
32,1,1,central_value,central_value,output_0,number_list,train,G
42,2,2,proportion_between,proportion_between,output_0,part_value|whole_value,train,G
35,2,2,midpoint_value,midpoint_value,output_0,value_one|value_two,train,G
39,2,2,leftover_after_grouping,leftover_after_grouping,output_0,group_size|total_items,train,G
53,2,2,split_evenly,split_evenly,output_0,parts|total,train,G
52,1,1,rank_of_peak,rank_of_peak,output_0,number_list,train,G
53,2,2,rescale_series,rescale_series,output_0,multiplier|number_list,train,G
29,2,2,pairwise_product,pairwise_product,output_0,value_one|value_two,train,G
34,1,1,series_spread,series_spread,output_0,number_list,train,G
54,3,3,inside_limits,inside_limits,output_0,high_limit|low_limit|reading,train,G
41,2,2,full_groups_of,full_groups_of,output_0,group_size|total_items,train,G
35,1,1,peak_of_series,peak_of_series,output_0,number_list,train,G
35,3,3,bound_within,bound_within,output_0,high_limit|input_value|low_limit,train,G
51,1,1,digits_added_up,digits_added_up,output_0,whole_value,train,G
49,1,1,whole_minutes_from_seconds,whole_minutes_from_seconds,output_0,second_count,train,G
49,2,2,entries_over_limit,entries_over_limit,output_0,limit|number_list,train,G
42,2,2,proportion_between,proportion_between,output_0,part_value|whole_value,train,G
38,1,1,series_length,series_length,output_0,number_list,train,G
42,2,2,trim_precision,trim_precision,output_0,digits|raw_value,train,G
32,1,1,central_value,central_value,output_0,number_list,train,G
26,1,1,hours_to_minutes,hours_to_minutes,output_0,hours,train,A
38,2,2,percent_of,percent_of,output_0,percent|whole,train,A
40,2,2,add,add,output_0,arg_0|arg_1,train,A
39,2,2,divide,divide,output_0,arg_0|arg_1,train,A
30,1,1,meters_to_km,meters_to_km,output_0,meters,train,A
32,1,1,square_value,square_value,output_0,arg_0,train,A
39,2,2,decrease_by_percent,decrease_by_percent,output_0,base|percent,train,A
21,2,2,average_of_two,average_of_two,output_0,arg_0|arg_1,train,A
24,1,1,sqrt,sqrt,output_0,arg_0,train,A
34,2,2,whole_quotient,whole_quotient,output_0,dividend|divisor,train,A
43,1,1,sort_values_descending,sort_values_descending,output_0,values,train,A
39,1,1,mean_of_values,mean_of_values,output_0,values,train,A
43,2,2,subtract,subtract,output_0,arg_0|arg_1,train,A
26,2,2,maximum_of_two,maximum_of_two,output_0,arg_0|arg_1,train,A
62,2,2,is_greater,is_greater,output_0,arg_0|arg_1,train,A
54,2,2,round_to_decimals,round_to_decimals,output_0,places|value,train,A
33,1,1,ceiling,ceiling,output_0,arg_0,train,A
62,2,2,append_to_values,append_to_values,output_0,value|values,train,A
35,1,1,floor,floor,output_0,arg_0,train,A
58,2,2,round_with_mode,round_with_mode,output_0,mode|value,train,A
37,2,2,ratio_of,ratio_of,output_0,denominator|numerator,train,A
36,3,3,total_of_three_parts,total_of_three_parts,output_0,part_one|part_three|part_two,train,G
41,1,1,round_down_whole,round_down_whole,output_0,value,train,G
36,2,2,gap_between,gap_between,output_0,first_value|second_value,train,G
29,2,2,pairwise_product,pairwise_product,output_0,value_one|value_two,train,G
28,2,2,per_unit_value,per_unit_value,output_0,units|whole,train,G
39,2,2,leftover_after_grouping,leftover_after_grouping,output_0,group_size|total_items,train,G
35,2,2,midpoint_value,midpoint_value,output_0,value_one|value_two,train,G
35,1,1,km_from_meters,km_from_meters,output_0,distance_m,train,G
35,1,1,round_up_whole,round_up_whole,output_0,value,train,G
27,1,1,minutes_from_hours,minutes_from_hours,output_0,hour_count,train,G
53,2,2,compose_reference_code,compose_reference_code,output_0,code_number|code_prefix,train,G
34,2,2,whole_quotient,whole_quotient,output_0,dividend|divisor,train,A
52,1,1,position_of_maximum,position_of_maximum,output_0,values,train,A
32,1,1,inverse,inverse,output_0,arg_0,train,A
60,3,3,is_within_range,is_within_range,output_0,maximum|minimum|value,train,A
45,3,3,mean_of_three,mean_of_three,output_0,arg_0|arg_1|arg_2,train,A
30,1,1,km_to_meters,km_to_meters,output_0,kilometers,train,A
34,2,2,sum_two_numbers,sum_two_numbers,output_0,first_number|second_number,train,A
16,2,2,absolute_difference,absolute_difference,output_0,arg_0|arg_1,train,A
21,2,2,average_of_two,average_of_two,output_0,arg_0|arg_1,train,A
39,1,1,running_totals,running_totals,output_0,values,train,A
23,1,1,sum_of_values,sum_of_values,output_0,values,train,A
43,2,2,subtract,subtract,output_0,arg_0|arg_1,train,A
50,1,1,seconds_to_full_minutes,seconds_to_full_minutes,output_0,seconds,train,A
35,2,2,exponentiate,exponentiate,output_0,base_value|power_value,train,G
39,1,1,self_product,self_product,output_0,value,train,G
47,2,2,portion_by_rate,portion_by_rate,output_0,rate|reference_value,train,G
49,2,2,adjust_to_whole,adjust_to_whole,output_0,direction|value,train,G
37,2,2,shrink_by_rate,shrink_by_rate,output_0,discount_rate|starting_value,train,G
35,1,1,round_up_whole,round_up_whole,output_0,value,train,G
34,1,1,series_spread,series_spread,output_0,number_list,train,G
49,2,2,entries_over_limit,entries_over_limit,output_0,limit|number_list,train,G
54,3,3,inside_limits,inside_limits,output_0,high_limit|low_limit|reading,train,G
53,2,2,compose_reference_code,compose_reference_code,output_0,code_number|code_prefix,train,G
44,3,3,dispersion_of_three,dispersion_of_three,output_0,value_one|value_three|value_two,train,G
42,2,2,trim_precision,trim_precision,output_0,digits|raw_value,train,G
46,2,2,total_of_pair,total_of_pair,output_0,left|right,train,G
33,1,1,whole_number_of,whole_number_of,output_0,value,train,G
36,3,3,total_of_three_parts,total_of_three_parts,output_0,part_one|part_three|part_two,train,G
42,2,2,extend_series_with,extend_series_with,output_0,new_entry|number_list,train,G
38,3,3,balance_of_three,balance_of_three,output_0,reading_one|reading_three|reading_two,train,G
38,1,1,root_extract,root_extract,output_0,input_value,train,G
35,2,2,grow_by_rate,grow_by_rate,output_0,growth_rate|starting_value,train,G
34,2,2,pick_lower,pick_lower,output_0,candidate_a|candidate_b,train,G
37,1,1,fahrenheit_from_celsius,fahrenheit_from_celsius,output_0,temp_c,train,G
54,3,3,inside_limits,inside_limits,output_0,high_limit|low_limit|reading,train,G
31,1,1,meters_from_km,meters_from_km,output_0,distance_km,train,G
37,1,1,reciprocal_value,reciprocal_value,output_0,value,train,G
35,2,2,grow_by_rate,grow_by_rate,output_0,growth_rate|starting_value,train,G
31,2,2,join_text_pieces,join_text_pieces,output_0,piece_one|piece_two,train,G
33,1,1,aggregate_total,aggregate_total,output_0,number_list,train,G
47,2,2,portion_by_rate,portion_by_rate,output_0,rate|reference_value,train,G
43,1,1,accumulate_series,accumulate_series,output_0,number_list,train,G
35,1,1,km_from_meters,km_from_meters,output_0,distance_m,train,G
38,1,1,root_extract,root_extract,output_0,input_value,train,G
39,1,1,self_product,self_product,output_0,value,train,G
42,2,2,trim_precision,trim_precision,output_0,digits|raw_value,train,G
38,1,1,series_length,series_length,output_0,number_list,train,G
33,1,1,aggregate_total,aggregate_total,output_0,number_list,train,G
34,2,2,pick_lower,pick_lower,output_0,candidate_a|candidate_b,train,G
51,1,1,digits_added_up,digits_added_up,output_0,whole_value,train,G
47,2,2,portion_by_rate,portion_by_rate,output_0,rate|reference_value,train,G
50,2,2,annotate_measurement,annotate_measurement,output_0,measurement|unit_name,train,G
38,3,3,balance_of_three,balance_of_three,output_0,reading_one|reading_three|reading_two,train,G
43,1,1,read_amount_from_text,read_amount_from_text,output_0,raw_text,train,G
41,2,2,reduce_amount,reduce_amount,output_0,base_value|reduction,train,G
35,1,1,round_up_whole,round_up_whole,output_0,value,train,G
28,1,1,flip_sign,flip_sign,output_0,value,train,G
35,2,2,grow_by_rate,grow_by_rate,output_0,growth_rate|starting_value,train,G
41,2,2,combine_amounts,combine_amounts,output_0,amount_a|amount_b,train,G
38,1,1,root_extract,root_extract,output_0,input_value,train,G
34,1,1,celsius_from_fahrenheit,celsius_from_fahrenheit,output_0,temp_f,train,G
53,2,2,serialize_series,serialize_series,output_0,delimiter|number_list,train,G
41,2,2,full_groups_of,full_groups_of,output_0,group_size|total_items,train,G
33,2,2,difference_of_numbers,difference_of_numbers,output_0,minuend|subtrahend,train,A
51,2,2,scale_values,scale_values,output_0,factor|values,train,A
21,2,2,average_of_two,average_of_two,output_0,arg_0|arg_1,train,A
45,1,1,text_length,text_length,output_0,text,train,A
16,2,2,absolute_difference,absolute_difference,output_0,arg_0|arg_1,train,A
52,1,1,position_of_maximum,position_of_maximum,output_0,values,train,A
62,2,2,append_to_values,append_to_values,output_0,value|values,train,A
38,2,2,percent_of,percent_of,output_0,percent|whole,train,A
39,2,2,increase_by_percent,increase_by_percent,output_0,base|percent,train,A
38,1,1,max_of_values,max_of_values,output_0,values,train,A
59,2,2,filter_values_above,filter_values_above,output_0,threshold|values,train,A
39,2,2,decrease_by_percent,decrease_by_percent,output_0,base|percent,train,A
32,2,2,quotient_of,quotient_of,output_0,denominator|numerator,train,A
16,2,2,absolute_difference,absolute_difference,output_0,arg_0|arg_1,train,A
30,1,1,meters_to_km,meters_to_km,output_0,meters,train,A
21,2,2,average_of_two,average_of_two,output_0,arg_0|arg_1,train,A
39,2,2,increase_by_percent,increase_by_percent,output_0,base|percent,train,A
24,1,1,sqrt,sqrt,output_0,arg_0,train,A
40,2,2,add,add,output_0,arg_0|arg_1,train,A
45,1,1,text_length,text_length,output_0,text,train,A
64,2,2,is_divisible_by,is_divisible_by,output_0,arg_0|arg_1,train,A
61,2,2,format_number_fixed,format_number_fixed,output_0,places|value,train,A
40,2,2,add,add,output_0,arg_0|arg_1,train,A
28,1,1,minutes_to_seconds,minutes_to_seconds,output_0,minutes,train,A
35,1,1,negate,negate,output_0,arg_0,train,A
30,2,2,modulo_of,modulo_of,output_0,dividend|divisor,train,A
31,1,1,fahrenheit_to_celsius,fahrenheit_to_celsius,output_0,fahrenheit,train,A
43,1,1,sort_values_descending,sort_values_descending,output_0,values,train,A
43,2,2,subtract,subtract,output_0,arg_0|arg_1,train,A
16,2,2,absolute_difference,absolute_difference,output_0,arg_0|arg_1,train,A
26,1,1,hours_to_minutes,hours_to_minutes,output_0,hours,train,A
21,2,2,average_of_two,average_of_two,output_0,arg_0|arg_1,train,A
64,2,2,is_divisible_by,is_divisible_by,output_0,arg_0|arg_1,train,A
16,2,2,absolute_difference,absolute_difference,output_0,arg_0|arg_1,train,A
35,1,1,floor,floor,output_0,arg_0,train,A
21,2,2,average_of_two,average_of_two,output_0,arg_0|arg_1,train,A
62,2,2,is_greater,is_greater,output_0,arg_0|arg_1,train,A
31,1,1,fahrenheit_to_celsius,fahrenheit_to_celsius,output_0,fahrenheit,train,A
39,1,1,min_of_values,min_of_values,output_0,values,train,A
33,1,1,ceiling,ceiling,output_0,arg_0,train,A
59,2,2,filter_values_above,filter_values_above,output_0,threshold|values,train,A
41,3,3,sum_of_three,sum_of_three,output_0,arg_0|arg_1|arg_2,train,A
51,2,2,scale_values,scale_values,output_0,factor|values,train,A
54,2,2,round_to_decimals,round_to_decimals,output_0,places|value,train,A
28,1,1,minutes_to_seconds,minutes_to_seconds,output_0,minutes,train,A
35,2,2,product_of_numbers,product_of_numbers,output_0,first_factor|second_factor,train,A
39,2,2,divide,divide,output_0,arg_0|arg_1,train,A
21,2,2,average_of_two,average_of_two,output_0,arg_0|arg_1,train,A
43,1,1,sort_values_descending,sort_values_descending,output_0,values,train,A
62,2,2,append_to_values,append_to_values,output_0,value|values,train,A
34,2,2,sum_two_numbers,sum_two_numbers,output_0,first_number|second_number,train,A
32,1,1,inverse,inverse,output_0,arg_0,train,A
30,1,1,count_of_values,count_of_values,output_0,values,train,A
35,1,1,negate,negate,output_0,arg_0,train,A
34,2,2,concat_strings,concat_strings,output_0,first|second,train,A
61,2,2,format_number_fixed,format_number_fixed,output_0,places|value,train,A
39,1,1,running_totals,running_totals,output_0,values,train,A
43,2,2,subtract,subtract,output_0,arg_0|arg_1,train,A
16,2,2,absolute_difference,absolute_difference,output_0,arg_0|arg_1,train,A
26,1,1,hours_to_minutes,hours_to_minutes,output_0,hours,train,A
39,2,2,increase_by_percent,increase_by_percent,output_0,base|percent,train,A
47,1,1,number_to_text,number_to_text,output_0,value,train,A
39,1,1,mean_of_values,mean_of_values,output_0,values,train,A
31,1,1,celsius_to_fahrenheit,celsius_to_fahrenheit,output_0,celsius,train,A
39,1,1,nearest_integer,nearest_integer,output_0,arg_0,train,A
47,2,2,portion_by_rate,portion_by_rate,output_0,rate|reference_value,train,G
30,2,2,scale_quantity,scale_quantity,output_0,factor|quantity,train,G
35,2,2,pick_higher,pick_higher,output_0,candidate_a|candidate_b,train,G
35,2,2,midpoint_value,midpoint_value,output_0,value_one|value_two,train,G
46,2,2,total_of_pair,total_of_pair,output_0,left|right,train,G
29,1,1,seconds_from_minutes,seconds_from_minutes,output_0,minute_count,train,G
36,2,2,gap_between,gap_between,output_0,first_value|second_value,train,G
40,2,2,remaining_after,remaining_after,output_0,from_value|take_away,train,G
31,1,1,meters_from_km,meters_from_km,output_0,distance_km,train,G
33,1,1,aggregate_total,aggregate_total,output_0,number_list,train,G
33,1,1,ceiling,ceiling,output_0,arg_0,train,A
45,3,3,mean_of_three,mean_of_three,output_0,arg_0|arg_1|arg_2,train,A
30,2,2,floor_divide,floor_divide,output_0,arg_0|arg_1,train,A
32,1,1,square_value,square_value,output_0,arg_0,train,A
39,1,1,nearest_integer,nearest_integer,output_0,arg_0,train,A
39,2,2,increase_by_percent,increase_by_percent,output_0,base|percent,train,A
39,2,2,decrease_by_percent,decrease_by_percent,output_0,base|percent,train,A
41,3,3,sum_of_three,sum_of_three,output_0,arg_0|arg_1|arg_2,train,A
38,2,2,percent_of,percent_of,output_0,percent|whole,train,A
50,2,2,take_top_values,take_top_values,output_0,k|values,train,A
32,2,2,quotient_of,quotient_of,output_0,denominator|numerator,train,A
35,1,1,floor,floor,output_0,arg_0,train,A
54,2,2,round_to_decimals,round_to_decimals,output_0,places|value,train,A
73,3,3,range_of_three,range_of_three,output_0,arg_0|arg_1|arg_2,train,A
33,2,2,difference_of_numbers,difference_of_numbers,output_0,minuend|subtrahend,train,A
60,3,3,is_within_range,is_within_range,output_0,maximum|minimum|value,train,A
16,2,2,absolute_difference,absolute_difference,output_0,arg_0|arg_1,train,A
38,1,1,max_of_values,max_of_values,output_0,values,train,A
33,1,1,ceiling,ceiling,output_0,arg_0,train,A
34,2,2,whole_quotient,whole_quotient,output_0,dividend|divisor,train,A
31,1,1,fahrenheit_to_celsius,fahrenheit_to_celsius,output_0,fahrenheit,train,A
39,1,1,nearest_integer,nearest_integer,output_0,arg_0,train,A
39,2,2,decrease_by_percent,decrease_by_percent,output_0,base|percent,train,A
23,1,1,sum_of_values,sum_of_values,output_0,values,train,A
37,2,2,ratio_of,ratio_of,output_0,denominator|numerator,train,A
28,1,1,minutes_to_seconds,minutes_to_seconds,output_0,minutes,train,A
32,2,2,quotient_of,quotient_of,output_0,denominator|numerator,train,A
62,2,2,append_to_values,append_to_values,output_0,value|values,train,A
64,2,2,is_divisible_by,is_divisible_by,output_0,arg_0|arg_1,train,A
24,1,1,sqrt,sqrt,output_0,arg_0,train,A
33,2,2,difference_of_numbers,difference_of_numbers,output_0,minuend|subtrahend,train,A
35,1,1,negate,negate,output_0,arg_0,train,A
45,1,1,text_length,text_length,output_0,text,train,A
54,2,2,join_values_with,join_values_with,output_0,separator|values,train,A
42,1,1,digit_sum,digit_sum,output_0,arg_0,train,A
39,1,1,min_of_values,min_of_values,output_0,values,train,A
37,2,2,ratio_of,ratio_of,output_0,denominator|numerator,train,A
34,2,2,sum_two_numbers,sum_two_numbers,output_0,first_number|second_number,train,A
38,2,2,percent_of,percent_of,output_0,percent|whole,train,A
64,2,2,is_divisible_by,is_divisible_by,output_0,arg_0|arg_1,train,A
16,2,2,absolute_difference,absolute_difference,output_0,arg_0|arg_1,train,A
39,2,2,divide,divide,output_0,arg_0|arg_1,train,A
21,2,2,average_of_two,average_of_two,output_0,arg_0|arg_1,train,A
32,1,1,range_of_values,range_of_values,output_0,values,train,A
30,1,1,meters_to_km,meters_to_km,output_0,meters,train,A
39,2,2,decrease_by_percent,decrease_by_percent,output_0,base|percent,train,A
39,2,2,increase_by_percent,increase_by_percent,output_0,base|percent,train,A
26,1,1,hours_to_minutes,hours_to_minutes,output_0,hours,train,A
27,2,2,minimum_of_two,minimum_of_two,output_0,arg_0|arg_1,train,A
33,2,2,difference_of_numbers,difference_of_numbers,output_0,minuend|subtrahend,train,A
38,2,2,power,power,output_0,arg_0|arg_1,train,A
31,1,1,fahrenheit_to_celsius,fahrenheit_to_celsius,output_0,fahrenheit,train,A
37,2,2,ratio_of,ratio_of,output_0,denominator|numerator,train,A
50,1,1,seconds_to_full_minutes,seconds_to_full_minutes,output_0,seconds,train,A
30,2,2,percentage_value,percentage_value,output_0,base|rate_percent,train,A
23,2,2,multiply,multiply,output_0,arg_0|arg_1,train,A
47,2,2,portion_by_rate,portion_by_rate,output_0,rate|reference_value,train,G
32,1,1,central_value,central_value,output_0,number_list,train,G
40,2,2,remaining_after,remaining_after,output_0,from_value|take_away,train,G
41,1,1,round_down_whole,round_down_whole,output_0,value,train,G
35,2,2,grow_by_rate,grow_by_rate,output_0,growth_rate|starting_value,train,G
33,1,1,aggregate_total,aggregate_total,output_0,number_list,train,G
52,1,1,rank_of_peak,rank_of_peak,output_0,number_list,train,G
28,2,2,per_unit_value,per_unit_value,output_0,units|whole,train,G
46,2,2,render_with_decimals,render_with_decimals,output_0,decimal_count|value,train,G
29,2,2,pairwise_product,pairwise_product,output_0,value_one|value_two,train,G
31,1,1,meters_from_km,meters_from_km,output_0,distance_km,train,G
33,1,1,whole_number_of,whole_number_of,output_0,value,train,G
35,2,2,grow_by_rate,grow_by_rate,output_0,growth_rate|starting_value,train,G
39,2,2,leftover_after_grouping,leftover_after_grouping,output_0,group_size|total_items,train,G
37,2,2,shrink_by_rate,shrink_by_rate,output_0,discount_rate|starting_value,train,G
38,1,1,root_extract,root_extract,output_0,input_value,train,G
35,2,2,midpoint_value,midpoint_value,output_0,value_one|value_two,train,G
41,2,2,combine_amounts,combine_amounts,output_0,amount_a|amount_b,train,G
41,2,2,reduce_amount,reduce_amount,output_0,base_value|reduction,train,G
44,3,3,dispersion_of_three,dispersion_of_three,output_0,value_one|value_three|value_two,train,G
53,2,2,serialize_series,serialize_series,output_0,delimiter|number_list,train,G
38,1,1,root_extract,root_extract,output_0,input_value,train,G
47,2,2,portion_by_rate,portion_by_rate,output_0,rate|reference_value,train,G
37,2,2,shrink_by_rate,shrink_by_rate,output_0,discount_rate|starting_value,train,G
39,1,1,self_product,self_product,output_0,value,train,G
35,2,2,midpoint_value,midpoint_value,output_0,value_one|value_two,train,G
37,1,1,reciprocal_value,reciprocal_value,output_0,value,train,G
32,1,1,central_value,central_value,output_0,number_list,train,G
42,2,2,extend_series_with,extend_series_with,output_0,new_entry|number_list,train,G
42,2,2,proportion_between,proportion_between,output_0,part_value|whole_value,train,G
57,2,2,label_with_unit,label_with_unit,output_0,unit|value,train,A
35,1,1,floor,floor,output_0,arg_0,train,A
30,2,2,floor_divide,floor_divide,output_0,arg_0|arg_1,train,A
31,1,1,celsius_to_fahrenheit,celsius_to_fahrenheit,output_0,celsius,train,A
32,2,2,quotient_of,quotient_of,output_0,denominator|numerator,train,A
37,2,2,ratio_of,ratio_of,output_0,denominator|numerator,train,A
42,1,1,digit_sum,digit_sum,output_0,arg_0,train,A
23,1,1,sum_of_values,sum_of_values,output_0,values,train,A
26,2,2,maximum_of_two,maximum_of_two,output_0,arg_0|arg_1,train,A
41,3,3,sum_of_three,sum_of_three,output_0,arg_0|arg_1|arg_2,train,A
24,1,1,sqrt,sqrt,output_0,arg_0,train,A
73,3,3,range_of_three,range_of_three,output_0,arg_0|arg_1|arg_2,train,A
32,1,1,inverse,inverse,output_0,arg_0,train,A
37,2,2,reminder,reminder,output_0,arg_0|arg_1,train,A
50,1,1,seconds_to_full_minutes,seconds_to_full_minutes,output_0,seconds,train,A
35,1,1,negate,negate,output_0,arg_0,train,A
62,2,2,is_greater,is_greater,output_0,arg_0|arg_1,train,A
66,2,2,build_tag,build_tag,output_0,prefix|value,train,A
62,2,2,is_greater,is_greater,output_0,arg_0|arg_1,train,A
51,2,2,scale_values,scale_values,output_0,factor|values,train,A
42,1,1,digit_sum,digit_sum,output_0,arg_0,train,A
26,2,2,maximum_of_two,maximum_of_two,output_0,arg_0|arg_1,train,A
37,2,2,reminder,reminder,output_0,arg_0|arg_1,train,A
31,1,1,celsius_to_fahrenheit,celsius_to_fahrenheit,output_0,celsius,train,A
35,1,1,floor,floor,output_0,arg_0,train,A
45,3,3,mean_of_three,mean_of_three,output_0,arg_0|arg_1|arg_2,train,A
30,2,2,floor_divide,floor_divide,output_0,arg_0|arg_1,train,A
50,2,2,take_top_values,take_top_values,output_0,k|values,train,A
39,2,2,divide,divide,output_0,arg_0|arg_1,train,A
42,2,2,leading_entries,leading_entries,output_0,how_many|number_list,train,G
42,2,2,extend_series_with,extend_series_with,output_0,new_entry|number_list,train,G
28,1,1,flip_sign,flip_sign,output_0,value,train,G
26,1,1,stringify_amount,stringify_amount,output_0,amount,train,G
36,2,2,gap_between,gap_between,output_0,first_value|second_value,train,G
43,1,1,read_amount_from_text,read_amount_from_text,output_0,raw_text,train,G
46,2,2,render_with_decimals,render_with_decimals,output_0,decimal_count|value,train,G
37,2,2,shrink_by_rate,shrink_by_rate,output_0,discount_rate|starting_value,train,G
53,2,2,split_evenly,split_evenly,output_0,parts|total,train,G
39,1,1,self_product,self_product,output_0,value,train,G
41,2,2,combine_amounts,combine_amounts,output_0,amount_a|amount_b,train,G
41,2,2,full_groups_of,full_groups_of,output_0,group_size|total_items,train,G
42,2,2,proportion_between,proportion_between,output_0,part_value|whole_value,train,G
44,3,3,dispersion_of_three,dispersion_of_three,output_0,value_one|value_three|value_two,train,G
39,2,2,leftover_after_grouping,leftover_after_grouping,output_0,group_size|total_items,train,G
49,2,2,adjust_to_whole,adjust_to_whole,output_0,direction|value,train,G
60,3,3,is_within_range,is_within_range,output_0,maximum|minimum|value,train,A
24,1,1,sqrt,sqrt,output_0,arg_0,train,A
45,3,3,mean_of_three,mean_of_three,output_0,arg_0|arg_1|arg_2,train,A
26,2,2,exponent_of,exponent_of,output_0,base|exponent,train,A
50,2,2,take_top_values,take_top_values,output_0,k|values,train,A
47,1,1,number_to_text,number_to_text,output_0,value,train,A
51,2,2,scale_values,scale_values,output_0,factor|values,train,A
32,1,1,square_value,square_value,output_0,arg_0,train,A
39,1,1,min_of_values,min_of_values,output_0,values,train,A
62,2,2,append_to_values,append_to_values,output_0,value|values,train,A
23,2,2,multiply,multiply,output_0,arg_0|arg_1,train,A
39,1,1,mean_of_values,mean_of_values,output_0,values,train,A
30,2,2,percentage_value,percentage_value,output_0,base|rate_percent,train,A
38,2,2,power,power,output_0,arg_0|arg_1,train,A
40,2,2,add,add,output_0,arg_0|arg_1,train,A
39,2,2,increase_by_percent,increase_by_percent,output_0,base|percent,train,A
32,1,1,inverse,inverse,output_0,arg_0,train,A
32,1,1,square_value,square_value,output_0,arg_0,train,A
37,2,2,reminder,reminder,output_0,arg_0|arg_1,train,A
24,1,1,sqrt,sqrt,output_0,arg_0,train,A
35,1,1,negate,negate,output_0,arg_0,train,A
31,1,1,celsius_to_fahrenheit,celsius_to_fahrenheit,output_0,celsius,train,A
50,1,1,seconds_to_full_minutes,seconds_to_full_minutes,output_0,seconds,train,A
51,2,2,scale_values,scale_values,output_0,factor|values,train,A
30,1,1,km_to_meters,km_to_meters,output_0,kilometers,train,A
66,2,2,build_tag,build_tag,output_0,prefix|value,train,A
41,3,3,sum_of_three,sum_of_three,output_0,arg_0|arg_1|arg_2,train,A
50,2,2,take_top_values,take_top_values,output_0,k|values,train,A
61,2,2,format_number_fixed,format_number_fixed,output_0,places|value,train,A
34,2,2,concat_strings,concat_strings,output_0,first|second,train,A
40,2,2,add,add,output_0,arg_0|arg_1,train,A
62,2,2,append_to_values,append_to_values,output_0,value|values,train,A
39,2,2,divide,divide,output_0,arg_0|arg_1,train,A
38,1,1,max_of_values,max_of_values,output_0,values,train,A
34,2,2,whole_quotient,whole_quotient,output_0,dividend|divisor,train,A
37,2,2,ratio_of,ratio_of,output_0,denominator|numerator,train,A
37,2,2,reminder,reminder,output_0,arg_0|arg_1,train,A
39,1,1,mean_of_values,mean_of_values,output_0,values,train,A
23,1,1,sum_of_values,sum_of_values,output_0,values,train,A
64,2,2,is_divisible_by,is_divisible_by,output_0,arg_0|arg_1,train,A
49,2,2,entries_over_limit,entries_over_limit,output_0,limit|number_list,train,G
36,2,2,gap_between,gap_between,output_0,first_value|second_value,train,G
27,1,1,minutes_from_hours,minutes_from_hours,output_0,hour_count,train,G
41,2,2,combine_amounts,combine_amounts,output_0,amount_a|amount_b,train,G
37,2,2,shrink_by_rate,shrink_by_rate,output_0,discount_rate|starting_value,train,G
26,1,1,stringify_amount,stringify_amount,output_0,amount,train,G
49,1,1,whole_minutes_from_seconds,whole_minutes_from_seconds,output_0,second_count,train,G
35,2,2,midpoint_value,midpoint_value,output_0,value_one|value_two,train,G
39,1,1,self_product,self_product,output_0,value,train,G
31,2,2,join_text_pieces,join_text_pieces,output_0,piece_one|piece_two,train,G
46,2,2,render_with_decimals,render_with_decimals,output_0,decimal_count|value,train,G
35,3,3,bound_within,bound_within,output_0,high_limit|input_value|low_limit,train,G
52,2,2,exceeds_value,exceeds_value,output_0,limit|measured_value,train,G
39,2,2,increase_by_percent,increase_by_percent,output_0,base|percent,train,A
21,2,2,average_of_two,average_of_two,output_0,arg_0|arg_1,train,A
26,2,2,maximum_of_two,maximum_of_two,output_0,arg_0|arg_1,train,A
30,2,2,percentage_value,percentage_value,output_0,base|rate_percent,train,A
39,2,2,decrease_by_percent,decrease_by_percent,output_0,base|percent,train,A
39,2,2,divide,divide,output_0,arg_0|arg_1,train,A
33,1,1,ceiling,ceiling,output_0,arg_0,train,A
31,1,1,fahrenheit_to_celsius,fahrenheit_to_celsius,output_0,fahrenheit,train,A
16,2,2,absolute_difference,absolute_difference,output_0,arg_0|arg_1,train,A
54,2,2,round_to_decimals,round_to_decimals,output_0,places|value,train,A
35,3,3,bound_within,bound_within,output_0,high_limit|input_value|low_limit,train,G
36,2,2,gap_between,gap_between,output_0,first_value|second_value,train,G
41,2,2,combine_amounts,combine_amounts,output_0,amount_a|amount_b,train,G
53,2,2,split_evenly,split_evenly,output_0,parts|total,train,G
50,2,2,annotate_measurement,annotate_measurement,output_0,measurement|unit_name,train,G
40,2,2,remaining_after,remaining_after,output_0,from_value|take_away,train,G
36,3,3,total_of_three_parts,total_of_three_parts,output_0,part_one|part_three|part_two,train,G
31,1,1,meters_from_km,meters_from_km,output_0,distance_km,train,G
38,1,1,series_length,series_length,output_0,number_list,train,G
53,2,2,serialize_series,serialize_series,output_0,delimiter|number_list,train,G
37,1,1,fahrenheit_from_celsius,fahrenheit_from_celsius,output_0,temp_c,train,G
52,2,2,exceeds_value,exceeds_value,output_0,limit|measured_value,train,G
29,1,1,seconds_from_minutes,seconds_from_minutes,output_0,minute_count,train,G
43,1,1,accumulate_series,accumulate_series,output_0,number_list,train,G
41,2,2,full_groups_of,full_groups_of,output_0,group_size|total_items,train,G
38,3,3,balance_of_three,balance_of_three,output_0,reading_one|reading_three|reading_two,train,G
37,2,2,shrink_by_rate,shrink_by_rate,output_0,discount_rate|starting_value,train,G
42,2,2,proportion_between,proportion_between,output_0,part_value|whole_value,train,G
44,3,3,dispersion_of_three,dispersion_of_three,output_0,value_one|value_three|value_two,train,G
41,1,1,round_down_whole,round_down_whole,output_0,value,train,G
35,1,1,round_up_whole,round_up_whole,output_0,value,train,G
50,2,2,annotate_measurement,annotate_measurement,output_0,measurement|unit_name,train,G
47,2,2,portion_by_rate,portion_by_rate,output_0,rate|reference_value,train,G
35,1,1,km_from_meters,km_from_meters,output_0,distance_m,train,G
31,2,2,join_text_pieces,join_text_pieces,output_0,piece_one|piece_two,train,G
32,1,1,inverse,inverse,output_0,arg_0,train,A
37,2,2,ratio_of,ratio_of,output_0,denominator|numerator,train,A
38,1,1,parse_numeric_text,parse_numeric_text,output_0,text,train,A
23,2,2,multiply,multiply,output_0,arg_0|arg_1,train,A
28,1,1,minutes_to_seconds,minutes_to_seconds,output_0,minutes,train,A
34,2,2,sum_two_numbers,sum_two_numbers,output_0,first_number|second_number,train,A
47,1,1,number_to_text,number_to_text,output_0,value,train,A
31,1,1,celsius_to_fahrenheit,celsius_to_fahrenheit,output_0,celsius,train,A
50,1,1,seconds_to_full_minutes,seconds_to_full_minutes,output_0,seconds,train,A
64,2,2,is_divisible_by,is_divisible_by,output_0,arg_0|arg_1,train,A
37,2,2,shrink_by_rate,shrink_by_rate,output_0,discount_rate|starting_value,train,G
47,2,2,portion_by_rate,portion_by_rate,output_0,rate|reference_value,train,G
31,2,2,join_text_pieces,join_text_pieces,output_0,piece_one|piece_two,train,G
42,2,2,trim_precision,trim_precision,output_0,digits|raw_value,train,G
31,1,1,meters_from_km,meters_from_km,output_0,distance_km,train,G
53,2,2,compose_reference_code,compose_reference_code,output_0,code_number|code_prefix,train,G
34,2,2,pick_lower,pick_lower,output_0,candidate_a|candidate_b,train,G
41,2,2,reduce_amount,reduce_amount,output_0,base_value|reduction,train,G
33,1,1,aggregate_total,aggregate_total,output_0,number_list,train,G
33,1,1,whole_number_of,whole_number_of,output_0,value,train,G
28,1,1,flip_sign,flip_sign,output_0,value,train,G
41,2,2,full_groups_of,full_groups_of,output_0,group_size|total_items,train,G
35,2,2,exponentiate,exponentiate,output_0,base_value|power_value,train,G
35,1,1,round_up_whole,round_up_whole,output_0,value,train,G
41,1,1,round_down_whole,round_down_whole,output_0,value,train,G
49,2,2,entries_over_limit,entries_over_limit,output_0,limit|number_list,train,G
32,2,2,quotient_of,quotient_of,output_0,denominator|numerator,train,A
33,2,2,difference_of_numbers,difference_of_numbers,output_0,minuend|subtrahend,train,A
21,2,2,average_of_two,average_of_two,output_0,arg_0|arg_1,train,A
61,2,2,format_number_fixed,format_number_fixed,output_0,places|value,train,A
23,1,1,sum_of_values,sum_of_values,output_0,values,train,A
16,2,2,absolute_difference,absolute_difference,output_0,arg_0|arg_1,train,A
38,2,2,percent_of,percent_of,output_0,percent|whole,train,A
37,2,2,ratio_of,ratio_of,output_0,denominator|numerator,train,A
51,2,2,scale_values,scale_values,output_0,factor|values,train,A
32,1,1,range_of_values,range_of_values,output_0,values,train,A
32,1,1,square_value,square_value,output_0,arg_0,train,A
32,1,1,inverse,inverse,output_0,arg_0,train,A
24,1,1,sqrt,sqrt,output_0,arg_0,train,A
16,2,2,absolute_difference,absolute_difference,output_0,arg_0|arg_1,train,A
43,1,1,sort_values_descending,sort_values_descending,output_0,values,train,A
39,2,2,increase_by_percent,increase_by_percent,output_0,base|percent,train,A
34,2,2,whole_quotient,whole_quotient,output_0,dividend|divisor,train,A
36,3,3,total_of_three_parts,total_of_three_parts,output_0,part_one|part_three|part_two,train,G
44,3,3,dispersion_of_three,dispersion_of_three,output_0,value_one|value_three|value_two,train,G
36,2,2,gap_between,gap_between,output_0,first_value|second_value,train,G
35,2,2,grow_by_rate,grow_by_rate,output_0,growth_rate|starting_value,train,G
28,1,1,flip_sign,flip_sign,output_0,value,train,G
35,2,2,exponentiate,exponentiate,output_0,base_value|power_value,train,G
53,2,2,rescale_series,rescale_series,output_0,multiplier|number_list,train,G
37,2,2,shrink_by_rate,shrink_by_rate,output_0,discount_rate|starting_value,train,G
37,1,1,reciprocal_value,reciprocal_value,output_0,value,train,G
38,1,1,root_extract,root_extract,output_0,input_value,train,G
28,2,2,per_unit_value,per_unit_value,output_0,units|whole,train,G
54,3,3,inside_limits,inside_limits,output_0,high_limit|low_limit|reading,train,G
52,1,1,rank_of_peak,rank_of_peak,output_0,number_list,train,G
41,2,2,reduce_amount,reduce_amount,output_0,base_value|reduction,train,G
35,1,1,km_from_meters,km_from_meters,output_0,distance_m,train,G
35,1,1,round_up_whole,round_up_whole,output_0,value,train,G
34,1,1,series_spread,series_spread,output_0,number_list,train,G
41,1,1,round_down_whole,round_down_whole,output_0,value,train,G
42,2,2,proportion_between,proportion_between,output_0,part_value|whole_value,train,G
33,1,1,whole_number_of,whole_number_of,output_0,value,train,G
30,2,2,percentage_value,percentage_value,output_0,base|rate_percent,train,A
30,2,2,floor_divide,floor_divide,output_0,arg_0|arg_1,train,A
54,2,2,round_to_decimals,round_to_decimals,output_0,places|value,train,A
33,2,2,difference_of_numbers,difference_of_numbers,output_0,minuend|subtrahend,train,A
31,1,1,celsius_to_fahrenheit,celsius_to_fahrenheit,output_0,celsius,train,A
61,2,2,format_number_fixed,format_number_fixed,output_0,places|value,train,A
39,2,2,increase_by_percent,increase_by_percent,output_0,base|percent,train,A
38,1,1,max_of_values,max_of_values,output_0,values,train,A
37,2,2,ratio_of,ratio_of,output_0,denominator|numerator,train,A
39,2,2,decrease_by_percent,decrease_by_percent,output_0,base|percent,train,A
40,2,2,add,add,output_0,arg_0|arg_1,train,A
33,1,1,ceiling,ceiling,output_0,arg_0,train,A
53,2,2,compose_reference_code,compose_reference_code,output_0,code_number|code_prefix,train,G
30,2,2,scale_quantity,scale_quantity,output_0,factor|quantity,train,G
35,3,3,bound_within,bound_within,output_0,high_limit|input_value|low_limit,train,G
35,2,2,grow_by_rate,grow_by_rate,output_0,growth_rate|starting_value,train,G
42,2,2,extend_series_with,extend_series_with,output_0,new_entry|number_list,train,G
31,1,1,meters_from_km,meters_from_km,output_0,distance_km,train,G
41,2,2,reduce_amount,reduce_amount,output_0,base_value|reduction,train,G
46,2,2,total_of_pair,total_of_pair,output_0,left|right,train,G
36,2,2,gap_between,gap_between,output_0,first_value|second_value,train,G
54,3,3,inside_limits,inside_limits,output_0,high_limit|low_limit|reading,train,G
39,1,1,self_product,self_product,output_0,value,train,G
36,2,2,gap_between,gap_between,output_0,first_value|second_value,train,G
41,2,2,combine_amounts,combine_amounts,output_0,amount_a|amount_b,train,G
35,1,1,round_up_whole,round_up_whole,output_0,value,train,G
44,3,3,dispersion_of_three,dispersion_of_three,output_0,value_one|value_three|value_two,train,G
35,2,2,grow_by_rate,grow_by_rate,output_0,growth_rate|starting_value,train,G
35,2,2,exponentiate,exponentiate,output_0,base_value|power_value,train,G
49,1,1,whole_minutes_from_seconds,whole_minutes_from_seconds,output_0,second_count,train,G
36,3,3,total_of_three_parts,total_of_three_parts,output_0,part_one|part_three|part_two,train,G
35,2,2,product_of_numbers,product_of_numbers,output_0,first_factor|second_factor,train,A
38,1,1,parse_numeric_text,parse_numeric_text,output_0,text,train,A
26,1,1,hours_to_minutes,hours_to_minutes,output_0,hours,train,A
32,1,1,square_value,square_value,output_0,arg_0,train,A
26,2,2,exponent_of,exponent_of,output_0,base|exponent,train,A
27,2,2,minimum_of_two,minimum_of_two,output_0,arg_0|arg_1,train,A
35,1,1,negate,negate,output_0,arg_0,train,A
54,2,2,join_values_with,join_values_with,output_0,separator|values,train,A
50,2,2,annotate_measurement,annotate_measurement,output_0,measurement|unit_name,train,G
35,2,2,grow_by_rate,grow_by_rate,output_0,growth_rate|starting_value,train,G
42,2,2,proportion_between,proportion_between,output_0,part_value|whole_value,train,G
47,2,2,portion_by_rate,portion_by_rate,output_0,rate|reference_value,train,G
41,2,2,full_groups_of,full_groups_of,output_0,group_size|total_items,train,G
28,2,2,per_unit_value,per_unit_value,output_0,units|whole,train,G
37,2,2,shrink_by_rate,shrink_by_rate,output_0,discount_rate|starting_value,train,G
35,2,2,midpoint_value,midpoint_value,output_0,value_one|value_two,train,G
29,2,2,pairwise_product,pairwise_product,output_0,value_one|value_two,train,G
28,1,1,flip_sign,flip_sign,output_0,value,train,G
36,2,2,gap_between,gap_between,output_0,first_value|second_value,train,G
38,1,1,root_extract,root_extract,output_0,input_value,train,G
35,2,2,midpoint_value,midpoint_value,output_0,value_one|value_two,train,G
46,2,2,total_of_pair,total_of_pair,output_0,left|right,train,G
36,2,2,gap_between,gap_between,output_0,first_value|second_value,train,G
35,2,2,grow_by_rate,grow_by_rate,output_0,growth_rate|starting_value,train,G
53,2,2,split_evenly,split_evenly,output_0,parts|total,train,G
41,2,2,reduce_amount,reduce_amount,output_0,base_value|reduction,train,G
28,1,1,flip_sign,flip_sign,output_0,value,train,G
37,2,2,shrink_by_rate,shrink_by_rate,output_0,discount_rate|starting_value,train,G
39,2,2,increase_by_percent,increase_by_percent,output_0,base|percent,train,A
33,1,1,ceiling,ceiling,output_0,arg_0,train,A
38,2,2,percent_of,percent_of,output_0,percent|whole,train,A
54,2,2,join_values_with,join_values_with,output_0,separator|values,train,A
43,2,2,subtract,subtract,output_0,arg_0|arg_1,train,A
66,2,2,build_tag,build_tag,output_0,prefix|value,train,A
50,1,1,seconds_to_full_minutes,seconds_to_full_minutes,output_0,seconds,train,A
16,2,2,absolute_difference,absolute_difference,output_0,arg_0|arg_1,train,A
38,1,1,parse_numeric_text,parse_numeric_text,output_0,text,train,A
39,1,1,running_totals,running_totals,output_0,values,train,A
21,2,2,average_of_two,average_of_two,output_0,arg_0|arg_1,train,A
34,2,2,whole_quotient,whole_quotient,output_0,dividend|divisor,train,A
35,2,2,exponentiate,exponentiate,output_0,base_value|power_value,train,G
49,1,1,whole_minutes_from_seconds,whole_minutes_from_seconds,output_0,second_count,train,G
39,2,2,leftover_after_grouping,leftover_after_grouping,output_0,group_size|total_items,train,G
41,2,2,reduce_amount,reduce_amount,output_0,base_value|reduction,train,G
30,2,2,scale_quantity,scale_quantity,output_0,factor|quantity,train,G
43,1,1,read_amount_from_text,read_amount_from_text,output_0,raw_text,train,G
46,2,2,total_of_pair,total_of_pair,output_0,left|right,train,G
28,2,2,per_unit_value,per_unit_value,output_0,units|whole,train,G
42,2,2,extend_series_with,extend_series_with,output_0,new_entry|number_list,train,G
35,1,1,negate,negate,output_0,arg_0,train,A
45,1,1,text_length,text_length,output_0,text,train,A
30,1,1,meters_to_km,meters_to_km,output_0,meters,train,A
34,2,2,sum_two_numbers,sum_two_numbers,output_0,first_number|second_number,train,A
30,2,2,percentage_value,percentage_value,output_0,base|rate_percent,train,A
32,1,1,inverse,inverse,output_0,arg_0,train,A
40,3,3,clamp_value,clamp_value,output_0,maximum|minimum|value,train,A
43,1,1,sort_values_descending,sort_values_descending,output_0,values,train,A
37,2,2,ratio_of,ratio_of,output_0,denominator|numerator,train,A
27,2,2,minimum_of_two,minimum_of_two,output_0,arg_0|arg_1,train,A
62,2,2,is_greater,is_greater,output_0,arg_0|arg_1,train,A
29,2,2,pairwise_product,pairwise_product,output_0,value_one|value_two,train,G
49,2,2,adjust_to_whole,adjust_to_whole,output_0,direction|value,train,G
32,1,1,central_value,central_value,output_0,number_list,train,G
41,2,2,full_groups_of,full_groups_of,output_0,group_size|total_items,train,G
41,2,2,combine_amounts,combine_amounts,output_0,amount_a|amount_b,train,G
41,2,2,reduce_amount,reduce_amount,output_0,base_value|reduction,train,G
35,2,2,midpoint_value,midpoint_value,output_0,value_one|value_two,train,G
39,2,2,leftover_after_grouping,leftover_after_grouping,output_0,group_size|total_items,train,G
28,2,2,per_unit_value,per_unit_value,output_0,units|whole,train,G
54,2,2,join_values_with,join_values_with,output_0,separator|values,train,A
32,2,2,quotient_of,quotient_of,output_0,denominator|numerator,train,A
31,1,1,celsius_to_fahrenheit,celsius_to_fahrenheit,output_0,celsius,train,A
26,2,2,maximum_of_two,maximum_of_two,output_0,arg_0|arg_1,train,A
28,1,1,minutes_to_seconds,minutes_to_seconds,output_0,minutes,train,A
33,1,1,ceiling,ceiling,output_0,arg_0,train,A
62,2,2,append_to_values,append_to_values,output_0,value|values,train,A
54,2,2,round_to_decimals,round_to_decimals,output_0,places|value,train,A
66,2,2,build_tag,build_tag,output_0,prefix|value,train,A
34,2,2,concat_strings,concat_strings,output_0,first|second,train,A
30,2,2,percentage_value,percentage_value,output_0,base|rate_percent,train,A
34,2,2,whole_quotient,whole_quotient,output_0,dividend|divisor,train,A
38,2,2,percent_of,percent_of,output_0,percent|whole,train,A
54,2,2,round_to_decimals,round_to_decimals,output_0,places|value,train,A
16,2,2,absolute_difference,absolute_difference,output_0,arg_0|arg_1,train,A
41,3,3,sum_of_three,sum_of_three,output_0,arg_0|arg_1|arg_2,train,A
34,2,2,whole_quotient,whole_quotient,output_0,dividend|divisor,train,A
50,1,1,seconds_to_full_minutes,seconds_to_full_minutes,output_0,seconds,train,A
35,2,2,product_of_numbers,product_of_numbers,output_0,first_factor|second_factor,train,A
40,2,2,add,add,output_0,arg_0|arg_1,train,A
32,2,2,quotient_of,quotient_of,output_0,denominator|numerator,train,A
45,3,3,mean_of_three,mean_of_three,output_0,arg_0|arg_1|arg_2,train,A
21,2,2,average_of_two,average_of_two,output_0,arg_0|arg_1,train,A
23,1,1,sum_of_values,sum_of_values,output_0,values,train,A
60,3,3,is_within_range,is_within_range,output_0,maximum|minimum|value,train,A
43,1,1,sort_values_descending,sort_values_descending,output_0,values,train,A
35,1,1,floor,floor,output_0,arg_0,train,A
39,2,2,decrease_by_percent,decrease_by_percent,output_0,base|percent,train,A
26,1,1,hours_to_minutes,hours_to_minutes,output_0,hours,train,A
30,1,1,meters_to_km,meters_to_km,output_0,meters,train,A
58,2,2,round_with_mode,round_with_mode,output_0,mode|value,train,A
37,2,2,ratio_of,ratio_of,output_0,denominator|numerator,train,A
32,1,1,square_value,square_value,output_0,arg_0,train,A
35,2,2,product_of_numbers,product_of_numbers,output_0,first_factor|second_factor,train,A
30,2,2,percentage_value,percentage_value,output_0,base|rate_percent,train,A
39,1,1,nearest_integer,nearest_integer,output_0,arg_0,train,A
66,2,2,build_tag,build_tag,output_0,prefix|value,train,A
34,2,2,sum_two_numbers,sum_two_numbers,output_0,first_number|second_number,train,A
26,2,2,exponent_of,exponent_of,output_0,base|exponent,train,A
39,2,2,increase_by_percent,increase_by_percent,output_0,base|percent,train,A
45,3,3,mean_of_three,mean_of_three,output_0,arg_0|arg_1|arg_2,train,A
35,1,1,negate,negate,output_0,arg_0,train,A
39,2,2,divide,divide,output_0,arg_0|arg_1,train,A
39,1,1,min_of_values,min_of_values,output_0,values,train,A
16,2,2,absolute_difference,absolute_difference,output_0,arg_0|arg_1,train,A
54,2,2,round_to_decimals,round_to_decimals,output_0,places|value,train,A
30,2,2,modulo_of,modulo_of,output_0,dividend|divisor,train,A
30,2,2,floor_divide,floor_divide,output_0,arg_0|arg_1,train,A
39,2,2,decrease_by_percent,decrease_by_percent,output_0,base|percent,train,A
35,1,1,floor,floor,output_0,arg_0,train,A
39,2,2,increase_by_percent,increase_by_percent,output_0,base|percent,train,A
52,1,1,position_of_maximum,position_of_maximum,output_0,values,train,A
32,1,1,range_of_values,range_of_values,output_0,values,train,A
35,1,1,negate,negate,output_0,arg_0,train,A
38,1,1,max_of_values,max_of_values,output_0,values,train,A
33,1,1,ceiling,ceiling,output_0,arg_0,train,A
30,2,2,percentage_value,percentage_value,output_0,base|rate_percent,train,A
39,2,2,decrease_by_percent,decrease_by_percent,output_0,base|percent,train,A
16,2,2,absolute_difference,absolute_difference,output_0,arg_0|arg_1,train,A
61,2,2,format_number_fixed,format_number_fixed,output_0,places|value,train,A
31,1,1,fahrenheit_to_celsius,fahrenheit_to_celsius,output_0,fahrenheit,train,A
62,2,2,append_to_values,append_to_values,output_0,value|values,train,A
30,1,1,km_to_meters,km_to_meters,output_0,kilometers,train,A
37,2,2,shrink_by_rate,shrink_by_rate,output_0,discount_rate|starting_value,train,G
40,2,2,remaining_after,remaining_after,output_0,from_value|take_away,train,G
33,1,1,whole_number_of,whole_number_of,output_0,value,train,G
38,1,1,root_extract,root_extract,output_0,input_value,train,G
35,2,2,midpoint_value,midpoint_value,output_0,value_one|value_two,train,G
47,2,2,portion_by_rate,portion_by_rate,output_0,rate|reference_value,train,G
41,1,1,round_down_whole,round_down_whole,output_0,value,train,G
34,1,1,series_spread,series_spread,output_0,number_list,train,G
42,2,2,trim_precision,trim_precision,output_0,digits|raw_value,train,G
35,1,1,round_up_whole,round_up_whole,output_0,value,train,G
36,2,2,gap_between,gap_between,output_0,first_value|second_value,train,G
36,2,2,gap_between,gap_between,output_0,first_value|second_value,train,G
33,1,1,whole_number_of,whole_number_of,output_0,value,train,G
29,2,2,pairwise_product,pairwise_product,output_0,value_one|value_two,train,G
51,1,1,digits_added_up,digits_added_up,output_0,whole_value,train,G
39,1,1,self_product,self_product,output_0,value,train,G
41,1,1,round_down_whole,round_down_whole,output_0,value,train,G
35,3,3,bound_within,bound_within,output_0,high_limit|input_value|low_limit,train,G
37,1,1,fahrenheit_from_celsius,fahrenheit_from_celsius,output_0,temp_c,train,G
35,2,2,grow_by_rate,grow_by_rate,output_0,growth_rate|starting_value,train,G
41,2,2,combine_amounts,combine_amounts,output_0,amount_a|amount_b,train,G
38,1,1,root_extract,root_extract,output_0,input_value,train,G
47,2,2,portion_by_rate,portion_by_rate,output_0,rate|reference_value,train,G
39,2,2,leftover_after_grouping,leftover_after_grouping,output_0,group_size|total_items,train,G
38,1,1,series_length,series_length,output_0,number_list,train,G
31,2,2,join_text_pieces,join_text_pieces,output_0,piece_one|piece_two,train,G
40,2,2,remaining_after,remaining_after,output_0,from_value|take_away,train,G
31,1,1,celsius_to_fahrenheit,celsius_to_fahrenheit,output_0,celsius,train,A
35,2,2,product_of_numbers,product_of_numbers,output_0,first_factor|second_factor,train,A
41,3,3,sum_of_three,sum_of_three,output_0,arg_0|arg_1|arg_2,train,A
66,2,2,build_tag,build_tag,output_0,prefix|value,train,A
60,3,3,is_within_range,is_within_range,output_0,maximum|minimum|value,train,A
40,2,2,add,add,output_0,arg_0|arg_1,train,A
38,2,2,power,power,output_0,arg_0|arg_1,train,A
32,1,1,inverse,inverse,output_0,arg_0,train,A
39,2,2,decrease_by_percent,decrease_by_percent,output_0,base|percent,train,A
39,1,1,nearest_integer,nearest_integer,output_0,arg_0,train,A
32,2,2,quotient_of,quotient_of,output_0,denominator|numerator,train,A
39,2,2,increase_by_percent,increase_by_percent,output_0,base|percent,train,A
34,2,2,concat_strings,concat_strings,output_0,first|second,train,A
37,2,2,ratio_of,ratio_of,output_0,denominator|numerator,train,A
45,3,3,mean_of_three,mean_of_three,output_0,arg_0|arg_1|arg_2,train,A
30,1,1,km_to_meters,km_to_meters,output_0,kilometers,train,A
41,2,2,full_groups_of,full_groups_of,output_0,group_size|total_items,train,G
46,2,2,render_with_decimals,render_with_decimals,output_0,decimal_count|value,train,G
33,1,1,whole_number_of,whole_number_of,output_0,value,train,G
34,1,1,series_spread,series_spread,output_0,number_list,train,G
32,1,1,central_value,central_value,output_0,number_list,train,G
53,2,2,rescale_series,rescale_series,output_0,multiplier|number_list,train,G
35,2,2,grow_by_rate,grow_by_rate,output_0,growth_rate|starting_value,train,G
41,2,2,reduce_amount,reduce_amount,output_0,base_value|reduction,train,G
36,2,2,gap_between,gap_between,output_0,first_value|second_value,train,G
33,1,1,aggregate_total,aggregate_total,output_0,number_list,train,G
28,1,1,minutes_to_seconds,minutes_to_seconds,output_0,minutes,train,A
26,1,1,hours_to_minutes,hours_to_minutes,output_0,hours,train,A
33,2,2,difference_of_numbers,difference_of_numbers,output_0,minuend|subtrahend,train,A
30,1,1,km_to_meters,km_to_meters,output_0,kilometers,train,A
35,2,2,product_of_numbers,product_of_numbers,output_0,first_factor|second_factor,train,A
21,2,2,average_of_two,average_of_two,output_0,arg_0|arg_1,train,A
35,1,1,negate,negate,output_0,arg_0,train,A
16,2,2,absolute_difference,absolute_difference,output_0,arg_0|arg_1,train,A
54,2,2,round_to_decimals,round_to_decimals,output_0,places|value,train,A
35,2,2,grow_by_rate,grow_by_rate,output_0,growth_rate|starting_value,train,G
36,3,3,total_of_three_parts,total_of_three_parts,output_0,part_one|part_three|part_two,train,G
42,2,2,proportion_between,proportion_between,output_0,part_value|whole_value,train,G
38,3,3,balance_of_three,balance_of_three,output_0,reading_one|reading_three|reading_two,train,G
28,1,1,flip_sign,flip_sign,output_0,value,train,G
39,1,1,self_product,self_product,output_0,value,train,G
34,2,2,pick_lower,pick_lower,output_0,candidate_a|candidate_b,train,G
47,2,2,portion_by_rate,portion_by_rate,output_0,rate|reference_value,train,G
35,2,2,pick_higher,pick_higher,output_0,candidate_a|candidate_b,train,G
53,2,2,compose_reference_code,compose_reference_code,output_0,code_number|code_prefix,train,G
53,2,2,serialize_series,serialize_series,output_0,delimiter|number_list,train,G
26,1,1,stringify_amount,stringify_amount,output_0,amount,train,G
35,1,1,km_from_meters,km_from_meters,output_0,distance_m,train,G
30,2,2,scale_quantity,scale_quantity,output_0,factor|quantity,train,G
44,3,3,dispersion_of_three,dispersion_of_three,output_0,value_one|value_three|value_two,train,G
33,1,1,whole_number_of,whole_number_of,output_0,value,train,G
30,1,1,meters_to_km,meters_to_km,output_0,meters,train,A
39,2,2,increase_by_percent,increase_by_percent,output_0,base|percent,train,A
35,2,2,product_of_numbers,product_of_numbers,output_0,first_factor|second_factor,train,A
32,1,1,range_of_values,range_of_values,output_0,values,train,A
33,1,1,ceiling,ceiling,output_0,arg_0,train,A
39,1,1,nearest_integer,nearest_integer,output_0,arg_0,train,A
28,1,1,minutes_to_seconds,minutes_to_seconds,output_0,minutes,train,A
38,1,1,parse_numeric_text,parse_numeric_text,output_0,text,train,A
39,2,2,decrease_by_percent,decrease_by_percent,output_0,base|percent,train,A
54,2,2,round_to_decimals,round_to_decimals,output_0,places|value,train,A
39,1,1,min_of_values,min_of_values,output_0,values,train,A
16,2,2,absolute_difference,absolute_difference,output_0,arg_0|arg_1,train,A
24,1,1,sqrt,sqrt,output_0,arg_0,train,A
37,2,2,ratio_of,ratio_of,output_0,denominator|numerator,train,A
32,1,1,square_value,square_value,output_0,arg_0,train,A
38,2,2,percent_of,percent_of,output_0,percent|whole,train,A
35,1,1,floor,floor,output_0,arg_0,train,A
30,2,2,floor_divide,floor_divide,output_0,arg_0|arg_1,train,A
34,2,2,sum_two_numbers,sum_two_numbers,output_0,first_number|second_number,train,A
50,2,2,take_top_values,take_top_values,output_0,k|values,train,A
43,2,2,subtract,subtract,output_0,arg_0|arg_1,train,A
38,2,2,percent_of,percent_of,output_0,percent|whole,train,A
54,2,2,round_to_decimals,round_to_decimals,output_0,places|value,train,A
39,2,2,decrease_by_percent,decrease_by_percent,output_0,base|percent,train,A
16,2,2,absolute_difference,absolute_difference,output_0,arg_0|arg_1,train,A
21,2,2,average_of_two,average_of_two,output_0,arg_0|arg_1,train,A
32,1,1,inverse,inverse,output_0,arg_0,train,A
35,1,1,negate,negate,output_0,arg_0,train,A
39,2,2,increase_by_percent,increase_by_percent,output_0,base|percent,train,A
62,2,2,append_to_values,append_to_values,output_0,value|values,train,A
34,2,2,concat_strings,concat_strings,output_0,first|second,train,A
24,1,1,sqrt,sqrt,output_0,arg_0,train,A
73,3,3,range_of_three,range_of_three,output_0,arg_0|arg_1|arg_2,train,A
39,2,2,increase_by_percent,increase_by_percent,output_0,base|percent,train,A
35,1,1,negate,negate,output_0,arg_0,train,A
54,2,2,round_to_decimals,round_to_decimals,output_0,places|value,train,A
30,1,1,km_to_meters,km_to_meters,output_0,kilometers,train,A
21,2,2,average_of_two,average_of_two,output_0,arg_0|arg_1,train,A
35,1,1,negate,negate,output_0,arg_0,train,A
66,2,2,build_tag,build_tag,output_0,prefix|value,train,A
26,2,2,exponent_of,exponent_of,output_0,base|exponent,train,A
32,1,1,square_value,square_value,output_0,arg_0,train,A
33,2,2,difference_of_numbers,difference_of_numbers,output_0,minuend|subtrahend,train,A
50,1,1,seconds_to_full_minutes,seconds_to_full_minutes,output_0,seconds,train,A
37,2,2,ratio_of,ratio_of,output_0,denominator|numerator,train,A
23,2,2,multiply,multiply,output_0,arg_0|arg_1,train,A
34,2,2,concat_strings,concat_strings,output_0,first|second,train,A
26,1,1,hours_to_minutes,hours_to_minutes,output_0,hours,train,A
50,1,1,seconds_to_full_minutes,seconds_to_full_minutes,output_0,seconds,train,A
21,2,2,average_of_two,average_of_two,output_0,arg_0|arg_1,train,A
57,2,2,label_with_unit,label_with_unit,output_0,unit|value,train,A
39,1,1,nearest_integer,nearest_integer,output_0,arg_0,train,A
34,2,2,sum_two_numbers,sum_two_numbers,output_0,first_number|second_number,train,A
41,3,3,sum_of_three,sum_of_three,output_0,arg_0|arg_1|arg_2,train,A
39,2,2,divide,divide,output_0,arg_0|arg_1,train,A
39,1,1,min_of_values,min_of_values,output_0,values,train,A
37,2,2,ratio_of,ratio_of,output_0,denominator|numerator,train,A
16,2,2,absolute_difference,absolute_difference,output_0,arg_0|arg_1,train,A
21,2,2,average_of_two,average_of_two,output_0,arg_0|arg_1,train,A
35,2,2,product_of_numbers,product_of_numbers,output_0,first_factor|second_factor,train,A
45,3,3,mean_of_three,mean_of_three,output_0,arg_0|arg_1|arg_2,train,A
32,2,2,quotient_of,quotient_of,output_0,denominator|numerator,train,A
30,1,1,meters_to_km,meters_to_km,output_0,meters,train,A
37,2,2,reminder,reminder,output_0,arg_0|arg_1,train,A
39,2,2,decrease_by_percent,decrease_by_percent,output_0,base|percent,train,A
31,1,1,fahrenheit_to_celsius,fahrenheit_to_celsius,output_0,fahrenheit,train,A
34,2,2,sum_two_numbers,sum_two_numbers,output_0,first_number|second_number,train,A
57,2,2,label_with_unit,label_with_unit,output_0,unit|value,train,A
37,2,2,ratio_of,ratio_of,output_0,denominator|numerator,train,A
36,2,2,gap_between,gap_between,output_0,first_value|second_value,train,G
33,1,1,whole_number_of,whole_number_of,output_0,value,train,G
30,2,2,scale_quantity,scale_quantity,output_0,factor|quantity,train,G
28,1,1,flip_sign,flip_sign,output_0,value,train,G
43,1,1,read_amount_from_text,read_amount_from_text,output_0,raw_text,train,G
41,2,2,full_groups_of,full_groups_of,output_0,group_size|total_items,train,G
51,2,2,divides_evenly,divides_evenly,output_0,group_size|total_amount,train,G
44,3,3,dispersion_of_three,dispersion_of_three,output_0,value_one|value_three|value_two,train,G
42,2,2,extend_series_with,extend_series_with,output_0,new_entry|number_list,train,G
42,1,1,digit_sum,digit_sum,output_0,arg_0,train,A
30,1,1,meters_to_km,meters_to_km,output_0,meters,train,A
45,1,1,text_length,text_length,output_0,text,train,A
35,1,1,negate,negate,output_0,arg_0,train,A
50,2,2,take_top_values,take_top_values,output_0,k|values,train,A
38,2,2,percent_of,percent_of,output_0,percent|whole,train,A
26,1,1,hours_to_minutes,hours_to_minutes,output_0,hours,train,A
39,1,1,min_of_values,min_of_values,output_0,values,train,A
39,1,1,nearest_integer,nearest_integer,output_0,arg_0,train,A
23,2,2,multiply,multiply,output_0,arg_0|arg_1,train,A
30,2,2,percentage_value,percentage_value,output_0,base|rate_percent,train,A
30,1,1,meters_to_km,meters_to_km,output_0,meters,train,A
60,3,3,is_within_range,is_within_range,output_0,maximum|minimum|value,train,A
34,2,2,concat_strings,concat_strings,output_0,first|second,train,A
66,2,2,build_tag,build_tag,output_0,prefix|value,train,A
43,2,2,subtract,subtract,output_0,arg_0|arg_1,train,A
26,1,1,hours_to_minutes,hours_to_minutes,output_0,hours,train,A
37,2,2,ratio_of,ratio_of,output_0,denominator|numerator,train,A
39,1,1,running_totals,running_totals,output_0,values,train,A
35,3,3,bound_within,bound_within,output_0,high_limit|input_value|low_limit,train,G
35,1,1,km_from_meters,km_from_meters,output_0,distance_m,train,G
51,2,2,divides_evenly,divides_evenly,output_0,group_size|total_amount,train,G
54,3,3,inside_limits,inside_limits,output_0,high_limit|low_limit|reading,train,G
28,2,2,per_unit_value,per_unit_value,output_0,units|whole,train,G
38,1,1,series_length,series_length,output_0,number_list,train,G
42,2,2,extend_series_with,extend_series_with,output_0,new_entry|number_list,train,G
34,1,1,celsius_from_fahrenheit,celsius_from_fahrenheit,output_0,temp_f,train,G
41,2,2,combine_amounts,combine_amounts,output_0,amount_a|amount_b,train,G
36,2,2,gap_between,gap_between,output_0,first_value|second_value,train,G
36,3,3,total_of_three_parts,total_of_three_parts,output_0,part_one|part_three|part_two,train,G
42,2,2,proportion_between,proportion_between,output_0,part_value|whole_value,train,G
26,2,2,exponent_of,exponent_of,output_0,base|exponent,train,A
31,1,1,celsius_to_fahrenheit,celsius_to_fahrenheit,output_0,celsius,train,A
32,1,1,range_of_values,range_of_values,output_0,values,train,A
60,3,3,is_within_range,is_within_range,output_0,maximum|minimum|value,train,A
39,2,2,decrease_by_percent,decrease_by_percent,output_0,base|percent,train,A
62,2,2,is_greater,is_greater,output_0,arg_0|arg_1,train,A
32,1,1,square_value,square_value,output_0,arg_0,train,A
32,2,2,quotient_of,quotient_of,output_0,denominator|numerator,train,A
31,1,1,fahrenheit_to_celsius,fahrenheit_to_celsius,output_0,fahrenheit,train,A
21,2,2,average_of_two,average_of_two,output_0,arg_0|arg_1,train,A
16,2,2,absolute_difference,absolute_difference,output_0,arg_0|arg_1,train,A
30,2,2,floor_divide,floor_divide,output_0,arg_0|arg_1,train,A
43,2,2,subtract,subtract,output_0,arg_0|arg_1,train,A
30,2,2,modulo_of,modulo_of,output_0,dividend|divisor,train,A
40,2,2,add,add,output_0,arg_0|arg_1,train,A
61,2,2,format_number_fixed,format_number_fixed,output_0,places|value,train,A
23,2,2,multiply,multiply,output_0,arg_0|arg_1,train,A
51,2,2,scale_values,scale_values,output_0,factor|values,train,A
37,2,2,shrink_by_rate,shrink_by_rate,output_0,discount_rate|starting_value,train,G
41,2,2,reduce_amount,reduce_amount,output_0,base_value|reduction,train,G
38,1,1,series_length,series_length,output_0,number_list,train,G
36,2,2,gap_between,gap_between,output_0,first_value|second_value,train,G
28,1,1,flip_sign,flip_sign,output_0,value,train,G
34,1,1,series_spread,series_spread,output_0,number_list,train,G
38,3,3,balance_of_three,balance_of_three,output_0,reading_one|reading_three|reading_two,train,G
42,2,2,extend_series_with,extend_series_with,output_0,new_entry|number_list,train,G
35,3,3,bound_within,bound_within,output_0,high_limit|input_value|low_limit,train,G
38,1,1,root_extract,root_extract,output_0,input_value,train,G
42,2,2,trim_precision,trim_precision,output_0,digits|raw_value,train,G
46,2,2,total_of_pair,total_of_pair,output_0,left|right,train,G
32,1,1,central_value,central_value,output_0,number_list,train,G
35,1,1,peak_of_series,peak_of_series,output_0,number_list,train,G
38,1,1,series_length,series_length,output_0,number_list,train,G
42,2,2,extend_series_with,extend_series_with,output_0,new_entry|number_list,train,G
41,2,2,combine_amounts,combine_amounts,output_0,amount_a|amount_b,train,G
51,2,2,divides_evenly,divides_evenly,output_0,group_size|total_amount,train,G
35,2,2,grow_by_rate,grow_by_rate,output_0,growth_rate|starting_value,train,G
33,1,1,aggregate_total,aggregate_total,output_0,number_list,train,G
52,1,1,rank_of_peak,rank_of_peak,output_0,number_list,train,G
37,1,1,valley_of_series,valley_of_series,output_0,number_list,train,G
53,2,2,compose_reference_code,compose_reference_code,output_0,code_number|code_prefix,train,G
53,2,2,rescale_series,rescale_series,output_0,multiplier|number_list,train,G
29,1,1,seconds_from_minutes,seconds_from_minutes,output_0,minute_count,train,G
35,2,2,midpoint_value,midpoint_value,output_0,value_one|value_two,train,G
28,1,1,flip_sign,flip_sign,output_0,value,train,G
35,3,3,bound_within,bound_within,output_0,high_limit|input_value|low_limit,train,G
37,1,1,reciprocal_value,reciprocal_value,output_0,value,train,G
42,2,2,leading_entries,leading_entries,output_0,how_many|number_list,train,G
35,1,1,round_up_whole,round_up_whole,output_0,value,train,G
41,2,2,reduce_amount,reduce_amount,output_0,base_value|reduction,train,G
46,2,2,total_of_pair,total_of_pair,output_0,left|right,train,G
29,2,2,pairwise_product,pairwise_product,output_0,value_one|value_two,train,G
50,2,2,annotate_measurement,annotate_measurement,output_0,measurement|unit_name,train,G
35,2,2,pick_higher,pick_higher,output_0,candidate_a|candidate_b,train,G
42,2,2,trim_precision,trim_precision,output_0,digits|raw_value,train,G
35,2,2,exponentiate,exponentiate,output_0,base_value|power_value,train,G
47,2,2,portion_by_rate,portion_by_rate,output_0,rate|reference_value,train,G
46,2,2,render_with_decimals,render_with_decimals,output_0,decimal_count|value,train,G
37,2,2,shrink_by_rate,shrink_by_rate,output_0,discount_rate|starting_value,train,G
39,1,1,self_product,self_product,output_0,value,train,G
38,1,1,series_length,series_length,output_0,number_list,train,G
39,2,2,leftover_after_grouping,leftover_after_grouping,output_0,group_size|total_items,train,G
35,2,2,grow_by_rate,grow_by_rate,output_0,growth_rate|starting_value,train,G
35,2,2,midpoint_value,midpoint_value,output_0,value_one|value_two,train,G
46,2,2,total_of_pair,total_of_pair,output_0,left|right,train,G
31,1,1,meters_from_km,meters_from_km,output_0,distance_km,train,G
49,2,2,adjust_to_whole,adjust_to_whole,output_0,direction|value,train,G
37,1,1,reciprocal_value,reciprocal_value,output_0,value,train,G
43,1,1,read_amount_from_text,read_amount_from_text,output_0,raw_text,train,G
33,1,1,whole_number_of,whole_number_of,output_0,value,train,G
26,1,1,stringify_amount,stringify_amount,output_0,amount,train,G
54,3,3,inside_limits,inside_limits,output_0,high_limit|low_limit|reading,train,G
44,3,3,dispersion_of_three,dispersion_of_three,output_0,value_one|value_three|value_two,train,G
43,2,2,subtract,subtract,output_0,arg_0|arg_1,train,A
66,2,2,build_tag,build_tag,output_0,prefix|value,train,A
54,2,2,round_to_decimals,round_to_decimals,output_0,places|value,train,A
39,2,2,increase_by_percent,increase_by_percent,output_0,base|percent,train,A
34,2,2,sum_two_numbers,sum_two_numbers,output_0,first_number|second_number,train,A
26,1,1,hours_to_minutes,hours_to_minutes,output_0,hours,train,A
34,2,2,concat_strings,concat_strings,output_0,first|second,train,A
34,2,2,whole_quotient,whole_quotient,output_0,dividend|divisor,train,A
58,2,2,round_with_mode,round_with_mode,output_0,mode|value,train,A
39,1,1,running_totals,running_totals,output_0,values,train,A
64,2,2,is_divisible_by,is_divisible_by,output_0,arg_0|arg_1,train,A
28,1,1,minutes_to_seconds,minutes_to_seconds,output_0,minutes,train,A
34,1,1,celsius_from_fahrenheit,celsius_from_fahrenheit,output_0,temp_f,train,G
44,3,3,dispersion_of_three,dispersion_of_three,output_0,value_one|value_three|value_two,train,G
49,2,2,entries_over_limit,entries_over_limit,output_0,limit|number_list,train,G
35,2,2,pick_higher,pick_higher,output_0,candidate_a|candidate_b,train,G
42,2,2,trim_precision,trim_precision,output_0,digits|raw_value,train,G
33,1,1,whole_number_of,whole_number_of,output_0,value,train,G
35,1,1,round_up_whole,round_up_whole,output_0,value,train,G
35,2,2,midpoint_value,midpoint_value,output_0,value_one|value_two,train,G
49,1,1,whole_minutes_from_seconds,whole_minutes_from_seconds,output_0,second_count,train,G
42,2,2,proportion_between,proportion_between,output_0,part_value|whole_value,train,G
47,2,2,portion_by_rate,portion_by_rate,output_0,rate|reference_value,train,G
27,1,1,minutes_from_hours,minutes_from_hours,output_0,hour_count,train,G
45,3,3,mean_of_three,mean_of_three,output_0,arg_0|arg_1|arg_2,train,A
33,2,2,difference_of_numbers,difference_of_numbers,output_0,minuend|subtrahend,train,A
62,2,2,append_to_values,append_to_values,output_0,value|values,train,A
38,2,2,percent_of,percent_of,output_0,percent|whole,train,A
64,2,2,is_divisible_by,is_divisible_by,output_0,arg_0|arg_1,train,A
41,3,3,sum_of_three,sum_of_three,output_0,arg_0|arg_1|arg_2,train,A
32,1,1,square_value,square_value,output_0,arg_0,train,A
30,1,1,meters_to_km,meters_to_km,output_0,meters,train,A
16,2,2,absolute_difference,absolute_difference,output_0,arg_0|arg_1,train,A
39,2,2,increase_by_percent,increase_by_percent,output_0,base|percent,train,A
24,1,1,sqrt,sqrt,output_0,arg_0,train,A
30,2,2,floor_divide,floor_divide,output_0,arg_0|arg_1,train,A
21,2,2,average_of_two,average_of_two,output_0,arg_0|arg_1,train,A
73,3,3,range_of_three,range_of_three,output_0,arg_0|arg_1|arg_2,train,A
39,1,1,running_totals,running_totals,output_0,values,train,A
32,1,1,inverse,inverse,output_0,arg_0,train,A
62,2,2,is_greater,is_greater,output_0,arg_0|arg_1,train,A
43,2,2,subtract,subtract,output_0,arg_0|arg_1,train,A
31,1,1,fahrenheit_to_celsius,fahrenheit_to_celsius,output_0,fahrenheit,train,A
30,1,1,km_to_meters,km_to_meters,output_0,kilometers,train,A
35,2,2,product_of_numbers,product_of_numbers,output_0,first_factor|second_factor,train,A
26,1,1,hours_to_minutes,hours_to_minutes,output_0,hours,train,A
23,1,1,sum_of_values,sum_of_values,output_0,values,train,A
16,2,2,absolute_difference,absolute_difference,output_0,arg_0|arg_1,train,A
54,2,2,round_to_decimals,round_to_decimals,output_0,places|value,train,A
24,1,1,sqrt,sqrt,output_0,arg_0,train,A
42,1,1,digit_sum,digit_sum,output_0,arg_0,train,A
39,1,1,min_of_values,min_of_values,output_0,values,train,A
35,1,1,negate,negate,output_0,arg_0,train,A
33,1,1,whole_number_of,whole_number_of,output_0,value,train,G
54,3,3,inside_limits,inside_limits,output_0,high_limit|low_limit|reading,train,G
49,1,1,whole_minutes_from_seconds,whole_minutes_from_seconds,output_0,second_count,train,G
47,2,2,portion_by_rate,portion_by_rate,output_0,rate|reference_value,train,G
38,3,3,balance_of_three,balance_of_three,output_0,reading_one|reading_three|reading_two,train,G
46,2,2,total_of_pair,total_of_pair,output_0,left|right,train,G
28,1,1,flip_sign,flip_sign,output_0,value,train,G
37,2,2,shrink_by_rate,shrink_by_rate,output_0,discount_rate|starting_value,train,G
46,2,2,render_with_decimals,render_with_decimals,output_0,decimal_count|value,train,G
35,2,2,grow_by_rate,grow_by_rate,output_0,growth_rate|starting_value,train,G
36,3,3,total_of_three_parts,total_of_three_parts,output_0,part_one|part_three|part_two,train,G
43,1,1,read_amount_from_text,read_amount_from_text,output_0,raw_text,train,G
53,2,2,serialize_series,serialize_series,output_0,delimiter|number_list,train,G
41,2,2,reduce_amount,reduce_amount,output_0,base_value|reduction,train,G
44,3,3,dispersion_of_three,dispersion_of_three,output_0,value_one|value_three|value_two,train,G
35,3,3,bound_within,bound_within,output_0,high_limit|input_value|low_limit,train,G
35,2,2,exponentiate,exponentiate,output_0,base_value|power_value,train,G
34,1,1,series_spread,series_spread,output_0,number_list,train,G
54,3,3,inside_limits,inside_limits,output_0,high_limit|low_limit|reading,train,G
42,2,2,proportion_between,proportion_between,output_0,part_value|whole_value,train,G
46,2,2,total_of_pair,total_of_pair,output_0,left|right,train,G
35,1,1,km_from_meters,km_from_meters,output_0,distance_m,train,G
41,2,2,reduce_amount,reduce_amount,output_0,base_value|reduction,train,G
42,2,2,trim_precision,trim_precision,output_0,digits|raw_value,train,G
35,3,3,bound_within,bound_within,output_0,high_limit|input_value|low_limit,train,G
28,1,1,flip_sign,flip_sign,output_0,value,train,G
44,3,3,dispersion_of_three,dispersion_of_three,output_0,value_one|value_three|value_two,train,G
47,2,2,portion_by_rate,portion_by_rate,output_0,rate|reference_value,train,G
43,1,1,accumulate_series,accumulate_series,output_0,number_list,train,G
37,1,1,valley_of_series,valley_of_series,output_0,number_list,train,G
36,3,3,total_of_three_parts,total_of_three_parts,output_0,part_one|part_three|part_two,train,G
35,1,1,round_up_whole,round_up_whole,output_0,value,train,G
36,3,3,total_of_three_parts,total_of_three_parts,output_0,part_one|part_three|part_two,train,G
31,1,1,meters_from_km,meters_from_km,output_0,distance_km,train,G
41,2,2,combine_amounts,combine_amounts,output_0,amount_a|amount_b,train,G
33,1,1,whole_number_of,whole_number_of,output_0,value,train,G
53,2,2,rescale_series,rescale_series,output_0,multiplier|number_list,train,G
41,1,1,round_down_whole,round_down_whole,output_0,value,train,G
37,2,2,shrink_by_rate,shrink_by_rate,output_0,discount_rate|starting_value,train,G
54,3,3,inside_limits,inside_limits,output_0,high_limit|low_limit|reading,train,G
28,1,1,flip_sign,flip_sign,output_0,value,train,G
44,3,3,dispersion_of_three,dispersion_of_three,output_0,value_one|value_three|value_two,train,G
35,2,2,grow_by_rate,grow_by_rate,output_0,growth_rate|starting_value,train,G
35,3,3,bound_within,bound_within,output_0,high_limit|input_value|low_limit,train,G
35,1,1,round_up_whole,round_up_whole,output_0,value,train,G
42,2,2,leading_entries,leading_entries,output_0,how_many|number_list,train,G
29,2,2,pairwise_product,pairwise_product,output_0,value_one|value_two,train,G
42,2,2,trim_precision,trim_precision,output_0,digits|raw_value,train,G
52,2,2,exceeds_value,exceeds_value,output_0,limit|measured_value,train,G
38,2,2,percent_of,percent_of,output_0,percent|whole,train,A
54,2,2,join_values_with,join_values_with,output_0,separator|values,train,A
38,1,1,parse_numeric_text,parse_numeric_text,output_0,text,train,A
39,2,2,decrease_by_percent,decrease_by_percent,output_0,base|percent,train,A
39,2,2,increase_by_percent,increase_by_percent,output_0,base|percent,train,A
35,1,1,negate,negate,output_0,arg_0,train,A
34,2,2,sum_two_numbers,sum_two_numbers,output_0,first_number|second_number,train,A
43,2,2,subtract,subtract,output_0,arg_0|arg_1,train,A
62,2,2,append_to_values,append_to_values,output_0,value|values,train,A
29,1,1,seconds_from_minutes,seconds_from_minutes,output_0,minute_count,train,G
50,2,2,annotate_measurement,annotate_measurement,output_0,measurement|unit_name,train,G
35,2,2,midpoint_value,midpoint_value,output_0,value_one|value_two,train,G
28,2,2,per_unit_value,per_unit_value,output_0,units|whole,train,G
53,2,2,rescale_series,rescale_series,output_0,multiplier|number_list,train,G
37,1,1,reciprocal_value,reciprocal_value,output_0,value,train,G
36,3,3,total_of_three_parts,total_of_three_parts,output_0,part_one|part_three|part_two,train,G
39,1,1,self_product,self_product,output_0,value,train,G
38,1,1,series_length,series_length,output_0,number_list,train,G
46,2,2,total_of_pair,total_of_pair,output_0,left|right,train,G
35,3,3,bound_within,bound_within,output_0,high_limit|input_value|low_limit,train,G
53,2,2,compose_reference_code,compose_reference_code,output_0,code_number|code_prefix,train,G
35,2,2,grow_by_rate,grow_by_rate,output_0,growth_rate|starting_value,train,G
51,1,1,digits_added_up,digits_added_up,output_0,whole_value,train,G
37,2,2,shrink_by_rate,shrink_by_rate,output_0,discount_rate|starting_value,train,G
29,1,1,seconds_from_minutes,seconds_from_minutes,output_0,minute_count,train,G
33,1,1,whole_number_of,whole_number_of,output_0,value,train,G
36,3,3,total_of_three_parts,total_of_three_parts,output_0,part_one|part_three|part_two,train,G
31,2,2,join_text_pieces,join_text_pieces,output_0,piece_one|piece_two,train,G
41,2,2,combine_amounts,combine_amounts,output_0,amount_a|amount_b,train,G
53,2,2,rescale_series,rescale_series,output_0,multiplier|number_list,train,G
37,1,1,valley_of_series,valley_of_series,output_0,number_list,train,G
41,2,2,full_groups_of,full_groups_of,output_0,group_size|total_items,train,G
41,2,2,reduce_amount,reduce_amount,output_0,base_value|reduction,train,G
35,2,2,grow_by_rate,grow_by_rate,output_0,growth_rate|starting_value,train,G
36,2,2,gap_between,gap_between,output_0,first_value|second_value,train,G
39,1,1,self_product,self_product,output_0,value,train,G
39,2,2,leftover_after_grouping,leftover_after_grouping,output_0,group_size|total_items,train,G
26,1,1,stringify_amount,stringify_amount,output_0,amount,train,G
35,2,2,midpoint_value,midpoint_value,output_0,value_one|value_two,train,G
44,3,3,dispersion_of_three,dispersion_of_three,output_0,value_one|value_three|value_two,train,G
34,2,2,concat_strings,concat_strings,output_0,first|second,train,A
39,1,1,mean_of_values,mean_of_values,output_0,values,train,A
38,1,1,max_of_values,max_of_values,output_0,values,train,A
32,2,2,quotient_of,quotient_of,output_0,denominator|numerator,train,A
30,2,2,modulo_of,modulo_of,output_0,dividend|divisor,train,A
54,2,2,join_values_with,join_values_with,output_0,separator|values,train,A
45,1,1,text_length,text_length,output_0,text,train,A
23,1,1,sum_of_values,sum_of_values,output_0,values,train,A
30,2,2,floor_divide,floor_divide,output_0,arg_0|arg_1,train,A
26,1,1,hours_to_minutes,hours_to_minutes,output_0,hours,train,A
40,3,3,clamp_value,clamp_value,output_0,maximum|minimum|value,train,A
26,2,2,maximum_of_two,maximum_of_two,output_0,arg_0|arg_1,train,A
27,2,2,minimum_of_two,minimum_of_two,output_0,arg_0|arg_1,train,A
39,1,1,mean_of_values,mean_of_values,output_0,values,train,A
33,2,2,difference_of_numbers,difference_of_numbers,output_0,minuend|subtrahend,train,A
21,2,2,average_of_two,average_of_two,output_0,arg_0|arg_1,train,A
32,1,1,inverse,inverse,output_0,arg_0,train,A
50,1,1,seconds_to_full_minutes,seconds_to_full_minutes,output_0,seconds,train,A
39,2,2,increase_by_percent,increase_by_percent,output_0,base|percent,train,A
40,3,3,clamp_value,clamp_value,output_0,maximum|minimum|value,train,A
16,2,2,absolute_difference,absolute_difference,output_0,arg_0|arg_1,train,A
47,1,1,number_to_text,number_to_text,output_0,value,train,A
28,1,1,minutes_to_seconds,minutes_to_seconds,output_0,minutes,train,A
35,1,1,negate,negate,output_0,arg_0,train,A
23,1,1,sum_of_values,sum_of_values,output_0,values,train,A
73,3,3,range_of_three,range_of_three,output_0,arg_0|arg_1|arg_2,train,A
26,1,1,hours_to_minutes,hours_to_minutes,output_0,hours,train,A
37,1,1,fahrenheit_from_celsius,fahrenheit_from_celsius,output_0,temp_c,train,G
33,1,1,aggregate_total,aggregate_total,output_0,number_list,train,G
28,1,1,flip_sign,flip_sign,output_0,value,train,G
27,1,1,minutes_from_hours,minutes_from_hours,output_0,hour_count,train,G
33,1,1,whole_number_of,whole_number_of,output_0,value,train,G
38,1,1,root_extract,root_extract,output_0,input_value,train,G
34,1,1,celsius_from_fahrenheit,celsius_from_fahrenheit,output_0,temp_f,train,G
37,1,1,reciprocal_value,reciprocal_value,output_0,value,train,G
36,2,2,gap_between,gap_between,output_0,first_value|second_value,train,G
28,1,1,minutes_to_seconds,minutes_to_seconds,output_0,minutes,train,A
39,1,1,nearest_integer,nearest_integer,output_0,arg_0,train,A
37,2,2,ratio_of,ratio_of,output_0,denominator|numerator,train,A
43,1,1,sort_values_descending,sort_values_descending,output_0,values,train,A
66,2,2,build_tag,build_tag,output_0,prefix|value,train,A
30,2,2,modulo_of,modulo_of,output_0,dividend|divisor,train,A
23,1,1,sum_of_values,sum_of_values,output_0,values,train,A
32,2,2,quotient_of,quotient_of,output_0,denominator|numerator,train,A
42,1,1,digit_sum,digit_sum,output_0,arg_0,train,A
34,2,2,whole_quotient,whole_quotient,output_0,dividend|divisor,train,A
47,1,1,number_to_text,number_to_text,output_0,value,train,A
58,2,2,round_with_mode,round_with_mode,output_0,mode|value,train,A
51,2,2,scale_values,scale_values,output_0,factor|values,train,A
39,1,1,mean_of_values,mean_of_values,output_0,values,train,A
30,1,1,km_to_meters,km_to_meters,output_0,kilometers,train,A
37,2,2,ratio_of,ratio_of,output_0,denominator|numerator,train,A
47,1,1,number_to_text,number_to_text,output_0,value,train,A
60,3,3,is_within_range,is_within_range,output_0,maximum|minimum|value,train,A
50,1,1,seconds_to_full_minutes,seconds_to_full_minutes,output_0,seconds,train,A
39,2,2,increase_by_percent,increase_by_percent,output_0,base|percent,train,A
31,1,1,celsius_to_fahrenheit,celsius_to_fahrenheit,output_0,celsius,train,A
34,2,2,whole_quotient,whole_quotient,output_0,dividend|divisor,train,A
32,2,2,quotient_of,quotient_of,output_0,denominator|numerator,train,A
38,2,2,percent_of,percent_of,output_0,percent|whole,train,A
40,2,2,add,add,output_0,arg_0|arg_1,train,A
51,2,2,scale_values,scale_values,output_0,factor|values,train,A
61,2,2,format_number_fixed,format_number_fixed,output_0,places|value,train,A
39,1,1,running_totals,running_totals,output_0,values,train,A
62,2,2,append_to_values,append_to_values,output_0,value|values,train,A
64,2,2,is_divisible_by,is_divisible_by,output_0,arg_0|arg_1,train,A
35,1,1,floor,floor,output_0,arg_0,train,A
26,1,1,hours_to_minutes,hours_to_minutes,output_0,hours,train,A
32,1,1,square_value,square_value,output_0,arg_0,train,A
39,1,1,nearest_integer,nearest_integer,output_0,arg_0,train,A
23,1,1,sum_of_values,sum_of_values,output_0,values,train,A
50,2,2,take_top_values,take_top_values,output_0,k|values,train,A
53,2,2,split_evenly,split_evenly,output_0,parts|total,train,G
35,1,1,round_up_whole,round_up_whole,output_0,value,train,G
37,2,2,shrink_by_rate,shrink_by_rate,output_0,discount_rate|starting_value,train,G
36,3,3,total_of_three_parts,total_of_three_parts,output_0,part_one|part_three|part_two,train,G
40,2,2,remaining_after,remaining_after,output_0,from_value|take_away,train,G
42,2,2,proportion_between,proportion_between,output_0,part_value|whole_value,train,G
34,2,2,pick_lower,pick_lower,output_0,candidate_a|candidate_b,train,G
44,3,3,dispersion_of_three,dispersion_of_three,output_0,value_one|value_three|value_two,train,G
36,2,2,gap_between,gap_between,output_0,first_value|second_value,train,G
54,3,3,inside_limits,inside_limits,output_0,high_limit|low_limit|reading,train,G
35,1,1,km_from_meters,km_from_meters,output_0,distance_m,train,G
39,2,2,leftover_after_grouping,leftover_after_grouping,output_0,group_size|total_items,train,G
39,2,2,increase_by_percent,increase_by_percent,output_0,base|percent,train,A
35,1,1,negate,negate,output_0,arg_0,train,A
35,1,1,floor,floor,output_0,arg_0,train,A
16,2,2,absolute_difference,absolute_difference,output_0,arg_0|arg_1,train,A
34,2,2,sum_two_numbers,sum_two_numbers,output_0,first_number|second_number,train,A
32,1,1,square_value,square_value,output_0,arg_0,train,A
33,1,1,ceiling,ceiling,output_0,arg_0,train,A
43,2,2,subtract,subtract,output_0,arg_0|arg_1,train,A
35,2,2,product_of_numbers,product_of_numbers,output_0,first_factor|second_factor,train,A
43,1,1,sort_values_descending,sort_values_descending,output_0,values,train,A
47,1,1,number_to_text,number_to_text,output_0,value,train,A
34,2,2,sum_two_numbers,sum_two_numbers,output_0,first_number|second_number,train,A
31,1,1,fahrenheit_to_celsius,fahrenheit_to_celsius,output_0,fahrenheit,train,A
21,2,2,average_of_two,average_of_two,output_0,arg_0|arg_1,train,A
35,2,2,product_of_numbers,product_of_numbers,output_0,first_factor|second_factor,train,A
26,2,2,exponent_of,exponent_of,output_0,base|exponent,train,A
31,1,1,celsius_to_fahrenheit,celsius_to_fahrenheit,output_0,celsius,train,A
39,2,2,divide,divide,output_0,arg_0|arg_1,train,A
30,1,1,km_to_meters,km_to_meters,output_0,kilometers,train,A
38,1,1,root_extract,root_extract,output_0,input_value,train,G
53,2,2,rescale_series,rescale_series,output_0,multiplier|number_list,train,G
26,1,1,stringify_amount,stringify_amount,output_0,amount,train,G
35,2,2,grow_by_rate,grow_by_rate,output_0,growth_rate|starting_value,train,G
34,2,2,pick_lower,pick_lower,output_0,candidate_a|candidate_b,train,G
37,1,1,reciprocal_value,reciprocal_value,output_0,value,train,G
31,2,2,join_text_pieces,join_text_pieces,output_0,piece_one|piece_two,train,G
42,2,2,trim_precision,trim_precision,output_0,digits|raw_value,train,G
39,2,2,divide,divide,output_0,arg_0|arg_1,train,A
39,1,1,nearest_integer,nearest_integer,output_0,arg_0,train,A
41,3,3,sum_of_three,sum_of_three,output_0,arg_0|arg_1|arg_2,train,A
35,1,1,negate,negate,output_0,arg_0,train,A
21,2,2,average_of_two,average_of_two,output_0,arg_0|arg_1,train,A
45,3,3,mean_of_three,mean_of_three,output_0,arg_0|arg_1|arg_2,train,A
47,1,1,number_to_text,number_to_text,output_0,value,train,A
31,1,1,fahrenheit_to_celsius,fahrenheit_to_celsius,output_0,fahrenheit,train,A
35,1,1,floor,floor,output_0,arg_0,train,A
47,2,2,portion_by_rate,portion_by_rate,output_0,rate|reference_value,train,G
46,1,1,order_series_high_to_low,order_series_high_to_low,output_0,number_list,train,G
41,1,1,round_down_whole,round_down_whole,output_0,value,train,G
42,2,2,trim_precision,trim_precision,output_0,digits|raw_value,train,G
38,3,3,balance_of_three,balance_of_three,output_0,reading_one|reading_three|reading_two,train,G
43,1,1,read_amount_from_text,read_amount_from_text,output_0,raw_text,train,G
29,2,2,pairwise_product,pairwise_product,output_0,value_one|value_two,train,G
35,2,2,grow_by_rate,grow_by_rate,output_0,growth_rate|starting_value,train,G
28,1,1,flip_sign,flip_sign,output_0,value,train,G
53,2,2,compose_reference_code,compose_reference_code,output_0,code_number|code_prefix,train,G
33,1,1,whole_number_of,whole_number_of,output_0,value,train,G
38,1,1,series_length,series_length,output_0,number_list,train,G
41,2,2,full_groups_of,full_groups_of,output_0,group_size|total_items,train,G
43,2,2,subtract,subtract,output_0,arg_0|arg_1,train,A
35,1,1,negate,negate,output_0,arg_0,train,A
30,1,1,meters_to_km,meters_to_km,output_0,meters,train,A
32,1,1,inverse,inverse,output_0,arg_0,train,A
57,2,2,label_with_unit,label_with_unit,output_0,unit|value,train,A
26,2,2,maximum_of_two,maximum_of_two,output_0,arg_0|arg_1,train,A
39,2,2,decrease_by_percent,decrease_by_percent,output_0,base|percent,train,A
23,2,2,multiply,multiply,output_0,arg_0|arg_1,train,A
60,3,3,is_within_range,is_within_range,output_0,maximum|minimum|value,train,A
39,2,2,increase_by_percent,increase_by_percent,output_0,base|percent,train,A
21,2,2,average_of_two,average_of_two,output_0,arg_0|arg_1,train,A
42,1,1,digit_sum,digit_sum,output_0,arg_0,train,A
50,1,1,seconds_to_full_minutes,seconds_to_full_minutes,output_0,seconds,train,A
26,2,2,maximum_of_two,maximum_of_two,output_0,arg_0|arg_1,train,A
27,2,2,minimum_of_two,minimum_of_two,output_0,arg_0|arg_1,train,A
28,1,1,minutes_to_seconds,minutes_to_seconds,output_0,minutes,train,A
62,2,2,append_to_values,append_to_values,output_0,value|values,train,A
35,2,2,product_of_numbers,product_of_numbers,output_0,first_factor|second_factor,train,A
50,2,2,take_top_values,take_top_values,output_0,k|values,train,A
23,1,1,sum_of_values,sum_of_values,output_0,values,train,A
62,2,2,is_greater,is_greater,output_0,arg_0|arg_1,train,A
54,2,2,round_to_decimals,round_to_decimals,output_0,places|value,train,A
40,2,2,add,add,output_0,arg_0|arg_1,train,A
35,1,1,floor,floor,output_0,arg_0,train,A
33,1,1,ceiling,ceiling,output_0,arg_0,train,A
39,1,1,mean_of_values,mean_of_values,output_0,values,train,A
43,2,2,subtract,subtract,output_0,arg_0|arg_1,train,A
41,3,3,sum_of_three,sum_of_three,output_0,arg_0|arg_1|arg_2,train,A
39,2,2,leftover_after_grouping,leftover_after_grouping,output_0,group_size|total_items,train,G
35,2,2,grow_by_rate,grow_by_rate,output_0,growth_rate|starting_value,train,G
42,2,2,proportion_between,proportion_between,output_0,part_value|whole_value,train,G
35,2,2,pick_higher,pick_higher,output_0,candidate_a|candidate_b,train,G
35,1,1,round_up_whole,round_up_whole,output_0,value,train,G
28,2,2,per_unit_value,per_unit_value,output_0,units|whole,train,G
54,3,3,inside_limits,inside_limits,output_0,high_limit|low_limit|reading,train,G
33,1,1,aggregate_total,aggregate_total,output_0,number_list,train,G
36,1,1,character_count,character_count,output_0,input_text,train,G
35,1,1,floor,floor,output_0,arg_0,train,A
32,2,2,quotient_of,quotient_of,output_0,denominator|numerator,train,A
30,2,2,modulo_of,modulo_of,output_0,dividend|divisor,train,A
39,1,1,running_totals,running_totals,output_0,values,train,A
35,1,1,negate,negate,output_0,arg_0,train,A
39,2,2,decrease_by_percent,decrease_by_percent,output_0,base|percent,train,A
51,2,2,scale_values,scale_values,output_0,factor|values,train,A
54,2,2,round_to_decimals,round_to_decimals,output_0,places|value,train,A
30,2,2,percentage_value,percentage_value,output_0,base|rate_percent,train,A
35,1,1,negate,negate,output_0,arg_0,train,A
38,1,1,max_of_values,max_of_values,output_0,values,train,A
38,2,2,power,power,output_0,arg_0|arg_1,train,A
54,2,2,round_to_decimals,round_to_decimals,output_0,places|value,train,A
39,1,1,nearest_integer,nearest_integer,output_0,arg_0,train,A
33,2,2,difference_of_numbers,difference_of_numbers,output_0,minuend|subtrahend,train,A
37,2,2,ratio_of,ratio_of,output_0,denominator|numerator,train,A
34,2,2,whole_quotient,whole_quotient,output_0,dividend|divisor,train,A
30,1,1,meters_to_km,meters_to_km,output_0,meters,train,A
35,2,2,product_of_numbers,product_of_numbers,output_0,first_factor|second_factor,train,A
35,1,1,floor,floor,output_0,arg_0,train,A
30,2,2,scale_quantity,scale_quantity,output_0,factor|quantity,train,G
35,2,2,exponentiate,exponentiate,output_0,base_value|power_value,train,G
37,2,2,shrink_by_rate,shrink_by_rate,output_0,discount_rate|starting_value,train,G
28,2,2,per_unit_value,per_unit_value,output_0,units|whole,train,G
35,2,2,grow_by_rate,grow_by_rate,output_0,growth_rate|starting_value,train,G
51,2,2,divides_evenly,divides_evenly,output_0,group_size|total_amount,train,G
28,1,1,flip_sign,flip_sign,output_0,value,train,G
36,3,3,total_of_three_parts,total_of_three_parts,output_0,part_one|part_three|part_two,train,G
42,2,2,proportion_between,proportion_between,output_0,part_value|whole_value,train,G
35,1,1,round_up_whole,round_up_whole,output_0,value,train,G
35,1,1,km_from_meters,km_from_meters,output_0,distance_m,train,G
39,1,1,self_product,self_product,output_0,value,train,G
29,2,2,pairwise_product,pairwise_product,output_0,value_one|value_two,train,G
28,1,1,flip_sign,flip_sign,output_0,value,train,G
42,2,2,proportion_between,proportion_between,output_0,part_value|whole_value,train,G
53,2,2,split_evenly,split_evenly,output_0,parts|total,train,G
37,2,2,shrink_by_rate,shrink_by_rate,output_0,discount_rate|starting_value,train,G
35,2,2,grow_by_rate,grow_by_rate,output_0,growth_rate|starting_value,train,G
38,3,3,balance_of_three,balance_of_three,output_0,reading_one|reading_three|reading_two,train,G
35,1,1,round_up_whole,round_up_whole,output_0,value,train,G
31,2,2,join_text_pieces,join_text_pieces,output_0,piece_one|piece_two,train,G
42,2,2,trim_precision,trim_precision,output_0,digits|raw_value,train,G
50,2,2,annotate_measurement,annotate_measurement,output_0,measurement|unit_name,train,G
43,1,1,accumulate_series,accumulate_series,output_0,number_list,train,G
36,2,2,gap_between,gap_between,output_0,first_value|second_value,train,G
40,2,2,remaining_after,remaining_after,output_0,from_value|take_away,train,G
28,1,1,flip_sign,flip_sign,output_0,value,train,G
35,2,2,pick_higher,pick_higher,output_0,candidate_a|candidate_b,train,G
41,1,1,round_down_whole,round_down_whole,output_0,value,train,G
44,3,3,dispersion_of_three,dispersion_of_three,output_0,value_one|value_three|value_two,train,G
35,3,3,bound_within,bound_within,output_0,high_limit|input_value|low_limit,train,G
54,3,3,inside_limits,inside_limits,output_0,high_limit|low_limit|reading,train,G
41,2,2,combine_amounts,combine_amounts,output_0,amount_a|amount_b,train,G
33,1,1,aggregate_total,aggregate_total,output_0,number_list,train,G
49,1,1,whole_minutes_from_seconds,whole_minutes_from_seconds,output_0,second_count,train,G
39,2,2,leftover_after_grouping,leftover_after_grouping,output_0,group_size|total_items,train,G
39,1,1,self_product,self_product,output_0,value,train,G
41,2,2,full_groups_of,full_groups_of,output_0,group_size|total_items,train,G
35,1,1,km_from_meters,km_from_meters,output_0,distance_m,train,G
53,2,2,compose_reference_code,compose_reference_code,output_0,code_number|code_prefix,train,G
35,2,2,grow_by_rate,grow_by_rate,output_0,growth_rate|starting_value,train,G
52,2,2,exceeds_value,exceeds_value,output_0,limit|measured_value,train,G
37,2,2,shrink_by_rate,shrink_by_rate,output_0,discount_rate|starting_value,train,G
36,3,3,total_of_three_parts,total_of_three_parts,output_0,part_one|part_three|part_two,train,G
35,2,2,grow_by_rate,grow_by_rate,output_0,growth_rate|starting_value,train,G
36,1,1,character_count,character_count,output_0,input_text,train,G
37,2,2,shrink_by_rate,shrink_by_rate,output_0,discount_rate|starting_value,train,G
35,2,2,pick_higher,pick_higher,output_0,candidate_a|candidate_b,train,G
33,1,1,aggregate_total,aggregate_total,output_0,number_list,train,G
47,2,2,portion_by_rate,portion_by_rate,output_0,rate|reference_value,train,G
41,2,2,combine_amounts,combine_amounts,output_0,amount_a|amount_b,train,G
32,1,1,central_value,central_value,output_0,number_list,train,G
53,2,2,rescale_series,rescale_series,output_0,multiplier|number_list,train,G
42,2,2,proportion_between,proportion_between,output_0,part_value|whole_value,train,G
42,2,2,trim_precision,trim_precision,output_0,digits|raw_value,train,G
52,2,2,exceeds_value,exceeds_value,output_0,limit|measured_value,train,G
28,1,1,flip_sign,flip_sign,output_0,value,train,G
35,2,2,midpoint_value,midpoint_value,output_0,value_one|value_two,train,G
37,1,1,valley_of_series,valley_of_series,output_0,number_list,train,G
41,2,2,reduce_amount,reduce_amount,output_0,base_value|reduction,train,G
29,2,2,pairwise_product,pairwise_product,output_0,value_one|value_two,train,G
35,1,1,round_up_whole,round_up_whole,output_0,value,train,G
31,1,1,meters_from_km,meters_from_km,output_0,distance_km,train,G
35,2,2,grow_by_rate,grow_by_rate,output_0,growth_rate|starting_value,train,G
53,2,2,compose_reference_code,compose_reference_code,output_0,code_number|code_prefix,train,G
29,1,1,seconds_from_minutes,seconds_from_minutes,output_0,minute_count,train,G
28,1,1,flip_sign,flip_sign,output_0,value,train,G
36,1,1,character_count,character_count,output_0,input_text,train,G
37,1,1,valley_of_series,valley_of_series,output_0,number_list,train,G
28,2,2,per_unit_value,per_unit_value,output_0,units|whole,train,G
34,2,2,pick_lower,pick_lower,output_0,candidate_a|candidate_b,train,G
46,1,1,order_series_high_to_low,order_series_high_to_low,output_0,number_list,train,G
33,1,1,aggregate_total,aggregate_total,output_0,number_list,train,G
35,1,1,round_up_whole,round_up_whole,output_0,value,train,G
38,1,1,root_extract,root_extract,output_0,input_value,train,G
49,2,2,entries_over_limit,entries_over_limit,output_0,limit|number_list,train,G
35,2,2,exponentiate,exponentiate,output_0,base_value|power_value,train,G
50,2,2,annotate_measurement,annotate_measurement,output_0,measurement|unit_name,train,G
41,2,2,reduce_amount,reduce_amount,output_0,base_value|reduction,train,G
33,1,1,aggregate_total,aggregate_total,output_0,number_list,train,G
31,2,2,join_text_pieces,join_text_pieces,output_0,piece_one|piece_two,train,G
41,2,2,full_groups_of,full_groups_of,output_0,group_size|total_items,train,G
29,2,2,pairwise_product,pairwise_product,output_0,value_one|value_two,train,G
28,1,1,flip_sign,flip_sign,output_0,value,train,G
33,1,1,whole_number_of,whole_number_of,output_0,value,train,G
50,2,2,annotate_measurement,annotate_measurement,output_0,measurement|unit_name,train,G
35,1,1,round_up_whole,round_up_whole,output_0,value,train,G
47,2,2,portion_by_rate,portion_by_rate,output_0,rate|reference_value,train,G
38,1,1,root_extract,root_extract,output_0,input_value,train,G
41,2,2,reduce_amount,reduce_amount,output_0,base_value|reduction,train,G
41,2,2,combine_amounts,combine_amounts,output_0,amount_a|amount_b,train,G
20,2,0,subtract,subtract,result,arg_0|arg_1,diagnostic,diagnostic
16,2,0,add,add,result,arg_0|arg_1,diagnostic,diagnostic
19,2,0,divide,divide,result,arg_0|arg_1,diagnostic,diagnostic
39,1,0,circumface,circumface,result,arg_0,diagnostic,diagnostic
43,1,0,inverse,inverse,result,arg_0,diagnostic,diagnostic
47,1,0,circle_area,circle_area,result,arg_0,diagnostic,diagnostic
54,2,0,triangle_area,triangle_area,result,arg_0|arg_1,diagnostic,diagnostic
40,2,0,surface_cylinder,surface_cylinder,result,arg_0|arg_1,diagnostic,diagnostic
31,1,0,negate,negate,result,arg_0,diagnostic,diagnostic
22,2,0,multiply,multiply,result,arg_0|arg_1,diagnostic,diagnostic
85,1,0,non_whitespace_substrings,non_whitespace_substrings,output_0,input_str,diagnostic,diagnostic
67,1,0,is_semantic_version,is_semantic_version,output_0,version_str,diagnostic,diagnostic
40,1,0,count_words_from_sentences,count_words_from_sentences,output_0,sentences,diagnostic,diagnostic
91,1,0,parse_list_of_numbers,parse_list_of_numbers,output_0,string,diagnostic,diagnostic
180,1,0,string_splitter,string_splitter,output_0,my_string,diagnostic,diagnostic
64,1,0,load_data,load_data,output_0,filename,diagnostic,diagnostic
107,1,0,traverse_diagonal,traverse_diagonal,output_0,matrix,diagnostic,diagnostic
175,1,0,collect_strings,collect_strings,output_0,strings,diagnostic,diagnostic
134,1,0,generate_tuples_from_json,generate_tuples_from_json,output_0,json_object,diagnostic,diagnostic
58,1,0,slope_from_angle,slope_from_angle,output_0,angle,diagnostic,diagnostic
65,1,0,get_intervals,get_intervals,output_0,datetimes,diagnostic,diagnostic
313,1,0,is_valid_python_comment,is_valid_python_comment,output_0,comment,diagnostic,diagnostic
59,2,0,extract_keyword_ids,extract_keyword_ids,output_0,keyword_list|xml_doc,diagnostic,diagnostic
52,1,0,format_number,format_number,output_0,number,diagnostic,diagnostic
57,1,0,positive_average,positive_average,output_0,nums,diagnostic,diagnostic
70,1,0,find_negative,find_negative,output_0,x,diagnostic,diagnostic
89,1,0,convert_to_iso8601,convert_to_iso,output_0,input_dict,diagnostic,diagnostic
54,1,0,ratio_saliency,ratio_saliency,output_0,time_series,diagnostic,diagnostic
229,1,0,compute_degree,compute_degree,output_0,coefficients,diagnostic,diagnostic
20,2,0,subtract,subtract,result,arg_0|arg_1,diagnostic,diagnostic
16,2,0,add,add,result,arg_0|arg_1,diagnostic,diagnostic
22,2,0,multiply,multiply,result,arg_0|arg_1,diagnostic,diagnostic
47,1,0,circle_area,circle_area,result,arg_0,diagnostic,diagnostic
52,1,0,square_edge_by_area,square_edge_by_area,result,arg_0,diagnostic,diagnostic
73,2,0,log,log,result,arg_0|arg_1,diagnostic,diagnostic
43,1,0,inverse,inverse,result,arg_0,diagnostic,diagnostic
58,2,0,gcd,gcd,result,arg_0|arg_1,diagnostic,diagnostic
57,1,0,square_edge_by_perimeter,square_edge_by_perimeter,result,arg_0,diagnostic,diagnostic
19,2,0,divide,divide,result,arg_0|arg_1,diagnostic,diagnostic
229,1,0,compute_degree,compute_degree,output_0,coefficients,diagnostic,diagnostic
54,1,0,ratio_saliency,ratio_saliency,output_0,time_series,diagnostic,diagnostic
54,2,0,multiply_without_star,multiply_without_star,output_0,a|b,diagnostic,diagnostic
107,1,0,traverse_diagonal,traverse_diagonal,output_0,matrix,diagnostic,diagnostic
91,1,0,parse_list_of_numbers,parse_list_of_numbers,output_0,string,diagnostic,diagnostic
40,1,0,count_words_from_sentences,count_words_from_sentences,output_0,sentences,diagnostic,diagnostic
66,3,0,has_one_or_all,has_one_or_all,output_0,string|substring1|substring2,diagnostic,diagnostic
59,2,0,check_target_in_list,check_target_in_list,output_0,string_list|target,diagnostic,diagnostic
85,1,0,non_whitespace_substrings,non_whitespace_substrings,output_0,input_str,diagnostic,diagnostic
66,1,0,group_by_digit_frequency,group_by_digit_frequency,output_0,numbers,diagnostic,diagnostic
59,1,0,round_to_ceiling,round_to_ceiling,output_0,number,diagnostic,diagnostic
74,3,0,safe_index,safe_index,output_0,start|string|substring,diagnostic,diagnostic
108,1,0,get_second_highest,get_second_highest,output_0,numbers,diagnostic,diagnostic
22,2,0,multiply,multiply,result,arg_0|arg_1,diagnostic,diagnostic
51,1,0,negate_prob,negate_prob,result,arg_0,diagnostic,diagnostic
19,2,0,divide,divide,result,arg_0|arg_1,diagnostic,diagnostic
47,1,0,circle_area,circle_area,result,arg_0,diagnostic,diagnostic
16,2,0,add,add,result,arg_0|arg_1,diagnostic,diagnostic
65,2,0,permutation,permutation,result,arg_0|arg_1,diagnostic,diagnostic
20,2,0,subtract,subtract,result,arg_0|arg_1,diagnostic,diagnostic
43,1,0,inverse,inverse,result,arg_0,diagnostic,diagnostic
31,1,0,negate,negate,result,arg_0,diagnostic,diagnostic
16,2,0,add,add,result,arg_0|arg_1,diagnostic,diagnostic
20,2,0,subtract,subtract,result,arg_0|arg_1,diagnostic,diagnostic
43,1,0,inverse,inverse,result,arg_0,diagnostic,diagnostic
65,2,0,permutation,permutation,result,arg_0|arg_1,diagnostic,diagnostic
45,1,0,square_area,square_area,result,arg_0,diagnostic,diagnostic
96,2,0,choose,choose,result,arg_0|arg_1,diagnostic,diagnostic
19,2,0,divide,divide,result,arg_0|arg_1,diagnostic,diagnostic
22,2,0,multiply,multiply,result,arg_0|arg_1,diagnostic,diagnostic
36,1,0,surface_cube,surface_cube,result,arg_0,diagnostic,diagnostic
38,1,0,surface_sphere,surface_sphere,result,arg_0,diagnostic,diagnostic
54,2,0,triangle_area,triangle_area,result,arg_0|arg_1,diagnostic,diagnostic
30,1,0,volume_cube,volume_cube,result,arg_0,diagnostic,diagnostic
52,1,0,square_edge_by_area,square_edge_by_area,result,arg_0,diagnostic,diagnostic
20,2,0,subtract,subtract,result,arg_0|arg_1,diagnostic,diagnostic
16,2,0,add,add,result,arg_0|arg_1,diagnostic,diagnostic
43,1,0,inverse,inverse,result,arg_0,diagnostic,diagnostic
22,2,0,multiply,multiply,result,arg_0|arg_1,diagnostic,diagnostic
57,1,0,square_edge_by_perimeter,square_edge_by_perimeter,result,arg_0,diagnostic,diagnostic
19,2,0,divide,divide,result,arg_0|arg_1,diagnostic,diagnostic
36,1,0,surface_cube,surface_cube,result,arg_0,diagnostic,diagnostic
19,2,0,divide,divide,result,arg_0|arg_1,diagnostic,diagnostic
20,2,0,subtract,subtract,result,arg_0|arg_1,diagnostic,diagnostic
52,1,0,cube_edge_by_volume,cube_edge_by_volume,result,arg_0,diagnostic,diagnostic
36,1,0,surface_cube,surface_cube,result,arg_0,diagnostic,diagnostic
40,2,0,surface_cylinder,surface_cylinder,result,arg_0|arg_1,diagnostic,diagnostic
40,2,0,speed,speed,result,arg_0|arg_1,diagnostic,diagnostic
25,2,0,power,power,result,arg_0|arg_1,diagnostic,diagnostic
16,2,0,add,add,result,arg_0|arg_1,diagnostic,diagnostic
22,2,0,multiply,multiply,result,arg_0|arg_1,diagnostic,diagnostic
43,1,0,inverse,inverse,result,arg_0,diagnostic,diagnostic
16,2,0,add,add,result,arg_0|arg_1,diagnostic,diagnostic
34,2,0,volume_cylinder,volume_cylinder,result,arg_0|arg_1,diagnostic,diagnostic
43,1,0,inverse,inverse,result,arg_0,diagnostic,diagnostic
25,2,0,power,power,result,arg_0|arg_1,diagnostic,diagnostic
31,2,0,rhombus_area,rhombus_area,result,arg_0|arg_1,diagnostic,diagnostic
19,2,0,divide,divide,result,arg_0|arg_1,diagnostic,diagnostic
22,2,0,multiply,multiply,result,arg_0|arg_1,diagnostic,diagnostic
20,2,0,subtract,subtract,result,arg_0|arg_1,diagnostic,diagnostic
51,1,0,sqrt,sqrt,result,arg_0,diagnostic,diagnostic
46,1,0,max_number,max_number,result,arg_0,diagnostic,diagnostic
40,2,0,speed,speed,result,arg_0|arg_1,diagnostic,diagnostic
20,2,0,subtract,subtract,result,arg_0|arg_1,diagnostic,diagnostic
46,1,0,max_number,max_number,result,arg_0,diagnostic,diagnostic
19,2,0,divide,divide,result,arg_0|arg_1,diagnostic,diagnostic
57,1,0,square_perimeter,square_perimeter,result,arg_0,diagnostic,diagnostic
30,2,0,volume_cone,volume_cone,result,arg_0|arg_1,diagnostic,diagnostic
16,2,0,add,add,result,arg_0|arg_1,diagnostic,diagnostic
43,1,0,inverse,inverse,result,arg_0,diagnostic,diagnostic
22,2,0,multiply,multiply,result,arg_0|arg_1,diagnostic,diagnostic
51,1,0,floor,floor,result,arg_0,diagnostic,diagnostic
20,2,0,subtract,subtract,result,arg_0|arg_1,diagnostic,diagnostic
16,2,0,add,add,result,arg_0|arg_1,diagnostic,diagnostic
22,2,0,multiply,multiply,result,arg_0|arg_1,diagnostic,diagnostic
41,2,0,reminder,reminder,result,arg_0|arg_1,diagnostic,diagnostic
43,1,0,inverse,inverse,result,arg_0,diagnostic,diagnostic
54,2,0,triangle_area,triangle_area,result,arg_0|arg_1,diagnostic,diagnostic
19,2,0,divide,divide,result,arg_0|arg_1,diagnostic,diagnostic
50,2,0,lcm,lcm,result,arg_0|arg_1,diagnostic,diagnostic
40,1,0,count_words_from_sentences,count_words_from_sentences,output_0,sentences,diagnostic,diagnostic
54,1,0,ratio_saliency,ratio_saliency,output_0,time_series,diagnostic,diagnostic
75,3,0,evaluate_boolean_expression,evaluate_boolean_expression,output_0,a|b|c,diagnostic,diagnostic
191,1,0,replace_title,replace_title,output_0,text,diagnostic,diagnostic
55,1,0,get_project_ids,get_project_ids,output_0,projects,diagnostic,diagnostic
107,1,0,traverse_diagonal,traverse_diagonal,output_0,matrix,diagnostic,diagnostic
52,2,0,split_batch_data,split_batch_data,output_0,batch_data|batch_size,diagnostic,diagnostic
70,1,0,is_power_of_two_or_two_plus_one,is_power_of_two_or_two_plus_one,output_0,x,diagnostic,diagnostic
91,1,0,parse_list_of_numbers,parse_list_of_numbers,output_0,string,diagnostic,diagnostic
229,1,0,compute_degree,compute_degree,output_0,coefficients,diagnostic,diagnostic
37,1,0,int_of_byte,int_of_byte,output_0,byte,diagnostic,diagnostic
85,1,0,non_whitespace_substrings,non_whitespace_substrings,output_0,input_str,diagnostic,diagnostic
139,1,0,serialize_datetime,serialize_datetime,output_0,datetime_object,diagnostic,diagnostic
19,2,0,divide,divide,result,arg_0|arg_1,diagnostic,diagnostic
50,2,0,lcm,lcm,result,arg_0|arg_1,diagnostic,diagnostic
31,1,0,negate,negate,result,arg_0,diagnostic,diagnostic
20,2,0,subtract,subtract,result,arg_0|arg_1,diagnostic,diagnostic
43,1,0,inverse,inverse,result,arg_0,diagnostic,diagnostic
32,1,0,volume_sphere,volume_sphere,result,arg_0,diagnostic,diagnostic
36,1,0,surface_cube,surface_cube,result,arg_0,diagnostic,diagnostic
16,2,0,add,add,result,arg_0|arg_1,diagnostic,diagnostic
31,2,0,rhombus_area,rhombus_area,result,arg_0|arg_1,diagnostic,diagnostic
22,2,0,multiply,multiply,result,arg_0|arg_1,diagnostic,diagnostic
40,2,0,speed,speed,result,arg_0|arg_1,diagnostic,diagnostic
19,2,0,divide,divide,result,arg_0|arg_1,diagnostic,diagnostic
16,2,0,add,add,result,arg_0|arg_1,diagnostic,diagnostic
31,2,0,rhombus_area,rhombus_area,result,arg_0|arg_1,diagnostic,diagnostic
51,1,0,floor,floor,result,arg_0,diagnostic,diagnostic
22,2,0,multiply,multiply,result,arg_0|arg_1,diagnostic,diagnostic
52,1,0,cube_edge_by_volume,cube_edge_by_volume,result,arg_0,diagnostic,diagnostic
43,1,0,inverse,inverse,result,arg_0,diagnostic,diagnostic
20,2,0,subtract,subtract,result,arg_0|arg_1,diagnostic,diagnostic
92,3,0,string_replace,string_replace,output_0,from_str|input_string|to_str,diagnostic,diagnostic
80,1,0,get_all_users,get_all_users,output_0,data,diagnostic,diagnostic
91,1,0,parse_list_of_numbers,parse_list_of_numbers,output_0,string,diagnostic,diagnostic
229,1,0,compute_degree,compute_degree,output_0,coefficients,diagnostic,diagnostic
225,2,0,sum_and_difference,sum_and_difference,output_0,a|b,diagnostic,diagnostic
85,1,0,non_whitespace_substrings,non_whitespace_substrings,output_0,input_str,diagnostic,diagnostic
50,2,0,product_sign,product_sign,output_0,a|b,diagnostic,diagnostic
138,1,0,convert_local_to_utc,convert_local_to_utc,output_0,local_timestamp,diagnostic,diagnostic
71,2,0,swish_activation,swish_activation,output_0,beta|x,diagnostic,diagnostic
54,2,0,prefix_dict_keys,prefix_dict_keys,output_0,d|prefix,diagnostic,diagnostic
54,1,0,ratio_saliency,ratio_saliency,output_0,time_series,diagnostic,diagnostic
66,1,0,combine_values,combine_values,output_0,input_list,diagnostic,diagnostic
107,1,0,traverse_diagonal,traverse_diagonal,output_0,matrix,diagnostic,diagnostic
64,2,0,madlib_transformer,madlib_transformer,output_0,template|words,diagnostic,diagnostic
40,1,0,count_words_from_sentences,count_words_from_sentences,output_0,sentences,diagnostic,diagnostic
81,2,0,get_average_length_of_string_attribute,get_average_length_of_string_attribute,output_0,attribute_name|objects,diagnostic,diagnostic
47,1,0,circle_area,circle_area,result,arg_0,diagnostic,diagnostic
43,1,0,inverse,inverse,result,arg_0,diagnostic,diagnostic
20,2,0,subtract,subtract,result,arg_0|arg_1,diagnostic,diagnostic
39,1,0,circumface,circumface,result,arg_0,diagnostic,diagnostic
22,2,0,multiply,multiply,result,arg_0|arg_1,diagnostic,diagnostic
34,2,0,volume_cylinder,volume_cylinder,result,arg_0|arg_1,diagnostic,diagnostic
19,2,0,divide,divide,result,arg_0|arg_1,diagnostic,diagnostic
16,2,0,add,add,result,arg_0|arg_1,diagnostic,diagnostic
54,2,0,triangle_area,triangle_area,result,arg_0|arg_1,diagnostic,diagnostic
41,2,0,reminder,reminder,result,arg_0|arg_1,diagnostic,diagnostic
41,2,0,remainder,remainder,result,arg_0|arg_1,diagnostic,diagnostic
19,2,0,divide,divide,result,arg_0|arg_1,diagnostic,diagnostic
46,1,0,min_number,min_number,result,arg_0,diagnostic,diagnostic
58,2,0,gcd,gcd,result,arg_0|arg_1,diagnostic,diagnostic
16,2,0,add,add,result,arg_0|arg_1,diagnostic,diagnostic
20,2,0,subtract,subtract,result,arg_0|arg_1,diagnostic,diagnostic
43,1,0,inverse,inverse,result,arg_0,diagnostic,diagnostic
22,2,0,multiply,multiply,result,arg_0|arg_1,diagnostic,diagnostic
16,2,0,add,add,result,arg_0|arg_1,diagnostic,diagnostic
34,2,0,volume_cylinder,volume_cylinder,result,arg_0|arg_1,diagnostic,diagnostic
22,2,0,multiply,multiply,result,arg_0|arg_1,diagnostic,diagnostic
51,1,0,floor,floor,result,arg_0,diagnostic,diagnostic
43,1,0,inverse,inverse,result,arg_0,diagnostic,diagnostic
41,2,0,remainder,remainder,result,arg_0|arg_1,diagnostic,diagnostic
52,1,0,cube_edge_by_volume,cube_edge_by_volume,result,arg_0,diagnostic,diagnostic
20,2,0,subtract,subtract,result,arg_0|arg_1,diagnostic,diagnostic
19,2,0,divide,divide,result,arg_0|arg_1,diagnostic,diagnostic
45,1,0,square_area,square_area,result,arg_0,diagnostic,diagnostic
32,1,0,volume_sphere,volume_sphere,result,arg_0,diagnostic,diagnostic
16,2,0,add,add,result,arg_0|arg_1,diagnostic,diagnostic
43,1,0,inverse,inverse,result,arg_0,diagnostic,diagnostic
22,2,0,multiply,multiply,result,arg_0|arg_1,diagnostic,diagnostic
19,2,0,divide,divide,result,arg_0|arg_1,diagnostic,diagnostic
30,2,0,volume_cone,volume_cone,result,arg_0|arg_1,diagnostic,diagnostic
54,2,0,triangle_area,triangle_area,result,arg_0|arg_1,diagnostic,diagnostic
20,2,0,subtract,subtract,result,arg_0|arg_1,diagnostic,diagnostic
38,1,0,surface_sphere,surface_sphere,result,arg_0,diagnostic,diagnostic
46,1,0,min_number,min_number,result,arg_0,diagnostic,diagnostic
43,1,0,inverse,inverse,result,arg_0,diagnostic,diagnostic
51,1,0,negate_prob,negate_prob,result,arg_0,diagnostic,diagnostic
19,2,0,divide,divide,result,arg_0|arg_1,diagnostic,diagnostic
73,2,0,log,log,result,arg_0|arg_1,diagnostic,diagnostic
20,2,0,subtract,subtract,result,arg_0|arg_1,diagnostic,diagnostic
47,1,0,circle_area,circle_area,result,arg_0,diagnostic,diagnostic
40,2,0,speed,speed,result,arg_0|arg_1,diagnostic,diagnostic
32,1,0,volume_sphere,volume_sphere,result,arg_0,diagnostic,diagnostic
16,2,0,add,add,result,arg_0|arg_1,diagnostic,diagnostic
22,2,0,multiply,multiply,result,arg_0|arg_1,diagnostic,diagnostic
46,1,0,min_number,min_number,result,arg_0,diagnostic,diagnostic
19,2,0,divide,divide,result,arg_0|arg_1,diagnostic,diagnostic
16,2,0,add,add,result,arg_0|arg_1,diagnostic,diagnostic
20,2,0,subtract,subtract,result,arg_0|arg_1,diagnostic,diagnostic
38,1,0,surface_sphere,surface_sphere,result,arg_0,diagnostic,diagnostic
47,1,0,circle_area,circle_area,result,arg_0,diagnostic,diagnostic
43,1,0,inverse,inverse,result,arg_0,diagnostic,diagnostic
25,2,0,power,power,result,arg_0|arg_1,diagnostic,diagnostic
57,1,0,square_perimeter,square_perimeter,result,arg_0,diagnostic,diagnostic
22,2,0,multiply,multiply,result,arg_0|arg_1,diagnostic,diagnostic
85,1,0,non_whitespace_substrings,non_whitespace_substrings,output_0,input_str,diagnostic,diagnostic
177,2,0,less_than_max_value,less_than_max_value,output_0,input_list|max_value,diagnostic,diagnostic
40,1,0,count_words_from_sentences,count_words_from_sentences,output_0,sentences,diagnostic,diagnostic
92,2,0,gamma_mean_and_std_to_shape_and_scale,gamma_mean_and_std_to_shape_and_scale,output_0,mean|std,diagnostic,diagnostic
107,1,0,traverse_diagonal,traverse_diagonal,output_0,matrix,diagnostic,diagnostic
229,1,0,compute_degree,compute_degree,output_0,coefficients,diagnostic,diagnostic
91,1,0,parse_list_of_numbers,parse_list_of_numbers,output_0,string,diagnostic,diagnostic
52,1,0,check_command,check_command,output_0,command,diagnostic,diagnostic
74,1,0,find_txt_files,find_txt_files,output_0,file_paths,diagnostic,diagnostic
69,2,0,find_integers,find_integers,output_0,list1|list2,diagnostic,diagnostic
54,1,0,ratio_saliency,ratio_saliency,output_0,time_series,diagnostic,diagnostic
307,1,0,create_list,create_list,output_0,n,diagnostic,diagnostic
79,1,0,get_next_mac_address,get_next_mac_address,output_0,address,diagnostic,diagnostic
41,2,0,remainder,remainder,result,arg_0|arg_1,diagnostic,diagnostic
57,1,0,square_edge_by_perimeter,square_edge_by_perimeter,result,arg_0,diagnostic,diagnostic
19,2,0,divide,divide,result,arg_0|arg_1,diagnostic,diagnostic
16,2,0,add,add,result,arg_0|arg_1,diagnostic,diagnostic
45,1,0,square_area,square_area,result,arg_0,diagnostic,diagnostic
41,2,0,reminder,reminder,result,arg_0|arg_1,diagnostic,diagnostic
20,2,0,subtract,subtract,result,arg_0|arg_1,diagnostic,diagnostic
60,2,0,rectangle_area,rectangle_area,result,arg_0|arg_1,diagnostic,diagnostic
43,1,0,inverse,inverse,result,arg_0,diagnostic,diagnostic
22,2,0,multiply,multiply,result,arg_0|arg_1,diagnostic,diagnostic
51,1,0,negate_prob,negate_prob,result,arg_0,diagnostic,diagnostic
45,1,0,square_area,square_area,result,arg_0,diagnostic,diagnostic
22,2,0,multiply,multiply,result,arg_0|arg_1,diagnostic,diagnostic
19,2,0,divide,divide,result,arg_0|arg_1,diagnostic,diagnostic
16,2,0,add,add,result,arg_0|arg_1,diagnostic,diagnostic
57,1,0,square_edge_by_perimeter,square_edge_by_perimeter,result,arg_0,diagnostic,diagnostic
20,2,0,subtract,subtract,result,arg_0|arg_1,diagnostic,diagnostic
41,2,0,remainder,remainder,result,arg_0|arg_1,diagnostic,diagnostic
43,1,0,inverse,inverse,result,arg_0,diagnostic,diagnostic
40,2,0,surface_cylinder,surface_cylinder,result,arg_0|arg_1,diagnostic,diagnostic
40,1,0,count_words_from_sentences,count_words_from_sentences,output_0,sentences,diagnostic,diagnostic
54,1,0,ratio_saliency,ratio_saliency,output_0,time_series,diagnostic,diagnostic
91,1,0,parse_list_of_numbers,parse_list_of_numbers,output_0,string,diagnostic,diagnostic
54,2,0,x_and_y,x_and_y,output_0,x|y,diagnostic,diagnostic
229,1,0,compute_degree,compute_degree,output_0,coefficients,diagnostic,diagnostic
93,2,0,str_format_named_params,str_format_named_params,output_0,params|string,diagnostic,diagnostic
72,1,0,find_max_indices,find_max_indices,output_0,data,diagnostic,diagnostic
39,1,0,convert_to_opposite_case,convert_to_opposite_case,output_0,text,diagnostic,diagnostic
58,2,0,repeat_str,repeat_str,output_0,n|string,diagnostic,diagnostic
44,1,0,sort_unique_integers,sort_unique_integers,output_0,integers,diagnostic,diagnostic
107,1,0,traverse_diagonal,traverse_diagonal,output_0,matrix,diagnostic,diagnostic
85,1,0,non_whitespace_substrings,non_whitespace_substrings,output_0,input_str,diagnostic,diagnostic
119,1,0,count_labels,count_labels,output_0,labels,diagnostic,diagnostic
99,1,0,get_visited_ancestors,get_visited_ancestors,output_0,node,diagnostic,diagnostic
82,1,0,url_encode,url_encode,output_0,string,diagnostic,diagnostic
73,2,0,distribute_balls,distribute_balls,output_0,m|n,diagnostic,diagnostic
229,2,0,generate_filepath_for_number,generate_filepath_for_number,output_0,dir_path|num,diagnostic,diagnostic
229,1,0,compute_degree,compute_degree,output_0,coefficients,diagnostic,diagnostic
49,1,0,list_to_string_list,list_to_string_list,output_0,lst,diagnostic,diagnostic
65,2,0,find_substrings,find_substrings,output_0,n|string,diagnostic,diagnostic
68,2,0,compare_file_hashes,compare_file_hashes,output_0,file1|file2,diagnostic,diagnostic
107,1,0,traverse_diagonal,traverse_diagonal,output_0,matrix,diagnostic,diagnostic
91,1,0,parse_list_of_numbers,parse_list_of_numbers,output_0,string,diagnostic,diagnostic
88,1,0,concatenate_with_commas,concatenate_with_commas,output_0,my_list,diagnostic,diagnostic
85,1,0,non_whitespace_substrings,non_whitespace_substrings,output_0,input_str,diagnostic,diagnostic
54,1,0,ratio_saliency,ratio_saliency,output_0,time_series,diagnostic,diagnostic
230,2,0,add_tuples_to_dict,add_tuples_to_dict,output_0,d|t,diagnostic,diagnostic
40,1,0,count_words_from_sentences,count_words_from_sentences,output_0,sentences,diagnostic,diagnostic
34,2,0,volume_cylinder,volume_cylinder,result,arg_0|arg_1,diagnostic,diagnostic
31,2,0,rhombus_area,rhombus_area,result,arg_0|arg_1,diagnostic,diagnostic
40,2,0,speed,speed,result,arg_0|arg_1,diagnostic,diagnostic
22,2,0,multiply,multiply,result,arg_0|arg_1,diagnostic,diagnostic
19,2,0,divide,divide,result,arg_0|arg_1,diagnostic,diagnostic
45,1,0,square_area,square_area,result,arg_0,diagnostic,diagnostic
16,2,0,add,add,result,arg_0|arg_1,diagnostic,diagnostic
40,2,0,surface_cylinder,surface_cylinder,result,arg_0|arg_1,diagnostic,diagnostic
20,2,0,subtract,subtract,result,arg_0|arg_1,diagnostic,diagnostic
43,1,0,inverse,inverse,result,arg_0,diagnostic,diagnostic
43,1,0,inverse,inverse,result,arg_0,diagnostic,diagnostic
52,1,0,square_edge_by_area,square_edge_by_area,result,arg_0,diagnostic,diagnostic
41,2,0,remainder,remainder,result,arg_0|arg_1,diagnostic,diagnostic
22,2,0,multiply,multiply,result,arg_0|arg_1,diagnostic,diagnostic
20,2,0,subtract,subtract,result,arg_0|arg_1,diagnostic,diagnostic
16,2,0,add,add,result,arg_0|arg_1,diagnostic,diagnostic
31,2,0,rhombus_area,rhombus_area,result,arg_0|arg_1,diagnostic,diagnostic
38,2,0,rectangle_perimeter,rectangle_perimeter,result,arg_0|arg_1,diagnostic,diagnostic
19,2,0,divide,divide,result,arg_0|arg_1,diagnostic,diagnostic
19,2,0,divide,divide,result,arg_0|arg_1,diagnostic,diagnostic
43,1,0,inverse,inverse,result,arg_0,diagnostic,diagnostic
38,2,0,rectangle_perimeter,rectangle_perimeter,result,arg_0|arg_1,diagnostic,diagnostic
16,2,0,add,add,result,arg_0|arg_1,diagnostic,diagnostic
22,2,0,multiply,multiply,result,arg_0|arg_1,diagnostic,diagnostic
20,2,0,subtract,subtract,result,arg_0|arg_1,diagnostic,diagnostic
40,2,0,speed,speed,result,arg_0|arg_1,diagnostic,diagnostic
51,1,0,sqrt,sqrt,result,arg_0,diagnostic,diagnostic
77,1,0,create_new_list_of_tuples,create_new_list_of_tuples,output_0,people,diagnostic,diagnostic
71,1,0,sqrt_rounded,sqrt_rounded,output_0,number,diagnostic,diagnostic
76,2,0,is_same_byte_array,is_same_byte_array,output_0,first_array|second_array,diagnostic,diagnostic
40,1,0,count_words_from_sentences,count_words_from_sentences,output_0,sentences,diagnostic,diagnostic
57,1,0,word_count_and_length,word_count_and_length,output_0,text,diagnostic,diagnostic
36,1,0,fib,fib,output_0,n,diagnostic,diagnostic
64,1,0,byte_string_to_bit_string,byte_string_to_bit_string,output_0,byte_string,diagnostic,diagnostic
50,2,0,consistent_hash,consistent_hash,output_0,key|max_hash_code,diagnostic,diagnostic
150,2,0,are_overlapping,are_overlapping,output_0,str1|str2,diagnostic,diagnostic
91,1,0,parse_list_of_numbers,parse_list_of_numbers,output_0,string,diagnostic,diagnostic
85,1,0,non_whitespace_substrings,non_whitespace_substrings,output_0,input_str,diagnostic,diagnostic
229,1,0,compute_degree,compute_degree,output_0,coefficients,diagnostic,diagnostic
163,2,0,element_wise_addition,element_wise_addition,output_0,a|b,diagnostic,diagnostic
76,2,0,pad_duplicate_signals,pad_duplicate_signals,output_0,padding_factor|signals,diagnostic,diagnostic
54,1,0,ratio_saliency,ratio_saliency,output_0,time_series,diagnostic,diagnostic
67,1,0,transform_attribute_name,transform_attribute_name,output_0,attribute_name,diagnostic,diagnostic
107,1,0,traverse_diagonal,traverse_diagonal,output_0,matrix,diagnostic,diagnostic
40,2,0,surface_cylinder,surface_cylinder,result,arg_0|arg_1,diagnostic,diagnostic
43,1,0,inverse,inverse,result,arg_0,diagnostic,diagnostic
22,2,0,multiply,multiply,result,arg_0|arg_1,diagnostic,diagnostic
40,2,0,speed,speed,result,arg_0|arg_1,diagnostic,diagnostic
19,2,0,divide,divide,result,arg_0|arg_1,diagnostic,diagnostic
57,1,0,square_perimeter,square_perimeter,result,arg_0,diagnostic,diagnostic
96,2,0,choose,choose,result,arg_0|arg_1,diagnostic,diagnostic
36,1,0,surface_cube,surface_cube,result,arg_0,diagnostic,diagnostic
20,2,0,subtract,subtract,result,arg_0|arg_1,diagnostic,diagnostic
16,2,0,add,add,result,arg_0|arg_1,diagnostic,diagnostic
34,2,0,volume_cylinder,volume_cylinder,result,arg_0|arg_1,diagnostic,diagnostic
20,2,0,subtract,subtract,result,arg_0|arg_1,diagnostic,diagnostic
40,2,0,speed,speed,result,arg_0|arg_1,diagnostic,diagnostic
73,2,0,log,log,result,arg_0|arg_1,diagnostic,diagnostic
22,2,0,multiply,multiply,result,arg_0|arg_1,diagnostic,diagnostic
57,1,0,square_edge_by_perimeter,square_edge_by_perimeter,result,arg_0,diagnostic,diagnostic
51,1,0,floor,floor,result,arg_0,diagnostic,diagnostic
51,1,0,negate_prob,negate_prob,result,arg_0,diagnostic,diagnostic
43,1,0,inverse,inverse,result,arg_0,diagnostic,diagnostic
19,2,0,divide,divide,result,arg_0|arg_1,diagnostic,diagnostic
16,2,0,add,add,result,arg_0|arg_1,diagnostic,diagnostic
16,2,0,add,add,result,arg_0|arg_1,diagnostic,diagnostic
22,2,0,multiply,multiply,result,arg_0|arg_1,diagnostic,diagnostic
19,2,0,divide,divide,result,arg_0|arg_1,diagnostic,diagnostic
20,2,0,subtract,subtract,result,arg_0|arg_1,diagnostic,diagnostic
96,2,0,choose,choose,result,arg_0|arg_1,diagnostic,diagnostic
50,1,0,factorial,factorial,result,arg_0,diagnostic,diagnostic
43,1,0,inverse,inverse,result,arg_0,diagnostic,diagnostic
51,1,0,floor,floor,result,arg_0,diagnostic,diagnostic
16,2,0,add,add,result,arg_0|arg_1,diagnostic,diagnostic
50,1,0,factorial,factorial,result,arg_0,diagnostic,diagnostic
19,2,0,divide,divide,result,arg_0|arg_1,diagnostic,diagnostic
43,1,0,inverse,inverse,result,arg_0,diagnostic,diagnostic
20,2,0,subtract,subtract,result,arg_0|arg_1,diagnostic,diagnostic
45,1,0,square_area,square_area,result,arg_0,diagnostic,diagnostic
30,1,0,volume_cube,volume_cube,result,arg_0,diagnostic,diagnostic
57,1,0,square_edge_by_perimeter,square_edge_by_perimeter,result,arg_0,diagnostic,diagnostic
22,2,0,multiply,multiply,result,arg_0|arg_1,diagnostic,diagnostic
25,2,0,power,power,result,arg_0|arg_1,diagnostic,diagnostic
50,1,0,factorial,factorial,result,arg_0,diagnostic,diagnostic
43,1,0,inverse,inverse,result,arg_0,diagnostic,diagnostic
20,2,0,subtract,subtract,result,arg_0|arg_1,diagnostic,diagnostic
22,2,0,multiply,multiply,result,arg_0|arg_1,diagnostic,diagnostic
41,2,0,remainder,remainder,result,arg_0|arg_1,diagnostic,diagnostic
57,1,0,square_perimeter,square_perimeter,result,arg_0,diagnostic,diagnostic
19,2,0,divide,divide,result,arg_0|arg_1,diagnostic,diagnostic
16,2,0,add,add,result,arg_0|arg_1,diagnostic,diagnostic
51,1,0,sqrt,sqrt,result,arg_0,diagnostic,diagnostic
50,2,0,lcm,lcm,result,arg_0|arg_1,diagnostic,diagnostic
16,2,0,add,add,result,arg_0|arg_1,diagnostic,diagnostic
51,1,0,negate_prob,negate_prob,result,arg_0,diagnostic,diagnostic
31,2,0,rhombus_area,rhombus_area,result,arg_0|arg_1,diagnostic,diagnostic
43,1,0,inverse,inverse,result,arg_0,diagnostic,diagnostic
20,2,0,subtract,subtract,result,arg_0|arg_1,diagnostic,diagnostic
34,2,0,volume_cylinder,volume_cylinder,result,arg_0|arg_1,diagnostic,diagnostic
40,2,0,surface_cylinder,surface_cylinder,result,arg_0|arg_1,diagnostic,diagnostic
19,2,0,divide,divide,result,arg_0|arg_1,diagnostic,diagnostic
22,2,0,multiply,multiply,result,arg_0|arg_1,diagnostic,diagnostic
50,2,0,lcm,lcm,result,arg_0|arg_1,diagnostic,diagnostic
19,2,0,divide,divide,result,arg_0|arg_1,diagnostic,diagnostic
16,2,0,add,add,result,arg_0|arg_1,diagnostic,diagnostic
20,2,0,subtract,subtract,result,arg_0|arg_1,diagnostic,diagnostic
43,1,0,inverse,inverse,result,arg_0,diagnostic,diagnostic
38,1,0,surface_sphere,surface_sphere,result,arg_0,diagnostic,diagnostic
51,2,0,diagonal,diagonal,result,arg_0|arg_1,diagnostic,diagnostic
40,2,0,surface_cylinder,surface_cylinder,result,arg_0|arg_1,diagnostic,diagnostic
40,2,0,speed,speed,result,arg_0|arg_1,diagnostic,diagnostic
51,1,0,floor,floor,result,arg_0,diagnostic,diagnostic
22,2,0,multiply,multiply,result,arg_0|arg_1,diagnostic,diagnostic
43,1,0,inverse,inverse,result,arg_0,diagnostic,diagnostic
58,2,0,gcd,gcd,result,arg_0|arg_1,diagnostic,diagnostic
51,1,0,sqrt,sqrt,result,arg_0,diagnostic,diagnostic
40,2,0,speed,speed,result,arg_0|arg_1,diagnostic,diagnostic
20,2,0,subtract,subtract,result,arg_0|arg_1,diagnostic,diagnostic
22,2,0,multiply,multiply,result,arg_0|arg_1,diagnostic,diagnostic
19,2,0,divide,divide,result,arg_0|arg_1,diagnostic,diagnostic
16,2,0,add,add,result,arg_0|arg_1,diagnostic,diagnostic
54,2,0,triangle_area,triangle_area,result,arg_0|arg_1,diagnostic,diagnostic
16,2,0,add,add,result,arg_0|arg_1,diagnostic,diagnostic
20,2,0,subtract,subtract,result,arg_0|arg_1,diagnostic,diagnostic
46,1,0,max_number,max_number,result,arg_0,diagnostic,diagnostic
51,2,0,diagonal,diagonal,result,arg_0|arg_1,diagnostic,diagnostic
43,1,0,inverse,inverse,result,arg_0,diagnostic,diagnostic
31,2,0,rhombus_area,rhombus_area,result,arg_0|arg_1,diagnostic,diagnostic
25,2,0,power,power,result,arg_0|arg_1,diagnostic,diagnostic
22,2,0,multiply,multiply,result,arg_0|arg_1,diagnostic,diagnostic
19,2,0,divide,divide,result,arg_0|arg_1,diagnostic,diagnostic
50,1,0,factorial,factorial,result,arg_0,diagnostic,diagnostic
25,2,0,power,power,result,arg_0|arg_1,diagnostic,diagnostic
19,2,0,divide,divide,result,arg_0|arg_1,diagnostic,diagnostic
22,2,0,multiply,multiply,result,arg_0|arg_1,diagnostic,diagnostic
16,2,0,add,add,result,arg_0|arg_1,diagnostic,diagnostic
52,1,0,cube_edge_by_volume,cube_edge_by_volume,result,arg_0,diagnostic,diagnostic
20,2,0,subtract,subtract,result,arg_0|arg_1,diagnostic,diagnostic
43,1,0,inverse,inverse,result,arg_0,diagnostic,diagnostic
57,1,0,square_perimeter,square_perimeter,result,arg_0,diagnostic,diagnostic
30,1,0,volume_cube,volume_cube,result,arg_0,diagnostic,diagnostic
39,1,0,circumface,circumface,result,arg_0,diagnostic,diagnostic
50,1,0,factorial,factorial,result,arg_0,diagnostic,diagnostic
19,2,0,divide,divide,result,arg_0|arg_1,diagnostic,diagnostic
31,1,0,negate,negate,result,arg_0,diagnostic,diagnostic
54,2,0,triangle_area,triangle_area,result,arg_0|arg_1,diagnostic,diagnostic
30,1,0,volume_cube,volume_cube,result,arg_0,diagnostic,diagnostic
22,2,0,multiply,multiply,result,arg_0|arg_1,diagnostic,diagnostic
43,1,0,inverse,inverse,result,arg_0,diagnostic,diagnostic
16,2,0,add,add,result,arg_0|arg_1,diagnostic,diagnostic
20,2,0,subtract,subtract,result,arg_0|arg_1,diagnostic,diagnostic
36,1,0,surface_cube,surface_cube,result,arg_0,diagnostic,diagnostic
43,1,0,inverse,inverse,result,arg_0,diagnostic,diagnostic
51,2,0,diagonal,diagonal,result,arg_0|arg_1,diagnostic,diagnostic
38,2,0,rectangle_perimeter,rectangle_perimeter,result,arg_0|arg_1,diagnostic,diagnostic
22,2,0,multiply,multiply,result,arg_0|arg_1,diagnostic,diagnostic
50,1,0,factorial,factorial,result,arg_0,diagnostic,diagnostic
38,1,0,surface_sphere,surface_sphere,result,arg_0,diagnostic,diagnostic
19,2,0,divide,divide,result,arg_0|arg_1,diagnostic,diagnostic
20,2,0,subtract,subtract,result,arg_0|arg_1,diagnostic,diagnostic
16,2,0,add,add,result,arg_0|arg_1,diagnostic,diagnostic
40,2,0,surface_cylinder,surface_cylinder,result,arg_0|arg_1,diagnostic,diagnostic
54,2,0,triangle_area,triangle_area,result,arg_0|arg_1,diagnostic,diagnostic
16,2,0,add,add,result,arg_0|arg_1,diagnostic,diagnostic
43,1,0,inverse,inverse,result,arg_0,diagnostic,diagnostic
20,2,0,subtract,subtract,result,arg_0|arg_1,diagnostic,diagnostic
51,2,0,diagonal,diagonal,result,arg_0|arg_1,diagnostic,diagnostic
22,2,0,multiply,multiply,result,arg_0|arg_1,diagnostic,diagnostic
50,1,0,factorial,factorial,result,arg_0,diagnostic,diagnostic
31,2,0,rhombus_area,rhombus_area,result,arg_0|arg_1,diagnostic,diagnostic
19,2,0,divide,divide,result,arg_0|arg_1,diagnostic,diagnostic
45,1,0,square_area,square_area,result,arg_0,diagnostic,diagnostic
20,2,0,subtract,subtract,result,arg_0|arg_1,diagnostic,diagnostic
57,1,0,square_perimeter,square_perimeter,result,arg_0,diagnostic,diagnostic
22,2,0,multiply,multiply,result,arg_0|arg_1,diagnostic,diagnostic
51,1,0,floor,floor,result,arg_0,diagnostic,diagnostic
40,2,0,speed,speed,result,arg_0|arg_1,diagnostic,diagnostic
19,2,0,divide,divide,result,arg_0|arg_1,diagnostic,diagnostic
41,2,0,reminder,reminder,result,arg_0|arg_1,diagnostic,diagnostic
43,1,0,inverse,inverse,result,arg_0,diagnostic,diagnostic
16,2,0,add,add,result,arg_0|arg_1,diagnostic,diagnostic
43,1,0,inverse,inverse,result,arg_0,diagnostic,diagnostic
22,2,0,multiply,multiply,result,arg_0|arg_1,diagnostic,diagnostic
19,2,0,divide,divide,result,arg_0|arg_1,diagnostic,diagnostic
38,1,0,surface_sphere,surface_sphere,result,arg_0,diagnostic,diagnostic
16,2,0,add,add,result,arg_0|arg_1,diagnostic,diagnostic
46,1,0,max_number,max_number,result,arg_0,diagnostic,diagnostic
45,1,0,square_area,square_area,result,arg_0,diagnostic,diagnostic
50,1,0,factorial,factorial,result,arg_0,diagnostic,diagnostic
41,2,0,remainder,remainder,result,arg_0|arg_1,diagnostic,diagnostic
20,2,0,subtract,subtract,result,arg_0|arg_1,diagnostic,diagnostic
51,1,0,sqrt,sqrt,result,arg_0,diagnostic,diagnostic
43,1,0,inverse,inverse,result,arg_0,diagnostic,diagnostic
19,2,0,divide,divide,result,arg_0|arg_1,diagnostic,diagnostic
22,2,0,multiply,multiply,result,arg_0|arg_1,diagnostic,diagnostic
38,1,0,surface_sphere,surface_sphere,result,arg_0,diagnostic,diagnostic
20,2,0,subtract,subtract,result,arg_0|arg_1,diagnostic,diagnostic
16,2,0,add,add,result,arg_0|arg_1,diagnostic,diagnostic
51,2,0,diagonal,diagonal,result,arg_0|arg_1,diagnostic,diagnostic
40,2,0,surface_cylinder,surface_cylinder,result,arg_0|arg_1,diagnostic,diagnostic
31,1,0,negate,negate,result,arg_0,diagnostic,diagnostic
60,1,0,convert_from_srm_to_rgb,convert_from_srm_to_rgb,output_0,srm_colors,diagnostic,diagnostic
85,1,0,non_whitespace_substrings,non_whitespace_substrings,output_0,input_str,diagnostic,diagnostic
40,1,0,count_words_from_sentences,count_words_from_sentences,output_0,sentences,diagnostic,diagnostic
43,1,0,coco_to_yolo,coco_to_yolo,output_0,coco_coordinates,diagnostic,diagnostic
75,2,0,concatenate_n_to_string,concatenate_n_to_string,output_0,n|string,diagnostic,diagnostic
59,2,0,find_last_known_value,find_last_known_value,output_0,default|seq,diagnostic,diagnostic
69,1,0,replace_dog_with_cat,replace_dog_with_cat,output_0,string,diagnostic,diagnostic
45,1,0,bits_to_num,bits_to_num,output_0,s,diagnostic,diagnostic
86,2,0,matrix_scale_multiply,matrix_scale_multiply,output_0,matrix|scale_value,diagnostic,diagnostic
137,1,0,convert_positive_int,convert_positive_int,output_0,input,diagnostic,diagnostic
107,1,0,traverse_diagonal,traverse_diagonal,output_0,matrix,diagnostic,diagnostic
229,1,0,compute_degree,compute_degree,output_0,coefficients,diagnostic,diagnostic
91,1,0,parse_list_of_numbers,parse_list_of_numbers,output_0,string,diagnostic,diagnostic
103,1,0,separate_with_hyphens,separate_with_hyphens,output_0,name,diagnostic,diagnostic
54,1,0,ratio_saliency,ratio_saliency,output_0,time_series,diagnostic,diagnostic
96,2,0,partition_data,partition_data,output_0,data|threshold,diagnostic,diagnostic
111,1,0,print_pattern,print_pattern,output_0,string,diagnostic,diagnostic
58,2,0,gcd,gcd,result,arg_0|arg_1,diagnostic,diagnostic
16,2,0,add,add,result,arg_0|arg_1,diagnostic,diagnostic
25,2,0,power,power,result,arg_0|arg_1,diagnostic,diagnostic
43,1,0,inverse,inverse,result,arg_0,diagnostic,diagnostic
41,2,0,reminder,reminder,result,arg_0|arg_1,diagnostic,diagnostic
19,2,0,divide,divide,result,arg_0|arg_1,diagnostic,diagnostic
41,2,0,remainder,remainder,result,arg_0|arg_1,diagnostic,diagnostic
20,2,0,subtract,subtract,result,arg_0|arg_1,diagnostic,diagnostic
22,2,0,multiply,multiply,result,arg_0|arg_1,diagnostic,diagnostic
51,1,0,negate_prob,negate_prob,result,arg_0,diagnostic,diagnostic
22,2,0,multiply,multiply,result,arg_0|arg_1,diagnostic,diagnostic
43,1,0,inverse,inverse,result,arg_0,diagnostic,diagnostic
20,2,0,subtract,subtract,result,arg_0|arg_1,diagnostic,diagnostic
19,2,0,divide,divide,result,arg_0|arg_1,diagnostic,diagnostic
50,2,0,lcm,lcm,result,arg_0|arg_1,diagnostic,diagnostic
60,2,0,rectangle_area,rectangle_area,result,arg_0|arg_1,diagnostic,diagnostic
25,2,0,power,power,result,arg_0|arg_1,diagnostic,diagnostic
51,2,0,diagonal,diagonal,result,arg_0|arg_1,diagnostic,diagnostic
40,2,0,speed,speed,result,arg_0|arg_1,diagnostic,diagnostic
16,2,0,add,add,result,arg_0|arg_1,diagnostic,diagnostic
22,2,0,multiply,multiply,result,arg_0|arg_1,diagnostic,diagnostic
20,2,0,subtract,subtract,result,arg_0|arg_1,diagnostic,diagnostic
51,1,0,sqrt,sqrt,result,arg_0,diagnostic,diagnostic
43,1,0,inverse,inverse,result,arg_0,diagnostic,diagnostic
19,2,0,divide,divide,result,arg_0|arg_1,diagnostic,diagnostic
58,2,0,gcd,gcd,result,arg_0|arg_1,diagnostic,diagnostic
16,2,0,add,add,result,arg_0|arg_1,diagnostic,diagnostic
31,2,0,rhombus_area,rhombus_area,result,arg_0|arg_1,diagnostic,diagnostic
51,1,0,floor,floor,result,arg_0,diagnostic,diagnostic
51,1,0,sqrt,sqrt,result,arg_0,diagnostic,diagnostic
36,1,0,surface_cube,surface_cube,result,arg_0,diagnostic,diagnostic
41,2,0,reminder,reminder,result,arg_0|arg_1,diagnostic,diagnostic
19,2,0,divide,divide,result,arg_0|arg_1,diagnostic,diagnostic
43,1,0,inverse,inverse,result,arg_0,diagnostic,diagnostic
52,1,0,square_edge_by_area,square_edge_by_area,result,arg_0,diagnostic,diagnostic
22,2,0,multiply,multiply,result,arg_0|arg_1,diagnostic,diagnostic
50,1,0,factorial,factorial,result,arg_0,diagnostic,diagnostic
60,2,0,rectangle_area,rectangle_area,result,arg_0|arg_1,diagnostic,diagnostic
20,2,0,subtract,subtract,result,arg_0|arg_1,diagnostic,diagnostic
16,2,0,add,add,result,arg_0|arg_1,diagnostic,diagnostic
57,1,0,square_edge_by_perimeter,square_edge_by_perimeter,result,arg_0,diagnostic,diagnostic
40,2,0,surface_cylinder,surface_cylinder,result,arg_0|arg_1,diagnostic,diagnostic
16,2,0,add,add,result,arg_0|arg_1,diagnostic,diagnostic
22,2,0,multiply,multiply,result,arg_0|arg_1,diagnostic,diagnostic
34,2,0,volume_cylinder,volume_cylinder,result,arg_0|arg_1,diagnostic,diagnostic
43,1,0,inverse,inverse,result,arg_0,diagnostic,diagnostic
41,2,0,reminder,reminder,result,arg_0|arg_1,diagnostic,diagnostic
41,2,0,remainder,remainder,result,arg_0|arg_1,diagnostic,diagnostic
73,2,0,log,log,result,arg_0|arg_1,diagnostic,diagnostic
20,2,0,subtract,subtract,result,arg_0|arg_1,diagnostic,diagnostic
19,2,0,divide,divide,result,arg_0|arg_1,diagnostic,diagnostic
22,2,0,multiply,multiply,result,arg_0|arg_1,diagnostic,diagnostic
65,2,0,permutation,permutation,result,arg_0|arg_1,diagnostic,diagnostic
20,2,0,subtract,subtract,result,arg_0|arg_1,diagnostic,diagnostic
43,1,0,inverse,inverse,result,arg_0,diagnostic,diagnostic
30,2,0,volume_cone,volume_cone,result,arg_0|arg_1,diagnostic,diagnostic
41,2,0,remainder,remainder,result,arg_0|arg_1,diagnostic,diagnostic
16,2,0,add,add,result,arg_0|arg_1,diagnostic,diagnostic
58,2,0,gcd,gcd,result,arg_0|arg_1,diagnostic,diagnostic
19,2,0,divide,divide,result,arg_0|arg_1,diagnostic,diagnostic
52,1,0,cube_edge_by_volume,cube_edge_by_volume,result,arg_0,diagnostic,diagnostic
19,2,0,divide,divide,result,arg_0|arg_1,diagnostic,diagnostic
38,1,0,surface_sphere,surface_sphere,result,arg_0,diagnostic,diagnostic
57,1,0,square_perimeter,square_perimeter,result,arg_0,diagnostic,diagnostic
20,2,0,subtract,subtract,result,arg_0|arg_1,diagnostic,diagnostic
50,1,0,factorial,factorial,result,arg_0,diagnostic,diagnostic
43,1,0,inverse,inverse,result,arg_0,diagnostic,diagnostic
31,2,0,rhombus_area,rhombus_area,result,arg_0|arg_1,diagnostic,diagnostic
73,2,0,log,log,result,arg_0|arg_1,diagnostic,diagnostic
22,2,0,multiply,multiply,result,arg_0|arg_1,diagnostic,diagnostic
16,2,0,add,add,result,arg_0|arg_1,diagnostic,diagnostic
25,2,0,power,power,result,arg_0|arg_1,diagnostic,diagnostic
22,2,0,multiply,multiply,result,arg_0|arg_1,diagnostic,diagnostic
19,2,0,divide,divide,result,arg_0|arg_1,diagnostic,diagnostic
57,1,0,square_edge_by_perimeter,square_edge_by_perimeter,result,arg_0,diagnostic,diagnostic
43,1,0,inverse,inverse,result,arg_0,diagnostic,diagnostic
36,1,0,surface_cube,surface_cube,result,arg_0,diagnostic,diagnostic
20,2,0,subtract,subtract,result,arg_0|arg_1,diagnostic,diagnostic
60,2,0,rectangle_area,rectangle_area,result,arg_0|arg_1,diagnostic,diagnostic
57,1,0,square_perimeter,square_perimeter,result,arg_0,diagnostic,diagnostic
25,2,0,power,power,result,arg_0|arg_1,diagnostic,diagnostic
16,2,0,add,add,result,arg_0|arg_1,diagnostic,diagnostic
16,2,0,add,add,result,arg_0|arg_1,diagnostic,diagnostic
22,2,0,multiply,multiply,result,arg_0|arg_1,diagnostic,diagnostic
39,1,0,circumface,circumface,result,arg_0,diagnostic,diagnostic
50,2,0,lcm,lcm,result,arg_0|arg_1,diagnostic,diagnostic
31,2,0,rhombus_area,rhombus_area,result,arg_0|arg_1,diagnostic,diagnostic
19,2,0,divide,divide,result,arg_0|arg_1,diagnostic,diagnostic
58,2,0,gcd,gcd,result,arg_0|arg_1,diagnostic,diagnostic
20,2,0,subtract,subtract,result,arg_0|arg_1,diagnostic,diagnostic
43,1,0,inverse,inverse,result,arg_0,diagnostic,diagnostic
36,1,0,surface_cube,surface_cube,result,arg_0,diagnostic,diagnostic
145,1,0,string_indices,string_indices,output_0,string_list,diagnostic,diagnostic
85,1,0,non_whitespace_substrings,non_whitespace_substrings,output_0,input_str,diagnostic,diagnostic
229,1,0,compute_degree,compute_degree,output_0,coefficients,diagnostic,diagnostic
107,1,0,traverse_diagonal,traverse_diagonal,output_0,matrix,diagnostic,diagnostic
60,2,0,check_existence,check_existence,output_0,lst|target,diagnostic,diagnostic
91,1,0,parse_list_of_numbers,parse_list_of_numbers,output_0,string,diagnostic,diagnostic
257,1,0,split_into_two,split_into_two,output_0,string,diagnostic,diagnostic
87,2,0,int_to_base_n,int_to_base_n,output_0,n|num,diagnostic,diagnostic
253,1,0,dedup_in_nested_lists,dedup_in_nested_lists,output_0,nested_list,diagnostic,diagnostic
80,1,0,find_interval_distance,find_interval_distance,output_0,intervals,diagnostic,diagnostic
41,1,0,camel_to_snake_case,camel_to_snake_case,output_0,camel_case_word,diagnostic,diagnostic
185,1,0,append_path_components,append_path_components,output_0,path_components,diagnostic,diagnostic
40,1,0,count_words_from_sentences,count_words_from_sentences,output_0,sentences,diagnostic,diagnostic
48,1,0,day_of_year_to_month_day,day_of_year_to_month_day,output_0,day_of_year,diagnostic,diagnostic
50,1,0,escape_single_quotes_and_backslash,escape_single_quotes_and_backslash,output_0,string,diagnostic,diagnostic
50,1,0,all_even,all_even,output_0,lst,diagnostic,diagnostic
148,1,0,process_text_file,process_text_file,output_0,file_path,diagnostic,diagnostic
54,1,0,ratio_saliency,ratio_saliency,output_0,time_series,diagnostic,diagnostic
31,1,0,negate,negate,result,arg_0,diagnostic,diagnostic
30,2,0,volume_cone,volume_cone,result,arg_0|arg_1,diagnostic,diagnostic
19,2,0,divide,divide,result,arg_0|arg_1,diagnostic,diagnostic
57,1,0,square_edge_by_perimeter,square_edge_by_perimeter,result,arg_0,diagnostic,diagnostic
43,1,0,inverse,inverse,result,arg_0,diagnostic,diagnostic
22,2,0,multiply,multiply,result,arg_0|arg_1,diagnostic,diagnostic
73,2,0,log,log,result,arg_0|arg_1,diagnostic,diagnostic
16,2,0,add,add,result,arg_0|arg_1,diagnostic,diagnostic
20,2,0,subtract,subtract,result,arg_0|arg_1,diagnostic,diagnostic
30,1,0,volume_cube,volume_cube,result,arg_0,diagnostic,diagnostic
20,2,0,subtract,subtract,result,arg_0|arg_1,diagnostic,diagnostic
51,1,0,sqrt,sqrt,result,arg_0,diagnostic,diagnostic
65,2,0,permutation,permutation,result,arg_0|arg_1,diagnostic,diagnostic
16,2,0,add,add,result,arg_0|arg_1,diagnostic,diagnostic
22,2,0,multiply,multiply,result,arg_0|arg_1,diagnostic,diagnostic
34,2,0,volume_cylinder,volume_cylinder,result,arg_0|arg_1,diagnostic,diagnostic
19,2,0,divide,divide,result,arg_0|arg_1,diagnostic,diagnostic
43,1,0,inverse,inverse,result,arg_0,diagnostic,diagnostic
351,0,0,temp_dir_path,temp_dir_path,output_0,,diagnostic,diagnostic
85,1,0,non_whitespace_substrings,non_whitespace_substrings,output_0,input_str,diagnostic,diagnostic
36,1,0,group_by_parity,group_by_parity,output_0,nums,diagnostic,diagnostic
97,1,0,partition_by_category,partition_by_category,output_0,df,diagnostic,diagnostic
54,1,0,ratio_saliency,ratio_saliency,output_0,time_series,diagnostic,diagnostic
55,2,0,shuffle_sort,shuffle_sort,output_0,lst|p,diagnostic,diagnostic
229,1,0,compute_degree,compute_degree,output_0,coefficients,diagnostic,diagnostic
40,1,0,count_words_from_sentences,count_words_from_sentences,output_0,sentences,diagnostic,diagnostic
182,1,0,string_list,string_list,output_0,items,diagnostic,diagnostic
127,1,0,modify_text,modify_text,output_0,text,diagnostic,diagnostic
113,2,0,ngram_frequency,ngram_frequency,output_0,n|words,diagnostic,diagnostic
91,1,0,parse_list_of_numbers,parse_list_of_numbers,output_0,string,diagnostic,diagnostic
102,1,0,list_of_objects_to_list_of_dicts,list_of_objects_to_list_of_dicts,output_0,objects,diagnostic,diagnostic
107,1,0,traverse_diagonal,traverse_diagonal,output_0,matrix,diagnostic,diagnostic
74,1,0,get_host_and_port,get_host_and_port,output_0,input_string,diagnostic,diagnostic
98,1,0,get_disabled_option,get_disabled_option,output_0,dictionary,diagnostic,diagnostic
111,0,0,get_thread_id_str,get_thread_id_str,output_0,,diagnostic,diagnostic
50,1,0,factorial,factorial,result,arg_0,diagnostic,diagnostic
20,2,0,subtract,subtract,result,arg_0|arg_1,diagnostic,diagnostic
54,2,0,triangle_area,triangle_area,result,arg_0|arg_1,diagnostic,diagnostic
19,2,0,divide,divide,result,arg_0|arg_1,diagnostic,diagnostic
22,2,0,multiply,multiply,result,arg_0|arg_1,diagnostic,diagnostic
65,2,0,permutation,permutation,result,arg_0|arg_1,diagnostic,diagnostic
43,1,0,inverse,inverse,result,arg_0,diagnostic,diagnostic
16,2,0,add,add,result,arg_0|arg_1,diagnostic,diagnostic
51,1,0,floor,floor,result,arg_0,diagnostic,diagnostic
40,2,0,speed,speed,result,arg_0|arg_1,diagnostic,diagnostic
22,2,0,multiply,multiply,result,arg_0|arg_1,diagnostic,diagnostic
16,2,0,add,add,result,arg_0|arg_1,diagnostic,diagnostic
43,1,0,inverse,inverse,result,arg_0,diagnostic,diagnostic
41,2,0,reminder,reminder,result,arg_0|arg_1,diagnostic,diagnostic
19,2,0,divide,divide,result,arg_0|arg_1,diagnostic,diagnostic
20,2,0,subtract,subtract,result,arg_0|arg_1,diagnostic,diagnostic
22,2,0,multiply,multiply,result,arg_0|arg_1,diagnostic,diagnostic
19,2,0,divide,divide,result,arg_0|arg_1,diagnostic,diagnostic
20,2,0,subtract,subtract,result,arg_0|arg_1,diagnostic,diagnostic
50,2,0,lcm,lcm,result,arg_0|arg_1,diagnostic,diagnostic
43,1,0,inverse,inverse,result,arg_0,diagnostic,diagnostic
16,2,0,add,add,result,arg_0|arg_1,diagnostic,diagnostic
45,1,0,square_area,square_area,result,arg_0,diagnostic,diagnostic
73,2,0,log,log,result,arg_0|arg_1,diagnostic,diagnostic
50,1,0,factorial,factorial,result,arg_0,diagnostic,diagnostic
78,2,0,get_asset_names,get_asset_names,output_0,client|endpoint_url,diagnostic,diagnostic
75,1,0,convert_string_ascii,convert_string_ascii,output_0,s,diagnostic,diagnostic
150,0,0,generate_and_encode,generate_and_encode,output_0,,diagnostic,diagnostic
85,1,0,non_whitespace_substrings,non_whitespace_substrings,output_0,input_str,diagnostic,diagnostic
107,1,0,traverse_diagonal,traverse_diagonal,output_0,matrix,diagnostic,diagnostic
68,2,0,find_difference,find_difference,output_0,list_1|list_2,diagnostic,diagnostic
54,1,0,ratio_saliency,ratio_saliency,output_0,time_series,diagnostic,diagnostic
91,1,0,parse_list_of_numbers,parse_list_of_numbers,output_0,string,diagnostic,diagnostic
40,1,0,count_words_from_sentences,count_words_from_sentences,output_0,sentences,diagnostic,diagnostic
207,2,0,find_sentences_containing_keywords,find_sentences_containing_keywords,output_0,keywords|text,diagnostic,diagnostic
128,2,0,get_header_value,get_header_value,output_0,header|key,diagnostic,diagnostic
229,1,0,compute_degree,compute_degree,output_0,coefficients,diagnostic,diagnostic
97,1,0,check_zip_and_unzip,check_zip_and_unzip,output_0,path,diagnostic,diagnostic
48,1,0,get_variable_type,get_variable_type,output_0,value,diagnostic,diagnostic
22,2,0,multiply,multiply,result,arg_0|arg_1,diagnostic,diagnostic
54,2,0,triangle_area,triangle_area,result,arg_0|arg_1,diagnostic,diagnostic
20,2,0,subtract,subtract,result,arg_0|arg_1,diagnostic,diagnostic
43,1,0,inverse,inverse,result,arg_0,diagnostic,diagnostic
38,1,0,surface_sphere,surface_sphere,result,arg_0,diagnostic,diagnostic
45,1,0,square_area,square_area,result,arg_0,diagnostic,diagnostic
19,2,0,divide,divide,result,arg_0|arg_1,diagnostic,diagnostic
16,2,0,add,add,result,arg_0|arg_1,diagnostic,diagnostic
41,2,0,reminder,reminder,result,arg_0|arg_1,diagnostic,diagnostic
54,2,0,triangle_area,triangle_area,result,arg_0|arg_1,diagnostic,diagnostic
43,1,0,inverse,inverse,result,arg_0,diagnostic,diagnostic
39,1,0,circumface,circumface,result,arg_0,diagnostic,diagnostic
31,2,0,rhombus_area,rhombus_area,result,arg_0|arg_1,diagnostic,diagnostic
16,2,0,add,add,result,arg_0|arg_1,diagnostic,diagnostic
20,2,0,subtract,subtract,result,arg_0|arg_1,diagnostic,diagnostic
96,2,0,choose,choose,result,arg_0|arg_1,diagnostic,diagnostic
19,2,0,divide,divide,result,arg_0|arg_1,diagnostic,diagnostic
38,1,0,surface_sphere,surface_sphere,result,arg_0,diagnostic,diagnostic
22,2,0,multiply,multiply,result,arg_0|arg_1,diagnostic,diagnostic
31,2,0,rhombus_area,rhombus_area,result,arg_0|arg_1,diagnostic,diagnostic
22,2,0,multiply,multiply,result,arg_0|arg_1,diagnostic,diagnostic
16,2,0,add,add,result,arg_0|arg_1,diagnostic,diagnostic
19,2,0,divide,divide,result,arg_0|arg_1,diagnostic,diagnostic
38,2,0,rectangle_perimeter,rectangle_perimeter,result,arg_0|arg_1,diagnostic,diagnostic
57,1,0,square_edge_by_perimeter,square_edge_by_perimeter,result,arg_0,diagnostic,diagnostic
43,1,0,inverse,inverse,result,arg_0,diagnostic,diagnostic
52,1,0,square_edge_by_area,square_edge_by_area,result,arg_0,diagnostic,diagnostic
20,2,0,subtract,subtract,result,arg_0|arg_1,diagnostic,diagnostic
19,2,0,divide,divide,result,arg_0|arg_1,diagnostic,diagnostic
58,2,0,gcd,gcd,result,arg_0|arg_1,diagnostic,diagnostic
16,2,0,add,add,result,arg_0|arg_1,diagnostic,diagnostic
22,2,0,multiply,multiply,result,arg_0|arg_1,diagnostic,diagnostic
20,2,0,subtract,subtract,result,arg_0|arg_1,diagnostic,diagnostic
43,1,0,inverse,inverse,result,arg_0,diagnostic,diagnostic
25,2,0,power,power,result,arg_0|arg_1,diagnostic,diagnostic
96,2,0,choose,choose,result,arg_0|arg_1,diagnostic,diagnostic
46,1,0,max_number,max_number,result,arg_0,diagnostic,diagnostic
45,1,0,square_area,square_area,result,arg_0,diagnostic,diagnostic
73,2,0,log,log,result,arg_0|arg_1,diagnostic,diagnostic
50,1,0,factorial,factorial,result,arg_0,diagnostic,diagnostic
16,2,0,add,add,result,arg_0|arg_1,diagnostic,diagnostic
19,2,0,divide,divide,result,arg_0|arg_1,diagnostic,diagnostic
43,1,0,inverse,inverse,result,arg_0,diagnostic,diagnostic
22,2,0,multiply,multiply,result,arg_0|arg_1,diagnostic,diagnostic
31,1,0,negate,negate,result,arg_0,diagnostic,diagnostic
20,2,0,subtract,subtract,result,arg_0|arg_1,diagnostic,diagnostic
51,2,0,diagonal,diagonal,result,arg_0|arg_1,diagnostic,diagnostic
46,1,0,min_number,min_number,result,arg_0,diagnostic,diagnostic
46,1,0,max_number,max_number,result,arg_0,diagnostic,diagnostic
22,2,0,multiply,multiply,result,arg_0|arg_1,diagnostic,diagnostic
30,2,0,volume_cone,volume_cone,result,arg_0|arg_1,diagnostic,diagnostic
43,1,0,inverse,inverse,result,arg_0,diagnostic,diagnostic
51,1,0,negate_prob,negate_prob,result,arg_0,diagnostic,diagnostic
19,2,0,divide,divide,result,arg_0|arg_1,diagnostic,diagnostic
16,2,0,add,add,result,arg_0|arg_1,diagnostic,diagnostic
45,1,0,square_area,square_area,result,arg_0,diagnostic,diagnostic
20,2,0,subtract,subtract,result,arg_0|arg_1,diagnostic,diagnostic
51,1,0,floor,floor,result,arg_0,diagnostic,diagnostic
51,2,0,diagonal,diagonal,result,arg_0|arg_1,diagnostic,diagnostic
43,1,0,inverse,inverse,result,arg_0,diagnostic,diagnostic
19,2,0,divide,divide,result,arg_0|arg_1,diagnostic,diagnostic
25,2,0,power,power,result,arg_0|arg_1,diagnostic,diagnostic
96,2,0,choose,choose,result,arg_0|arg_1,diagnostic,diagnostic
16,2,0,add,add,result,arg_0|arg_1,diagnostic,diagnostic
20,2,0,subtract,subtract,result,arg_0|arg_1,diagnostic,diagnostic
22,2,0,multiply,multiply,result,arg_0|arg_1,diagnostic,diagnostic
34,2,0,volume_cylinder,volume_cylinder,result,arg_0|arg_1,diagnostic,diagnostic
25,2,0,power,power,result,arg_0|arg_1,diagnostic,diagnostic
30,1,0,volume_cube,volume_cube,result,arg_0,diagnostic,diagnostic
38,1,0,surface_sphere,surface_sphere,result,arg_0,diagnostic,diagnostic
20,2,0,subtract,subtract,result,arg_0|arg_1,diagnostic,diagnostic
16,2,0,add,add,result,arg_0|arg_1,diagnostic,diagnostic
43,1,0,inverse,inverse,result,arg_0,diagnostic,diagnostic
22,2,0,multiply,multiply,result,arg_0|arg_1,diagnostic,diagnostic
19,2,0,divide,divide,result,arg_0|arg_1,diagnostic,diagnostic
41,2,0,remainder,remainder,result,arg_0|arg_1,diagnostic,diagnostic
45,1,0,square_area,square_area,result,arg_0,diagnostic,diagnostic
20,2,0,subtract,subtract,result,arg_0|arg_1,diagnostic,diagnostic
43,1,0,inverse,inverse,result,arg_0,diagnostic,diagnostic
16,2,0,add,add,result,arg_0|arg_1,diagnostic,diagnostic
60,2,0,rectangle_area,rectangle_area,result,arg_0|arg_1,diagnostic,diagnostic
22,2,0,multiply,multiply,result,arg_0|arg_1,diagnostic,diagnostic
19,2,0,divide,divide,result,arg_0|arg_1,diagnostic,diagnostic
58,2,0,gcd,gcd,result,arg_0|arg_1,diagnostic,diagnostic
22,2,0,multiply,multiply,result,arg_0|arg_1,diagnostic,diagnostic
47,1,0,circle_area,circle_area,result,arg_0,diagnostic,diagnostic
46,1,0,min_number,min_number,result,arg_0,diagnostic,diagnostic
16,2,0,add,add,result,arg_0|arg_1,diagnostic,diagnostic
20,2,0,subtract,subtract,result,arg_0|arg_1,diagnostic,diagnostic
43,1,0,inverse,inverse,result,arg_0,diagnostic,diagnostic
41,2,0,remainder,remainder,result,arg_0|arg_1,diagnostic,diagnostic
51,1,0,sqrt,sqrt,result,arg_0,diagnostic,diagnostic
19,2,0,divide,divide,result,arg_0|arg_1,diagnostic,diagnostic
38,1,0,surface_sphere,surface_sphere,result,arg_0,diagnostic,diagnostic
186,3,0,add_or_divide,add_or_divide,output_0,a|b|div,diagnostic,diagnostic
107,1,0,traverse_diagonal,traverse_diagonal,output_0,matrix,diagnostic,diagnostic
83,1,0,search_min_max,search_min_max,output_0,a,diagnostic,diagnostic
63,1,0,convert_seconds_to_datestring,convert_seconds_to_datestring,output_0,seconds,diagnostic,diagnostic
78,1,0,port_binding_race,port_binding_race,output_0,port_number,diagnostic,diagnostic
88,1,0,extract_file_ext,extract_file_ext,output_0,filepath,diagnostic,diagnostic
91,1,0,parse_list_of_numbers,parse_list_of_numbers,output_0,string,diagnostic,diagnostic
85,2,0,pad_buffer,pad_buffer,output_0,lst|n,diagnostic,diagnostic
112,1,0,remove_middle_dim,remove_middle_dim,output_0,x,diagnostic,diagnostic
87,1,0,square_tuples,square_tuples,output_0,numbers,diagnostic,diagnostic
54,1,0,ratio_saliency,ratio_saliency,output_0,time_series,diagnostic,diagnostic
97,2,0,replace_between_brackets,replace_between_brackets,output_0,s|t,diagnostic,diagnostic
229,1,0,compute_degree,compute_degree,output_0,coefficients,diagnostic,diagnostic
85,1,0,non_whitespace_substrings,non_whitespace_substrings,output_0,input_str,diagnostic,diagnostic
84,1,0,get_formatted_time,get_formatted_time,output_0,time_obj,diagnostic,diagnostic
78,1,0,get_calibration_steps,get_calibration_steps,output_0,instrument_id,diagnostic,diagnostic
40,1,0,count_words_from_sentences,count_words_from_sentences,output_0,sentences,diagnostic,diagnostic
19,2,0,divide,divide,result,arg_0|arg_1,diagnostic,diagnostic
20,2,0,subtract,subtract,result,arg_0|arg_1,diagnostic,diagnostic
25,2,0,power,power,result,arg_0|arg_1,diagnostic,diagnostic
50,2,0,lcm,lcm,result,arg_0|arg_1,diagnostic,diagnostic
41,2,0,reminder,reminder,result,arg_0|arg_1,diagnostic,diagnostic
43,1,0,inverse,inverse,result,arg_0,diagnostic,diagnostic
22,2,0,multiply,multiply,result,arg_0|arg_1,diagnostic,diagnostic
54,2,0,triangle_area,triangle_area,result,arg_0|arg_1,diagnostic,diagnostic
16,2,0,add,add,result,arg_0|arg_1,diagnostic,diagnostic
51,1,0,negate_prob,negate_prob,result,arg_0,diagnostic,diagnostic
20,2,0,subtract,subtract,result,arg_0|arg_1,diagnostic,diagnostic
19,2,0,divide,divide,result,arg_0|arg_1,diagnostic,diagnostic
57,1,0,square_edge_by_perimeter,square_edge_by_perimeter,result,arg_0,diagnostic,diagnostic
52,1,0,square_edge_by_area,square_edge_by_area,result,arg_0,diagnostic,diagnostic
22,2,0,multiply,multiply,result,arg_0|arg_1,diagnostic,diagnostic
43,1,0,inverse,inverse,result,arg_0,diagnostic,diagnostic
16,2,0,add,add,result,arg_0|arg_1,diagnostic,diagnostic
51,1,0,negate_prob,negate_prob,result,arg_0,diagnostic,diagnostic
85,1,0,convert_to_human_readable_format,convert_to_human_readable_format,output_0,minutes,diagnostic,diagnostic
116,1,0,sort_by_len_and_lex,sort_by_len_and_lex,output_0,list_of_strings,diagnostic,diagnostic
40,1,0,count_words_from_sentences,count_words_from_sentences,output_0,sentences,diagnostic,diagnostic
75,1,0,group_by_first_char,group_by_first_char,output_0,strings,diagnostic,diagnostic
69,1,0,sha256_hash_file,sha_hash_file,output_0,file_bytes,diagnostic,diagnostic
99,2,0,compute_hypotenuse,compute_hypotenuse,output_0,leg1|leg2,diagnostic,diagnostic
85,1,0,non_whitespace_substrings,non_whitespace_substrings,output_0,input_str,diagnostic,diagnostic
91,1,0,parse_list_of_numbers,parse_list_of_numbers,output_0,string,diagnostic,diagnostic
77,1,0,encode_data_objects,encode_data_objects,output_0,data_objects,diagnostic,diagnostic
237,1,0,filter_hidden_chars,filter_hidden_chars,output_0,s,diagnostic,diagnostic
115,2,0,check_lists,check_lists,output_0,list1|list2,diagnostic,diagnostic
44,1,0,is_unique_list,is_unique_list,output_0,lst,diagnostic,diagnostic
80,2,0,remap_question_indices,remap_question_indices,output_0,data|remap_index,diagnostic,diagnostic
107,1,0,traverse_diagonal,traverse_diagonal,output_0,matrix,diagnostic,diagnostic
229,1,0,compute_degree,compute_degree,output_0,coefficients,diagnostic,diagnostic
54,1,0,ratio_saliency,ratio_saliency,output_0,time_series,diagnostic,diagnostic
164,1,0,remove_duplicates_from_tuple_list,remove_duplicates_from_tuple_list,output_0,tup_list,diagnostic,diagnostic
78,1,0,fibonacci_dp,fibonacci_dp,output_0,n,diagnostic,diagnostic
19,2,0,divide,divide,result,arg_0|arg_1,diagnostic,diagnostic
96,2,0,choose,choose,result,arg_0|arg_1,diagnostic,diagnostic
25,2,0,power,power,result,arg_0|arg_1,diagnostic,diagnostic
16,2,0,add,add,result,arg_0|arg_1,diagnostic,diagnostic
22,2,0,multiply,multiply,result,arg_0|arg_1,diagnostic,diagnostic
65,2,0,permutation,permutation,result,arg_0|arg_1,diagnostic,diagnostic
43,1,0,inverse,inverse,result,arg_0,diagnostic,diagnostic
20,2,0,subtract,subtract,result,arg_0|arg_1,diagnostic,diagnostic
60,2,0,rectangle_area,rectangle_area,result,arg_0|arg_1,diagnostic,diagnostic
19,2,0,divide,divide,result,arg_0|arg_1,diagnostic,diagnostic
46,1,0,min_number,min_number,result,arg_0,diagnostic,diagnostic
16,2,0,add,add,result,arg_0|arg_1,diagnostic,diagnostic
43,1,0,inverse,inverse,result,arg_0,diagnostic,diagnostic
25,2,0,power,power,result,arg_0|arg_1,diagnostic,diagnostic
51,1,0,negate_prob,negate_prob,result,arg_0,diagnostic,diagnostic
22,2,0,multiply,multiply,result,arg_0|arg_1,diagnostic,diagnostic
57,1,0,square_perimeter,square_perimeter,result,arg_0,diagnostic,diagnostic
20,2,0,subtract,subtract,result,arg_0|arg_1,diagnostic,diagnostic
20,2,0,subtract,subtract,result,arg_0|arg_1,diagnostic,diagnostic
54,2,0,triangle_area,triangle_area,result,arg_0|arg_1,diagnostic,diagnostic
51,1,0,negate_prob,negate_prob,result,arg_0,diagnostic,diagnostic
19,2,0,divide,divide,result,arg_0|arg_1,diagnostic,diagnostic
30,1,0,volume_cube,volume_cube,result,arg_0,diagnostic,diagnostic
22,2,0,multiply,multiply,result,arg_0|arg_1,diagnostic,diagnostic
40,2,0,surface_cylinder,surface_cylinder,result,arg_0|arg_1,diagnostic,diagnostic
16,2,0,add,add,result,arg_0|arg_1,diagnostic,diagnostic
43,1,0,inverse,inverse,result,arg_0,diagnostic,diagnostic
52,1,0,square_edge_by_area,square_edge_by_area,result,arg_0,diagnostic,diagnostic
22,2,0,multiply,multiply,result,arg_0|arg_1,diagnostic,diagnostic
16,2,0,add,add,result,arg_0|arg_1,diagnostic,diagnostic
19,2,0,divide,divide,result,arg_0|arg_1,diagnostic,diagnostic
20,2,0,subtract,subtract,result,arg_0|arg_1,diagnostic,diagnostic
45,1,0,square_area,square_area,result,arg_0,diagnostic,diagnostic
57,1,0,square_perimeter,square_perimeter,result,arg_0,diagnostic,diagnostic
38,1,0,surface_sphere,surface_sphere,result,arg_0,diagnostic,diagnostic
43,1,0,inverse,inverse,result,arg_0,diagnostic,diagnostic
96,2,0,choose,choose,result,arg_0|arg_1,diagnostic,diagnostic
60,2,0,rectangle_area,rectangle_area,result,arg_0|arg_1,diagnostic,diagnostic
19,2,0,divide,divide,result,arg_0|arg_1,diagnostic,diagnostic
16,2,0,add,add,result,arg_0|arg_1,diagnostic,diagnostic
31,2,0,rhombus_area,rhombus_area,result,arg_0|arg_1,diagnostic,diagnostic
43,1,0,inverse,inverse,result,arg_0,diagnostic,diagnostic
36,1,0,surface_cube,surface_cube,result,arg_0,diagnostic,diagnostic
22,2,0,multiply,multiply,result,arg_0|arg_1,diagnostic,diagnostic
50,1,0,factorial,factorial,result,arg_0,diagnostic,diagnostic
20,2,0,subtract,subtract,result,arg_0|arg_1,diagnostic,diagnostic
40,2,0,speed,speed,result,arg_0|arg_1,diagnostic,diagnostic
40,1,0,count_words_from_sentences,count_words_from_sentences,output_0,sentences,diagnostic,diagnostic
86,2,0,find_id,find_id,output_0,id|target_list,diagnostic,diagnostic
92,1,0,escape_reserved_keywords,escape_reserved_keywords,output_0,string,diagnostic,diagnostic
54,1,0,ratio_saliency,ratio_saliency,output_0,time_series,diagnostic,diagnostic
397,1,0,read_string,read_string,output_0,prompt,diagnostic,diagnostic
92,2,0,count_matches_regex,count_matches_regex,output_0,pattern|text,diagnostic,diagnostic
57,1,0,get_frequency,get_frequency,output_0,strings,diagnostic,diagnostic
107,1,0,traverse_diagonal,traverse_diagonal,output_0,matrix,diagnostic,diagnostic
91,1,0,parse_list_of_numbers,parse_list_of_numbers,output_0,string,diagnostic,diagnostic
68,1,0,get_string_with_list_contents,get_string_with_list_contents,output_0,input_list,diagnostic,diagnostic
85,1,0,non_whitespace_substrings,non_whitespace_substrings,output_0,input_str,diagnostic,diagnostic
66,1,0,convert_camelcase_to_snakecase,convert_camelcase_to_snakecase,output_0,d,diagnostic,diagnostic
176,2,0,make_result_dict,make_result_dict,output_0,feature|id,diagnostic,diagnostic
176,1,0,extract_table_name,extract_table_name,output_0,table_name,diagnostic,diagnostic
146,1,0,generate_method_name,generate_method_name,output_0,params,diagnostic,diagnostic
229,1,0,compute_degree,compute_degree,output_0,coefficients,diagnostic,diagnostic
54,1,0,word_counts,word_counts,output_0,sentences,diagnostic,diagnostic
213,1,0,get_list_of_dictionaries,get_list_of_dictionaries,output_0,list_of_dicts,diagnostic,diagnostic
51,1,0,negate_prob,negate_prob,result,arg_0,diagnostic,diagnostic
46,1,0,min_number,min_number,result,arg_0,diagnostic,diagnostic
20,2,0,subtract,subtract,result,arg_0|arg_1,diagnostic,diagnostic
22,2,0,multiply,multiply,result,arg_0|arg_1,diagnostic,diagnostic
96,2,0,choose,choose,result,arg_0|arg_1,diagnostic,diagnostic
16,2,0,add,add,result,arg_0|arg_1,diagnostic,diagnostic
43,1,0,inverse,inverse,result,arg_0,diagnostic,diagnostic
57,1,0,square_edge_by_perimeter,square_edge_by_perimeter,result,arg_0,diagnostic,diagnostic
19,2,0,divide,divide,result,arg_0|arg_1,diagnostic,diagnostic
19,2,0,divide,divide,result,arg_0|arg_1,diagnostic,diagnostic
52,1,0,square_edge_by_area,square_edge_by_area,result,arg_0,diagnostic,diagnostic
16,2,0,add,add,result,arg_0|arg_1,diagnostic,diagnostic
43,1,0,inverse,inverse,result,arg_0,diagnostic,diagnostic
47,1,0,circle_area,circle_area,result,arg_0,diagnostic,diagnostic
31,2,0,rhombus_area,rhombus_area,result,arg_0|arg_1,diagnostic,diagnostic
22,2,0,multiply,multiply,result,arg_0|arg_1,diagnostic,diagnostic
20,2,0,subtract,subtract,result,arg_0|arg_1,diagnostic,diagnostic
40,2,0,surface_cylinder,surface_cylinder,result,arg_0|arg_1,diagnostic,diagnostic
43,1,0,inverse,inverse,result,arg_0,diagnostic,diagnostic
46,1,0,max_number,max_number,result,arg_0,diagnostic,diagnostic
39,1,0,circumface,circumface,result,arg_0,diagnostic,diagnostic
19,2,0,divide,divide,result,arg_0|arg_1,diagnostic,diagnostic
31,2,0,rhombus_area,rhombus_area,result,arg_0|arg_1,diagnostic,diagnostic
20,2,0,subtract,subtract,result,arg_0|arg_1,diagnostic,diagnostic
45,1,0,square_area,square_area,result,arg_0,diagnostic,diagnostic
22,2,0,multiply,multiply,result,arg_0|arg_1,diagnostic,diagnostic
16,2,0,add,add,result,arg_0|arg_1,diagnostic,diagnostic
46,1,0,min_number,min_number,result,arg_0,diagnostic,diagnostic
78,1,0,format_sensor_data,format_sensor_data,output_0,data,diagnostic,diagnostic
107,1,0,traverse_diagonal,traverse_diagonal,output_0,matrix,diagnostic,diagnostic
69,1,0,get_active_users,get_active_users,output_0,users,diagnostic,diagnostic
54,1,0,ratio_saliency,ratio_saliency,output_0,time_series,diagnostic,diagnostic
91,1,0,parse_list_of_numbers,parse_list_of_numbers,output_0,string,diagnostic,diagnostic
155,1,0,read_binary_and_name,read_binary_and_name,output_0,path,diagnostic,diagnostic
40,1,0,count_words_from_sentences,count_words_from_sentences,output_0,sentences,diagnostic,diagnostic
116,2,0,egcd,egcd,output_0,a|b,diagnostic,diagnostic
62,1,0,sum_by_key,sum_by_key,output_0,tuple_list,diagnostic,diagnostic
134,2,0,update_d1_with_d2,update_d_with_d,output_0,d1|d2,diagnostic,diagnostic
61,2,0,last_occurrence,last_occurrence,output_0,string|substring,diagnostic,diagnostic
124,1,0,first_non_letter,first_non_letter,output_0,input_string,diagnostic,diagnostic
229,1,0,compute_degree,compute_degree,output_0,coefficients,diagnostic,diagnostic
76,1,0,calculate_sensitivity,calculate_sensitivity,output_0,confusion_matrix,diagnostic,diagnostic
85,1,0,non_whitespace_substrings,non_whitespace_substrings,output_0,input_str,diagnostic,diagnostic
75,2,0,has_dependency_on_target,has_dependency_on_target,output_0,dep_target|target,diagnostic,diagnostic
57,1,0,get_digit_sum,get_digit_sum,output_0,num,diagnostic,diagnostic
150,1,0,create_dict_from_list_pairs,create_dict_from_list_pairs,output_0,pairs,diagnostic,diagnostic
20,2,0,subtract,subtract,result,arg_0|arg_1,diagnostic,diagnostic
19,2,0,divide,divide,result,arg_0|arg_1,diagnostic,diagnostic
16,2,0,add,add,result,arg_0|arg_1,diagnostic,diagnostic
31,2,0,rhombus_area,rhombus_area,result,arg_0|arg_1,diagnostic,diagnostic
96,2,0,choose,choose,result,arg_0|arg_1,diagnostic,diagnostic
22,2,0,multiply,multiply,result,arg_0|arg_1,diagnostic,diagnostic
40,2,0,speed,speed,result,arg_0|arg_1,diagnostic,diagnostic
32,1,0,volume_sphere,volume_sphere,result,arg_0,diagnostic,diagnostic
43,1,0,inverse,inverse,result,arg_0,diagnostic,diagnostic
46,1,0,min_number,min_number,result,arg_0,diagnostic,diagnostic
43,1,0,inverse,inverse,result,arg_0,diagnostic,diagnostic
50,2,0,lcm,lcm,result,arg_0|arg_1,diagnostic,diagnostic
19,2,0,divide,divide,result,arg_0|arg_1,diagnostic,diagnostic
30,1,0,volume_cube,volume_cube,result,arg_0,diagnostic,diagnostic
58,2,0,gcd,gcd,result,arg_0|arg_1,diagnostic,diagnostic
40,2,0,speed,speed,result,arg_0|arg_1,diagnostic,diagnostic
20,2,0,subtract,subtract,result,arg_0|arg_1,diagnostic,diagnostic
22,2,0,multiply,multiply,result,arg_0|arg_1,diagnostic,diagnostic
16,2,0,add,add,result,arg_0|arg_1,diagnostic,diagnostic
51,1,0,sqrt,sqrt,result,arg_0,diagnostic,diagnostic
43,1,0,inverse,inverse,result,arg_0,diagnostic,diagnostic
58,2,0,gcd,gcd,result,arg_0|arg_1,diagnostic,diagnostic
22,2,0,multiply,multiply,result,arg_0|arg_1,diagnostic,diagnostic
96,2,0,choose,choose,result,arg_0|arg_1,diagnostic,diagnostic
19,2,0,divide,divide,result,arg_0|arg_1,diagnostic,diagnostic
20,2,0,subtract,subtract,result,arg_0|arg_1,diagnostic,diagnostic
65,2,0,permutation,permutation,result,arg_0|arg_1,diagnostic,diagnostic
51,1,0,floor,floor,result,arg_0,diagnostic,diagnostic
30,2,0,volume_cone,volume_cone,result,arg_0|arg_1,diagnostic,diagnostic
16,2,0,add,add,result,arg_0|arg_1,diagnostic,diagnostic
41,2,0,remainder,remainder,result,arg_0|arg_1,diagnostic,diagnostic
20,2,0,subtract,subtract,result,arg_0|arg_1,diagnostic,diagnostic
65,2,0,permutation,permutation,result,arg_0|arg_1,diagnostic,diagnostic
43,1,0,inverse,inverse,result,arg_0,diagnostic,diagnostic
22,2,0,multiply,multiply,result,arg_0|arg_1,diagnostic,diagnostic
46,1,0,max_number,max_number,result,arg_0,diagnostic,diagnostic
19,2,0,divide,divide,result,arg_0|arg_1,diagnostic,diagnostic
16,2,0,add,add,result,arg_0|arg_1,diagnostic,diagnostic
38,1,0,surface_sphere,surface_sphere,result,arg_0,diagnostic,diagnostic
40,2,0,surface_cylinder,surface_cylinder,result,arg_0|arg_1,diagnostic,diagnostic
40,2,0,speed,speed,result,arg_0|arg_1,diagnostic,diagnostic
22,2,0,multiply,multiply,result,arg_0|arg_1,diagnostic,diagnostic
19,2,0,divide,divide,result,arg_0|arg_1,diagnostic,diagnostic
57,1,0,square_edge_by_perimeter,square_edge_by_perimeter,result,arg_0,diagnostic,diagnostic
16,2,0,add,add,result,arg_0|arg_1,diagnostic,diagnostic
20,2,0,subtract,subtract,result,arg_0|arg_1,diagnostic,diagnostic
43,1,0,inverse,inverse,result,arg_0,diagnostic,diagnostic
25,2,0,power,power,result,arg_0|arg_1,diagnostic,diagnostic
34,2,0,volume_cylinder,volume_cylinder,result,arg_0|arg_1,diagnostic,diagnostic
39,1,0,circumface,circumface,result,arg_0,diagnostic,diagnostic
19,2,0,divide,divide,result,arg_0|arg_1,diagnostic,diagnostic
20,2,0,subtract,subtract,result,arg_0|arg_1,diagnostic,diagnostic
52,1,0,square_edge_by_area,square_edge_by_area,result,arg_0,diagnostic,diagnostic
43,1,0,inverse,inverse,result,arg_0,diagnostic,diagnostic
51,1,0,sqrt,sqrt,result,arg_0,diagnostic,diagnostic
25,2,0,power,power,result,arg_0|arg_1,diagnostic,diagnostic
40,2,0,speed,speed,result,arg_0|arg_1,diagnostic,diagnostic
22,2,0,multiply,multiply,result,arg_0|arg_1,diagnostic,diagnostic
30,2,0,volume_cone,volume_cone,result,arg_0|arg_1,diagnostic,diagnostic
16,2,0,add,add,result,arg_0|arg_1,diagnostic,diagnostic
20,2,0,subtract,subtract,result,arg_0|arg_1,diagnostic,diagnostic
22,2,0,multiply,multiply,result,arg_0|arg_1,diagnostic,diagnostic
50,2,0,lcm,lcm,result,arg_0|arg_1,diagnostic,diagnostic
43,1,0,inverse,inverse,result,arg_0,diagnostic,diagnostic
16,2,0,add,add,result,arg_0|arg_1,diagnostic,diagnostic
51,2,0,diagonal,diagonal,result,arg_0|arg_1,diagnostic,diagnostic
19,2,0,divide,divide,result,arg_0|arg_1,diagnostic,diagnostic
25,2,0,power,power,result,arg_0|arg_1,diagnostic,diagnostic
45,1,0,square_area,square_area,result,arg_0,diagnostic,diagnostic
20,2,0,subtract,subtract,result,arg_0|arg_1,diagnostic,diagnostic
36,1,0,surface_cube,surface_cube,result,arg_0,diagnostic,diagnostic
16,2,0,add,add,result,arg_0|arg_1,diagnostic,diagnostic
65,2,0,permutation,permutation,result,arg_0|arg_1,diagnostic,diagnostic
40,2,0,surface_cylinder,surface_cylinder,result,arg_0|arg_1,diagnostic,diagnostic
43,1,0,inverse,inverse,result,arg_0,diagnostic,diagnostic
58,2,0,gcd,gcd,result,arg_0|arg_1,diagnostic,diagnostic
22,2,0,multiply,multiply,result,arg_0|arg_1,diagnostic,diagnostic
19,2,0,divide,divide,result,arg_0|arg_1,diagnostic,diagnostic
79,1,0,cosine,cosine,output_0,angle_degrees,diagnostic,diagnostic
90,2,0,generate_hyperlink,generate_hyperlink,output_0,title|url,diagnostic,diagnostic
57,2,0,hash_vector,hash_vector,output_0,matrix|vector,diagnostic,diagnostic
107,1,0,traverse_diagonal,traverse_diagonal,output_0,matrix,diagnostic,diagnostic
62,1,0,reversed_string_with_message,reversed_string_with_message,output_0,s,diagnostic,diagnostic
209,1,0,inequality,inequality,output_0,weights,diagnostic,diagnostic
54,1,0,ratio_saliency,ratio_saliency,output_0,time_series,diagnostic,diagnostic
82,2,0,generate_font_css,generate_font_css,output_0,font_family|subset,diagnostic,diagnostic
57,1,0,get_lr,get_lr,output_0,optimizer,diagnostic,diagnostic
85,1,0,non_whitespace_substrings,non_whitespace_substrings,output_0,input_str,diagnostic,diagnostic
111,1,0,serialize_dictionary,serialize_dictionary,output_0,dictionary,diagnostic,diagnostic
100,1,0,remove_non_digits_lowercase_and_dash,remove_non_digits_lowercase_and_dash,output_0,string,diagnostic,diagnostic
83,1,0,logout_session,logout_session,output_0,user,diagnostic,diagnostic
91,1,0,parse_list_of_numbers,parse_list_of_numbers,output_0,string,diagnostic,diagnostic
229,1,0,compute_degree,compute_degree,output_0,coefficients,diagnostic,diagnostic
90,2,0,calculate_derivatives,calculate_derivatives,output_0,x1|x2,diagnostic,diagnostic
251,1,0,check_integer,check_integer,output_0,value,diagnostic,diagnostic
40,1,0,count_words_from_sentences,count_words_from_sentences,output_0,sentences,diagnostic,diagnostic
55,1,0,remove_autopersonalization_from_message,remove_autopersonalization_from_message,output_0,message,diagnostic,diagnostic
60,1,0,check_while_statements,check_while_statements,output_0,source_code,diagnostic,diagnostic
54,1,0,ratio_saliency,ratio_saliency,output_0,time_series,diagnostic,diagnostic
46,1,0,quick_sort,quick_sort,output_0,arr,diagnostic,diagnostic
127,1,0,index_of_min,index_of_min,output_0,nums,diagnostic,diagnostic
88,2,0,format_text,format_text,output_0,data|template_string,diagnostic,diagnostic
40,1,0,count_words_from_sentences,count_words_from_sentences,output_0,sentences,diagnostic,diagnostic
85,1,0,non_whitespace_substrings,non_whitespace_substrings,output_0,input_str,diagnostic,diagnostic
88,1,0,maximum_distance,maximum_distance,output_0,points,diagnostic,diagnostic
92,4,0,polynomial_expression,polynomial_expression,output_0,a|b|c|x,diagnostic,diagnostic
91,1,0,parse_list_of_numbers,parse_list_of_numbers,output_0,string,diagnostic,diagnostic
226,1,0,convert_color_code,convert_color_code,output_0,code,diagnostic,diagnostic
46,1,0,recursive_compose,recursive_compose,output_0,d,diagnostic,diagnostic
90,1,0,smallest_positive_integer,smallest_positive_integer,output_0,strings,diagnostic,diagnostic
107,1,0,traverse_diagonal,traverse_diagonal,output_0,matrix,diagnostic,diagnostic
75,1,0,get_station_data,get_station_data,output_0,filename,diagnostic,diagnostic
229,1,0,compute_degree,compute_degree,output_0,coefficients,diagnostic,diagnostic
172,2,0,evaluate_instruction,evaluate_instruction,output_0,a|b,diagnostic,diagnostic
82,1,0,modify_args,modify_args,output_0,args,diagnostic,diagnostic
107,2,0,transform_text,transform_text,output_0,dictionary|text,diagnostic,diagnostic
43,1,0,inverse,inverse,result,arg_0,diagnostic,diagnostic
19,2,0,divide,divide,result,arg_0|arg_1,diagnostic,diagnostic
54,2,0,triangle_area,triangle_area,result,arg_0|arg_1,diagnostic,diagnostic
20,2,0,subtract,subtract,result,arg_0|arg_1,diagnostic,diagnostic
51,1,0,sqrt,sqrt,result,arg_0,diagnostic,diagnostic
22,2,0,multiply,multiply,result,arg_0|arg_1,diagnostic,diagnostic
45,1,0,square_area,square_area,result,arg_0,diagnostic,diagnostic
50,2,0,lcm,lcm,result,arg_0|arg_1,diagnostic,diagnostic
16,2,0,add,add,result,arg_0|arg_1,diagnostic,diagnostic
20,2,0,subtract,subtract,result,arg_0|arg_1,diagnostic,diagnostic
38,1,0,surface_sphere,surface_sphere,result,arg_0,diagnostic,diagnostic
22,2,0,multiply,multiply,result,arg_0|arg_1,diagnostic,diagnostic
43,1,0,inverse,inverse,result,arg_0,diagnostic,diagnostic
16,2,0,add,add,result,arg_0|arg_1,diagnostic,diagnostic
25,2,0,power,power,result,arg_0|arg_1,diagnostic,diagnostic
60,2,0,rectangle_area,rectangle_area,result,arg_0|arg_1,diagnostic,diagnostic
19,2,0,divide,divide,result,arg_0|arg_1,diagnostic,diagnostic
40,2,0,speed,speed,result,arg_0|arg_1,diagnostic,diagnostic
51,1,0,negate_prob,negate_prob,result,arg_0,diagnostic,diagnostic
20,2,0,subtract,subtract,result,arg_0|arg_1,diagnostic,diagnostic
34,2,0,volume_cylinder,volume_cylinder,result,arg_0|arg_1,diagnostic,diagnostic
43,1,0,inverse,inverse,result,arg_0,diagnostic,diagnostic
52,1,0,square_edge_by_area,square_edge_by_area,result,arg_0,diagnostic,diagnostic
19,2,0,divide,divide,result,arg_0|arg_1,diagnostic,diagnostic
32,1,0,volume_sphere,volume_sphere,result,arg_0,diagnostic,diagnostic
16,2,0,add,add,result,arg_0|arg_1,diagnostic,diagnostic
60,2,0,rectangle_area,rectangle_area,result,arg_0|arg_1,diagnostic,diagnostic
22,2,0,multiply,multiply,result,arg_0|arg_1,diagnostic,diagnostic
40,2,0,surface_cylinder,surface_cylinder,result,arg_0|arg_1,diagnostic,diagnostic
19,2,0,divide,divide,result,arg_0|arg_1,diagnostic,diagnostic
20,2,0,subtract,subtract,result,arg_0|arg_1,diagnostic,diagnostic
41,2,0,reminder,reminder,result,arg_0|arg_1,diagnostic,diagnostic
43,1,0,inverse,inverse,result,arg_0,diagnostic,diagnostic
30,2,0,volume_cone,volume_cone,result,arg_0|arg_1,diagnostic,diagnostic
22,2,0,multiply,multiply,result,arg_0|arg_1,diagnostic,diagnostic
65,2,0,permutation,permutation,result,arg_0|arg_1,diagnostic,diagnostic
96,2,0,choose,choose,result,arg_0|arg_1,diagnostic,diagnostic
46,1,0,max_number,max_number,result,arg_0,diagnostic,diagnostic
16,2,0,add,add,result,arg_0|arg_1,diagnostic,diagnostic
19,2,0,divide,divide,result,arg_0|arg_1,diagnostic,diagnostic
30,2,0,volume_cone,volume_cone,result,arg_0|arg_1,diagnostic,diagnostic
31,2,0,rhombus_area,rhombus_area,result,arg_0|arg_1,diagnostic,diagnostic
46,1,0,min_number,min_number,result,arg_0,diagnostic,diagnostic
43,1,0,inverse,inverse,result,arg_0,diagnostic,diagnostic
51,1,0,sqrt,sqrt,result,arg_0,diagnostic,diagnostic
40,2,0,speed,speed,result,arg_0|arg_1,diagnostic,diagnostic
22,2,0,multiply,multiply,result,arg_0|arg_1,diagnostic,diagnostic
16,2,0,add,add,result,arg_0|arg_1,diagnostic,diagnostic
20,2,0,subtract,subtract,result,arg_0|arg_1,diagnostic,diagnostic
43,1,0,inverse,inverse,result,arg_0,diagnostic,diagnostic
51,1,0,negate_prob,negate_prob,result,arg_0,diagnostic,diagnostic
20,2,0,subtract,subtract,result,arg_0|arg_1,diagnostic,diagnostic
57,1,0,square_perimeter,square_perimeter,result,arg_0,diagnostic,diagnostic
16,2,0,add,add,result,arg_0|arg_1,diagnostic,diagnostic
25,2,0,power,power,result,arg_0|arg_1,diagnostic,diagnostic
38,2,0,rectangle_perimeter,rectangle_perimeter,result,arg_0|arg_1,diagnostic,diagnostic
22,2,0,multiply,multiply,result,arg_0|arg_1,diagnostic,diagnostic
36,1,0,surface_cube,surface_cube,result,arg_0,diagnostic,diagnostic
19,2,0,divide,divide,result,arg_0|arg_1,diagnostic,diagnostic
32,1,0,volume_sphere,volume_sphere,result,arg_0,diagnostic,diagnostic
38,2,0,rectangle_perimeter,rectangle_perimeter,result,arg_0|arg_1,diagnostic,diagnostic
22,2,0,multiply,multiply,result,arg_0|arg_1,diagnostic,diagnostic
16,2,0,add,add,result,arg_0|arg_1,diagnostic,diagnostic
19,2,0,divide,divide,result,arg_0|arg_1,diagnostic,diagnostic
96,2,0,choose,choose,result,arg_0|arg_1,diagnostic,diagnostic
36,1,0,surface_cube,surface_cube,result,arg_0,diagnostic,diagnostic
31,1,0,negate,negate,result,arg_0,diagnostic,diagnostic
43,1,0,inverse,inverse,result,arg_0,diagnostic,diagnostic
20,2,0,subtract,subtract,result,arg_0|arg_1,diagnostic,diagnostic
20,2,0,subtract,subtract,result,arg_0|arg_1,diagnostic,diagnostic
16,2,0,add,add,result,arg_0|arg_1,diagnostic,diagnostic
22,2,0,multiply,multiply,result,arg_0|arg_1,diagnostic,diagnostic
19,2,0,divide,divide,result,arg_0|arg_1,diagnostic,diagnostic
57,1,0,square_perimeter,square_perimeter,result,arg_0,diagnostic,diagnostic
30,2,0,volume_cone,volume_cone,result,arg_0|arg_1,diagnostic,diagnostic
51,1,0,negate_prob,negate_prob,result,arg_0,diagnostic,diagnostic
40,2,0,surface_cylinder,surface_cylinder,result,arg_0|arg_1,diagnostic,diagnostic
40,2,0,speed,speed,result,arg_0|arg_1,diagnostic,diagnostic
43,1,0,inverse,inverse,result,arg_0,diagnostic,diagnostic
54,2,0,triangle_area,triangle_area,result,arg_0|arg_1,diagnostic,diagnostic
46,1,0,max_number,max_number,result,arg_0,diagnostic,diagnostic
43,1,0,inverse,inverse,result,arg_0,diagnostic,diagnostic
60,2,0,rectangle_area,rectangle_area,result,arg_0|arg_1,diagnostic,diagnostic
22,2,0,multiply,multiply,result,arg_0|arg_1,diagnostic,diagnostic
19,2,0,divide,divide,result,arg_0|arg_1,diagnostic,diagnostic
58,2,0,gcd,gcd,result,arg_0|arg_1,diagnostic,diagnostic
20,2,0,subtract,subtract,result,arg_0|arg_1,diagnostic,diagnostic
16,2,0,add,add,result,arg_0|arg_1,diagnostic,diagnostic
22,2,0,multiply,multiply,result,arg_0|arg_1,diagnostic,diagnostic
19,2,0,divide,divide,result,arg_0|arg_1,diagnostic,diagnostic
43,1,0,inverse,inverse,result,arg_0,diagnostic,diagnostic
38,1,0,surface_sphere,surface_sphere,result,arg_0,diagnostic,diagnostic
20,2,0,subtract,subtract,result,arg_0|arg_1,diagnostic,diagnostic
45,1,0,square_area,square_area,result,arg_0,diagnostic,diagnostic
32,1,0,volume_sphere,volume_sphere,result,arg_0,diagnostic,diagnostic
16,2,0,add,add,result,arg_0|arg_1,diagnostic,diagnostic
34,2,0,volume_cylinder,volume_cylinder,result,arg_0|arg_1,diagnostic,diagnostic
22,2,0,multiply,multiply,result,arg_0|arg_1,diagnostic,diagnostic
19,2,0,divide,divide,result,arg_0|arg_1,diagnostic,diagnostic
16,2,0,add,add,result,arg_0|arg_1,diagnostic,diagnostic
20,2,0,subtract,subtract,result,arg_0|arg_1,diagnostic,diagnostic
46,1,0,max_number,max_number,result,arg_0,diagnostic,diagnostic
52,1,0,cube_edge_by_volume,cube_edge_by_volume,result,arg_0,diagnostic,diagnostic
43,1,0,inverse,inverse,result,arg_0,diagnostic,diagnostic
229,1,0,compute_degree,compute_degree,output_0,coefficients,diagnostic,diagnostic
54,1,0,ratio_saliency,ratio_saliency,output_0,time_series,diagnostic,diagnostic
72,0,0,create_temporary_directory,create_temporary_directory,output_0,,diagnostic,diagnostic
85,1,0,non_whitespace_substrings,non_whitespace_substrings,output_0,input_str,diagnostic,diagnostic
51,2,0,get_first_k_characters,get_first_k_characters,output_0,k|s,diagnostic,diagnostic
91,1,0,parse_list_of_numbers,parse_list_of_numbers,output_0,string,diagnostic,diagnostic
107,1,0,traverse_diagonal,traverse_diagonal,output_0,matrix,diagnostic,diagnostic
40,1,0,count_words_from_sentences,count_words_from_sentences,output_0,sentences,diagnostic,diagnostic
145,1,0,average_value,average_value,output_0,values,diagnostic,diagnostic
80,2,0,validate_model,validate_model,output_0,model|threshold,diagnostic,diagnostic
45,1,0,sinh,sinh,output_0,x,diagnostic,diagnostic
66,1,0,flatten_and_count_values,flatten_and_count_values,output_0,nested_list,diagnostic,diagnostic
69,1,0,normalize_unit_vectors,normalize_unit_vectors,output_0,tensor,diagnostic,diagnostic
49,1,0,is_ipv6,is_ipv,output_0,ip_address,diagnostic,diagnostic
19,2,0,divide,divide,result,arg_0|arg_1,diagnostic,diagnostic
22,2,0,multiply,multiply,result,arg_0|arg_1,diagnostic,diagnostic
40,2,0,surface_cylinder,surface_cylinder,result,arg_0|arg_1,diagnostic,diagnostic
30,2,0,volume_cone,volume_cone,result,arg_0|arg_1,diagnostic,diagnostic
20,2,0,subtract,subtract,result,arg_0|arg_1,diagnostic,diagnostic
47,1,0,circle_area,circle_area,result,arg_0,diagnostic,diagnostic
16,2,0,add,add,result,arg_0|arg_1,diagnostic,diagnostic
43,1,0,inverse,inverse,result,arg_0,diagnostic,diagnostic
39,2,0,matrix_product,matrix_product,output_0,a|b,diagnostic,diagnostic
229,1,0,compute_degree,compute_degree,output_0,coefficients,diagnostic,diagnostic
85,1,0,non_whitespace_substrings,non_whitespace_substrings,output_0,input_str,diagnostic,diagnostic
40,1,0,count_words_from_sentences,count_words_from_sentences,output_0,sentences,diagnostic,diagnostic
54,1,0,ratio_saliency,ratio_saliency,output_0,time_series,diagnostic,diagnostic
74,2,0,find_nth_smallest,find_nth_smallest,output_0,n|nums,diagnostic,diagnostic
41,2,0,zeros_matrix,zeros_matrix,output_0,m|n,diagnostic,diagnostic
65,1,0,norm_sign,norm_sign,output_0,num,diagnostic,diagnostic
65,1,0,count_leading_and_trailing_spaces,count_leading_and_trailing_spaces,output_0,s,diagnostic,diagnostic
64,1,0,zeroes_to_binary,zeroes_to_binary,output_0,n,diagnostic,diagnostic
91,1,0,parse_list_of_numbers,parse_list_of_numbers,output_0,string,diagnostic,diagnostic
115,3,0,neighbors,neighbors,output_0,c|matrix|r,diagnostic,diagnostic
107,1,0,traverse_diagonal,traverse_diagonal,output_0,matrix,diagnostic,diagnostic
68,1,0,get_xy,get_xy,output_0,arr,diagnostic,diagnostic
20,2,0,subtract,subtract,result,arg_0|arg_1,diagnostic,diagnostic
16,2,0,add,add,result,arg_0|arg_1,diagnostic,diagnostic
19,2,0,divide,divide,result,arg_0|arg_1,diagnostic,diagnostic
22,2,0,multiply,multiply,result,arg_0|arg_1,diagnostic,diagnostic
39,1,0,circumface,circumface,result,arg_0,diagnostic,diagnostic
31,2,0,rhombus_area,rhombus_area,result,arg_0|arg_1,diagnostic,diagnostic
43,1,0,inverse,inverse,result,arg_0,diagnostic,diagnostic
46,1,0,min_number,min_number,result,arg_0,diagnostic,diagnostic
31,1,0,negate,negate,result,arg_0,diagnostic,diagnostic
25,2,0,power,power,result,arg_0|arg_1,diagnostic,diagnostic
43,1,0,inverse,inverse,result,arg_0,diagnostic,diagnostic
50,2,0,lcm,lcm,result,arg_0|arg_1,diagnostic,diagnostic
20,2,0,subtract,subtract,result,arg_0|arg_1,diagnostic,diagnostic
16,2,0,add,add,result,arg_0|arg_1,diagnostic,diagnostic
19,2,0,divide,divide,result,arg_0|arg_1,diagnostic,diagnostic
38,2,0,rectangle_perimeter,rectangle_perimeter,result,arg_0|arg_1,diagnostic,diagnostic
31,1,0,negate,negate,result,arg_0,diagnostic,diagnostic
22,2,0,multiply,multiply,result,arg_0|arg_1,diagnostic,diagnostic
51,1,0,floor,floor,result,arg_0,diagnostic,diagnostic
30,2,0,volume_cone,volume_cone,result,arg_0|arg_1,diagnostic,diagnostic
36,1,0,surface_cube,surface_cube,result,arg_0,diagnostic,diagnostic
47,1,0,circle_area,circle_area,result,arg_0,diagnostic,diagnostic
20,2,0,subtract,subtract,result,arg_0|arg_1,diagnostic,diagnostic
43,1,0,inverse,inverse,result,arg_0,diagnostic,diagnostic
19,2,0,divide,divide,result,arg_0|arg_1,diagnostic,diagnostic
96,2,0,choose,choose,result,arg_0|arg_1,diagnostic,diagnostic
16,2,0,add,add,result,arg_0|arg_1,diagnostic,diagnostic
22,2,0,multiply,multiply,result,arg_0|arg_1,diagnostic,diagnostic
38,1,0,surface_sphere,surface_sphere,result,arg_0,diagnostic,diagnostic
16,2,0,add,add,result,arg_0|arg_1,diagnostic,diagnostic
47,1,0,circle_area,circle_area,result,arg_0,diagnostic,diagnostic
43,1,0,inverse,inverse,result,arg_0,diagnostic,diagnostic
22,2,0,multiply,multiply,result,arg_0|arg_1,diagnostic,diagnostic
57,1,0,square_perimeter,square_perimeter,result,arg_0,diagnostic,diagnostic
19,2,0,divide,divide,result,arg_0|arg_1,diagnostic,diagnostic
34,2,0,volume_cylinder,volume_cylinder,result,arg_0|arg_1,diagnostic,diagnostic
65,2,0,permutation,permutation,result,arg_0|arg_1,diagnostic,diagnostic
31,2,0,rhombus_area,rhombus_area,result,arg_0|arg_1,diagnostic,diagnostic
20,2,0,subtract,subtract,result,arg_0|arg_1,diagnostic,diagnostic
36,1,0,surface_cube,surface_cube,result,arg_0,diagnostic,diagnostic
51,2,0,diagonal,diagonal,result,arg_0|arg_1,diagnostic,diagnostic
22,2,0,multiply,multiply,result,arg_0|arg_1,diagnostic,diagnostic
20,2,0,subtract,subtract,result,arg_0|arg_1,diagnostic,diagnostic
25,2,0,power,power,result,arg_0|arg_1,diagnostic,diagnostic
32,1,0,volume_sphere,volume_sphere,result,arg_0,diagnostic,diagnostic
43,1,0,inverse,inverse,result,arg_0,diagnostic,diagnostic
16,2,0,add,add,result,arg_0|arg_1,diagnostic,diagnostic
19,2,0,divide,divide,result,arg_0|arg_1,diagnostic,diagnostic
45,1,0,square_area,square_area,result,arg_0,diagnostic,diagnostic
73,2,0,log,log,result,arg_0|arg_1,diagnostic,diagnostic
20,2,0,subtract,subtract,result,arg_0|arg_1,diagnostic,diagnostic
19,2,0,divide,divide,result,arg_0|arg_1,diagnostic,diagnostic
41,2,0,remainder,remainder,result,arg_0|arg_1,diagnostic,diagnostic
58,2,0,gcd,gcd,result,arg_0|arg_1,diagnostic,diagnostic
46,1,0,max_number,max_number,result,arg_0,diagnostic,diagnostic
16,2,0,add,add,result,arg_0|arg_1,diagnostic,diagnostic
43,1,0,inverse,inverse,result,arg_0,diagnostic,diagnostic
34,2,0,volume_cylinder,volume_cylinder,result,arg_0|arg_1,diagnostic,diagnostic
22,2,0,multiply,multiply,result,arg_0|arg_1,diagnostic,diagnostic
19,2,0,divide,divide,result,arg_0|arg_1,diagnostic,diagnostic
65,2,0,permutation,permutation,result,arg_0|arg_1,diagnostic,diagnostic
32,1,0,volume_sphere,volume_sphere,result,arg_0,diagnostic,diagnostic
36,1,0,surface_cube,surface_cube,result,arg_0,diagnostic,diagnostic
16,2,0,add,add,result,arg_0|arg_1,diagnostic,diagnostic
51,1,0,floor,floor,result,arg_0,diagnostic,diagnostic
25,2,0,power,power,result,arg_0|arg_1,diagnostic,diagnostic
22,2,0,multiply,multiply,result,arg_0|arg_1,diagnostic,diagnostic
60,2,0,rectangle_area,rectangle_area,result,arg_0|arg_1,diagnostic,diagnostic
43,1,0,inverse,inverse,result,arg_0,diagnostic,diagnostic
20,2,0,subtract,subtract,result,arg_0|arg_1,diagnostic,diagnostic
31,1,0,negate,negate,result,arg_0,diagnostic,diagnostic
22,2,0,multiply,multiply,result,arg_0|arg_1,diagnostic,diagnostic
20,2,0,subtract,subtract,result,arg_0|arg_1,diagnostic,diagnostic
16,2,0,add,add,result,arg_0|arg_1,diagnostic,diagnostic
60,2,0,rectangle_area,rectangle_area,result,arg_0|arg_1,diagnostic,diagnostic
19,2,0,divide,divide,result,arg_0|arg_1,diagnostic,diagnostic
58,2,0,gcd,gcd,result,arg_0|arg_1,diagnostic,diagnostic
73,2,0,log,log,result,arg_0|arg_1,diagnostic,diagnostic
25,2,0,power,power,result,arg_0|arg_1,diagnostic,diagnostic
43,1,0,inverse,inverse,result,arg_0,diagnostic,diagnostic
22,2,0,multiply,multiply,result,arg_0|arg_1,diagnostic,diagnostic
40,2,0,surface_cylinder,surface_cylinder,result,arg_0|arg_1,diagnostic,diagnostic
20,2,0,subtract,subtract,result,arg_0|arg_1,diagnostic,diagnostic
16,2,0,add,add,result,arg_0|arg_1,diagnostic,diagnostic
43,1,0,inverse,inverse,result,arg_0,diagnostic,diagnostic
65,2,0,permutation,permutation,result,arg_0|arg_1,diagnostic,diagnostic
96,2,0,choose,choose,result,arg_0|arg_1,diagnostic,diagnostic
30,1,0,volume_cube,volume_cube,result,arg_0,diagnostic,diagnostic
19,2,0,divide,divide,result,arg_0|arg_1,diagnostic,diagnostic
43,1,0,inverse,inverse,result,arg_0,diagnostic,diagnostic
16,2,0,add,add,result,arg_0|arg_1,diagnostic,diagnostic
41,2,0,remainder,remainder,result,arg_0|arg_1,diagnostic,diagnostic
19,2,0,divide,divide,result,arg_0|arg_1,diagnostic,diagnostic
38,1,0,surface_sphere,surface_sphere,result,arg_0,diagnostic,diagnostic
51,2,0,diagonal,diagonal,result,arg_0|arg_1,diagnostic,diagnostic
22,2,0,multiply,multiply,result,arg_0|arg_1,diagnostic,diagnostic
31,1,0,negate,negate,result,arg_0,diagnostic,diagnostic
20,2,0,subtract,subtract,result,arg_0|arg_1,diagnostic,diagnostic
50,1,0,factorial,factorial,result,arg_0,diagnostic,diagnostic
43,1,0,inverse,inverse,result,arg_0,diagnostic,diagnostic
19,2,0,divide,divide,result,arg_0|arg_1,diagnostic,diagnostic
41,2,0,reminder,reminder,result,arg_0|arg_1,diagnostic,diagnostic
54,2,0,triangle_area,triangle_area,result,arg_0|arg_1,diagnostic,diagnostic
16,2,0,add,add,result,arg_0|arg_1,diagnostic,diagnostic
22,2,0,multiply,multiply,result,arg_0|arg_1,diagnostic,diagnostic
30,2,0,volume_cone,volume_cone,result,arg_0|arg_1,diagnostic,diagnostic
20,2,0,subtract,subtract,result,arg_0|arg_1,diagnostic,diagnostic
43,1,0,inverse,inverse,result,arg_0,diagnostic,diagnostic
20,2,0,subtract,subtract,result,arg_0|arg_1,diagnostic,diagnostic
41,2,0,reminder,reminder,result,arg_0|arg_1,diagnostic,diagnostic
16,2,0,add,add,result,arg_0|arg_1,diagnostic,diagnostic
22,2,0,multiply,multiply,result,arg_0|arg_1,diagnostic,diagnostic
31,2,0,rhombus_area,rhombus_area,result,arg_0|arg_1,diagnostic,diagnostic
19,2,0,divide,divide,result,arg_0|arg_1,diagnostic,diagnostic
50,1,0,factorial,factorial,result,arg_0,diagnostic,diagnostic
57,1,0,square_perimeter,square_perimeter,result,arg_0,diagnostic,diagnostic
20,2,0,subtract,subtract,result,arg_0|arg_1,diagnostic,diagnostic
38,2,0,rectangle_perimeter,rectangle_perimeter,result,arg_0|arg_1,diagnostic,diagnostic
57,1,0,square_edge_by_perimeter,square_edge_by_perimeter,result,arg_0,diagnostic,diagnostic
16,2,0,add,add,result,arg_0|arg_1,diagnostic,diagnostic
34,2,0,volume_cylinder,volume_cylinder,result,arg_0|arg_1,diagnostic,diagnostic
43,1,0,inverse,inverse,result,arg_0,diagnostic,diagnostic
73,2,0,log,log,result,arg_0|arg_1,diagnostic,diagnostic
22,2,0,multiply,multiply,result,arg_0|arg_1,diagnostic,diagnostic
51,1,0,negate_prob,negate_prob,result,arg_0,diagnostic,diagnostic
19,2,0,divide,divide,result,arg_0|arg_1,diagnostic,diagnostic
25,2,0,power,power,result,arg_0|arg_1,diagnostic,diagnostic
22,2,0,multiply,multiply,result,arg_0|arg_1,diagnostic,diagnostic
16,2,0,add,add,result,arg_0|arg_1,diagnostic,diagnostic
38,1,0,surface_sphere,surface_sphere,result,arg_0,diagnostic,diagnostic
47,1,0,circle_area,circle_area,result,arg_0,diagnostic,diagnostic
20,2,0,subtract,subtract,result,arg_0|arg_1,diagnostic,diagnostic
50,2,0,lcm,lcm,result,arg_0|arg_1,diagnostic,diagnostic
43,1,0,inverse,inverse,result,arg_0,diagnostic,diagnostic
19,2,0,divide,divide,result,arg_0|arg_1,diagnostic,diagnostic
22,2,0,multiply,multiply,result,arg_0|arg_1,diagnostic,diagnostic
43,1,0,inverse,inverse,result,arg_0,diagnostic,diagnostic
30,1,0,volume_cube,volume_cube,result,arg_0,diagnostic,diagnostic
16,2,0,add,add,result,arg_0|arg_1,diagnostic,diagnostic
38,2,0,rectangle_perimeter,rectangle_perimeter,result,arg_0|arg_1,diagnostic,diagnostic
20,2,0,subtract,subtract,result,arg_0|arg_1,diagnostic,diagnostic
57,1,0,square_edge_by_perimeter,square_edge_by_perimeter,result,arg_0,diagnostic,diagnostic
31,2,0,rhombus_area,rhombus_area,result,arg_0|arg_1,diagnostic,diagnostic
19,2,0,divide,divide,result,arg_0|arg_1,diagnostic,diagnostic
41,2,0,integer_div,integer_div,output_0,dividend|divisor,diagnostic,diagnostic
78,1,0,sort_and_add,sort_and_add,output_0,lst_of_lst,diagnostic,diagnostic
75,1,0,convert_string_ascii,convert_string_ascii,output_0,s,diagnostic,diagnostic
224,1,0,convert_to_urls,convert_to_urls,output_0,string_list,diagnostic,diagnostic
107,1,0,traverse_diagonal,traverse_diagonal,output_0,matrix,diagnostic,diagnostic
134,1,0,validate_passport_id,validate_passport_id,output_0,passport_id,diagnostic,diagnostic
54,1,0,ratio_saliency,ratio_saliency,output_0,time_series,diagnostic,diagnostic
229,1,0,compute_degree,compute_degree,output_0,coefficients,diagnostic,diagnostic
40,1,0,count_words_from_sentences,count_words_from_sentences,output_0,sentences,diagnostic,diagnostic
233,2,0,hash_metadata,hash_metadata,output_0,file_path|metadata,diagnostic,diagnostic
75,1,0,wrap_print,wrap_print,output_0,input_string,diagnostic,diagnostic
113,1,0,case_insensitive_key_value_pairs,case_insensitive_key_value_pairs,output_0,d,diagnostic,diagnostic
91,1,0,parse_list_of_numbers,parse_list_of_numbers,output_0,string,diagnostic,diagnostic
72,1,0,select_first_and_last,select_first_and_last,output_0,rectangular_data,diagnostic,diagnostic
324,1,0,create_nested_dict,create_nested_dict,output_0,input_list,diagnostic,diagnostic
138,1,0,parse_names,parse_names,output_0,name_string,diagnostic,diagnostic
85,1,0,non_whitespace_substrings,non_whitespace_substrings,output_0,input_str,diagnostic,diagnostic
57,1,0,get_digit_sum,get_digit_sum,output_0,num,diagnostic,diagnostic
16,2,0,add,add,result,arg_0|arg_1,diagnostic,diagnostic
43,1,0,inverse,inverse,result,arg_0,diagnostic,diagnostic
20,2,0,subtract,subtract,result,arg_0|arg_1,diagnostic,diagnostic
41,2,0,reminder,reminder,result,arg_0|arg_1,diagnostic,diagnostic
47,1,0,circle_area,circle_area,result,arg_0,diagnostic,diagnostic
22,2,0,multiply,multiply,result,arg_0|arg_1,diagnostic,diagnostic
19,2,0,divide,divide,result,arg_0|arg_1,diagnostic,diagnostic
46,1,0,max_number,max_number,result,arg_0,diagnostic,diagnostic
38,2,0,rectangle_perimeter,rectangle_perimeter,result,arg_0|arg_1,diagnostic,diagnostic
46,1,0,min_number,min_number,result,arg_0,diagnostic,diagnostic
16,2,0,add,add,result,arg_0|arg_1,diagnostic,diagnostic
31,1,0,negate,negate,result,arg_0,diagnostic,diagnostic
43,1,0,inverse,inverse,result,arg_0,diagnostic,diagnostic
19,2,0,divide,divide,result,arg_0|arg_1,diagnostic,diagnostic
30,2,0,volume_cone,volume_cone,result,arg_0|arg_1,diagnostic,diagnostic
22,2,0,multiply,multiply,result,arg_0|arg_1,diagnostic,diagnostic
38,1,0,surface_sphere,surface_sphere,result,arg_0,diagnostic,diagnostic
36,1,0,surface_cube,surface_cube,result,arg_0,diagnostic,diagnostic
20,2,0,subtract,subtract,result,arg_0|arg_1,diagnostic,diagnostic
22,2,0,multiply,multiply,result,arg_0|arg_1,diagnostic,diagnostic
20,2,0,subtract,subtract,result,arg_0|arg_1,diagnostic,diagnostic
52,1,0,cube_edge_by_volume,cube_edge_by_volume,result,arg_0,diagnostic,diagnostic
52,1,0,square_edge_by_area,square_edge_by_area,result,arg_0,diagnostic,diagnostic
36,1,0,surface_cube,surface_cube,result,arg_0,diagnostic,diagnostic
39,1,0,circumface,circumface,result,arg_0,diagnostic,diagnostic
31,2,0,rhombus_area,rhombus_area,result,arg_0|arg_1,diagnostic,diagnostic
43,1,0,inverse,inverse,result,arg_0,diagnostic,diagnostic
16,2,0,add,add,result,arg_0|arg_1,diagnostic,diagnostic
19,2,0,divide,divide,result,arg_0|arg_1,diagnostic,diagnostic
43,1,0,inverse,inverse,result,arg_0,diagnostic,diagnostic
22,2,0,multiply,multiply,result,arg_0|arg_1,diagnostic,diagnostic
20,2,0,subtract,subtract,result,arg_0|arg_1,diagnostic,diagnostic
38,2,0,rectangle_perimeter,rectangle_perimeter,result,arg_0|arg_1,diagnostic,diagnostic
16,2,0,add,add,result,arg_0|arg_1,diagnostic,diagnostic
40,2,0,surface_cylinder,surface_cylinder,result,arg_0|arg_1,diagnostic,diagnostic
19,2,0,divide,divide,result,arg_0|arg_1,diagnostic,diagnostic
52,1,0,cube_edge_by_volume,cube_edge_by_volume,result,arg_0,diagnostic,diagnostic
57,1,0,square_perimeter,square_perimeter,result,arg_0,diagnostic,diagnostic
41,2,0,remainder,remainder,result,arg_0|arg_1,diagnostic,diagnostic
30,1,0,volume_cube,volume_cube,result,arg_0,diagnostic,diagnostic
20,2,0,subtract,subtract,result,arg_0|arg_1,diagnostic,diagnostic
46,1,0,min_number,min_number,result,arg_0,diagnostic,diagnostic
46,1,0,max_number,max_number,result,arg_0,diagnostic,diagnostic
51,2,0,diagonal,diagonal,result,arg_0|arg_1,diagnostic,diagnostic
31,2,0,rhombus_area,rhombus_area,result,arg_0|arg_1,diagnostic,diagnostic
19,2,0,divide,divide,result,arg_0|arg_1,diagnostic,diagnostic
16,2,0,add,add,result,arg_0|arg_1,diagnostic,diagnostic
54,2,0,triangle_area,triangle_area,result,arg_0|arg_1,diagnostic,diagnostic
43,1,0,inverse,inverse,result,arg_0,diagnostic,diagnostic
22,2,0,multiply,multiply,result,arg_0|arg_1,diagnostic,diagnostic
22,2,0,multiply,multiply,result,arg_0|arg_1,diagnostic,diagnostic
31,1,0,negate,negate,result,arg_0,diagnostic,diagnostic
51,2,0,diagonal,diagonal,result,arg_0|arg_1,diagnostic,diagnostic
20,2,0,subtract,subtract,result,arg_0|arg_1,diagnostic,diagnostic
43,1,0,inverse,inverse,result,arg_0,diagnostic,diagnostic
19,2,0,divide,divide,result,arg_0|arg_1,diagnostic,diagnostic
16,2,0,add,add,result,arg_0|arg_1,diagnostic,diagnostic
46,1,0,max_number,max_number,result,arg_0,diagnostic,diagnostic
51,1,0,sqrt,sqrt,result,arg_0,diagnostic,diagnostic
32,1,0,volume_sphere,volume_sphere,result,arg_0,diagnostic,diagnostic
41,2,0,remainder,remainder,result,arg_0|arg_1,diagnostic,diagnostic
46,1,0,max_number,max_number,result,arg_0,diagnostic,diagnostic
52,1,0,cube_edge_by_volume,cube_edge_by_volume,result,arg_0,diagnostic,diagnostic
22,2,0,multiply,multiply,result,arg_0|arg_1,diagnostic,diagnostic
16,2,0,add,add,result,arg_0|arg_1,diagnostic,diagnostic
32,1,0,volume_sphere,volume_sphere,result,arg_0,diagnostic,diagnostic
19,2,0,divide,divide,result,arg_0|arg_1,diagnostic,diagnostic
43,1,0,inverse,inverse,result,arg_0,diagnostic,diagnostic
20,2,0,subtract,subtract,result,arg_0|arg_1,diagnostic,diagnostic
43,1,0,inverse,inverse,result,arg_0,diagnostic,diagnostic
19,2,0,divide,divide,result,arg_0|arg_1,diagnostic,diagnostic
16,2,0,add,add,result,arg_0|arg_1,diagnostic,diagnostic
41,2,0,remainder,remainder,result,arg_0|arg_1,diagnostic,diagnostic
22,2,0,multiply,multiply,result,arg_0|arg_1,diagnostic,diagnostic
51,1,0,floor,floor,result,arg_0,diagnostic,diagnostic
20,2,0,subtract,subtract,result,arg_0|arg_1,diagnostic,diagnostic
31,2,0,rhombus_area,rhombus_area,result,arg_0|arg_1,diagnostic,diagnostic
34,2,0,volume_cylinder,volume_cylinder,result,arg_0|arg_1,diagnostic,diagnostic
16,2,0,add,add,result,arg_0|arg_1,diagnostic,diagnostic
46,1,0,min_number,min_number,result,arg_0,diagnostic,diagnostic
45,1,0,square_area,square_area,result,arg_0,diagnostic,diagnostic
22,2,0,multiply,multiply,result,arg_0|arg_1,diagnostic,diagnostic
43,1,0,inverse,inverse,result,arg_0,diagnostic,diagnostic
19,2,0,divide,divide,result,arg_0|arg_1,diagnostic,diagnostic
25,2,0,power,power,result,arg_0|arg_1,diagnostic,diagnostic
32,1,0,volume_sphere,volume_sphere,result,arg_0,diagnostic,diagnostic
52,1,0,cube_edge_by_volume,cube_edge_by_volume,result,arg_0,diagnostic,diagnostic
20,2,0,subtract,subtract,result,arg_0|arg_1,diagnostic,diagnostic
31,2,0,rhombus_area,rhombus_area,result,arg_0|arg_1,diagnostic,diagnostic
50,2,0,lcm,lcm,result,arg_0|arg_1,diagnostic,diagnostic
22,2,0,multiply,multiply,result,arg_0|arg_1,diagnostic,diagnostic
46,1,0,max_number,max_number,result,arg_0,diagnostic,diagnostic
20,2,0,subtract,subtract,result,arg_0|arg_1,diagnostic,diagnostic
16,2,0,add,add,result,arg_0|arg_1,diagnostic,diagnostic
60,2,0,rectangle_area,rectangle_area,result,arg_0|arg_1,diagnostic,diagnostic
43,1,0,inverse,inverse,result,arg_0,diagnostic,diagnostic
19,2,0,divide,divide,result,arg_0|arg_1,diagnostic,diagnostic
229,1,0,compute_degree,compute_degree,output_0,coefficients,diagnostic,diagnostic
97,1,0,convert_to_mmhg,convert_to_mmhg,output_0,pressure_in_psi,diagnostic,diagnostic
107,1,0,traverse_diagonal,traverse_diagonal,output_0,matrix,diagnostic,diagnostic
66,2,0,extract_packets,extract_packets,output_0,file_path|packet_ids,diagnostic,diagnostic
86,1,0,tokenize_and_capitalize,tokenize_and_capitalize,output_0,text,diagnostic,diagnostic
145,1,0,cumulative_list,cumulative_list,output_0,input_list,diagnostic,diagnostic
164,1,0,remove_duplicates_from_tuple_list,remove_duplicates_from_tuple_list,output_0,tup_list,diagnostic,diagnostic
91,1,0,parse_list_of_numbers,parse_list_of_numbers,output_0,string,diagnostic,diagnostic
54,1,0,ratio_saliency,ratio_saliency,output_0,time_series,diagnostic,diagnostic
45,1,0,sort_by_priority,sort_by_priority,output_0,items,diagnostic,diagnostic
95,1,0,check_date_format,check_date_format,output_0,date_string,diagnostic,diagnostic
184,2,0,histogram_distance,histogram_distance,output_0,list1|list2,diagnostic,diagnostic
94,2,0,calculate_elastic_modulus,calculate_elastic_modulus,output_0,E_Y|v,diagnostic,diagnostic
85,1,0,non_whitespace_substrings,non_whitespace_substrings,output_0,input_str,diagnostic,diagnostic
69,2,0,divide_if_divisible,divide_if_divisible,output_0,a|b,diagnostic,diagnostic
54,1,0,get_last_key,get_last_key,output_0,ordered_dict,diagnostic,diagnostic
51,2,0,find_longest_common_sublist,find_longest_common_sublist,output_0,list1|list2,diagnostic,diagnostic
40,1,0,count_words_from_sentences,count_words_from_sentences,output_0,sentences,diagnostic,diagnostic
16,2,0,add,add,result,arg_0|arg_1,diagnostic,diagnostic
22,2,0,multiply,multiply,result,arg_0|arg_1,diagnostic,diagnostic
34,2,0,volume_cylinder,volume_cylinder,result,arg_0|arg_1,diagnostic,diagnostic
52,1,0,cube_edge_by_volume,cube_edge_by_volume,result,arg_0,diagnostic,diagnostic
19,2,0,divide,divide,result,arg_0|arg_1,diagnostic,diagnostic
46,1,0,max_number,max_number,result,arg_0,diagnostic,diagnostic
40,2,0,surface_cylinder,surface_cylinder,result,arg_0|arg_1,diagnostic,diagnostic
58,2,0,gcd,gcd,result,arg_0|arg_1,diagnostic,diagnostic
43,1,0,inverse,inverse,result,arg_0,diagnostic,diagnostic
20,2,0,subtract,subtract,result,arg_0|arg_1,diagnostic,diagnostic
54,2,0,triangle_area,triangle_area,result,arg_0|arg_1,diagnostic,diagnostic
57,1,0,square_perimeter,square_perimeter,result,arg_0,diagnostic,diagnostic
43,1,0,inverse,inverse,result,arg_0,diagnostic,diagnostic
31,2,0,rhombus_area,rhombus_area,result,arg_0|arg_1,diagnostic,diagnostic
22,2,0,multiply,multiply,result,arg_0|arg_1,diagnostic,diagnostic
39,1,0,circumface,circumface,result,arg_0,diagnostic,diagnostic
16,2,0,add,add,result,arg_0|arg_1,diagnostic,diagnostic
20,2,0,subtract,subtract,result,arg_0|arg_1,diagnostic,diagnostic
19,2,0,divide,divide,result,arg_0|arg_1,diagnostic,diagnostic
40,2,0,surface_cylinder,surface_cylinder,result,arg_0|arg_1,diagnostic,diagnostic
20,2,0,subtract,subtract,result,arg_0|arg_1,diagnostic,diagnostic
51,1,0,negate_prob,negate_prob,result,arg_0,diagnostic,diagnostic
16,2,0,add,add,result,arg_0|arg_1,diagnostic,diagnostic
31,2,0,rhombus_area,rhombus_area,result,arg_0|arg_1,diagnostic,diagnostic
43,1,0,inverse,inverse,result,arg_0,diagnostic,diagnostic
22,2,0,multiply,multiply,result,arg_0|arg_1,diagnostic,diagnostic
19,2,0,divide,divide,result,arg_0|arg_1,diagnostic,diagnostic
30,2,0,volume_cone,volume_cone,result,arg_0|arg_1,diagnostic,diagnostic
60,2,0,rectangle_area,rectangle_area,result,arg_0|arg_1,diagnostic,diagnostic
50,1,0,factorial,factorial,result,arg_0,diagnostic,diagnostic
38,1,0,surface_sphere,surface_sphere,result,arg_0,diagnostic,diagnostic
20,2,0,subtract,subtract,result,arg_0|arg_1,diagnostic,diagnostic
43,1,0,inverse,inverse,result,arg_0,diagnostic,diagnostic
40,2,0,speed,speed,result,arg_0|arg_1,diagnostic,diagnostic
19,2,0,divide,divide,result,arg_0|arg_1,diagnostic,diagnostic
57,1,0,square_perimeter,square_perimeter,result,arg_0,diagnostic,diagnostic
50,2,0,lcm,lcm,result,arg_0|arg_1,diagnostic,diagnostic
52,1,0,cube_edge_by_volume,cube_edge_by_volume,result,arg_0,diagnostic,diagnostic
16,2,0,add,add,result,arg_0|arg_1,diagnostic,diagnostic
22,2,0,multiply,multiply,result,arg_0|arg_1,diagnostic,diagnostic
25,2,0,power,power,result,arg_0|arg_1,diagnostic,diagnostic
20,2,0,subtract,subtract,result,arg_0|arg_1,diagnostic,diagnostic
40,2,0,speed,speed,result,arg_0|arg_1,diagnostic,diagnostic
22,2,0,multiply,multiply,result,arg_0|arg_1,diagnostic,diagnostic
19,2,0,divide,divide,result,arg_0|arg_1,diagnostic,diagnostic
16,2,0,add,add,result,arg_0|arg_1,diagnostic,diagnostic
46,1,0,min_number,min_number,result,arg_0,diagnostic,diagnostic
52,1,0,square_edge_by_area,square_edge_by_area,result,arg_0,diagnostic,diagnostic
43,1,0,inverse,inverse,result,arg_0,diagnostic,diagnostic
73,2,0,log,log,result,arg_0|arg_1,diagnostic,diagnostic
19,2,0,divide,divide,result,arg_0|arg_1,diagnostic,diagnostic
25,2,0,power,power,result,arg_0|arg_1,diagnostic,diagnostic
16,2,0,add,add,result,arg_0|arg_1,diagnostic,diagnostic
20,2,0,subtract,subtract,result,arg_0|arg_1,diagnostic,diagnostic
51,1,0,sqrt,sqrt,result,arg_0,diagnostic,diagnostic
43,1,0,inverse,inverse,result,arg_0,diagnostic,diagnostic
30,1,0,volume_cube,volume_cube,result,arg_0,diagnostic,diagnostic
22,2,0,multiply,multiply,result,arg_0|arg_1,diagnostic,diagnostic
50,2,0,lcm,lcm,result,arg_0|arg_1,diagnostic,diagnostic
19,2,0,divide,divide,result,arg_0|arg_1,diagnostic,diagnostic
51,2,0,diagonal,diagonal,result,arg_0|arg_1,diagnostic,diagnostic
30,1,0,volume_cube,volume_cube,result,arg_0,diagnostic,diagnostic
16,2,0,add,add,result,arg_0|arg_1,diagnostic,diagnostic
22,2,0,multiply,multiply,result,arg_0|arg_1,diagnostic,diagnostic
43,1,0,inverse,inverse,result,arg_0,diagnostic,diagnostic
73,2,0,log,log,result,arg_0|arg_1,diagnostic,diagnostic
51,1,0,sqrt,sqrt,result,arg_0,diagnostic,diagnostic
20,2,0,subtract,subtract,result,arg_0|arg_1,diagnostic,diagnostic
36,1,0,surface_cube,surface_cube,result,arg_0,diagnostic,diagnostic
19,2,0,divide,divide,result,arg_0|arg_1,diagnostic,diagnostic
20,2,0,subtract,subtract,result,arg_0|arg_1,diagnostic,diagnostic
60,2,0,rectangle_area,rectangle_area,result,arg_0|arg_1,diagnostic,diagnostic
51,1,0,sqrt,sqrt,result,arg_0,diagnostic,diagnostic
43,1,0,inverse,inverse,result,arg_0,diagnostic,diagnostic
40,2,0,speed,speed,result,arg_0|arg_1,diagnostic,diagnostic
22,2,0,multiply,multiply,result,arg_0|arg_1,diagnostic,diagnostic
16,2,0,add,add,result,arg_0|arg_1,diagnostic,diagnostic
30,1,0,volume_cube,volume_cube,result,arg_0,diagnostic,diagnostic
25,2,0,power,power,result,arg_0|arg_1,diagnostic,diagnostic
91,1,0,parse_list_of_numbers,parse_list_of_numbers,output_0,string,diagnostic,diagnostic
74,2,0,table_column_names,table_column_names,output_0,conn|table_name,diagnostic,diagnostic
67,1,0,extract_first_value,extract_first_value,output_0,values,diagnostic,diagnostic
91,2,0,remove_substring_from_list,remove_substring_from_list,output_0,list_of_strings|search_string,diagnostic,diagnostic
61,1,0,transcribe_dna_to_rna,transcribe_dna_to_rna,output_0,dna_sequence,diagnostic,diagnostic
58,3,0,replace_substring_in_file,replace_substring_in_file,output_0,file_path|new_text|old_text,diagnostic,diagnostic
58,2,0,moving_average,moving_average,output_0,data|window_size,diagnostic,diagnostic
180,1,0,bit_representation,bit_representation,output_0,n,diagnostic,diagnostic
107,1,0,traverse_diagonal,traverse_diagonal,output_0,matrix,diagnostic,diagnostic
40,1,0,count_words_from_sentences,count_words_from_sentences,output_0,sentences,diagnostic,diagnostic
94,1,0,to_percentage,to_percentage,output_0,value,diagnostic,diagnostic
156,1,0,percentages,percentages,output_0,elements,diagnostic,diagnostic
85,1,0,non_whitespace_substrings,non_whitespace_substrings,output_0,input_str,diagnostic,diagnostic
58,1,0,extract_hours_minutes_from_seconds,extract_hours_minutes_from_seconds,output_0,seconds,diagnostic,diagnostic
87,3,0,area_of_triangle_from_sides,area_of_triangle_from_sides,output_0,a|b|c,diagnostic,diagnostic
59,2,0,format_utc_datetime_with_custom_format,format_utc_datetime_with_custom_format,output_0,dt|format_string,diagnostic,diagnostic
229,1,0,compute_degree,compute_degree,output_0,coefficients,diagnostic,diagnostic
54,1,0,ratio_saliency,ratio_saliency,output_0,time_series,diagnostic,diagnostic
16,2,0,add,add,result,arg_0|arg_1,diagnostic,diagnostic
22,2,0,multiply,multiply,result,arg_0|arg_1,diagnostic,diagnostic
19,2,0,divide,divide,result,arg_0|arg_1,diagnostic,diagnostic
20,2,0,subtract,subtract,result,arg_0|arg_1,diagnostic,diagnostic
30,1,0,volume_cube,volume_cube,result,arg_0,diagnostic,diagnostic
50,2,0,lcm,lcm,result,arg_0|arg_1,diagnostic,diagnostic
45,1,0,square_area,square_area,result,arg_0,diagnostic,diagnostic
43,1,0,inverse,inverse,result,arg_0,diagnostic,diagnostic
52,1,0,cube_edge_by_volume,cube_edge_by_volume,result,arg_0,diagnostic,diagnostic
47,1,0,circle_area,circle_area,result,arg_0,diagnostic,diagnostic
51,1,0,floor,floor,result,arg_0,diagnostic,diagnostic
46,1,0,min_number,min_number,result,arg_0,diagnostic,diagnostic
22,2,0,multiply,multiply,result,arg_0|arg_1,diagnostic,diagnostic
19,2,0,divide,divide,result,arg_0|arg_1,diagnostic,diagnostic
16,2,0,add,add,result,arg_0|arg_1,diagnostic,diagnostic
52,1,0,cube_edge_by_volume,cube_edge_by_volume,result,arg_0,diagnostic,diagnostic
41,2,0,reminder,reminder,result,arg_0|arg_1,diagnostic,diagnostic
20,2,0,subtract,subtract,result,arg_0|arg_1,diagnostic,diagnostic
43,1,0,inverse,inverse,result,arg_0,diagnostic,diagnostic
19,2,0,divide,divide,result,arg_0|arg_1,diagnostic,diagnostic
40,2,0,surface_cylinder,surface_cylinder,result,arg_0|arg_1,diagnostic,diagnostic
38,2,0,rectangle_perimeter,rectangle_perimeter,result,arg_0|arg_1,diagnostic,diagnostic
36,1,0,surface_cube,surface_cube,result,arg_0,diagnostic,diagnostic
16,2,0,add,add,result,arg_0|arg_1,diagnostic,diagnostic
43,1,0,inverse,inverse,result,arg_0,diagnostic,diagnostic
20,2,0,subtract,subtract,result,arg_0|arg_1,diagnostic,diagnostic
30,1,0,volume_cube,volume_cube,result,arg_0,diagnostic,diagnostic
54,2,0,triangle_area,triangle_area,result,arg_0|arg_1,diagnostic,diagnostic
22,2,0,multiply,multiply,result,arg_0|arg_1,diagnostic,diagnostic
16,2,0,add,add,result,arg_0|arg_1,diagnostic,diagnostic
20,2,0,subtract,subtract,result,arg_0|arg_1,diagnostic,diagnostic
43,1,0,inverse,inverse,result,arg_0,diagnostic,diagnostic
22,2,0,multiply,multiply,result,arg_0|arg_1,diagnostic,diagnostic
73,2,0,log,log,result,arg_0|arg_1,diagnostic,diagnostic
51,2,0,diagonal,diagonal,result,arg_0|arg_1,diagnostic,diagnostic
30,1,0,volume_cube,volume_cube,result,arg_0,diagnostic,diagnostic
50,2,0,lcm,lcm,result,arg_0|arg_1,diagnostic,diagnostic
19,2,0,divide,divide,result,arg_0|arg_1,diagnostic,diagnostic
46,1,0,min_number,min_number,result,arg_0,diagnostic,diagnostic
16,2,0,add,add,result,arg_0|arg_1,diagnostic,diagnostic
20,2,0,subtract,subtract,result,arg_0|arg_1,diagnostic,diagnostic
50,1,0,factorial,factorial,result,arg_0,diagnostic,diagnostic
40,2,0,speed,speed,result,arg_0|arg_1,diagnostic,diagnostic
60,2,0,rectangle_area,rectangle_area,result,arg_0|arg_1,diagnostic,diagnostic
22,2,0,multiply,multiply,result,arg_0|arg_1,diagnostic,diagnostic
43,1,0,inverse,inverse,result,arg_0,diagnostic,diagnostic
46,1,0,min_number,min_number,result,arg_0,diagnostic,diagnostic
19,2,0,divide,divide,result,arg_0|arg_1,diagnostic,diagnostic
52,1,0,square_edge_by_area,square_edge_by_area,result,arg_0,diagnostic,diagnostic
22,2,0,multiply,multiply,result,arg_0|arg_1,diagnostic,diagnostic
43,1,0,inverse,inverse,result,arg_0,diagnostic,diagnostic
16,2,0,add,add,result,arg_0|arg_1,diagnostic,diagnostic
36,1,0,surface_cube,surface_cube,result,arg_0,diagnostic,diagnostic
38,2,0,rectangle_perimeter,rectangle_perimeter,result,arg_0|arg_1,diagnostic,diagnostic
41,2,0,reminder,reminder,result,arg_0|arg_1,diagnostic,diagnostic
20,2,0,subtract,subtract,result,arg_0|arg_1,diagnostic,diagnostic
19,2,0,divide,divide,result,arg_0|arg_1,diagnostic,diagnostic
46,1,0,min_number,min_number,result,arg_0,diagnostic,diagnostic
22,2,0,multiply,multiply,result,arg_0|arg_1,diagnostic,diagnostic
19,2,0,divide,divide,result,arg_0|arg_1,diagnostic,diagnostic
43,1,0,inverse,inverse,result,arg_0,diagnostic,diagnostic
58,2,0,gcd,gcd,result,arg_0|arg_1,diagnostic,diagnostic
20,2,0,subtract,subtract,result,arg_0|arg_1,diagnostic,diagnostic
65,2,0,permutation,permutation,result,arg_0|arg_1,diagnostic,diagnostic
16,2,0,add,add,result,arg_0|arg_1,diagnostic,diagnostic
20,2,0,subtract,subtract,result,arg_0|arg_1,diagnostic,diagnostic
43,1,0,inverse,inverse,result,arg_0,diagnostic,diagnostic
50,2,0,lcm,lcm,result,arg_0|arg_1,diagnostic,diagnostic
16,2,0,add,add,result,arg_0|arg_1,diagnostic,diagnostic
31,2,0,rhombus_area,rhombus_area,result,arg_0|arg_1,diagnostic,diagnostic
22,2,0,multiply,multiply,result,arg_0|arg_1,diagnostic,diagnostic
19,2,0,divide,divide,result,arg_0|arg_1,diagnostic,diagnostic
73,2,0,log,log,result,arg_0|arg_1,diagnostic,diagnostic
58,2,0,gcd,gcd,result,arg_0|arg_1,diagnostic,diagnostic
50,1,0,factorial,factorial,result,arg_0,diagnostic,diagnostic
20,2,0,subtract,subtract,result,arg_0|arg_1,diagnostic,diagnostic
52,1,0,square_edge_by_area,square_edge_by_area,result,arg_0,diagnostic,diagnostic
47,1,0,circle_area,circle_area,result,arg_0,diagnostic,diagnostic
22,2,0,multiply,multiply,result,arg_0|arg_1,diagnostic,diagnostic
32,1,0,volume_sphere,volume_sphere,result,arg_0,diagnostic,diagnostic
16,2,0,add,add,result,arg_0|arg_1,diagnostic,diagnostic
57,1,0,square_edge_by_perimeter,square_edge_by_perimeter,result,arg_0,diagnostic,diagnostic
19,2,0,divide,divide,result,arg_0|arg_1,diagnostic,diagnostic
43,1,0,inverse,inverse,result,arg_0,diagnostic,diagnostic
22,2,0,multiply,multiply,result,arg_0|arg_1,diagnostic,diagnostic
20,2,0,subtract,subtract,result,arg_0|arg_1,diagnostic,diagnostic
51,2,0,diagonal,diagonal,result,arg_0|arg_1,diagnostic,diagnostic
52,1,0,square_edge_by_area,square_edge_by_area,result,arg_0,diagnostic,diagnostic
31,1,0,negate,negate,result,arg_0,diagnostic,diagnostic
16,2,0,add,add,result,arg_0|arg_1,diagnostic,diagnostic
43,1,0,inverse,inverse,result,arg_0,diagnostic,diagnostic
19,2,0,divide,divide,result,arg_0|arg_1,diagnostic,diagnostic
31,2,0,rhombus_area,rhombus_area,result,arg_0|arg_1,diagnostic,diagnostic
40,2,0,surface_cylinder,surface_cylinder,result,arg_0|arg_1,diagnostic,diagnostic
19,2,0,divide,divide,result,arg_0|arg_1,diagnostic,diagnostic
20,2,0,subtract,subtract,result,arg_0|arg_1,diagnostic,diagnostic
58,2,0,gcd,gcd,result,arg_0|arg_1,diagnostic,diagnostic
34,2,0,volume_cylinder,volume_cylinder,result,arg_0|arg_1,diagnostic,diagnostic
16,2,0,add,add,result,arg_0|arg_1,diagnostic,diagnostic
73,2,0,log,log,result,arg_0|arg_1,diagnostic,diagnostic
22,2,0,multiply,multiply,result,arg_0|arg_1,diagnostic,diagnostic
43,1,0,inverse,inverse,result,arg_0,diagnostic,diagnostic
73,2,0,log,log,result,arg_0|arg_1,diagnostic,diagnostic
19,2,0,divide,divide,result,arg_0|arg_1,diagnostic,diagnostic
20,2,0,subtract,subtract,result,arg_0|arg_1,diagnostic,diagnostic
43,1,0,inverse,inverse,result,arg_0,diagnostic,diagnostic
46,1,0,min_number,min_number,result,arg_0,diagnostic,diagnostic
22,2,0,multiply,multiply,result,arg_0|arg_1,diagnostic,diagnostic
65,2,0,permutation,permutation,result,arg_0|arg_1,diagnostic,diagnostic
46,1,0,max_number,max_number,result,arg_0,diagnostic,diagnostic
16,2,0,add,add,result,arg_0|arg_1,diagnostic,diagnostic
19,2,0,divide,divide,result,arg_0|arg_1,diagnostic,diagnostic
16,2,0,add,add,result,arg_0|arg_1,diagnostic,diagnostic
52,1,0,square_edge_by_area,square_edge_by_area,result,arg_0,diagnostic,diagnostic
43,1,0,inverse,inverse,result,arg_0,diagnostic,diagnostic
22,2,0,multiply,multiply,result,arg_0|arg_1,diagnostic,diagnostic
20,2,0,subtract,subtract,result,arg_0|arg_1,diagnostic,diagnostic
54,2,0,triangle_area,triangle_area,result,arg_0|arg_1,diagnostic,diagnostic
73,2,0,log,log,result,arg_0|arg_1,diagnostic,diagnostic
108,1,0,handle_none,handle_none,output_0,value,diagnostic,diagnostic
210,1,0,collect_values,collect_values,output_0,objects,diagnostic,diagnostic
85,1,0,non_whitespace_substrings,non_whitespace_substrings,output_0,input_str,diagnostic,diagnostic
57,1,0,tar_files,tar_files,output_0,files,diagnostic,diagnostic
92,2,0,calculate_significance_level,calculate_significance_level,output_0,p_value|values,diagnostic,diagnostic
54,1,0,ratio_saliency,ratio_saliency,output_0,time_series,diagnostic,diagnostic
58,2,0,buy_cookies,buy_cookies,output_0,buy_n|get_m_for_free,diagnostic,diagnostic
40,1,0,count_words_from_sentences,count_words_from_sentences,output_0,sentences,diagnostic,diagnostic
61,2,0,pad_number_to_length,pad_number_to_length,output_0,length|number,diagnostic,diagnostic
45,1,0,power_spectrum,power_spectrum,output_0,tensor,diagnostic,diagnostic
252,1,0,parse_json_to_string,parse_json_to_string,output_0,json_string,diagnostic,diagnostic
120,2,0,get_positive_integer_index,get_positive_integer_index,output_0,input_list|n,diagnostic,diagnostic
68,1,0,count_hash_frequencies,count_hash_frequencies,output_0,strings,diagnostic,diagnostic
107,1,0,traverse_diagonal,traverse_diagonal,output_0,matrix,diagnostic,diagnostic
90,1,0,extract_id_from_xml_node,extract_id_from_xml_node,output_0,node,diagnostic,diagnostic
91,1,0,parse_list_of_numbers,parse_list_of_numbers,output_0,string,diagnostic,diagnostic
331,1,0,transform_to_text_lines,transform_to_text_lines,output_0,lines,diagnostic,diagnostic
229,1,0,compute_degree,compute_degree,output_0,coefficients,diagnostic,diagnostic
38,2,0,rectangle_perimeter,rectangle_perimeter,result,arg_0|arg_1,diagnostic,diagnostic
34,2,0,volume_cylinder,volume_cylinder,result,arg_0|arg_1,diagnostic,diagnostic
43,1,0,inverse,inverse,result,arg_0,diagnostic,diagnostic
19,2,0,divide,divide,result,arg_0|arg_1,diagnostic,diagnostic
30,2,0,volume_cone,volume_cone,result,arg_0|arg_1,diagnostic,diagnostic
16,2,0,add,add,result,arg_0|arg_1,diagnostic,diagnostic
32,1,0,volume_sphere,volume_sphere,result,arg_0,diagnostic,diagnostic
20,2,0,subtract,subtract,result,arg_0|arg_1,diagnostic,diagnostic
22,2,0,multiply,multiply,result,arg_0|arg_1,diagnostic,diagnostic
50,1,0,factorial,factorial,result,arg_0,diagnostic,diagnostic
22,2,0,multiply,multiply,result,arg_0|arg_1,diagnostic,diagnostic
30,2,0,volume_cone,volume_cone,result,arg_0|arg_1,diagnostic,diagnostic
16,2,0,add,add,result,arg_0|arg_1,diagnostic,diagnostic
50,1,0,factorial,factorial,result,arg_0,diagnostic,diagnostic
40,2,0,speed,speed,result,arg_0|arg_1,diagnostic,diagnostic
19,2,0,divide,divide,result,arg_0|arg_1,diagnostic,diagnostic
20,2,0,subtract,subtract,result,arg_0|arg_1,diagnostic,diagnostic
30,1,0,volume_cube,volume_cube,result,arg_0,diagnostic,diagnostic
43,1,0,inverse,inverse,result,arg_0,diagnostic,diagnostic
36,1,0,surface_cube,surface_cube,result,arg_0,diagnostic,diagnostic
43,1,0,inverse,inverse,result,arg_0,diagnostic,diagnostic
16,2,0,add,add,result,arg_0|arg_1,diagnostic,diagnostic
19,2,0,divide,divide,result,arg_0|arg_1,diagnostic,diagnostic
46,1,0,min_number,min_number,result,arg_0,diagnostic,diagnostic
20,2,0,subtract,subtract,result,arg_0|arg_1,diagnostic,diagnostic
40,2,0,speed,speed,result,arg_0|arg_1,diagnostic,diagnostic
51,2,0,diagonal,diagonal,result,arg_0|arg_1,diagnostic,diagnostic
30,1,0,volume_cube,volume_cube,result,arg_0,diagnostic,diagnostic
51,1,0,floor,floor,result,arg_0,diagnostic,diagnostic
22,2,0,multiply,multiply,result,arg_0|arg_1,diagnostic,diagnostic
38,2,0,rectangle_perimeter,rectangle_perimeter,result,arg_0|arg_1,diagnostic,diagnostic
59,2,0,generate_authenticate_command,generate_authenticate_command,output_0,password|username,diagnostic,diagnostic
91,1,0,parse_list_of_numbers,parse_list_of_numbers,output_0,string,diagnostic,diagnostic
54,1,0,ratio_saliency,ratio_saliency,output_0,time_series,diagnostic,diagnostic
60,2,0,matrix_power,matrix_power,output_0,A|k,diagnostic,diagnostic
85,1,0,non_whitespace_substrings,non_whitespace_substrings,output_0,input_str,diagnostic,diagnostic
133,2,0,get_object_names,get_object_names,output_0,attribute_name|objects,diagnostic,diagnostic
40,1,0,count_words_from_sentences,count_words_from_sentences,output_0,sentences,diagnostic,diagnostic
107,2,0,calculate_bpm,calculate_bpm,output_0,num_beats|song_length_sec,diagnostic,diagnostic
454,2,0,bitwise_left_shift,bitwise_left_shift,output_0,count|value,diagnostic,diagnostic
229,1,0,compute_degree,compute_degree,output_0,coefficients,diagnostic,diagnostic
58,3,0,select_objects,select_objects,output_0,anchor_index|context_frame_indices|points,diagnostic,diagnostic
83,1,0,remove_duplicates_from_list_of_tuples,remove_duplicates_from_list_of_tuples,output_0,lst,diagnostic,diagnostic
80,2,0,get_instance_attribute_values,get_instance_attribute_values,output_0,attribute|instance_list,diagnostic,diagnostic
192,2,0,power_without_pow,power_without_pow,output_0,base|exponent,diagnostic,diagnostic
107,1,0,traverse_diagonal,traverse_diagonal,output_0,matrix,diagnostic,diagnostic
73,1,0,load_dictionary,load_dictionary,output_0,filename,diagnostic,diagnostic
138,1,0,add_duration,add_duration,output_0,data,diagnostic,diagnostic
16,2,0,add,add,result,arg_0|arg_1,diagnostic,diagnostic
60,2,0,rectangle_area,rectangle_area,result,arg_0|arg_1,diagnostic,diagnostic
20,2,0,subtract,subtract,result,arg_0|arg_1,diagnostic,diagnostic
39,1,0,circumface,circumface,result,arg_0,diagnostic,diagnostic
38,1,0,surface_sphere,surface_sphere,result,arg_0,diagnostic,diagnostic
43,1,0,inverse,inverse,result,arg_0,diagnostic,diagnostic
51,1,0,floor,floor,result,arg_0,diagnostic,diagnostic
19,2,0,divide,divide,result,arg_0|arg_1,diagnostic,diagnostic
46,1,0,min_number,min_number,result,arg_0,diagnostic,diagnostic
22,2,0,multiply,multiply,result,arg_0|arg_1,diagnostic,diagnostic
50,2,0,lcm,lcm,result,arg_0|arg_1,diagnostic,diagnostic
20,2,0,subtract,subtract,result,arg_0|arg_1,diagnostic,diagnostic
50,1,0,factorial,factorial,result,arg_0,diagnostic,diagnostic
16,2,0,add,add,result,arg_0|arg_1,diagnostic,diagnostic
43,1,0,inverse,inverse,result,arg_0,diagnostic,diagnostic
19,2,0,divide,divide,result,arg_0|arg_1,diagnostic,diagnostic
22,2,0,multiply,multiply,result,arg_0|arg_1,diagnostic,diagnostic
60,2,0,rectangle_area,rectangle_area,result,arg_0|arg_1,diagnostic,diagnostic
40,2,0,speed,speed,result,arg_0|arg_1,diagnostic,diagnostic
51,2,0,diagonal,diagonal,result,arg_0|arg_1,diagnostic,diagnostic
25,2,0,power,power,result,arg_0|arg_1,diagnostic,diagnostic
43,1,0,inverse,inverse,result,arg_0,diagnostic,diagnostic
54,2,0,triangle_area,triangle_area,result,arg_0|arg_1,diagnostic,diagnostic
22,2,0,multiply,multiply,result,arg_0|arg_1,diagnostic,diagnostic
16,2,0,add,add,result,arg_0|arg_1,diagnostic,diagnostic
20,2,0,subtract,subtract,result,arg_0|arg_1,diagnostic,diagnostic
47,1,0,circle_area,circle_area,result,arg_0,diagnostic,diagnostic
19,2,0,divide,divide,result,arg_0|arg_1,diagnostic,diagnostic
39,1,0,circumface,circumface,result,arg_0,diagnostic,diagnostic
43,1,0,inverse,inverse,result,arg_0,diagnostic,diagnostic
46,1,0,max_number,max_number,result,arg_0,diagnostic,diagnostic
38,1,0,surface_sphere,surface_sphere,result,arg_0,diagnostic,diagnostic
22,2,0,multiply,multiply,result,arg_0|arg_1,diagnostic,diagnostic
19,2,0,divide,divide,result,arg_0|arg_1,diagnostic,diagnostic
20,2,0,subtract,subtract,result,arg_0|arg_1,diagnostic,diagnostic
73,2,0,log,log,result,arg_0|arg_1,diagnostic,diagnostic
16,2,0,add,add,result,arg_0|arg_1,diagnostic,diagnostic
63,1,0,format_temperature,format_temperature,output_0,temperature_f,diagnostic,diagnostic
91,3,0,find_surrounded_substring,find_surrounded_substring,output_0,first_char|second_char|string,diagnostic,diagnostic
91,1,0,parse_list_of_numbers,parse_list_of_numbers,output_0,string,diagnostic,diagnostic
229,1,0,compute_degree,compute_degree,output_0,coefficients,diagnostic,diagnostic
54,1,0,ratio_saliency,ratio_saliency,output_0,time_series,diagnostic,diagnostic
56,2,0,collect_attrs,collect_attrs,output_0,attrs|obj,diagnostic,diagnostic
107,1,0,traverse_diagonal,traverse_diagonal,output_0,matrix,diagnostic,diagnostic
108,1,0,calculate_diameter,calculate_diameter,output_0,radius,diagnostic,diagnostic
63,1,0,update_string,update_string,output_0,input_string,diagnostic,diagnostic
60,1,0,activation_function,activation_function,output_0,x,diagnostic,diagnostic
85,1,0,non_whitespace_substrings,non_whitespace_substrings,output_0,input_str,diagnostic,diagnostic
40,1,0,count_words_from_sentences,count_words_from_sentences,output_0,sentences,diagnostic,diagnostic
74,2,0,get_total_frequency,get_total_frequency,output_0,frequency|keys,diagnostic,diagnostic
33,1,0,load_class_from_path,load_class_from_path,output_0,path,diagnostic,diagnostic
75,3,0,move_vector_by_direction,move_vector_by_direction,output_0,direction|distance|vector,diagnostic,diagnostic
40,1,0,count_words_from_sentences,count_words_from_sentences,output_0,sentences,diagnostic,diagnostic
83,1,0,randomize_dict,randomize_dict,output_0,d,diagnostic,diagnostic
212,1,0,switch_elements,switch_elements,output_0,lst,diagnostic,diagnostic
79,1,0,generate_random_string,generate_random_string,output_0,length,diagnostic,diagnostic
103,2,0,binary_classification_accuracy,binary_classification_accuracy,output_0,y_pred|y_true,diagnostic,diagnostic
229,1,0,compute_degree,compute_degree,output_0,coefficients,diagnostic,diagnostic
86,2,0,substring_count_at_points,substring_count_at_points,output_0,input_string|points,diagnostic,diagnostic
65,1,0,label_value,label_value,output_0,value,diagnostic,diagnostic
113,1,0,replace_with_lengths,replace_with_lengths,output_0,dictionary,diagnostic,diagnostic
91,1,0,parse_list_of_numbers,parse_list_of_numbers,output_0,string,diagnostic,diagnostic
107,1,0,traverse_diagonal,traverse_diagonal,output_0,matrix,diagnostic,diagnostic
176,2,0,hash_integer,hash_integer,output_0,i|n,diagnostic,diagnostic
63,1,0,my_sqrt,my_sqrt,output_0,n,diagnostic,diagnostic
54,1,0,ratio_saliency,ratio_saliency,output_0,time_series,diagnostic,diagnostic
227,3,0,check_in_range,check_in_range,output_0,high|low|x,diagnostic,diagnostic
85,1,0,non_whitespace_substrings,non_whitespace_substrings,output_0,input_str,diagnostic,diagnostic
43,1,0,inverse,inverse,result,arg_0,diagnostic,diagnostic
47,1,0,circle_area,circle_area,result,arg_0,diagnostic,diagnostic
22,2,0,multiply,multiply,result,arg_0|arg_1,diagnostic,diagnostic
36,1,0,surface_cube,surface_cube,result,arg_0,diagnostic,diagnostic
19,2,0,divide,divide,result,arg_0|arg_1,diagnostic,diagnostic
20,2,0,subtract,subtract,result,arg_0|arg_1,diagnostic,diagnostic
52,1,0,square_edge_by_area,square_edge_by_area,result,arg_0,diagnostic,diagnostic
16,2,0,add,add,result,arg_0|arg_1,diagnostic,diagnostic
20,2,0,subtract,subtract,result,arg_0|arg_1,diagnostic,diagnostic
46,1,0,max_number,max_number,result,arg_0,diagnostic,diagnostic
38,1,0,surface_sphere,surface_sphere,result,arg_0,diagnostic,diagnostic
22,2,0,multiply,multiply,result,arg_0|arg_1,diagnostic,diagnostic
52,1,0,square_edge_by_area,square_edge_by_area,result,arg_0,diagnostic,diagnostic
19,2,0,divide,divide,result,arg_0|arg_1,diagnostic,diagnostic
43,1,0,inverse,inverse,result,arg_0,diagnostic,diagnostic
57,1,0,square_perimeter,square_perimeter,result,arg_0,diagnostic,diagnostic
16,2,0,add,add,result,arg_0|arg_1,diagnostic,diagnostic
51,1,0,floor,floor,result,arg_0,diagnostic,diagnostic
20,2,0,subtract,subtract,result,arg_0|arg_1,diagnostic,diagnostic
16,2,0,add,add,result,arg_0|arg_1,diagnostic,diagnostic
19,2,0,divide,divide,result,arg_0|arg_1,diagnostic,diagnostic
22,2,0,multiply,multiply,result,arg_0|arg_1,diagnostic,diagnostic
43,1,0,inverse,inverse,result,arg_0,diagnostic,diagnostic
51,1,0,negate_prob,negate_prob,result,arg_0,diagnostic,diagnostic
57,1,0,square_edge_by_perimeter,square_edge_by_perimeter,result,arg_0,diagnostic,diagnostic
38,1,0,surface_sphere,surface_sphere,result,arg_0,diagnostic,diagnostic
47,1,0,circle_area,circle_area,result,arg_0,diagnostic,diagnostic
43,1,0,inverse,inverse,result,arg_0,diagnostic,diagnostic
22,2,0,multiply,multiply,result,arg_0|arg_1,diagnostic,diagnostic
41,2,0,reminder,reminder,result,arg_0|arg_1,diagnostic,diagnostic
46,1,0,min_number,min_number,result,arg_0,diagnostic,diagnostic
34,2,0,volume_cylinder,volume_cylinder,result,arg_0|arg_1,diagnostic,diagnostic
16,2,0,add,add,result,arg_0|arg_1,diagnostic,diagnostic
20,2,0,subtract,subtract,result,arg_0|arg_1,diagnostic,diagnostic
19,2,0,divide,divide,result,arg_0|arg_1,diagnostic,diagnostic
57,1,0,square_perimeter,square_perimeter,result,arg_0,diagnostic,diagnostic
51,1,0,negate_prob,negate_prob,result,arg_0,diagnostic,diagnostic
52,1,0,square_edge_by_area,square_edge_by_area,result,arg_0,diagnostic,diagnostic
32,1,0,volume_sphere,volume_sphere,result,arg_0,diagnostic,diagnostic
19,2,0,divide,divide,result,arg_0|arg_1,diagnostic,diagnostic
16,2,0,add,add,result,arg_0|arg_1,diagnostic,diagnostic
43,1,0,inverse,inverse,result,arg_0,diagnostic,diagnostic
20,2,0,subtract,subtract,result,arg_0|arg_1,diagnostic,diagnostic
22,2,0,multiply,multiply,result,arg_0|arg_1,diagnostic,diagnostic
50,2,0,lcm,lcm,result,arg_0|arg_1,diagnostic,diagnostic
31,1,0,negate,negate,result,arg_0,diagnostic,diagnostic
229,1,0,compute_degree,compute_degree,output_0,coefficients,diagnostic,diagnostic
51,1,0,is_ordered_ascending,is_ordered_ascending,output_0,data,diagnostic,diagnostic
151,1,0,tuple_to_dict,tuple_to_dict,output_0,tuple_of_strings,diagnostic,diagnostic
327,2,0,create_md5_hash,create_md_hash,output_0,obj|salt,diagnostic,diagnostic
54,1,0,ratio_saliency,ratio_saliency,output_0,time_series,diagnostic,diagnostic
96,2,0,find_pattern_index,find_pattern_index,output_0,p|s,diagnostic,diagnostic
107,1,0,traverse_diagonal,traverse_diagonal,output_0,matrix,diagnostic,diagnostic
47,2,0,update_all_names,update_all_names,output_0,names|new_name,diagnostic,diagnostic
30,2,0,check_list_equality,check_list_equality,output_0,list1|list2,diagnostic,diagnostic
40,1,0,count_words_from_sentences,count_words_from_sentences,output_0,sentences,diagnostic,diagnostic
69,1,0,log1p_exp,log1p_exp,output_0,x,diagnostic,diagnostic
91,1,0,parse_list_of_numbers,parse_list_of_numbers,output_0,string,diagnostic,diagnostic
189,0,0,create_even_numbers_tensor,create_even_numbers_tensor,output_0,,diagnostic,diagnostic
70,1,0,find_negative,find_negative,output_0,x,diagnostic,diagnostic
48,1,0,convert_binary_to_decimal,convert_binary_to_decimal,output_0,binary_string,diagnostic,diagnostic
85,1,0,non_whitespace_substrings,non_whitespace_substrings,output_0,input_str,diagnostic,diagnostic
150,1,0,reverse_vowels,reverse_vowels,output_0,string,diagnostic,diagnostic
125,2,0,remove_dupes_by_key,remove_dupes_by_key,output_0,dicts|key,diagnostic,diagnostic
118,1,0,scale_tensor,scale_tensor,output_0,data,diagnostic,diagnostic
43,1,0,inverse,inverse,result,arg_0,diagnostic,diagnostic
19,2,0,divide,divide,result,arg_0|arg_1,diagnostic,diagnostic
51,1,0,floor,floor,result,arg_0,diagnostic,diagnostic
22,2,0,multiply,multiply,result,arg_0|arg_1,diagnostic,diagnostic
32,1,0,volume_sphere,volume_sphere,result,arg_0,diagnostic,diagnostic
51,1,0,sqrt,sqrt,result,arg_0,diagnostic,diagnostic
16,2,0,add,add,result,arg_0|arg_1,diagnostic,diagnostic
46,1,0,max_number,max_number,result,arg_0,diagnostic,diagnostic
34,2,0,volume_cylinder,volume_cylinder,result,arg_0|arg_1,diagnostic,diagnostic
20,2,0,subtract,subtract,result,arg_0|arg_1,diagnostic,diagnostic
19,2,0,divide,divide,result,arg_0|arg_1,diagnostic,diagnostic
50,1,0,factorial,factorial,result,arg_0,diagnostic,diagnostic
22,2,0,multiply,multiply,result,arg_0|arg_1,diagnostic,diagnostic
73,2,0,log,log,result,arg_0|arg_1,diagnostic,diagnostic
43,1,0,inverse,inverse,result,arg_0,diagnostic,diagnostic
16,2,0,add,add,result,arg_0|arg_1,diagnostic,diagnostic
20,2,0,subtract,subtract,result,arg_0|arg_1,diagnostic,diagnostic
46,1,0,max_number,max_number,result,arg_0,diagnostic,diagnostic
78,2,0,load_and_retrieve_attribute,load_and_retrieve_attribute,output_0,attribute_name|module_name,diagnostic,diagnostic
182,1,0,next_positive,next_positive,output_0,arr,diagnostic,diagnostic
75,2,0,count_differences,count_differences,output_0,str1|str2,diagnostic,diagnostic
107,1,0,traverse_diagonal,traverse_diagonal,output_0,matrix,diagnostic,diagnostic
91,1,0,parse_list_of_numbers,parse_list_of_numbers,output_0,string,diagnostic,diagnostic
111,1,0,sum_numeric_elements,sum_numeric_elements,output_0,elements,diagnostic,diagnostic
249,2,0,find_substring_positions,find_substring_positions,output_0,string|substring,diagnostic,diagnostic
74,1,0,my_sum,my_sum,output_0,args,diagnostic,diagnostic
56,1,0,date_format,date_format,output_0,s,diagnostic,diagnostic
59,1,0,format_and_remove_special_characters,format_and_remove_special_characters,output_0,text,diagnostic,diagnostic
58,2,0,difference_calculator,difference_calculator,output_0,x|y,diagnostic,diagnostic
40,1,0,count_words_from_sentences,count_words_from_sentences,output_0,sentences,diagnostic,diagnostic
85,1,0,non_whitespace_substrings,non_whitespace_substrings,output_0,input_str,diagnostic,diagnostic
163,1,0,get_three_slices,get_three_slices,output_0,input_list,diagnostic,diagnostic
229,1,0,compute_degree,compute_degree,output_0,coefficients,diagnostic,diagnostic
54,1,0,ratio_saliency,ratio_saliency,output_0,time_series,diagnostic,diagnostic
107,1,0,traverse_diagonal,traverse_diagonal,output_0,matrix,diagnostic,diagnostic
91,1,0,parse_list_of_numbers,parse_list_of_numbers,output_0,string,diagnostic,diagnostic
54,1,0,ratio_saliency,ratio_saliency,output_0,time_series,diagnostic,diagnostic
119,1,0,round_float_to_even,round_float_to_even,output_0,num,diagnostic,diagnostic
292,3,0,min_with_default,min_with_default,output_0,a|b|default,diagnostic,diagnostic
76,1,0,get_sum_of_squares_of_evens,get_sum_of_squares_of_evens,output_0,nums,diagnostic,diagnostic
73,1,0,check_positive_and_unique,check_positive_and_unique,output_0,lst,diagnostic,diagnostic
112,1,0,format_float_number,format_float_number,output_0,float_number_str,diagnostic,diagnostic
52,1,0,convert_decimal_to_hex,convert_decimal_to_hex,output_0,decimal_number,diagnostic,diagnostic
58,1,0,get_fetal_weight,get_fetal_weight,output_0,input_dict,diagnostic,diagnostic
40,1,0,count_words_from_sentences,count_words_from_sentences,output_0,sentences,diagnostic,diagnostic
229,1,0,compute_degree,compute_degree,output_0,coefficients,diagnostic,diagnostic
57,1,0,bit_not_inverse,bit_not_inverse,output_0,x,diagnostic,diagnostic
80,1,0,get_day_of_week_phrase,get_day_of_week_phrase,output_0,number,diagnostic,diagnostic
81,1,0,factorial_bitwise,factorial_bitwise,output_0,n,diagnostic,diagnostic
65,2,0,compare_timestamps,compare_timestamps,output_0,timestamp1|timestamp2,diagnostic,diagnostic
58,1,0,count_distinct_integers,count_distinct_integers,output_0,nums,diagnostic,diagnostic
85,1,0,non_whitespace_substrings,non_whitespace_substrings,output_0,input_str,diagnostic,diagnostic
126,2,0,fibonacci_element,fibonacci_element,output_0,fib_seq|n,diagnostic,diagnostic
57,1,0,unique_substring,unique_substring,output_0,s,diagnostic,diagnostic
100,1,0,read_file_by_line_and_get_lines_ending_with_newline,read_file_by_line_and_get_lines_ending_with_newline,output_0,filename,diagnostic,diagnostic
229,1,0,compute_degree,compute_degree,output_0,coefficients,diagnostic,diagnostic
90,1,0,bytearray_to_string,bytearray_to_string,output_0,arr,diagnostic,diagnostic
36,1,0,convert_numpy_array_to_list,convert_numpy_array_to_list,output_0,numpy_arr,diagnostic,diagnostic
54,1,0,ratio_saliency,ratio_saliency,output_0,time_series,diagnostic,diagnostic
40,1,0,count_words_from_sentences,count_words_from_sentences,output_0,sentences,diagnostic,diagnostic
86,1,0,list_dir_members,list_dir_members,output_0,root_dir,diagnostic,diagnostic
139,4,0,calculate_sum_and_percentage,calculate_sum_and_percentage,output_0,a|b|c|d,diagnostic,diagnostic
73,2,0,windowed_mean,windowed_mean,output_0,n|nums,diagnostic,diagnostic
115,2,0,match_regex_any_type,match_regex_any_type,output_0,pattern|target,diagnostic,diagnostic
83,1,0,parse_string_to_floats,parse_string_to_floats,output_0,string,diagnostic,diagnostic
85,1,0,non_whitespace_substrings,non_whitespace_substrings,output_0,input_str,diagnostic,diagnostic
107,1,0,traverse_diagonal,traverse_diagonal,output_0,matrix,diagnostic,diagnostic
91,1,0,parse_list_of_numbers,parse_list_of_numbers,output_0,string,diagnostic,diagnostic
157,2,0,range_overlap,range_overlap,output_0,tuple1|tuple2,diagnostic,diagnostic
46,1,0,min_number,min_number,result,arg_0,diagnostic,diagnostic
96,2,0,choose,choose,result,arg_0|arg_1,diagnostic,diagnostic
19,2,0,divide,divide,result,arg_0|arg_1,diagnostic,diagnostic
30,1,0,volume_cube,volume_cube,result,arg_0,diagnostic,diagnostic
20,2,0,subtract,subtract,result,arg_0|arg_1,diagnostic,diagnostic
50,1,0,factorial,factorial,result,arg_0,diagnostic,diagnostic
22,2,0,multiply,multiply,result,arg_0|arg_1,diagnostic,diagnostic
31,1,0,negate,negate,result,arg_0,diagnostic,diagnostic
16,2,0,add,add,result,arg_0|arg_1,diagnostic,diagnostic
43,1,0,inverse,inverse,result,arg_0,diagnostic,diagnostic
22,2,0,multiply,multiply,result,arg_0|arg_1,diagnostic,diagnostic
45,1,0,square_area,square_area,result,arg_0,diagnostic,diagnostic
51,2,0,diagonal,diagonal,result,arg_0|arg_1,diagnostic,diagnostic
19,2,0,divide,divide,result,arg_0|arg_1,diagnostic,diagnostic
43,1,0,inverse,inverse,result,arg_0,diagnostic,diagnostic
51,1,0,sqrt,sqrt,result,arg_0,diagnostic,diagnostic
30,2,0,volume_cone,volume_cone,result,arg_0|arg_1,diagnostic,diagnostic
16,2,0,add,add,result,arg_0|arg_1,diagnostic,diagnostic
47,1,0,circle_area,circle_area,result,arg_0,diagnostic,diagnostic
20,2,0,subtract,subtract,result,arg_0|arg_1,diagnostic,diagnostic
22,2,0,multiply,multiply,result,arg_0|arg_1,diagnostic,diagnostic
51,1,0,negate_prob,negate_prob,result,arg_0,diagnostic,diagnostic
43,1,0,inverse,inverse,result,arg_0,diagnostic,diagnostic
40,2,0,speed,speed,result,arg_0|arg_1,diagnostic,diagnostic
16,2,0,add,add,result,arg_0|arg_1,diagnostic,diagnostic
19,2,0,divide,divide,result,arg_0|arg_1,diagnostic,diagnostic
20,2,0,subtract,subtract,result,arg_0|arg_1,diagnostic,diagnostic
45,1,0,square_area,square_area,result,arg_0,diagnostic,diagnostic
52,1,0,cube_edge_by_volume,cube_edge_by_volume,result,arg_0,diagnostic,diagnostic
50,1,0,factorial,factorial,result,arg_0,diagnostic,diagnostic
40,2,0,surface_cylinder,surface_cylinder,result,arg_0|arg_1,diagnostic,diagnostic
19,2,0,divide,divide,result,arg_0|arg_1,diagnostic,diagnostic
16,2,0,add,add,result,arg_0|arg_1,diagnostic,diagnostic
43,1,0,inverse,inverse,result,arg_0,diagnostic,diagnostic
65,2,0,permutation,permutation,result,arg_0|arg_1,diagnostic,diagnostic
20,2,0,subtract,subtract,result,arg_0|arg_1,diagnostic,diagnostic
22,2,0,multiply,multiply,result,arg_0|arg_1,diagnostic,diagnostic
58,2,0,gcd,gcd,result,arg_0|arg_1,diagnostic,diagnostic
57,1,0,square_perimeter,square_perimeter,result,arg_0,diagnostic,diagnostic
138,1,0,calculate_average_except_zeros_and_negatives,calculate_average_except_zeros_and_negatives,output_0,numbers,diagnostic,diagnostic
52,1,0,log_prob,log_prob,output_0,probabilities,diagnostic,diagnostic
229,1,0,compute_degree,compute_degree,output_0,coefficients,diagnostic,diagnostic
71,1,0,print_printables,print_printables,output_0,s,diagnostic,diagnostic
54,1,0,ratio_saliency,ratio_saliency,output_0,time_series,diagnostic,diagnostic
64,2,0,filter_elements,filter_elements,output_0,condition|lst,diagnostic,diagnostic
85,1,0,non_whitespace_substrings,non_whitespace_substrings,output_0,input_str,diagnostic,diagnostic
40,1,0,count_words_from_sentences,count_words_from_sentences,output_0,sentences,diagnostic,diagnostic
63,1,0,get_meta_data,get_meta_data,output_0,func_str,diagnostic,diagnostic
77,2,0,prefix_checker,prefix_checker,output_0,input_string|string_list,diagnostic,diagnostic
57,4,0,idx3d,idx3d,output_0,n|x|y|z,diagnostic,diagnostic
107,1,0,traverse_diagonal,traverse_diagonal,output_0,matrix,diagnostic,diagnostic
50,2,0,beta_value,beta_value,output_0,end|start,diagnostic,diagnostic
91,1,0,parse_list_of_numbers,parse_list_of_numbers,output_0,string,diagnostic,diagnostic
70,2,0,polygon,polygon,output_0,n|r,diagnostic,diagnostic
67,1,0,add_tab,add_tab,output_0,text,diagnostic,diagnostic
59,1,0,get_status_value,get_status_value,output_0,json_str,diagnostic,diagnostic
58,2,0,gcd,gcd,result,arg_0|arg_1,diagnostic,diagnostic
22,2,0,multiply,multiply,result,arg_0|arg_1,diagnostic,diagnostic
96,2,0,choose,choose,result,arg_0|arg_1,diagnostic,diagnostic
43,1,0,inverse,inverse,result,arg_0,diagnostic,diagnostic
50,2,0,lcm,lcm,result,arg_0|arg_1,diagnostic,diagnostic
51,1,0,floor,floor,result,arg_0,diagnostic,diagnostic
16,2,0,add,add,result,arg_0|arg_1,diagnostic,diagnostic
19,2,0,divide,divide,result,arg_0|arg_1,diagnostic,diagnostic
20,2,0,subtract,subtract,result,arg_0|arg_1,diagnostic,diagnostic
40,2,0,speed,speed,result,arg_0|arg_1,diagnostic,diagnostic
65,2,0,permutation,permutation,result,arg_0|arg_1,diagnostic,diagnostic
19,2,0,divide,divide,result,arg_0|arg_1,diagnostic,diagnostic
60,2,0,rectangle_area,rectangle_area,result,arg_0|arg_1,diagnostic,diagnostic
20,2,0,subtract,subtract,result,arg_0|arg_1,diagnostic,diagnostic
50,1,0,factorial,factorial,result,arg_0,diagnostic,diagnostic
51,1,0,sqrt,sqrt,result,arg_0,diagnostic,diagnostic
22,2,0,multiply,multiply,result,arg_0|arg_1,diagnostic,diagnostic
31,1,0,negate,negate,result,arg_0,diagnostic,diagnostic
16,2,0,add,add,result,arg_0|arg_1,diagnostic,diagnostic
43,1,0,inverse,inverse,result,arg_0,diagnostic,diagnostic
43,1,0,inverse,inverse,result,arg_0,diagnostic,diagnostic
19,2,0,divide,divide,result,arg_0|arg_1,diagnostic,diagnostic
31,2,0,rhombus_area,rhombus_area,result,arg_0|arg_1,diagnostic,diagnostic
50,2,0,lcm,lcm,result,arg_0|arg_1,diagnostic,diagnostic
22,2,0,multiply,multiply,result,arg_0|arg_1,diagnostic,diagnostic
30,2,0,volume_cone,volume_cone,result,arg_0|arg_1,diagnostic,diagnostic
16,2,0,add,add,result,arg_0|arg_1,diagnostic,diagnostic
20,2,0,subtract,subtract,result,arg_0|arg_1,diagnostic,diagnostic
57,1,0,square_edge_by_perimeter,square_edge_by_perimeter,result,arg_0,diagnostic,diagnostic
16,2,0,add,add,result,arg_0|arg_1,diagnostic,diagnostic
51,1,0,sqrt,sqrt,result,arg_0,diagnostic,diagnostic
19,2,0,divide,divide,result,arg_0|arg_1,diagnostic,diagnostic
43,1,0,inverse,inverse,result,arg_0,diagnostic,diagnostic
57,1,0,square_edge_by_perimeter,square_edge_by_perimeter,result,arg_0,diagnostic,diagnostic
58,2,0,gcd,gcd,result,arg_0|arg_1,diagnostic,diagnostic
22,2,0,multiply,multiply,result,arg_0|arg_1,diagnostic,diagnostic
30,1,0,volume_cube,volume_cube,result,arg_0,diagnostic,diagnostic
20,2,0,subtract,subtract,result,arg_0|arg_1,diagnostic,diagnostic
57,1,0,square_perimeter,square_perimeter,result,arg_0,diagnostic,diagnostic
118,2,0,increment_or_add,increment_or_add,output_0,dictionary|key,diagnostic,diagnostic
202,1,0,process_strings,process_strings,output_0,input_data,diagnostic,diagnostic
54,1,0,ratio_saliency,ratio_saliency,output_0,time_series,diagnostic,diagnostic
62,1,0,factorial_trailing_zeros,factorial_trailing_zeros,output_0,n,diagnostic,diagnostic
91,1,0,parse_list_of_numbers,parse_list_of_numbers,output_0,string,diagnostic,diagnostic
97,1,0,partition_by_category,partition_by_category,output_0,df,diagnostic,diagnostic
59,2,0,int_to_bit_string,int_to_bit_string,output_0,bits|number,diagnostic,diagnostic
181,1,0,last_two_characters,last_two_characters,output_0,string,diagnostic,diagnostic
85,1,0,non_whitespace_substrings,non_whitespace_substrings,output_0,input_str,diagnostic,diagnostic
40,1,0,count_words_from_sentences,count_words_from_sentences,output_0,sentences,diagnostic,diagnostic
98,1,0,get_attributes_as_dict,get_attributes_as_dict,output_0,instance,diagnostic,diagnostic
143,1,0,random_non_stopword,random_non_stopword,output_0,file_path,diagnostic,diagnostic
73,2,0,get_keys_with_same_value,get_keys_with_same_value,output_0,dictionary|value,diagnostic,diagnostic
107,1,0,traverse_diagonal,traverse_diagonal,output_0,matrix,diagnostic,diagnostic
73,2,0,gradient_matrix_multiplication,gradient_matrix_multiplication,output_0,W|X,diagnostic,diagnostic
50,1,0,extract_numeric_values,extract_numeric_values,output_0,input_string,diagnostic,diagnostic
202,1,0,create_dictionary_from_database_query,create_dictionary_from_database_query,output_0,results,diagnostic,diagnostic
87,1,0,stable_sigmoid,stable_sigmoid,output_0,x,diagnostic,diagnostic
229,1,0,compute_degree,compute_degree,output_0,coefficients,diagnostic,diagnostic
55,2,0,calc_vector_distances,calc_vector_distances,output_0,vector_a|vector_b,diagnostic,diagnostic
229,1,0,compute_degree,compute_degree,output_0,coefficients,diagnostic,diagnostic
52,1,0,validate_ip,validate_ip,output_0,ip_str,diagnostic,diagnostic
66,1,0,convert_to_spherical,convert_to_spherical,output_0,coordinates,diagnostic,diagnostic
32,2,0,my_concat,my_concat,output_0,list1|list2,diagnostic,diagnostic
51,1,0,get_sign,get_sign,output_0,n,diagnostic,diagnostic
172,1,0,read_file_into_dict,read_file_into_dict,output_0,file_path,diagnostic,diagnostic
54,1,0,ratio_saliency,ratio_saliency,output_0,time_series,diagnostic,diagnostic
87,1,0,consecutive_character_counts,consecutive_character_counts,output_0,string,diagnostic,diagnostic
190,1,0,convert_to_class_names,convert_to_class_names,output_0,input_string,diagnostic,diagnostic
91,1,0,parse_list_of_numbers,parse_list_of_numbers,output_0,string,diagnostic,diagnostic
40,1,0,count_words_from_sentences,count_words_from_sentences,output_0,sentences,diagnostic,diagnostic
85,1,0,non_whitespace_substrings,non_whitespace_substrings,output_0,input_str,diagnostic,diagnostic
107,1,0,traverse_diagonal,traverse_diagonal,output_0,matrix,diagnostic,diagnostic
75,1,0,count_objects_with_name_starting_with_a_or_b,count_objects_with_name_starting_with_a_or_b,output_0,objects,diagnostic,diagnostic
137,2,0,get_number_of_days_in_month,get_number_of_days_in_month,output_0,month|year,diagnostic,diagnostic
172,2,0,get_dict_from_keys,get_dict_from_keys,output_0,d|l,diagnostic,diagnostic
57,2,0,scale_linearly,scale_linearly,output_0,lst|scale,diagnostic,diagnostic
19,2,0,divide,divide,result,arg_0|arg_1,diagnostic,diagnostic
36,1,0,surface_cube,surface_cube,result,arg_0,diagnostic,diagnostic
34,2,0,volume_cylinder,volume_cylinder,result,arg_0|arg_1,diagnostic,diagnostic
20,2,0,subtract,subtract,result,arg_0|arg_1,diagnostic,diagnostic
52,1,0,cube_edge_by_volume,cube_edge_by_volume,result,arg_0,diagnostic,diagnostic
43,1,0,inverse,inverse,result,arg_0,diagnostic,diagnostic
16,2,0,add,add,result,arg_0|arg_1,diagnostic,diagnostic
31,2,0,rhombus_area,rhombus_area,result,arg_0|arg_1,diagnostic,diagnostic
22,2,0,multiply,multiply,result,arg_0|arg_1,diagnostic,diagnostic
107,1,0,traverse_diagonal,traverse_diagonal,output_0,matrix,diagnostic,diagnostic
40,1,0,count_words_from_sentences,count_words_from_sentences,output_0,sentences,diagnostic,diagnostic
112,2,0,construct_xpath_query,construct_xpath_query,output_0,root_element|target_attribute,diagnostic,diagnostic
229,1,0,compute_degree,compute_degree,output_0,coefficients,diagnostic,diagnostic
54,1,0,ratio_saliency,ratio_saliency,output_0,time_series,diagnostic,diagnostic
65,1,0,count_words_in_words,count_words_in_words,output_0,words,diagnostic,diagnostic
90,2,0,count_occurrences_lazy,count_occurrences_lazy,output_0,pattern|string,diagnostic,diagnostic
57,2,0,division_floor,division_floor,output_0,x|y,diagnostic,diagnostic
85,1,0,non_whitespace_substrings,non_whitespace_substrings,output_0,input_str,diagnostic,diagnostic
91,1,0,parse_list_of_numbers,parse_list_of_numbers,output_0,string,diagnostic,diagnostic
87,1,0,get_timestamp_from_filename,get_timestamp_from_filename,output_0,filepath,diagnostic,diagnostic
142,1,0,is_member_of_coset,is_member_of_coset,output_0,x,diagnostic,diagnostic
75,1,0,get_active_objects,get_active_objects,output_0,objects,diagnostic,diagnostic
76,1,0,keep_only_images,keep_only_images,output_0,path,diagnostic,diagnostic
91,1,0,center_and_covariance,center_and_covariance,output_0,ts_data,diagnostic,diagnostic
82,1,0,url_encode,url_encode,output_0,string,diagnostic,diagnostic
107,1,0,traverse_diagonal,traverse_diagonal,output_0,matrix,diagnostic,diagnostic
54,1,0,ratio_saliency,ratio_saliency,output_0,time_series,diagnostic,diagnostic
48,2,0,chunked,chunked,output_0,chunk_size|string,diagnostic,diagnostic
67,1,0,get_person_names,get_person_names,output_0,people,diagnostic,diagnostic
85,1,0,non_whitespace_substrings,non_whitespace_substrings,output_0,input_str,diagnostic,diagnostic
229,1,0,compute_degree,compute_degree,output_0,coefficients,diagnostic,diagnostic
36,2,0,product_of_vectors,product_of_vectors,output_0,vector1|vector2,diagnostic,diagnostic
180,1,0,process_urls,process_urls,output_0,input_list,diagnostic,diagnostic
82,2,0,bool_indicator,bool_indicator,output_0,threshold|x,diagnostic,diagnostic
79,1,0,calculate_average,calculate_average,output_0,numbers,diagnostic,diagnostic
182,1,0,get_max_by_value,get_max_by_value,output_0,tuple_list,diagnostic,diagnostic
34,1,0,parse_tuple,parse_tuple,output_0,string,diagnostic,diagnostic
201,2,0,generate_target,generate_target,output_0,content|n,diagnostic,diagnostic
61,1,0,scale_to_zero_mean_and_unit_variance,scale_to_zero_mean_and_unit_variance,output_0,x,diagnostic,diagnostic
40,1,0,count_words_from_sentences,count_words_from_sentences,output_0,sentences,diagnostic,diagnostic
35,1,0,read_first_10_bytes,read_first_10_bytes,output_0,file_path,diagnostic,diagnostic
91,1,0,parse_list_of_numbers,parse_list_of_numbers,output_0,string,diagnostic,diagnostic
229,1,0,compute_degree,compute_degree,output_0,coefficients,diagnostic,diagnostic
85,1,0,non_whitespace_substrings,non_whitespace_substrings,output_0,input_str,diagnostic,diagnostic
91,1,0,parse_list_of_numbers,parse_list_of_numbers,output_0,string,diagnostic,diagnostic
61,1,0,format_diff_minutes,format_diff_minutes,output_0,diff_minutes,diagnostic,diagnostic
51,1,0,extract_urls_from_input,extract_urls_from_input,output_0,input_structure,diagnostic,diagnostic
40,1,0,count_words_from_sentences,count_words_from_sentences,output_0,sentences,diagnostic,diagnostic
79,2,0,get_arg,get_arg,output_0,args|key,diagnostic,diagnostic
87,1,0,get_sha256,get_sha,output_0,file_path,diagnostic,diagnostic
140,3,0,get_param_value,get_param_value,output_0,boolean_flag|default_value|param_name,diagnostic,diagnostic
67,1,0,get_hash_with_largest_id,get_hash_with_largest_id,output_0,hashes,diagnostic,diagnostic
107,1,0,traverse_diagonal,traverse_diagonal,output_0,matrix,diagnostic,diagnostic
139,4,0,calculate_sum_and_percentage,calculate_sum_and_percentage,output_0,a|b|c|d,diagnostic,diagnostic
76,3,0,ode_model,ode_model,output_0,C0|r|t,diagnostic,diagnostic
44,1,0,format_as_html,format_as_html,output_0,data,diagnostic,diagnostic
45,1,0,map_objects_by_id,map_objects_by_id,output_0,objects,diagnostic,diagnostic
72,1,0,replace_chars_with_ascii,replace_chars_with_ascii,output_0,input_string,diagnostic,diagnostic
54,1,0,ratio_saliency,ratio_saliency,output_0,time_series,diagnostic,diagnostic
43,1,0,inverse,inverse,result,arg_0,diagnostic,diagnostic
20,2,0,subtract,subtract,result,arg_0|arg_1,diagnostic,diagnostic
54,2,0,triangle_area,triangle_area,result,arg_0|arg_1,diagnostic,diagnostic
22,2,0,multiply,multiply,result,arg_0|arg_1,diagnostic,diagnostic
36,1,0,surface_cube,surface_cube,result,arg_0,diagnostic,diagnostic
46,1,0,min_number,min_number,result,arg_0,diagnostic,diagnostic
19,2,0,divide,divide,result,arg_0|arg_1,diagnostic,diagnostic
40,2,0,surface_cylinder,surface_cylinder,result,arg_0|arg_1,diagnostic,diagnostic
16,2,0,add,add,result,arg_0|arg_1,diagnostic,diagnostic
40,2,0,surface_cylinder,surface_cylinder,result,arg_0|arg_1,diagnostic,diagnostic
51,1,0,sqrt,sqrt,result,arg_0,diagnostic,diagnostic
20,2,0,subtract,subtract,result,arg_0|arg_1,diagnostic,diagnostic
22,2,0,multiply,multiply,result,arg_0|arg_1,diagnostic,diagnostic
38,2,0,rectangle_perimeter,rectangle_perimeter,result,arg_0|arg_1,diagnostic,diagnostic
43,1,0,inverse,inverse,result,arg_0,diagnostic,diagnostic
16,2,0,add,add,result,arg_0|arg_1,diagnostic,diagnostic
32,1,0,volume_sphere,volume_sphere,result,arg_0,diagnostic,diagnostic
19,2,0,divide,divide,result,arg_0|arg_1,diagnostic,diagnostic
16,2,0,add,add,result,arg_0|arg_1,diagnostic,diagnostic
52,1,0,square_edge_by_area,square_edge_by_area,result,arg_0,diagnostic,diagnostic
38,1,0,surface_sphere,surface_sphere,result,arg_0,diagnostic,diagnostic
22,2,0,multiply,multiply,result,arg_0|arg_1,diagnostic,diagnostic
43,1,0,inverse,inverse,result,arg_0,diagnostic,diagnostic
30,1,0,volume_cube,volume_cube,result,arg_0,diagnostic,diagnostic
20,2,0,subtract,subtract,result,arg_0|arg_1,diagnostic,diagnostic
51,2,0,diagonal,diagonal,result,arg_0|arg_1,diagnostic,diagnostic
19,2,0,divide,divide,result,arg_0|arg_1,diagnostic,diagnostic
73,2,0,log,log,result,arg_0|arg_1,diagnostic,diagnostic
94,2,0,check_whether_the_student_has_the_permission_to_skip_the_class,check_whether_the_student_has_the_permission_to_skip_the_class,output_0,student_age|student_name,diagnostic,diagnostic
107,1,0,traverse_diagonal,traverse_diagonal,output_0,matrix,diagnostic,diagnostic
233,2,0,get_output_file,get_output_file,output_0,file_name|flag,diagnostic,diagnostic
222,1,0,dict_values_to_lists,dict_values_to_lists,output_0,input_dict,diagnostic,diagnostic
229,1,0,compute_degree,compute_degree,output_0,coefficients,diagnostic,diagnostic
122,2,0,calculate_ber,calculate_ber,output_0,fpr_list|tpr_list,diagnostic,diagnostic
47,2,0,create_bulleted_list,create_bulleted_list,output_0,bold|items,diagnostic,diagnostic
207,1,0,make_relative,make_relative,output_0,paths,diagnostic,diagnostic
122,4,0,get_rectangle_area,get_rectangle_area,output_0,x1|x2|y1|y2,diagnostic,diagnostic
252,2,0,generate_range,generate_range,output_0,n|start,diagnostic,diagnostic
85,1,0,non_whitespace_substrings,non_whitespace_substrings,output_0,input_str,diagnostic,diagnostic
40,1,0,count_words_from_sentences,count_words_from_sentences,output_0,sentences,diagnostic,diagnostic
54,1,0,ratio_saliency,ratio_saliency,output_0,time_series,diagnostic,diagnostic
93,3,0,fit_polynomial,fit_polynomial,output_0,order|x|y,diagnostic,diagnostic
76,1,0,replace_hello_with_bye,replace_hello_with_bye,output_0,text,diagnostic,diagnostic
58,1,0,select_first_element_of_each_list,select_first_element_of_each_list,output_0,lst,diagnostic,diagnostic
91,1,0,parse_list_of_numbers,parse_list_of_numbers,output_0,string,diagnostic,diagnostic
96,2,0,choose,choose,result,arg_0|arg_1,diagnostic,diagnostic
20,2,0,subtract,subtract,result,arg_0|arg_1,diagnostic,diagnostic
34,2,0,volume_cylinder,volume_cylinder,result,arg_0|arg_1,diagnostic,diagnostic
22,2,0,multiply,multiply,result,arg_0|arg_1,diagnostic,diagnostic
46,1,0,max_number,max_number,result,arg_0,diagnostic,diagnostic
43,1,0,inverse,inverse,result,arg_0,diagnostic,diagnostic
16,2,0,add,add,result,arg_0|arg_1,diagnostic,diagnostic
36,1,0,surface_cube,surface_cube,result,arg_0,diagnostic,diagnostic
19,2,0,divide,divide,result,arg_0|arg_1,diagnostic,diagnostic
45,1,0,square_area,square_area,result,arg_0,diagnostic,diagnostic
19,2,0,divide,divide,result,arg_0|arg_1,diagnostic,diagnostic
73,2,0,log,log,result,arg_0|arg_1,diagnostic,diagnostic
43,1,0,inverse,inverse,result,arg_0,diagnostic,diagnostic
20,2,0,subtract,subtract,result,arg_0|arg_1,diagnostic,diagnostic
57,1,0,square_perimeter,square_perimeter,result,arg_0,diagnostic,diagnostic
22,2,0,multiply,multiply,result,arg_0|arg_1,diagnostic,diagnostic
16,2,0,add,add,result,arg_0|arg_1,diagnostic,diagnostic
46,1,0,min_number,min_number,result,arg_0,diagnostic,diagnostic
31,1,0,negate,negate,result,arg_0,diagnostic,diagnostic
65,2,0,permutation,permutation,result,arg_0|arg_1,diagnostic,diagnostic
22,2,0,multiply,multiply,result,arg_0|arg_1,diagnostic,diagnostic
47,1,0,circle_area,circle_area,result,arg_0,diagnostic,diagnostic
43,1,0,inverse,inverse,result,arg_0,diagnostic,diagnostic
32,1,0,volume_sphere,volume_sphere,result,arg_0,diagnostic,diagnostic
73,2,0,log,log,result,arg_0|arg_1,diagnostic,diagnostic
20,2,0,subtract,subtract,result,arg_0|arg_1,diagnostic,diagnostic
19,2,0,divide,divide,result,arg_0|arg_1,diagnostic,diagnostic
16,2,0,add,add,result,arg_0|arg_1,diagnostic,diagnostic
50,1,0,factorial,factorial,result,arg_0,diagnostic,diagnostic
51,1,0,floor,floor,result,arg_0,diagnostic,diagnostic
54,2,0,triangle_area,triangle_area,result,arg_0|arg_1,diagnostic,diagnostic
36,1,0,surface_cube,surface_cube,result,arg_0,diagnostic,diagnostic
43,1,0,inverse,inverse,result,arg_0,diagnostic,diagnostic
19,2,0,divide,divide,result,arg_0|arg_1,diagnostic,diagnostic
50,1,0,factorial,factorial,result,arg_0,diagnostic,diagnostic
20,2,0,subtract,subtract,result,arg_0|arg_1,diagnostic,diagnostic
31,1,0,negate,negate,result,arg_0,diagnostic,diagnostic
16,2,0,add,add,result,arg_0|arg_1,diagnostic,diagnostic
22,2,0,multiply,multiply,result,arg_0|arg_1,diagnostic,diagnostic
19,2,0,divide,divide,result,arg_0|arg_1,diagnostic,diagnostic
46,1,0,min_number,min_number,result,arg_0,diagnostic,diagnostic
34,2,0,volume_cylinder,volume_cylinder,result,arg_0|arg_1,diagnostic,diagnostic
96,2,0,choose,choose,result,arg_0|arg_1,diagnostic,diagnostic
22,2,0,multiply,multiply,result,arg_0|arg_1,diagnostic,diagnostic
16,2,0,add,add,result,arg_0|arg_1,diagnostic,diagnostic
43,1,0,inverse,inverse,result,arg_0,diagnostic,diagnostic
38,1,0,surface_sphere,surface_sphere,result,arg_0,diagnostic,diagnostic
32,1,0,volume_sphere,volume_sphere,result,arg_0,diagnostic,diagnostic
20,2,0,subtract,subtract,result,arg_0|arg_1,diagnostic,diagnostic
51,1,0,sqrt,sqrt,result,arg_0,diagnostic,diagnostic
52,1,0,cube_edge_by_volume,cube_edge_by_volume,result,arg_0,diagnostic,diagnostic
20,2,0,subtract,subtract,result,arg_0|arg_1,diagnostic,diagnostic
51,1,0,negate_prob,negate_prob,result,arg_0,diagnostic,diagnostic
22,2,0,multiply,multiply,result,arg_0|arg_1,diagnostic,diagnostic
16,2,0,add,add,result,arg_0|arg_1,diagnostic,diagnostic
43,1,0,inverse,inverse,result,arg_0,diagnostic,diagnostic
51,1,0,floor,floor,result,arg_0,diagnostic,diagnostic
19,2,0,divide,divide,result,arg_0|arg_1,diagnostic,diagnostic
96,2,0,choose,choose,result,arg_0|arg_1,diagnostic,diagnostic
19,2,0,divide,divide,result,arg_0|arg_1,diagnostic,diagnostic
58,2,0,gcd,gcd,result,arg_0|arg_1,diagnostic,diagnostic
20,2,0,subtract,subtract,result,arg_0|arg_1,diagnostic,diagnostic
32,1,0,volume_sphere,volume_sphere,result,arg_0,diagnostic,diagnostic
54,2,0,triangle_area,triangle_area,result,arg_0|arg_1,diagnostic,diagnostic
46,1,0,min_number,min_number,result,arg_0,diagnostic,diagnostic
43,1,0,inverse,inverse,result,arg_0,diagnostic,diagnostic
16,2,0,add,add,result,arg_0|arg_1,diagnostic,diagnostic
22,2,0,multiply,multiply,result,arg_0|arg_1,diagnostic,diagnostic
19,2,0,divide,divide,result,arg_0|arg_1,diagnostic,diagnostic
38,1,0,surface_sphere,surface_sphere,result,arg_0,diagnostic,diagnostic
40,2,0,speed,speed,result,arg_0|arg_1,diagnostic,diagnostic
73,2,0,log,log,result,arg_0|arg_1,diagnostic,diagnostic
16,2,0,add,add,result,arg_0|arg_1,diagnostic,diagnostic
22,2,0,multiply,multiply,result,arg_0|arg_1,diagnostic,diagnostic
20,2,0,subtract,subtract,result,arg_0|arg_1,diagnostic,diagnostic
43,1,0,inverse,inverse,result,arg_0,diagnostic,diagnostic
43,1,0,inverse,inverse,result,arg_0,diagnostic,diagnostic
54,2,0,triangle_area,triangle_area,result,arg_0|arg_1,diagnostic,diagnostic
16,2,0,add,add,result,arg_0|arg_1,diagnostic,diagnostic
47,1,0,circle_area,circle_area,result,arg_0,diagnostic,diagnostic
51,1,0,negate_prob,negate_prob,result,arg_0,diagnostic,diagnostic
46,1,0,min_number,min_number,result,arg_0,diagnostic,diagnostic
19,2,0,divide,divide,result,arg_0|arg_1,diagnostic,diagnostic
22,2,0,multiply,multiply,result,arg_0|arg_1,diagnostic,diagnostic
20,2,0,subtract,subtract,result,arg_0|arg_1,diagnostic,diagnostic
57,1,0,square_perimeter,square_perimeter,result,arg_0,diagnostic,diagnostic
50,1,0,factorial,factorial,result,arg_0,diagnostic,diagnostic
47,1,0,circle_area,circle_area,result,arg_0,diagnostic,diagnostic
43,1,0,inverse,inverse,result,arg_0,diagnostic,diagnostic
52,1,0,cube_edge_by_volume,cube_edge_by_volume,result,arg_0,diagnostic,diagnostic
19,2,0,divide,divide,result,arg_0|arg_1,diagnostic,diagnostic
57,1,0,square_perimeter,square_perimeter,result,arg_0,diagnostic,diagnostic
22,2,0,multiply,multiply,result,arg_0|arg_1,diagnostic,diagnostic
20,2,0,subtract,subtract,result,arg_0|arg_1,diagnostic,diagnostic
16,2,0,add,add,result,arg_0|arg_1,diagnostic,diagnostic
32,1,0,volume_sphere,volume_sphere,result,arg_0,diagnostic,diagnostic
107,1,0,traverse_diagonal,traverse_diagonal,output_0,matrix,diagnostic,diagnostic
132,2,0,image_padding,image_padding,output_0,image|padding,diagnostic,diagnostic
229,1,0,compute_degree,compute_degree,output_0,coefficients,diagnostic,diagnostic
208,1,0,convert_to_url_path,convert_to_url_path,output_0,path,diagnostic,diagnostic
40,1,0,count_words_from_sentences,count_words_from_sentences,output_0,sentences,diagnostic,diagnostic
53,2,0,check_image_dimensions,check_image_dimensions,output_0,height|width,diagnostic,diagnostic
85,1,0,non_whitespace_substrings,non_whitespace_substrings,output_0,input_str,diagnostic,diagnostic
101,1,0,sum_values,sum_values,output_0,dictionary,diagnostic,diagnostic
54,1,0,ratio_saliency,ratio_saliency,output_0,time_series,diagnostic,diagnostic
264,2,0,integer_list_to_string,integer_list_to_string,output_0,file_path|integer_list,diagnostic,diagnostic
91,1,0,parse_list_of_numbers,parse_list_of_numbers,output_0,string,diagnostic,diagnostic
56,2,0,make_lists,make_lists,output_0,numbers|size,diagnostic,diagnostic
74,2,0,remap_keys,remap_keys,output_0,columns|data,diagnostic,diagnostic
31,2,0,rhombus_area,rhombus_area,result,arg_0|arg_1,diagnostic,diagnostic
43,1,0,inverse,inverse,result,arg_0,diagnostic,diagnostic
60,2,0,rectangle_area,rectangle_area,result,arg_0|arg_1,diagnostic,diagnostic
20,2,0,subtract,subtract,result,arg_0|arg_1,diagnostic,diagnostic
22,2,0,multiply,multiply,result,arg_0|arg_1,diagnostic,diagnostic
19,2,0,divide,divide,result,arg_0|arg_1,diagnostic,diagnostic
51,1,0,floor,floor,result,arg_0,diagnostic,diagnostic
16,2,0,add,add,result,arg_0|arg_1,diagnostic,diagnostic
50,2,0,lcm,lcm,result,arg_0|arg_1,diagnostic,diagnostic
22,2,0,multiply,multiply,result,arg_0|arg_1,diagnostic,diagnostic
31,1,0,negate,negate,result,arg_0,diagnostic,diagnostic
16,2,0,add,add,result,arg_0|arg_1,diagnostic,diagnostic
43,1,0,inverse,inverse,result,arg_0,diagnostic,diagnostic
41,2,0,reminder,reminder,result,arg_0|arg_1,diagnostic,diagnostic
20,2,0,subtract,subtract,result,arg_0|arg_1,diagnostic,diagnostic
73,2,0,log,log,result,arg_0|arg_1,diagnostic,diagnostic
19,2,0,divide,divide,result,arg_0|arg_1,diagnostic,diagnostic
57,1,0,square_edge_by_perimeter,square_edge_by_perimeter,result,arg_0,diagnostic,diagnostic
52,1,0,square_edge_by_area,square_edge_by_area,result,arg_0,diagnostic,diagnostic
31,1,0,negate,negate,result,arg_0,diagnostic,diagnostic
20,2,0,subtract,subtract,result,arg_0|arg_1,diagnostic,diagnostic
22,2,0,multiply,multiply,result,arg_0|arg_1,diagnostic,diagnostic
16,2,0,add,add,result,arg_0|arg_1,diagnostic,diagnostic
52,1,0,cube_edge_by_volume,cube_edge_by_volume,result,arg_0,diagnostic,diagnostic
43,1,0,inverse,inverse,result,arg_0,diagnostic,diagnostic
51,2,0,diagonal,diagonal,result,arg_0|arg_1,diagnostic,diagnostic
25,2,0,power,power,result,arg_0|arg_1,diagnostic,diagnostic
19,2,0,divide,divide,result,arg_0|arg_1,diagnostic,diagnostic
57,1,0,square_edge_by_perimeter,square_edge_by_perimeter,result,arg_0,diagnostic,diagnostic
74,1,0,both_positive_and_negative,both_positive_and_negative,output_0,nums,diagnostic,diagnostic
229,1,0,compute_degree,compute_degree,output_0,coefficients,diagnostic,diagnostic
59,2,0,calculate_toa_flux,calculate_toa_flux,output_0,cos_dir|flux,diagnostic,diagnostic
89,2,0,find_patterns,find_patterns,output_0,input_string|regex,diagnostic,diagnostic
39,2,0,convert_zigzag,convert_zigzag,output_0,num_rows|s,diagnostic,diagnostic
85,1,0,non_whitespace_substrings,non_whitespace_substrings,output_0,input_str,diagnostic,diagnostic
46,1,0,identity_matrix,identity_matrix,output_0,tensor,diagnostic,diagnostic
54,1,0,ratio_saliency,ratio_saliency,output_0,time_series,diagnostic,diagnostic
59,0,0,get_runtime_environment,get_runtime_environment,output_0,,diagnostic,diagnostic
68,1,0,tokenize_line,tokenize_line,output_0,line,diagnostic,diagnostic
91,1,0,parse_list_of_numbers,parse_list_of_numbers,output_0,string,diagnostic,diagnostic
44,2,0,generate_ns_uuid,generate_ns_uuid,output_0,name|namespace,diagnostic,diagnostic
107,1,0,traverse_diagonal,traverse_diagonal,output_0,matrix,diagnostic,diagnostic
78,1,0,get_strings,get_strings,output_0,items,diagnostic,diagnostic
40,1,0,count_words_from_sentences,count_words_from_sentences,output_0,sentences,diagnostic,diagnostic
51,2,0,diagonal,diagonal,result,arg_0|arg_1,diagnostic,diagnostic
43,1,0,inverse,inverse,result,arg_0,diagnostic,diagnostic
16,2,0,add,add,result,arg_0|arg_1,diagnostic,diagnostic
41,2,0,reminder,reminder,result,arg_0|arg_1,diagnostic,diagnostic
51,1,0,negate_prob,negate_prob,result,arg_0,diagnostic,diagnostic
22,2,0,multiply,multiply,result,arg_0|arg_1,diagnostic,diagnostic
96,2,0,choose,choose,result,arg_0|arg_1,diagnostic,diagnostic
20,2,0,subtract,subtract,result,arg_0|arg_1,diagnostic,diagnostic
19,2,0,divide,divide,result,arg_0|arg_1,diagnostic,diagnostic
31,2,0,rhombus_area,rhombus_area,result,arg_0|arg_1,diagnostic,diagnostic
22,2,0,multiply,multiply,result,arg_0|arg_1,diagnostic,diagnostic
20,2,0,subtract,subtract,result,arg_0|arg_1,diagnostic,diagnostic
19,2,0,divide,divide,result,arg_0|arg_1,diagnostic,diagnostic
32,1,0,volume_sphere,volume_sphere,result,arg_0,diagnostic,diagnostic
39,1,0,circumface,circumface,result,arg_0,diagnostic,diagnostic
50,1,0,factorial,factorial,result,arg_0,diagnostic,diagnostic
52,1,0,cube_edge_by_volume,cube_edge_by_volume,result,arg_0,diagnostic,diagnostic
73,2,0,log,log,result,arg_0|arg_1,diagnostic,diagnostic
43,1,0,inverse,inverse,result,arg_0,diagnostic,diagnostic
16,2,0,add,add,result,arg_0|arg_1,diagnostic,diagnostic
19,2,0,divide,divide,result,arg_0|arg_1,diagnostic,diagnostic
50,1,0,factorial,factorial,result,arg_0,diagnostic,diagnostic
51,1,0,floor,floor,result,arg_0,diagnostic,diagnostic
65,2,0,permutation,permutation,result,arg_0|arg_1,diagnostic,diagnostic
22,2,0,multiply,multiply,result,arg_0|arg_1,diagnostic,diagnostic
20,2,0,subtract,subtract,result,arg_0|arg_1,diagnostic,diagnostic
43,1,0,inverse,inverse,result,arg_0,diagnostic,diagnostic
16,2,0,add,add,result,arg_0|arg_1,diagnostic,diagnostic
43,1,0,inverse,inverse,result,arg_0,diagnostic,diagnostic
39,1,0,circumface,circumface,result,arg_0,diagnostic,diagnostic
38,2,0,rectangle_perimeter,rectangle_perimeter,result,arg_0|arg_1,diagnostic,diagnostic
20,2,0,subtract,subtract,result,arg_0|arg_1,diagnostic,diagnostic
19,2,0,divide,divide,result,arg_0|arg_1,diagnostic,diagnostic
36,1,0,surface_cube,surface_cube,result,arg_0,diagnostic,diagnostic
22,2,0,multiply,multiply,result,arg_0|arg_1,diagnostic,diagnostic
40,2,0,speed,speed,result,arg_0|arg_1,diagnostic,diagnostic
16,2,0,add,add,result,arg_0|arg_1,diagnostic,diagnostic
50,1,0,factorial,factorial,result,arg_0,diagnostic,diagnostic
40,2,0,speed,speed,result,arg_0|arg_1,diagnostic,diagnostic
30,2,0,volume_cone,volume_cone,result,arg_0|arg_1,diagnostic,diagnostic
20,2,0,subtract,subtract,result,arg_0|arg_1,diagnostic,diagnostic
43,1,0,inverse,inverse,result,arg_0,diagnostic,diagnostic
19,2,0,divide,divide,result,arg_0|arg_1,diagnostic,diagnostic
22,2,0,multiply,multiply,result,arg_0|arg_1,diagnostic,diagnostic
30,1,0,volume_cube,volume_cube,result,arg_0,diagnostic,diagnostic
16,2,0,add,add,result,arg_0|arg_1,diagnostic,diagnostic
57,1,0,square_edge_by_perimeter,square_edge_by_perimeter,result,arg_0,diagnostic,diagnostic
19,2,0,divide,divide,result,arg_0|arg_1,diagnostic,diagnostic
20,2,0,subtract,subtract,result,arg_0|arg_1,diagnostic,diagnostic
16,2,0,add,add,result,arg_0|arg_1,diagnostic,diagnostic
51,1,0,negate_prob,negate_prob,result,arg_0,diagnostic,diagnostic
51,1,0,floor,floor,result,arg_0,diagnostic,diagnostic
54,2,0,triangle_area,triangle_area,result,arg_0|arg_1,diagnostic,diagnostic
43,1,0,inverse,inverse,result,arg_0,diagnostic,diagnostic
52,1,0,square_edge_by_area,square_edge_by_area,result,arg_0,diagnostic,diagnostic
22,2,0,multiply,multiply,result,arg_0|arg_1,diagnostic,diagnostic
45,1,0,square_area,square_area,result,arg_0,diagnostic,diagnostic
77,1,0,pad_to_len,pad_to_len,output_0,num,diagnostic,diagnostic
107,1,0,traverse_diagonal,traverse_diagonal,output_0,matrix,diagnostic,diagnostic
70,1,0,find_cat_dog,find_cat_dog,output_0,strings,diagnostic,diagnostic
54,1,0,ratio_saliency,ratio_saliency,output_0,time_series,diagnostic,diagnostic
110,2,0,find_intersection,find_intersection,output_0,A|B,diagnostic,diagnostic
115,1,0,get_substrings_after_api,get_substrings_after_api,output_0,file_path,diagnostic,diagnostic
85,1,0,non_whitespace_substrings,non_whitespace_substrings,output_0,input_str,diagnostic,diagnostic
94,2,0,has_common_words,has_common_words,output_0,a|b,diagnostic,diagnostic
223,1,0,convert_string_to_float,convert_string_to_float,output_0,string,diagnostic,diagnostic
229,1,0,compute_degree,compute_degree,output_0,coefficients,diagnostic,diagnostic
40,1,0,count_words_from_sentences,count_words_from_sentences,output_0,sentences,diagnostic,diagnostic
62,2,0,add_feature,add_feature,output_0,dictionary|filename,diagnostic,diagnostic
273,1,0,load_json_lines,load_json_lines,output_0,filename,diagnostic,diagnostic
91,1,0,parse_list_of_numbers,parse_list_of_numbers,output_0,string,diagnostic,diagnostic
50,1,0,factorial,factorial,result,arg_0,diagnostic,diagnostic
31,1,0,negate,negate,result,arg_0,diagnostic,diagnostic
19,2,0,divide,divide,result,arg_0|arg_1,diagnostic,diagnostic
22,2,0,multiply,multiply,result,arg_0|arg_1,diagnostic,diagnostic
43,1,0,inverse,inverse,result,arg_0,diagnostic,diagnostic
51,1,0,floor,floor,result,arg_0,diagnostic,diagnostic
16,2,0,add,add,result,arg_0|arg_1,diagnostic,diagnostic
96,2,0,choose,choose,result,arg_0|arg_1,diagnostic,diagnostic
20,2,0,subtract,subtract,result,arg_0|arg_1,diagnostic,diagnostic
38,2,0,rectangle_perimeter,rectangle_perimeter,result,arg_0|arg_1,diagnostic,diagnostic
57,1,0,square_perimeter,square_perimeter,result,arg_0,diagnostic,diagnostic
19,2,0,divide,divide,result,arg_0|arg_1,diagnostic,diagnostic
22,2,0,multiply,multiply,result,arg_0|arg_1,diagnostic,diagnostic
43,1,0,inverse,inverse,result,arg_0,diagnostic,diagnostic
16,2,0,add,add,result,arg_0|arg_1,diagnostic,diagnostic
20,2,0,subtract,subtract,result,arg_0|arg_1,diagnostic,diagnostic
65,2,0,permutation,permutation,result,arg_0|arg_1,diagnostic,diagnostic
46,1,0,max_number,max_number,result,arg_0,diagnostic,diagnostic
30,1,0,volume_cube,volume_cube,result,arg_0,diagnostic,diagnostic
43,1,0,inverse,inverse,result,arg_0,diagnostic,diagnostic
22,2,0,multiply,multiply,result,arg_0|arg_1,diagnostic,diagnostic
30,1,0,volume_cube,volume_cube,result,arg_0,diagnostic,diagnostic
51,1,0,sqrt,sqrt,result,arg_0,diagnostic,diagnostic
47,1,0,circle_area,circle_area,result,arg_0,diagnostic,diagnostic
20,2,0,subtract,subtract,result,arg_0|arg_1,diagnostic,diagnostic
30,2,0,volume_cone,volume_cone,result,arg_0|arg_1,diagnostic,diagnostic
25,2,0,power,power,result,arg_0|arg_1,diagnostic,diagnostic
19,2,0,divide,divide,result,arg_0|arg_1,diagnostic,diagnostic
16,2,0,add,add,result,arg_0|arg_1,diagnostic,diagnostic
16,2,0,add,add,result,arg_0|arg_1,diagnostic,diagnostic
38,2,0,rectangle_perimeter,rectangle_perimeter,result,arg_0|arg_1,diagnostic,diagnostic
43,1,0,inverse,inverse,result,arg_0,diagnostic,diagnostic
54,2,0,triangle_area,triangle_area,result,arg_0|arg_1,diagnostic,diagnostic
22,2,0,multiply,multiply,result,arg_0|arg_1,diagnostic,diagnostic
19,2,0,divide,divide,result,arg_0|arg_1,diagnostic,diagnostic
20,2,0,subtract,subtract,result,arg_0|arg_1,diagnostic,diagnostic
30,1,0,volume_cube,volume_cube,result,arg_0,diagnostic,diagnostic
41,2,0,reminder,reminder,result,arg_0|arg_1,diagnostic,diagnostic
50,2,0,lcm,lcm,result,arg_0|arg_1,diagnostic,diagnostic
16,2,0,add,add,result,arg_0|arg_1,diagnostic,diagnostic
19,2,0,divide,divide,result,arg_0|arg_1,diagnostic,diagnostic
50,1,0,factorial,factorial,result,arg_0,diagnostic,diagnostic
43,1,0,inverse,inverse,result,arg_0,diagnostic,diagnostic
60,2,0,rectangle_area,rectangle_area,result,arg_0|arg_1,diagnostic,diagnostic
22,2,0,multiply,multiply,result,arg_0|arg_1,diagnostic,diagnostic
57,1,0,square_perimeter,square_perimeter,result,arg_0,diagnostic,diagnostic
41,2,0,reminder,reminder,result,arg_0|arg_1,diagnostic,diagnostic
20,2,0,subtract,subtract,result,arg_0|arg_1,diagnostic,diagnostic
25,2,0,power,power,result,arg_0|arg_1,diagnostic,diagnostic
57,1,0,square_edge_by_perimeter,square_edge_by_perimeter,result,arg_0,diagnostic,diagnostic
51,1,0,negate_prob,negate_prob,result,arg_0,diagnostic,diagnostic
16,2,0,add,add,result,arg_0|arg_1,diagnostic,diagnostic
46,1,0,max_number,max_number,result,arg_0,diagnostic,diagnostic
30,1,0,volume_cube,volume_cube,result,arg_0,diagnostic,diagnostic
43,1,0,inverse,inverse,result,arg_0,diagnostic,diagnostic
58,2,0,gcd,gcd,result,arg_0|arg_1,diagnostic,diagnostic
22,2,0,multiply,multiply,result,arg_0|arg_1,diagnostic,diagnostic
20,2,0,subtract,subtract,result,arg_0|arg_1,diagnostic,diagnostic
19,2,0,divide,divide,result,arg_0|arg_1,diagnostic,diagnostic
47,1,0,circle_area,circle_area,result,arg_0,diagnostic,diagnostic
22,2,0,multiply,multiply,result,arg_0|arg_1,diagnostic,diagnostic
16,2,0,add,add,result,arg_0|arg_1,diagnostic,diagnostic
41,2,0,remainder,remainder,result,arg_0|arg_1,diagnostic,diagnostic
32,1,0,volume_sphere,volume_sphere,result,arg_0,diagnostic,diagnostic
43,1,0,inverse,inverse,result,arg_0,diagnostic,diagnostic
19,2,0,divide,divide,result,arg_0|arg_1,diagnostic,diagnostic
20,2,0,subtract,subtract,result,arg_0|arg_1,diagnostic,diagnostic
30,2,0,volume_cone,volume_cone,result,arg_0|arg_1,diagnostic,diagnostic
57,1,0,square_perimeter,square_perimeter,result,arg_0,diagnostic,diagnostic
43,1,0,inverse,inverse,result,arg_0,diagnostic,diagnostic
20,2,0,subtract,subtract,result,arg_0|arg_1,diagnostic,diagnostic
52,1,0,square_edge_by_area,square_edge_by_area,result,arg_0,diagnostic,diagnostic
51,1,0,negate_prob,negate_prob,result,arg_0,diagnostic,diagnostic
19,2,0,divide,divide,result,arg_0|arg_1,diagnostic,diagnostic
22,2,0,multiply,multiply,result,arg_0|arg_1,diagnostic,diagnostic
16,2,0,add,add,result,arg_0|arg_1,diagnostic,diagnostic
54,2,0,triangle_area,triangle_area,result,arg_0|arg_1,diagnostic,diagnostic
51,2,0,diagonal,diagonal,result,arg_0|arg_1,diagnostic,diagnostic
22,2,0,multiply,multiply,result,arg_0|arg_1,diagnostic,diagnostic
20,2,0,subtract,subtract,result,arg_0|arg_1,diagnostic,diagnostic
51,1,0,sqrt,sqrt,result,arg_0,diagnostic,diagnostic
19,2,0,divide,divide,result,arg_0|arg_1,diagnostic,diagnostic
43,1,0,inverse,inverse,result,arg_0,diagnostic,diagnostic
38,1,0,surface_sphere,surface_sphere,result,arg_0,diagnostic,diagnostic
16,2,0,add,add,result,arg_0|arg_1,diagnostic,diagnostic
31,2,0,rhombus_area,rhombus_area,result,arg_0|arg_1,diagnostic,diagnostic
32,1,0,volume_sphere,volume_sphere,result,arg_0,diagnostic,diagnostic
43,1,0,inverse,inverse,result,arg_0,diagnostic,diagnostic
47,1,0,circle_area,circle_area,result,arg_0,diagnostic,diagnostic
16,2,0,add,add,result,arg_0|arg_1,diagnostic,diagnostic
25,2,0,power,power,result,arg_0|arg_1,diagnostic,diagnostic
22,2,0,multiply,multiply,result,arg_0|arg_1,diagnostic,diagnostic
30,2,0,volume_cone,volume_cone,result,arg_0|arg_1,diagnostic,diagnostic
20,2,0,subtract,subtract,result,arg_0|arg_1,diagnostic,diagnostic
19,2,0,divide,divide,result,arg_0|arg_1,diagnostic,diagnostic
41,2,0,reminder,reminder,result,arg_0|arg_1,diagnostic,diagnostic
22,2,0,multiply,multiply,result,arg_0|arg_1,diagnostic,diagnostic
54,2,0,triangle_area,triangle_area,result,arg_0|arg_1,diagnostic,diagnostic
32,1,0,volume_sphere,volume_sphere,result,arg_0,diagnostic,diagnostic
16,2,0,add,add,result,arg_0|arg_1,diagnostic,diagnostic
50,2,0,lcm,lcm,result,arg_0|arg_1,diagnostic,diagnostic
43,1,0,inverse,inverse,result,arg_0,diagnostic,diagnostic
19,2,0,divide,divide,result,arg_0|arg_1,diagnostic,diagnostic
20,2,0,subtract,subtract,result,arg_0|arg_1,diagnostic,diagnostic
16,2,0,add,add,result,arg_0|arg_1,diagnostic,diagnostic
19,2,0,divide,divide,result,arg_0|arg_1,diagnostic,diagnostic
52,1,0,square_edge_by_area,square_edge_by_area,result,arg_0,diagnostic,diagnostic
51,1,0,floor,floor,result,arg_0,diagnostic,diagnostic
46,1,0,min_number,min_number,result,arg_0,diagnostic,diagnostic
20,2,0,subtract,subtract,result,arg_0|arg_1,diagnostic,diagnostic
96,2,0,choose,choose,result,arg_0|arg_1,diagnostic,diagnostic
43,1,0,inverse,inverse,result,arg_0,diagnostic,diagnostic
22,2,0,multiply,multiply,result,arg_0|arg_1,diagnostic,diagnostic
50,1,0,factorial,factorial,result,arg_0,diagnostic,diagnostic
20,2,0,subtract,subtract,result,arg_0|arg_1,diagnostic,diagnostic
43,1,0,inverse,inverse,result,arg_0,diagnostic,diagnostic
96,2,0,choose,choose,result,arg_0|arg_1,diagnostic,diagnostic
22,2,0,multiply,multiply,result,arg_0|arg_1,diagnostic,diagnostic
51,2,0,diagonal,diagonal,result,arg_0|arg_1,diagnostic,diagnostic
41,2,0,remainder,remainder,result,arg_0|arg_1,diagnostic,diagnostic
45,1,0,square_area,square_area,result,arg_0,diagnostic,diagnostic
16,2,0,add,add,result,arg_0|arg_1,diagnostic,diagnostic
19,2,0,divide,divide,result,arg_0|arg_1,diagnostic,diagnostic
58,2,0,gcd,gcd,result,arg_0|arg_1,diagnostic,diagnostic
19,2,0,divide,divide,result,arg_0|arg_1,diagnostic,diagnostic
16,2,0,add,add,result,arg_0|arg_1,diagnostic,diagnostic
60,2,0,rectangle_area,rectangle_area,result,arg_0|arg_1,diagnostic,diagnostic
20,2,0,subtract,subtract,result,arg_0|arg_1,diagnostic,diagnostic
22,2,0,multiply,multiply,result,arg_0|arg_1,diagnostic,diagnostic
41,2,0,remainder,remainder,result,arg_0|arg_1,diagnostic,diagnostic
47,1,0,circle_area,circle_area,result,arg_0,diagnostic,diagnostic
50,2,0,lcm,lcm,result,arg_0|arg_1,diagnostic,diagnostic
43,1,0,inverse,inverse,result,arg_0,diagnostic,diagnostic
45,1,0,square_area,square_area,result,arg_0,diagnostic,diagnostic
43,1,0,inverse,inverse,result,arg_0,diagnostic,diagnostic
32,1,0,volume_sphere,volume_sphere,result,arg_0,diagnostic,diagnostic
30,1,0,volume_cube,volume_cube,result,arg_0,diagnostic,diagnostic
41,2,0,reminder,reminder,result,arg_0|arg_1,diagnostic,diagnostic
19,2,0,divide,divide,result,arg_0|arg_1,diagnostic,diagnostic
20,2,0,subtract,subtract,result,arg_0|arg_1,diagnostic,diagnostic
16,2,0,add,add,result,arg_0|arg_1,diagnostic,diagnostic
22,2,0,multiply,multiply,result,arg_0|arg_1,diagnostic,diagnostic
54,1,0,ratio_saliency,ratio_saliency,output_0,time_series,diagnostic,diagnostic
40,1,0,count_words_from_sentences,count_words_from_sentences,output_0,sentences,diagnostic,diagnostic
192,1,0,sample_skewness,sample_skewness,output_0,numbers,diagnostic,diagnostic
58,1,0,strip_timezone_info,strip_timezone_info,output_0,date_str,diagnostic,diagnostic
91,1,0,parse_list_of_numbers,parse_list_of_numbers,output_0,string,diagnostic,diagnostic
229,1,0,compute_degree,compute_degree,output_0,coefficients,diagnostic,diagnostic
107,1,0,traverse_diagonal,traverse_diagonal,output_0,matrix,diagnostic,diagnostic
80,2,0,sum_of_two,sum_of_two,output_0,nums|target,diagnostic,diagnostic
51,1,0,extract_data_from_event,extract_data_from_event,output_0,event,diagnostic,diagnostic
54,2,0,eucledian_distance,eucledian_distance,output_0,a|b,diagnostic,diagnostic
85,1,0,non_whitespace_substrings,non_whitespace_substrings,output_0,input_str,diagnostic,diagnostic
71,1,0,skip_first,skip_first,output_0,string,diagnostic,diagnostic
66,1,0,find_intervals,find_intervals,output_0,numbers,diagnostic,diagnostic
44,1,0,factorial_optimized,factorial_optimized,output_0,num,diagnostic,diagnostic
43,1,0,inverse,inverse,result,arg_0,diagnostic,diagnostic
46,1,0,max_number,max_number,result,arg_0,diagnostic,diagnostic
16,2,0,add,add,result,arg_0|arg_1,diagnostic,diagnostic
58,2,0,gcd,gcd,result,arg_0|arg_1,diagnostic,diagnostic
30,2,0,volume_cone,volume_cone,result,arg_0|arg_1,diagnostic,diagnostic
22,2,0,multiply,multiply,result,arg_0|arg_1,diagnostic,diagnostic
20,2,0,subtract,subtract,result,arg_0|arg_1,diagnostic,diagnostic
19,2,0,divide,divide,result,arg_0|arg_1,diagnostic,diagnostic
22,2,0,multiply,multiply,result,arg_0|arg_1,diagnostic,diagnostic
43,1,0,inverse,inverse,result,arg_0,diagnostic,diagnostic
47,1,0,circle_area,circle_area,result,arg_0,diagnostic,diagnostic
57,1,0,square_edge_by_perimeter,square_edge_by_perimeter,result,arg_0,diagnostic,diagnostic
16,2,0,add,add,result,arg_0|arg_1,diagnostic,diagnostic
19,2,0,divide,divide,result,arg_0|arg_1,diagnostic,diagnostic
20,2,0,subtract,subtract,result,arg_0|arg_1,diagnostic,diagnostic
51,1,0,negate_prob,negate_prob,result,arg_0,diagnostic,diagnostic
38,2,0,rectangle_perimeter,rectangle_perimeter,result,arg_0|arg_1,diagnostic,diagnostic
57,1,0,square_perimeter,square_perimeter,result,arg_0,diagnostic,diagnostic
16,2,0,add,add,result,arg_0|arg_1,diagnostic,diagnostic
22,2,0,multiply,multiply,result,arg_0|arg_1,diagnostic,diagnostic
20,2,0,subtract,subtract,result,arg_0|arg_1,diagnostic,diagnostic
19,2,0,divide,divide,result,arg_0|arg_1,diagnostic,diagnostic
51,2,0,diagonal,diagonal,result,arg_0|arg_1,diagnostic,diagnostic
65,2,0,permutation,permutation,result,arg_0|arg_1,diagnostic,diagnostic
40,2,0,speed,speed,result,arg_0|arg_1,diagnostic,diagnostic
58,2,0,gcd,gcd,result,arg_0|arg_1,diagnostic,diagnostic
57,1,0,square_edge_by_perimeter,square_edge_by_perimeter,result,arg_0,diagnostic,diagnostic
43,1,0,inverse,inverse,result,arg_0,diagnostic,diagnostic
25,2,0,power,power,result,arg_0|arg_1,diagnostic,diagnostic
16,2,0,add,add,result,arg_0|arg_1,diagnostic,diagnostic
50,2,0,lcm,lcm,result,arg_0|arg_1,diagnostic,diagnostic
36,1,0,surface_cube,surface_cube,result,arg_0,diagnostic,diagnostic
19,2,0,divide,divide,result,arg_0|arg_1,diagnostic,diagnostic
20,2,0,subtract,subtract,result,arg_0|arg_1,diagnostic,diagnostic
43,1,0,inverse,inverse,result,arg_0,diagnostic,diagnostic
22,2,0,multiply,multiply,result,arg_0|arg_1,diagnostic,diagnostic
34,2,0,volume_cylinder,volume_cylinder,result,arg_0|arg_1,diagnostic,diagnostic
41,2,0,remainder,remainder,result,arg_0|arg_1,diagnostic,diagnostic
22,2,0,multiply,multiply,result,arg_0|arg_1,diagnostic,diagnostic
60,2,0,rectangle_area,rectangle_area,result,arg_0|arg_1,diagnostic,diagnostic
43,1,0,inverse,inverse,result,arg_0,diagnostic,diagnostic
16,2,0,add,add,result,arg_0|arg_1,diagnostic,diagnostic
58,2,0,gcd,gcd,result,arg_0|arg_1,diagnostic,diagnostic
65,2,0,permutation,permutation,result,arg_0|arg_1,diagnostic,diagnostic
20,2,0,subtract,subtract,result,arg_0|arg_1,diagnostic,diagnostic
73,2,0,log,log,result,arg_0|arg_1,diagnostic,diagnostic
34,2,0,volume_cylinder,volume_cylinder,result,arg_0|arg_1,diagnostic,diagnostic
40,2,0,surface_cylinder,surface_cylinder,result,arg_0|arg_1,diagnostic,diagnostic
19,2,0,divide,divide,result,arg_0|arg_1,diagnostic,diagnostic
34,2,0,volume_cylinder,volume_cylinder,result,arg_0|arg_1,diagnostic,diagnostic
43,1,0,inverse,inverse,result,arg_0,diagnostic,diagnostic
19,2,0,divide,divide,result,arg_0|arg_1,diagnostic,diagnostic
40,2,0,surface_cylinder,surface_cylinder,result,arg_0|arg_1,diagnostic,diagnostic
73,2,0,log,log,result,arg_0|arg_1,diagnostic,diagnostic
20,2,0,subtract,subtract,result,arg_0|arg_1,diagnostic,diagnostic
22,2,0,multiply,multiply,result,arg_0|arg_1,diagnostic,diagnostic
25,2,0,power,power,result,arg_0|arg_1,diagnostic,diagnostic
16,2,0,add,add,result,arg_0|arg_1,diagnostic,diagnostic
60,2,0,rectangle_area,rectangle_area,result,arg_0|arg_1,diagnostic,diagnostic
22,2,0,multiply,multiply,result,arg_0|arg_1,diagnostic,diagnostic
43,1,0,inverse,inverse,result,arg_0,diagnostic,diagnostic
16,2,0,add,add,result,arg_0|arg_1,diagnostic,diagnostic
38,2,0,rectangle_perimeter,rectangle_perimeter,result,arg_0|arg_1,diagnostic,diagnostic
19,2,0,divide,divide,result,arg_0|arg_1,diagnostic,diagnostic
57,1,0,square_edge_by_perimeter,square_edge_by_perimeter,result,arg_0,diagnostic,diagnostic
50,1,0,factorial,factorial,result,arg_0,diagnostic,diagnostic
20,2,0,subtract,subtract,result,arg_0|arg_1,diagnostic,diagnostic
96,2,0,choose,choose,result,arg_0|arg_1,diagnostic,diagnostic
43,1,0,inverse,inverse,result,arg_0,diagnostic,diagnostic
16,2,0,add,add,result,arg_0|arg_1,diagnostic,diagnostic
20,2,0,subtract,subtract,result,arg_0|arg_1,diagnostic,diagnostic
30,2,0,volume_cone,volume_cone,result,arg_0|arg_1,diagnostic,diagnostic
22,2,0,multiply,multiply,result,arg_0|arg_1,diagnostic,diagnostic
51,2,0,diagonal,diagonal,result,arg_0|arg_1,diagnostic,diagnostic
38,1,0,surface_sphere,surface_sphere,result,arg_0,diagnostic,diagnostic
19,2,0,divide,divide,result,arg_0|arg_1,diagnostic,diagnostic
57,1,0,square_edge_by_perimeter,square_edge_by_perimeter,result,arg_0,diagnostic,diagnostic
43,1,0,inverse,inverse,result,arg_0,diagnostic,diagnostic
19,2,0,divide,divide,result,arg_0|arg_1,diagnostic,diagnostic
31,2,0,rhombus_area,rhombus_area,result,arg_0|arg_1,diagnostic,diagnostic
16,2,0,add,add,result,arg_0|arg_1,diagnostic,diagnostic
52,1,0,square_edge_by_area,square_edge_by_area,result,arg_0,diagnostic,diagnostic
22,2,0,multiply,multiply,result,arg_0|arg_1,diagnostic,diagnostic
20,2,0,subtract,subtract,result,arg_0|arg_1,diagnostic,diagnostic
51,1,0,negate_prob,negate_prob,result,arg_0,diagnostic,diagnostic
34,2,0,volume_cylinder,volume_cylinder,result,arg_0|arg_1,diagnostic,diagnostic
38,2,0,rectangle_perimeter,rectangle_perimeter,result,arg_0|arg_1,diagnostic,diagnostic
19,2,0,divide,divide,result,arg_0|arg_1,diagnostic,diagnostic
38,1,0,surface_sphere,surface_sphere,result,arg_0,diagnostic,diagnostic
57,1,0,square_edge_by_perimeter,square_edge_by_perimeter,result,arg_0,diagnostic,diagnostic
20,2,0,subtract,subtract,result,arg_0|arg_1,diagnostic,diagnostic
43,1,0,inverse,inverse,result,arg_0,diagnostic,diagnostic
22,2,0,multiply,multiply,result,arg_0|arg_1,diagnostic,diagnostic
16,2,0,add,add,result,arg_0|arg_1,diagnostic,diagnostic
47,1,0,circle_area,circle_area,result,arg_0,diagnostic,diagnostic
52,1,0,cube_edge_by_volume,cube_edge_by_volume,result,arg_0,diagnostic,diagnostic
54,2,0,triangle_area,triangle_area,result,arg_0|arg_1,diagnostic,diagnostic
65,2,0,permutation,permutation,result,arg_0|arg_1,diagnostic,diagnostic
50,1,0,factorial,factorial,result,arg_0,diagnostic,diagnostic
36,1,0,surface_cube,surface_cube,result,arg_0,diagnostic,diagnostic
19,2,0,divide,divide,result,arg_0|arg_1,diagnostic,diagnostic
32,1,0,volume_sphere,volume_sphere,result,arg_0,diagnostic,diagnostic
16,2,0,add,add,result,arg_0|arg_1,diagnostic,diagnostic
22,2,0,multiply,multiply,result,arg_0|arg_1,diagnostic,diagnostic
43,1,0,inverse,inverse,result,arg_0,diagnostic,diagnostic
45,1,0,square_area,square_area,result,arg_0,diagnostic,diagnostic
20,2,0,subtract,subtract,result,arg_0|arg_1,diagnostic,diagnostic
22,2,0,multiply,multiply,result,arg_0|arg_1,diagnostic,diagnostic
16,2,0,add,add,result,arg_0|arg_1,diagnostic,diagnostic
51,1,0,negate_prob,negate_prob,result,arg_0,diagnostic,diagnostic
31,1,0,negate,negate,result,arg_0,diagnostic,diagnostic
52,1,0,cube_edge_by_volume,cube_edge_by_volume,result,arg_0,diagnostic,diagnostic
51,1,0,floor,floor,result,arg_0,diagnostic,diagnostic
19,2,0,divide,divide,result,arg_0|arg_1,diagnostic,diagnostic
38,2,0,rectangle_perimeter,rectangle_perimeter,result,arg_0|arg_1,diagnostic,diagnostic
43,1,0,inverse,inverse,result,arg_0,diagnostic,diagnostic
20,2,0,subtract,subtract,result,arg_0|arg_1,diagnostic,diagnostic
67,1,0,calculate_price_to_weight_ratio,calculate_price_to_weight_ratio,output_0,input_dict,diagnostic,diagnostic
121,2,0,is_valid_property_value,is_valid_property_value,output_0,obj|property_name,diagnostic,diagnostic
229,1,0,compute_degree,compute_degree,output_0,coefficients,diagnostic,diagnostic
53,1,0,get_precise_rating_coefficient,get_precise_rating_coefficient,output_0,ratings,diagnostic,diagnostic
51,1,0,parse_context_params,parse_context_params,output_0,context_str,diagnostic,diagnostic
215,1,0,encode_as_binary,encode_as_binary,output_0,x,diagnostic,diagnostic
91,1,0,parse_list_of_numbers,parse_list_of_numbers,output_0,string,diagnostic,diagnostic
206,1,0,generate_random_string_of_length,generate_random_string_of_length,output_0,length,diagnostic,diagnostic
54,1,0,ratio_saliency,ratio_saliency,output_0,time_series,diagnostic,diagnostic
77,1,0,get_average_GPA,get_average_gpa,output_0,students,diagnostic,diagnostic
140,1,0,matrix_to_list_of_tuples,matrix_to_list_of_tuples,output_0,matrix,diagnostic,diagnostic
40,1,0,count_words_from_sentences,count_words_from_sentences,output_0,sentences,diagnostic,diagnostic
102,1,0,most_common_word,most_common_word,output_0,text,diagnostic,diagnostic
85,1,0,non_whitespace_substrings,non_whitespace_substrings,output_0,input_str,diagnostic,diagnostic
71,1,0,split_and_title,split_and_title,output_0,title,diagnostic,diagnostic
47,2,0,create_object_with_attributes,create_object_with_attributes,output_0,optional_attributes|required_attributes,diagnostic,diagnostic
69,2,0,get_attr_from_obj_list,get_attr_from_obj_list,output_0,attr_name|obj_list,diagnostic,diagnostic
107,1,0,traverse_diagonal,traverse_diagonal,output_0,matrix,diagnostic,diagnostic
109,1,0,get_meaningful_response_msg,get_meaningful_response_msg,output_0,resp_code,diagnostic,diagnostic
42,1,0,reverse_string_encoding,reverse_string_encoding,output_0,s,diagnostic,diagnostic
107,1,0,traverse_diagonal,traverse_diagonal,output_0,matrix,diagnostic,diagnostic
67,1,0,format_alert_message,format_alert_message,output_0,message,diagnostic,diagnostic
56,1,0,add_list_elements,add_list_elements,output_0,nums,diagnostic,diagnostic
200,3,0,sample_files,sample_files,output_0,n|path|regex,diagnostic,diagnostic
66,1,0,generate_pv_names,generate_pv_names,output_0,motor_names,diagnostic,diagnostic
76,1,0,is_all_even,is_all_even,output_0,numbers,diagnostic,diagnostic
94,1,0,replace_instance_variables,replace_instance_variables,output_0,strings,diagnostic,diagnostic
54,1,0,ratio_saliency,ratio_saliency,output_0,time_series,diagnostic,diagnostic
61,2,0,find_parent_key,find_parent_key,output_0,objects|target_key,diagnostic,diagnostic
82,1,0,convert_bits,convert_bits,output_0,n,diagnostic,diagnostic
91,1,0,parse_list_of_numbers,parse_list_of_numbers,output_0,string,diagnostic,diagnostic
79,1,0,xml_to_dict,xml_to_dict,output_0,xml_string,diagnostic,diagnostic
78,2,0,sum_range,sum_range,output_0,start|stop,diagnostic,diagnostic
49,1,0,extract_pub_type_from_xml,extract_pub_type_from_xml,output_0,xml_str,diagnostic,diagnostic
40,1,0,count_words_from_sentences,count_words_from_sentences,output_0,sentences,diagnostic,diagnostic
85,1,0,non_whitespace_substrings,non_whitespace_substrings,output_0,input_str,diagnostic,diagnostic
229,1,0,compute_degree,compute_degree,output_0,coefficients,diagnostic,diagnostic
16,2,0,add,add,result,arg_0|arg_1,diagnostic,diagnostic
38,2,0,rectangle_perimeter,rectangle_perimeter,result,arg_0|arg_1,diagnostic,diagnostic
73,2,0,log,log,result,arg_0|arg_1,diagnostic,diagnostic
43,1,0,inverse,inverse,result,arg_0,diagnostic,diagnostic
19,2,0,divide,divide,result,arg_0|arg_1,diagnostic,diagnostic
22,2,0,multiply,multiply,result,arg_0|arg_1,diagnostic,diagnostic
41,2,0,remainder,remainder,result,arg_0|arg_1,diagnostic,diagnostic
65,2,0,permutation,permutation,result,arg_0|arg_1,diagnostic,diagnostic
20,2,0,subtract,subtract,result,arg_0|arg_1,diagnostic,diagnostic
46,1,0,min_number,min_number,result,arg_0,diagnostic,diagnostic
19,2,0,divide,divide,result,arg_0|arg_1,diagnostic,diagnostic
22,2,0,multiply,multiply,result,arg_0|arg_1,diagnostic,diagnostic
20,2,0,subtract,subtract,result,arg_0|arg_1,diagnostic,diagnostic
25,2,0,power,power,result,arg_0|arg_1,diagnostic,diagnostic
43,1,0,inverse,inverse,result,arg_0,diagnostic,diagnostic
54,2,0,triangle_area,triangle_area,result,arg_0|arg_1,diagnostic,diagnostic
16,2,0,add,add,result,arg_0|arg_1,diagnostic,diagnostic
85,1,0,non_whitespace_substrings,non_whitespace_substrings,output_0,input_str,diagnostic,diagnostic
58,1,0,compute_mean_tensor_reduction_numpy,compute_mean_tensor_reduction_numpy,output_0,x,diagnostic,diagnostic
40,1,0,count_words_from_sentences,count_words_from_sentences,output_0,sentences,diagnostic,diagnostic
182,1,0,sort_sequence,sort_sequence,output_0,nums,diagnostic,diagnostic
186,1,0,calc_struct_area,calc_struct_area,output_0,struct,diagnostic,diagnostic
134,2,0,pyflow_loss,pyflow_loss,output_0,flow1|flow2,diagnostic,diagnostic
103,1,0,has_foo_attribute,has_foo_attribute,output_0,obj,diagnostic,diagnostic
83,2,0,calculate_ab_error,calculate_ab_error,output_0,a|b,diagnostic,diagnostic
54,1,0,extract_comments,extract_comments,output_0,file_path,diagnostic,diagnostic
229,1,0,compute_degree,compute_degree,output_0,coefficients,diagnostic,diagnostic
54,1,0,ratio_saliency,ratio_saliency,output_0,time_series,diagnostic,diagnostic
229,0,0,generate_magic_number,generate_magic_number,output_0,,diagnostic,diagnostic
107,1,0,traverse_diagonal,traverse_diagonal,output_0,matrix,diagnostic,diagnostic
91,1,0,parse_list_of_numbers,parse_list_of_numbers,output_0,string,diagnostic,diagnostic
52,0,0,generate_random_float,generate_random_float,output_0,,diagnostic,diagnostic
54,1,0,convert_to_emojis,convert_to_emojis,output_0,s,diagnostic,diagnostic
43,1,0,inverse,inverse,result,arg_0,diagnostic,diagnostic
22,2,0,multiply,multiply,result,arg_0|arg_1,diagnostic,diagnostic
20,2,0,subtract,subtract,result,arg_0|arg_1,diagnostic,diagnostic
45,1,0,square_area,square_area,result,arg_0,diagnostic,diagnostic
16,2,0,add,add,result,arg_0|arg_1,diagnostic,diagnostic
65,2,0,permutation,permutation,result,arg_0|arg_1,diagnostic,diagnostic
19,2,0,divide,divide,result,arg_0|arg_1,diagnostic,diagnostic
19,2,0,divide,divide,result,arg_0|arg_1,diagnostic,diagnostic
20,2,0,subtract,subtract,result,arg_0|arg_1,diagnostic,diagnostic
16,2,0,add,add,result,arg_0|arg_1,diagnostic,diagnostic
65,2,0,permutation,permutation,result,arg_0|arg_1,diagnostic,diagnostic
22,2,0,multiply,multiply,result,arg_0|arg_1,diagnostic,diagnostic
43,1,0,inverse,inverse,result,arg_0,diagnostic,diagnostic
45,1,0,square_area,square_area,result,arg_0,diagnostic,diagnostic
60,2,0,rectangle_area,rectangle_area,result,arg_0|arg_1,diagnostic,diagnostic
16,2,0,add,add,result,arg_0|arg_1,diagnostic,diagnostic
54,2,0,triangle_area,triangle_area,result,arg_0|arg_1,diagnostic,diagnostic
19,2,0,divide,divide,result,arg_0|arg_1,diagnostic,diagnostic
20,2,0,subtract,subtract,result,arg_0|arg_1,diagnostic,diagnostic
43,1,0,inverse,inverse,result,arg_0,diagnostic,diagnostic
41,2,0,reminder,reminder,result,arg_0|arg_1,diagnostic,diagnostic
51,1,0,floor,floor,result,arg_0,diagnostic,diagnostic
31,2,0,rhombus_area,rhombus_area,result,arg_0|arg_1,diagnostic,diagnostic
22,2,0,multiply,multiply,result,arg_0|arg_1,diagnostic,diagnostic
50,1,0,factorial,factorial,result,arg_0,diagnostic,diagnostic
233,1,0,average_colors,average_colors,output_0,colors,diagnostic,diagnostic
44,1,0,validate_and_create_dict,validate_and_create_dict,output_0,data,diagnostic,diagnostic
94,1,0,min_gap,min_gap,output_0,lst,diagnostic,diagnostic
107,1,0,traverse_diagonal,traverse_diagonal,output_0,matrix,diagnostic,diagnostic
229,1,0,compute_degree,compute_degree,output_0,coefficients,diagnostic,diagnostic
92,1,0,check_location_header,check_location_header,output_0,headers,diagnostic,diagnostic
85,1,0,non_whitespace_substrings,non_whitespace_substrings,output_0,input_str,diagnostic,diagnostic
40,1,0,count_words_from_sentences,count_words_from_sentences,output_0,sentences,diagnostic,diagnostic
54,1,0,ratio_saliency,ratio_saliency,output_0,time_series,diagnostic,diagnostic
47,1,0,camel_case_to_snake_case,camel_case_to_snake_case,output_0,camel_case_string,diagnostic,diagnostic
91,1,0,parse_list_of_numbers,parse_list_of_numbers,output_0,string,diagnostic,diagnostic
73,1,0,factor,factor,output_0,n,diagnostic,diagnostic
79,1,0,extract_text_between_fields,extract_text_between_fields,output_0,xml_string,diagnostic,diagnostic
66,1,0,compute_temperature,compute_temperature,output_0,temperature_in_fahrenheit,diagnostic,diagnostic
36,1,0,surface_cube,surface_cube,result,arg_0,diagnostic,diagnostic
38,1,0,surface_sphere,surface_sphere,result,arg_0,diagnostic,diagnostic
43,1,0,inverse,inverse,result,arg_0,diagnostic,diagnostic
20,2,0,subtract,subtract,result,arg_0|arg_1,diagnostic,diagnostic
16,2,0,add,add,result,arg_0|arg_1,diagnostic,diagnostic
51,1,0,floor,floor,result,arg_0,diagnostic,diagnostic
19,2,0,divide,divide,result,arg_0|arg_1,diagnostic,diagnostic
25,2,0,power,power,result,arg_0|arg_1,diagnostic,diagnostic
22,2,0,multiply,multiply,result,arg_0|arg_1,diagnostic,diagnostic
60,2,0,rectangle_area,rectangle_area,result,arg_0|arg_1,diagnostic,diagnostic
43,1,0,inverse,inverse,result,arg_0,diagnostic,diagnostic
50,2,0,lcm,lcm,result,arg_0|arg_1,diagnostic,diagnostic
32,1,0,volume_sphere,volume_sphere,result,arg_0,diagnostic,diagnostic
19,2,0,divide,divide,result,arg_0|arg_1,diagnostic,diagnostic
51,2,0,diagonal,diagonal,result,arg_0|arg_1,diagnostic,diagnostic
20,2,0,subtract,subtract,result,arg_0|arg_1,diagnostic,diagnostic
34,2,0,volume_cylinder,volume_cylinder,result,arg_0|arg_1,diagnostic,diagnostic
16,2,0,add,add,result,arg_0|arg_1,diagnostic,diagnostic
22,2,0,multiply,multiply,result,arg_0|arg_1,diagnostic,diagnostic
39,1,0,circumface,circumface,result,arg_0,diagnostic,diagnostic
54,2,0,triangle_area,triangle_area,result,arg_0|arg_1,diagnostic,diagnostic
16,2,0,add,add,result,arg_0|arg_1,diagnostic,diagnostic
20,2,0,subtract,subtract,result,arg_0|arg_1,diagnostic,diagnostic
60,2,0,rectangle_area,rectangle_area,result,arg_0|arg_1,diagnostic,diagnostic
22,2,0,multiply,multiply,result,arg_0|arg_1,diagnostic,diagnostic
19,2,0,divide,divide,result,arg_0|arg_1,diagnostic,diagnostic
40,2,0,surface_cylinder,surface_cylinder,result,arg_0|arg_1,diagnostic,diagnostic
43,1,0,inverse,inverse,result,arg_0,diagnostic,diagnostic
50,1,0,factorial,factorial,result,arg_0,diagnostic,diagnostic
90,1,0,process_purchases,process_purchases,output_0,df,diagnostic,diagnostic
91,0,0,get_default_dict,get_default_dict,output_0,,diagnostic,diagnostic
163,0,0,generate_matrix_of_3d_vectors,generate_matrix_of_3d_vectors,output_0,,diagnostic,diagnostic
85,1,0,non_whitespace_substrings,non_whitespace_substrings,output_0,input_str,diagnostic,diagnostic
77,2,0,compare_variables,compare_variables,output_0,a|b,diagnostic,diagnostic
51,1,0,get_sign,get_sign,output_0,n,diagnostic,diagnostic
40,1,0,count_words_from_sentences,count_words_from_sentences,output_0,sentences,diagnostic,diagnostic
229,1,0,compute_degree,compute_degree,output_0,coefficients,diagnostic,diagnostic
35,2,0,format_with_units,format_with_units,output_0,unit|value,diagnostic,diagnostic
34,2,0,my_calculator,my_calculator,output_0,a|b,diagnostic,diagnostic
86,1,0,max_minus_min,max_minus_min,output_0,numbers,diagnostic,diagnostic
107,1,0,traverse_diagonal,traverse_diagonal,output_0,matrix,diagnostic,diagnostic
62,1,0,sum_of_consecutive_numbers,sum_of_consecutive_numbers,output_0,n,diagnostic,diagnostic
54,1,0,ratio_saliency,ratio_saliency,output_0,time_series,diagnostic,diagnostic
91,1,0,parse_list_of_numbers,parse_list_of_numbers,output_0,string,diagnostic,diagnostic
60,2,0,rectangle_area,rectangle_area,result,arg_0|arg_1,diagnostic,diagnostic
22,2,0,multiply,multiply,result,arg_0|arg_1,diagnostic,diagnostic
32,1,0,volume_sphere,volume_sphere,result,arg_0,diagnostic,diagnostic
19,2,0,divide,divide,result,arg_0|arg_1,diagnostic,diagnostic
51,1,0,floor,floor,result,arg_0,diagnostic,diagnostic
51,1,0,sqrt,sqrt,result,arg_0,diagnostic,diagnostic
20,2,0,subtract,subtract,result,arg_0|arg_1,diagnostic,diagnostic
46,1,0,max_number,max_number,result,arg_0,diagnostic,diagnostic
43,1,0,inverse,inverse,result,arg_0,diagnostic,diagnostic
16,2,0,add,add,result,arg_0|arg_1,diagnostic,diagnostic
60,2,0,rectangle_area,rectangle_area,result,arg_0|arg_1,diagnostic,diagnostic
51,1,0,negate_prob,negate_prob,result,arg_0,diagnostic,diagnostic
30,2,0,volume_cone,volume_cone,result,arg_0|arg_1,diagnostic,diagnostic
16,2,0,add,add,result,arg_0|arg_1,diagnostic,diagnostic
22,2,0,multiply,multiply,result,arg_0|arg_1,diagnostic,diagnostic
65,2,0,permutation,permutation,result,arg_0|arg_1,diagnostic,diagnostic
43,1,0,inverse,inverse,result,arg_0,diagnostic,diagnostic
54,2,0,triangle_area,triangle_area,result,arg_0|arg_1,diagnostic,diagnostic
20,2,0,subtract,subtract,result,arg_0|arg_1,diagnostic,diagnostic
19,2,0,divide,divide,result,arg_0|arg_1,diagnostic,diagnostic
19,2,0,divide,divide,result,arg_0|arg_1,diagnostic,diagnostic
22,2,0,multiply,multiply,result,arg_0|arg_1,diagnostic,diagnostic
47,1,0,circle_area,circle_area,result,arg_0,diagnostic,diagnostic
30,1,0,volume_cube,volume_cube,result,arg_0,diagnostic,diagnostic
60,2,0,rectangle_area,rectangle_area,result,arg_0|arg_1,diagnostic,diagnostic
96,2,0,choose,choose,result,arg_0|arg_1,diagnostic,diagnostic
16,2,0,add,add,result,arg_0|arg_1,diagnostic,diagnostic
43,1,0,inverse,inverse,result,arg_0,diagnostic,diagnostic
20,2,0,subtract,subtract,result,arg_0|arg_1,diagnostic,diagnostic
51,1,0,sqrt,sqrt,result,arg_0,diagnostic,diagnostic
43,1,0,inverse,inverse,result,arg_0,diagnostic,diagnostic
20,2,0,subtract,subtract,result,arg_0|arg_1,diagnostic,diagnostic
39,1,0,circumface,circumface,result,arg_0,diagnostic,diagnostic
16,2,0,add,add,result,arg_0|arg_1,diagnostic,diagnostic
52,1,0,cube_edge_by_volume,cube_edge_by_volume,result,arg_0,diagnostic,diagnostic
22,2,0,multiply,multiply,result,arg_0|arg_1,diagnostic,diagnostic
19,2,0,divide,divide,result,arg_0|arg_1,diagnostic,diagnostic
73,2,0,log,log,result,arg_0|arg_1,diagnostic,diagnostic
31,1,0,negate,negate,result,arg_0,diagnostic,diagnostic
32,1,0,volume_sphere,volume_sphere,result,arg_0,diagnostic,diagnostic
43,1,0,inverse,inverse,result,arg_0,diagnostic,diagnostic
38,1,0,surface_sphere,surface_sphere,result,arg_0,diagnostic,diagnostic
20,2,0,subtract,subtract,result,arg_0|arg_1,diagnostic,diagnostic
22,2,0,multiply,multiply,result,arg_0|arg_1,diagnostic,diagnostic
19,2,0,divide,divide,result,arg_0|arg_1,diagnostic,diagnostic
16,2,0,add,add,result,arg_0|arg_1,diagnostic,diagnostic
40,2,0,speed,speed,result,arg_0|arg_1,diagnostic,diagnostic
50,1,0,factorial,factorial,result,arg_0,diagnostic,diagnostic
36,1,0,surface_cube,surface_cube,result,arg_0,diagnostic,diagnostic
16,2,0,add,add,result,arg_0|arg_1,diagnostic,diagnostic
19,2,0,divide,divide,result,arg_0|arg_1,diagnostic,diagnostic
46,1,0,min_number,min_number,result,arg_0,diagnostic,diagnostic
22,2,0,multiply,multiply,result,arg_0|arg_1,diagnostic,diagnostic
41,2,0,reminder,reminder,result,arg_0|arg_1,diagnostic,diagnostic
40,2,0,speed,speed,result,arg_0|arg_1,diagnostic,diagnostic
45,1,0,square_area,square_area,result,arg_0,diagnostic,diagnostic
43,1,0,inverse,inverse,result,arg_0,diagnostic,diagnostic
20,2,0,subtract,subtract,result,arg_0|arg_1,diagnostic,diagnostic
40,2,0,surface_cylinder,surface_cylinder,result,arg_0|arg_1,diagnostic,diagnostic
60,2,0,rectangle_area,rectangle_area,result,arg_0|arg_1,diagnostic,diagnostic
60,2,0,rectangle_area,rectangle_area,result,arg_0|arg_1,diagnostic,diagnostic
51,1,0,negate_prob,negate_prob,result,arg_0,diagnostic,diagnostic
19,2,0,divide,divide,result,arg_0|arg_1,diagnostic,diagnostic
16,2,0,add,add,result,arg_0|arg_1,diagnostic,diagnostic
41,2,0,remainder,remainder,result,arg_0|arg_1,diagnostic,diagnostic
43,1,0,inverse,inverse,result,arg_0,diagnostic,diagnostic
20,2,0,subtract,subtract,result,arg_0|arg_1,diagnostic,diagnostic
22,2,0,multiply,multiply,result,arg_0|arg_1,diagnostic,diagnostic
34,2,0,volume_cylinder,volume_cylinder,result,arg_0|arg_1,diagnostic,diagnostic
52,1,0,cube_edge_by_volume,cube_edge_by_volume,result,arg_0,diagnostic,diagnostic
46,1,0,max_number,max_number,result,arg_0,diagnostic,diagnostic
51,1,0,negate_prob,negate_prob,result,arg_0,diagnostic,diagnostic
43,1,0,inverse,inverse,result,arg_0,diagnostic,diagnostic
16,2,0,add,add,result,arg_0|arg_1,diagnostic,diagnostic
46,1,0,min_number,min_number,result,arg_0,diagnostic,diagnostic
30,1,0,volume_cube,volume_cube,result,arg_0,diagnostic,diagnostic
22,2,0,multiply,multiply,result,arg_0|arg_1,diagnostic,diagnostic
20,2,0,subtract,subtract,result,arg_0|arg_1,diagnostic,diagnostic
19,2,0,divide,divide,result,arg_0|arg_1,diagnostic,diagnostic
36,1,0,surface_cube,surface_cube,result,arg_0,diagnostic,diagnostic
16,2,0,add,add,result,arg_0|arg_1,diagnostic,diagnostic
31,2,0,rhombus_area,rhombus_area,result,arg_0|arg_1,diagnostic,diagnostic
19,2,0,divide,divide,result,arg_0|arg_1,diagnostic,diagnostic
41,2,0,remainder,remainder,result,arg_0|arg_1,diagnostic,diagnostic
22,2,0,multiply,multiply,result,arg_0|arg_1,diagnostic,diagnostic
20,2,0,subtract,subtract,result,arg_0|arg_1,diagnostic,diagnostic
51,1,0,negate_prob,negate_prob,result,arg_0,diagnostic,diagnostic
30,1,0,volume_cube,volume_cube,result,arg_0,diagnostic,diagnostic
43,1,0,inverse,inverse,result,arg_0,diagnostic,diagnostic
22,2,0,multiply,multiply,result,arg_0|arg_1,diagnostic,diagnostic
96,2,0,choose,choose,result,arg_0|arg_1,diagnostic,diagnostic
41,2,0,reminder,reminder,result,arg_0|arg_1,diagnostic,diagnostic
19,2,0,divide,divide,result,arg_0|arg_1,diagnostic,diagnostic
43,1,0,inverse,inverse,result,arg_0,diagnostic,diagnostic
30,1,0,volume_cube,volume_cube,result,arg_0,diagnostic,diagnostic
46,1,0,min_number,min_number,result,arg_0,diagnostic,diagnostic
20,2,0,subtract,subtract,result,arg_0|arg_1,diagnostic,diagnostic
16,2,0,add,add,result,arg_0|arg_1,diagnostic,diagnostic
32,1,0,volume_sphere,volume_sphere,result,arg_0,diagnostic,diagnostic
20,2,0,subtract,subtract,result,arg_0|arg_1,diagnostic,diagnostic
16,2,0,add,add,result,arg_0|arg_1,diagnostic,diagnostic
19,2,0,divide,divide,result,arg_0|arg_1,diagnostic,diagnostic
43,1,0,inverse,inverse,result,arg_0,diagnostic,diagnostic
52,1,0,square_edge_by_area,square_edge_by_area,result,arg_0,diagnostic,diagnostic
60,2,0,rectangle_area,rectangle_area,result,arg_0|arg_1,diagnostic,diagnostic
57,1,0,square_perimeter,square_perimeter,result,arg_0,diagnostic,diagnostic
41,2,0,reminder,reminder,result,arg_0|arg_1,diagnostic,diagnostic
22,2,0,multiply,multiply,result,arg_0|arg_1,diagnostic,diagnostic
91,1,0,parse_list_of_numbers,parse_list_of_numbers,output_0,string,diagnostic,diagnostic
69,2,0,compute_average_value,compute_average_value,output_0,attribute|objects,diagnostic,diagnostic
107,1,0,traverse_diagonal,traverse_diagonal,output_0,matrix,diagnostic,diagnostic
60,1,0,is_alphabetically_sorted,is_alphabetically_sorted,output_0,list_of_strings,diagnostic,diagnostic
52,1,0,reverse_complement_dna,reverse_complement_dna,output_0,dna_sequence,diagnostic,diagnostic
85,1,0,non_whitespace_substrings,non_whitespace_substrings,output_0,input_str,diagnostic,diagnostic
61,1,0,max_two_of_each,max_two_of_each,output_0,numbers,diagnostic,diagnostic
95,2,0,find_first_match_index,find_first_match_index,output_0,arr1|arr2,diagnostic,diagnostic
229,1,0,compute_degree,compute_degree,output_0,coefficients,diagnostic,diagnostic
201,1,0,get_name_from_address,get_name_from_address,output_0,address,diagnostic,diagnostic
54,1,0,ratio_saliency,ratio_saliency,output_0,time_series,diagnostic,diagnostic
47,1,0,missing_number,missing_number,output_0,numbers,diagnostic,diagnostic
153,1,0,add_id_to_dicts,add_id_to_dicts,output_0,dicts,diagnostic,diagnostic
202,2,0,access_attrs,access_attrs,output_0,json|keys,diagnostic,diagnostic
43,1,0,replace_string_with_spaces,replace_string_with_spaces,output_0,input_string,diagnostic,diagnostic
69,1,0,sentence_to_words,sentence_to_words,output_0,sentence,diagnostic,diagnostic
52,1,0,check_divisible,check_divisible,output_0,n,diagnostic,diagnostic
40,1,0,count_words_from_sentences,count_words_from_sentences,output_0,sentences,diagnostic,diagnostic
41,2,0,reminder,reminder,result,arg_0|arg_1,diagnostic,diagnostic
41,2,0,remainder,remainder,result,arg_0|arg_1,diagnostic,diagnostic
16,2,0,add,add,result,arg_0|arg_1,diagnostic,diagnostic
43,1,0,inverse,inverse,result,arg_0,diagnostic,diagnostic
19,2,0,divide,divide,result,arg_0|arg_1,diagnostic,diagnostic
31,1,0,negate,negate,result,arg_0,diagnostic,diagnostic
20,2,0,subtract,subtract,result,arg_0|arg_1,diagnostic,diagnostic
38,1,0,surface_sphere,surface_sphere,result,arg_0,diagnostic,diagnostic
22,2,0,multiply,multiply,result,arg_0|arg_1,diagnostic,diagnostic
30,1,0,volume_cube,volume_cube,result,arg_0,diagnostic,diagnostic
20,2,0,subtract,subtract,result,arg_0|arg_1,diagnostic,diagnostic
34,2,0,volume_cylinder,volume_cylinder,result,arg_0|arg_1,diagnostic,diagnostic
38,1,0,surface_sphere,surface_sphere,result,arg_0,diagnostic,diagnostic
43,1,0,inverse,inverse,result,arg_0,diagnostic,diagnostic
38,2,0,rectangle_perimeter,rectangle_perimeter,result,arg_0|arg_1,diagnostic,diagnostic
22,2,0,multiply,multiply,result,arg_0|arg_1,diagnostic,diagnostic
16,2,0,add,add,result,arg_0|arg_1,diagnostic,diagnostic
19,2,0,divide,divide,result,arg_0|arg_1,diagnostic,diagnostic
19,2,0,divide,divide,result,arg_0|arg_1,diagnostic,diagnostic
38,1,0,surface_sphere,surface_sphere,result,arg_0,diagnostic,diagnostic
51,1,0,sqrt,sqrt,result,arg_0,diagnostic,diagnostic
22,2,0,multiply,multiply,result,arg_0|arg_1,diagnostic,diagnostic
73,2,0,log,log,result,arg_0|arg_1,diagnostic,diagnostic
43,1,0,inverse,inverse,result,arg_0,diagnostic,diagnostic
16,2,0,add,add,result,arg_0|arg_1,diagnostic,diagnostic
31,1,0,negate,negate,result,arg_0,diagnostic,diagnostic
20,2,0,subtract,subtract,result,arg_0|arg_1,diagnostic,diagnostic
19,2,0,divide,divide,result,arg_0|arg_1,diagnostic,diagnostic
20,2,0,subtract,subtract,result,arg_0|arg_1,diagnostic,diagnostic
30,2,0,volume_cone,volume_cone,result,arg_0|arg_1,diagnostic,diagnostic
65,2,0,permutation,permutation,result,arg_0|arg_1,diagnostic,diagnostic
43,1,0,inverse,inverse,result,arg_0,diagnostic,diagnostic
16,2,0,add,add,result,arg_0|arg_1,diagnostic,diagnostic
57,1,0,square_edge_by_perimeter,square_edge_by_perimeter,result,arg_0,diagnostic,diagnostic
22,2,0,multiply,multiply,result,arg_0|arg_1,diagnostic,diagnostic
54,2,0,triangle_area,triangle_area,result,arg_0|arg_1,diagnostic,diagnostic
20,2,0,subtract,subtract,result,arg_0|arg_1,diagnostic,diagnostic
43,1,0,inverse,inverse,result,arg_0,diagnostic,diagnostic
22,2,0,multiply,multiply,result,arg_0|arg_1,diagnostic,diagnostic
58,2,0,gcd,gcd,result,arg_0|arg_1,diagnostic,diagnostic
16,2,0,add,add,result,arg_0|arg_1,diagnostic,diagnostic
57,1,0,square_edge_by_perimeter,square_edge_by_perimeter,result,arg_0,diagnostic,diagnostic
46,1,0,max_number,max_number,result,arg_0,diagnostic,diagnostic
40,2,0,surface_cylinder,surface_cylinder,result,arg_0|arg_1,diagnostic,diagnostic
19,2,0,divide,divide,result,arg_0|arg_1,diagnostic,diagnostic
25,2,0,power,power,result,arg_0|arg_1,diagnostic,diagnostic
50,1,0,factorial,factorial,result,arg_0,diagnostic,diagnostic
22,2,0,multiply,multiply,result,arg_0|arg_1,diagnostic,diagnostic
43,1,0,inverse,inverse,result,arg_0,diagnostic,diagnostic
31,2,0,rhombus_area,rhombus_area,result,arg_0|arg_1,diagnostic,diagnostic
45,1,0,square_area,square_area,result,arg_0,diagnostic,diagnostic
16,2,0,add,add,result,arg_0|arg_1,diagnostic,diagnostic
46,1,0,max_number,max_number,result,arg_0,diagnostic,diagnostic
20,2,0,subtract,subtract,result,arg_0|arg_1,diagnostic,diagnostic
19,2,0,divide,divide,result,arg_0|arg_1,diagnostic,diagnostic
117,1,0,find_longest_non_reversed,find_longest_non_reversed,output_0,words,diagnostic,diagnostic
50,1,0,transform_bbox,transform_bbox,output_0,python_bbox,diagnostic,diagnostic
103,1,0,convert_seconds,convert_seconds,output_0,sec,diagnostic,diagnostic
50,1,0,quote,quote,output_0,string,diagnostic,diagnostic
74,1,0,is_all_pos_neg,is_all_pos_neg,output_0,nums,diagnostic,diagnostic
53,3,0,generate_cache_key,generate_cache_key,output_0,bool_param|int_param|string_param,diagnostic,diagnostic
77,2,0,pattern_counter,pattern_counter,output_0,pattern|string,diagnostic,diagnostic
85,1,0,non_whitespace_substrings,non_whitespace_substrings,output_0,input_str,diagnostic,diagnostic
40,1,0,count_words_from_sentences,count_words_from_sentences,output_0,sentences,diagnostic,diagnostic
74,2,0,get_info_from_meta_tag,get_info_from_meta_tag,output_0,html_doc|meta_tag,diagnostic,diagnostic
75,1,0,split_by_year,split_by_year,output_0,df,diagnostic,diagnostic
229,1,0,compute_degree,compute_degree,output_0,coefficients,diagnostic,diagnostic
146,2,0,average_of_top_k,average_of_top_k,output_0,k|lst,diagnostic,diagnostic
65,1,0,max_change,max_change,output_0,numbers,diagnostic,diagnostic
54,1,0,ratio_saliency,ratio_saliency,output_0,time_series,diagnostic,diagnostic
107,1,0,traverse_diagonal,traverse_diagonal,output_0,matrix,diagnostic,diagnostic
59,1,0,max_value_and_index,max_value_and_index,output_0,numbers,diagnostic,diagnostic
91,1,0,parse_list_of_numbers,parse_list_of_numbers,output_0,string,diagnostic,diagnostic
43,1,0,inverse,inverse,result,arg_0,diagnostic,diagnostic
30,2,0,volume_cone,volume_cone,result,arg_0|arg_1,diagnostic,diagnostic
38,2,0,rectangle_perimeter,rectangle_perimeter,result,arg_0|arg_1,diagnostic,diagnostic
22,2,0,multiply,multiply,result,arg_0|arg_1,diagnostic,diagnostic
20,2,0,subtract,subtract,result,arg_0|arg_1,diagnostic,diagnostic
52,1,0,square_edge_by_area,square_edge_by_area,result,arg_0,diagnostic,diagnostic
54,2,0,triangle_area,triangle_area,result,arg_0|arg_1,diagnostic,diagnostic
19,2,0,divide,divide,result,arg_0|arg_1,diagnostic,diagnostic
73,2,0,log,log,result,arg_0|arg_1,diagnostic,diagnostic
16,2,0,add,add,result,arg_0|arg_1,diagnostic,diagnostic
19,2,0,divide,divide,result,arg_0|arg_1,diagnostic,diagnostic
22,2,0,multiply,multiply,result,arg_0|arg_1,diagnostic,diagnostic
43,1,0,inverse,inverse,result,arg_0,diagnostic,diagnostic
54,2,0,triangle_area,triangle_area,result,arg_0|arg_1,diagnostic,diagnostic
25,2,0,power,power,result,arg_0|arg_1,diagnostic,diagnostic
20,2,0,subtract,subtract,result,arg_0|arg_1,diagnostic,diagnostic
16,2,0,add,add,result,arg_0|arg_1,diagnostic,diagnostic
39,1,0,circumface,circumface,result,arg_0,diagnostic,diagnostic
32,1,0,volume_sphere,volume_sphere,result,arg_0,diagnostic,diagnostic
31,1,0,negate,negate,result,arg_0,diagnostic,diagnostic
31,2,0,rhombus_area,rhombus_area,result,arg_0|arg_1,diagnostic,diagnostic
19,2,0,divide,divide,result,arg_0|arg_1,diagnostic,diagnostic
51,2,0,diagonal,diagonal,result,arg_0|arg_1,diagnostic,diagnostic
20,2,0,subtract,subtract,result,arg_0|arg_1,diagnostic,diagnostic
50,2,0,lcm,lcm,result,arg_0|arg_1,diagnostic,diagnostic
22,2,0,multiply,multiply,result,arg_0|arg_1,diagnostic,diagnostic
47,1,0,circle_area,circle_area,result,arg_0,diagnostic,diagnostic
16,2,0,add,add,result,arg_0|arg_1,diagnostic,diagnostic
57,1,0,square_perimeter,square_perimeter,result,arg_0,diagnostic,diagnostic
36,1,0,surface_cube,surface_cube,result,arg_0,diagnostic,diagnostic
43,1,0,inverse,inverse,result,arg_0,diagnostic,diagnostic
80,1,0,print_type_hints,print_type_hints,output_0,hints,diagnostic,diagnostic
85,1,0,non_whitespace_substrings,non_whitespace_substrings,output_0,input_str,diagnostic,diagnostic
67,1,0,flatten_array,flatten_array,output_0,array,diagnostic,diagnostic
52,3,0,insert_into_dict,insert_into_dict,output_0,d|k|v,diagnostic,diagnostic
189,1,0,has_search_function,has_search_function,output_0,obj,diagnostic,diagnostic
54,1,0,ratio_saliency,ratio_saliency,output_0,time_series,diagnostic,diagnostic
229,1,0,compute_degree,compute_degree,output_0,coefficients,diagnostic,diagnostic
91,1,0,parse_list_of_numbers,parse_list_of_numbers,output_0,string,diagnostic,diagnostic
39,2,0,check_stopword,check_stopword,output_0,stopwords|word,diagnostic,diagnostic
107,1,0,traverse_diagonal,traverse_diagonal,output_0,matrix,diagnostic,diagnostic
78,1,0,filter_truthy_tuples,filter_truthy_tuples,output_0,tuples,diagnostic,diagnostic
60,1,0,format_namespace,format_namespace,output_0,namespace,diagnostic,diagnostic
80,2,0,count_images,count_images,output_0,extension|paths,diagnostic,diagnostic
64,1,0,update_attributes,update_attributes,output_0,attributes,diagnostic,diagnostic
221,1,0,int_to_bitwise_string,int_to_bitwise_string,output_0,num,diagnostic,diagnostic
40,1,0,count_words_from_sentences,count_words_from_sentences,output_0,sentences,diagnostic,diagnostic
32,1,0,get_address,get_address,output_0,obj,diagnostic,diagnostic
67,1,0,perform_operation,perform_operation,output_0,numbers,diagnostic,diagnostic
43,1,0,check_nested_dicts,check_nested_dicts,output_0,input_dict,diagnostic,diagnostic
32,1,0,volume_sphere,volume_sphere,result,arg_0,diagnostic,diagnostic
57,1,0,square_perimeter,square_perimeter,result,arg_0,diagnostic,diagnostic
19,2,0,divide,divide,result,arg_0|arg_1,diagnostic,diagnostic
43,1,0,inverse,inverse,result,arg_0,diagnostic,diagnostic
58,2,0,gcd,gcd,result,arg_0|arg_1,diagnostic,diagnostic
60,2,0,rectangle_area,rectangle_area,result,arg_0|arg_1,diagnostic,diagnostic
16,2,0,add,add,result,arg_0|arg_1,diagnostic,diagnostic
22,2,0,multiply,multiply,result,arg_0|arg_1,diagnostic,diagnostic
20,2,0,subtract,subtract,result,arg_0|arg_1,diagnostic,diagnostic
22,2,0,multiply,multiply,result,arg_0|arg_1,diagnostic,diagnostic
46,1,0,max_number,max_number,result,arg_0,diagnostic,diagnostic
20,2,0,subtract,subtract,result,arg_0|arg_1,diagnostic,diagnostic
40,2,0,speed,speed,result,arg_0|arg_1,diagnostic,diagnostic
43,1,0,inverse,inverse,result,arg_0,diagnostic,diagnostic
16,2,0,add,add,result,arg_0|arg_1,diagnostic,diagnostic
38,1,0,surface_sphere,surface_sphere,result,arg_0,diagnostic,diagnostic
96,2,0,choose,choose,result,arg_0|arg_1,diagnostic,diagnostic
50,2,0,lcm,lcm,result,arg_0|arg_1,diagnostic,diagnostic
19,2,0,divide,divide,result,arg_0|arg_1,diagnostic,diagnostic
47,1,0,circle_area,circle_area,result,arg_0,diagnostic,diagnostic
39,1,0,circumface,circumface,result,arg_0,diagnostic,diagnostic
16,2,0,add,add,result,arg_0|arg_1,diagnostic,diagnostic
20,2,0,subtract,subtract,result,arg_0|arg_1,diagnostic,diagnostic
73,2,0,log,log,result,arg_0|arg_1,diagnostic,diagnostic
54,2,0,triangle_area,triangle_area,result,arg_0|arg_1,diagnostic,diagnostic
19,2,0,divide,divide,result,arg_0|arg_1,diagnostic,diagnostic
43,1,0,inverse,inverse,result,arg_0,diagnostic,diagnostic
22,2,0,multiply,multiply,result,arg_0|arg_1,diagnostic,diagnostic
30,2,0,volume_cone,volume_cone,result,arg_0|arg_1,diagnostic,diagnostic
20,2,0,subtract,subtract,result,arg_0|arg_1,diagnostic,diagnostic
16,2,0,add,add,result,arg_0|arg_1,diagnostic,diagnostic
52,1,0,cube_edge_by_volume,cube_edge_by_volume,result,arg_0,diagnostic,diagnostic
46,1,0,max_number,max_number,result,arg_0,diagnostic,diagnostic
19,2,0,divide,divide,result,arg_0|arg_1,diagnostic,diagnostic
22,2,0,multiply,multiply,result,arg_0|arg_1,diagnostic,diagnostic
43,1,0,inverse,inverse,result,arg_0,diagnostic,diagnostic
25,2,0,power,power,result,arg_0|arg_1,diagnostic,diagnostic
46,1,0,min_number,min_number,result,arg_0,diagnostic,diagnostic
65,2,0,permutation,permutation,result,arg_0|arg_1,diagnostic,diagnostic
30,2,0,volume_cone,volume_cone,result,arg_0|arg_1,diagnostic,diagnostic
19,2,0,divide,divide,result,arg_0|arg_1,diagnostic,diagnostic
20,2,0,subtract,subtract,result,arg_0|arg_1,diagnostic,diagnostic
41,2,0,reminder,reminder,result,arg_0|arg_1,diagnostic,diagnostic
16,2,0,add,add,result,arg_0|arg_1,diagnostic,diagnostic
43,1,0,inverse,inverse,result,arg_0,diagnostic,diagnostic
60,2,0,rectangle_area,rectangle_area,result,arg_0|arg_1,diagnostic,diagnostic
40,2,0,speed,speed,result,arg_0|arg_1,diagnostic,diagnostic
50,1,0,factorial,factorial,result,arg_0,diagnostic,diagnostic
22,2,0,multiply,multiply,result,arg_0|arg_1,diagnostic,diagnostic
200,1,0,normalize_string,normalize_string,output_0,s,diagnostic,diagnostic
54,1,0,ratio_saliency,ratio_saliency,output_0,time_series,diagnostic,diagnostic
236,1,0,gid2name,gid2name,output_0,gid,diagnostic,diagnostic
40,1,0,count_words_from_sentences,count_words_from_sentences,output_0,sentences,diagnostic,diagnostic
91,1,0,string_to_md5,string_to_md,output_0,string,diagnostic,diagnostic
81,1,0,sort_keys_by_value,sort_keys_by_value,output_0,dictionary,diagnostic,diagnostic
107,1,0,traverse_diagonal,traverse_diagonal,output_0,matrix,diagnostic,diagnostic
85,1,0,non_whitespace_substrings,non_whitespace_substrings,output_0,input_str,diagnostic,diagnostic
59,1,0,fib_recursive,fib_recursive,output_0,n,diagnostic,diagnostic
67,1,0,get_thing_string,get_thing_string,output_0,num,diagnostic,diagnostic
229,1,0,compute_degree,compute_degree,output_0,coefficients,diagnostic,diagnostic
163,1,0,get_root_key,get_root_key,output_0,file_path,diagnostic,diagnostic
117,3,0,generate_geometric_progression,generate_geometric_progression,output_0,a|n|r,diagnostic,diagnostic
91,1,0,parse_list_of_numbers,parse_list_of_numbers,output_0,string,diagnostic,diagnostic
91,1,0,parse_list_of_numbers,parse_list_of_numbers,output_0,string,diagnostic,diagnostic
54,1,0,convert_number_string,convert_number_string,output_0,input,diagnostic,diagnostic
76,3,0,ode_model,ode_model,output_0,C0|r|t,diagnostic,diagnostic
229,1,0,compute_degree,compute_degree,output_0,coefficients,diagnostic,diagnostic
54,1,0,ratio_saliency,ratio_saliency,output_0,time_series,diagnostic,diagnostic
90,3,0,check_attr,check_attr,output_0,attr|obj|value,diagnostic,diagnostic
63,2,0,get_version_files,get_version_files,output_0,version|version_dict,diagnostic,diagnostic
107,1,0,traverse_diagonal,traverse_diagonal,output_0,matrix,diagnostic,diagnostic
70,1,0,strip_list,strip_list,output_0,string_list,diagnostic,diagnostic
60,2,0,hypotenuse_length,hypotenuse_length,output_0,a|b,diagnostic,diagnostic
119,1,0,read_names,read_names,output_0,csv_file,diagnostic,diagnostic
81,2,0,calculate_frame_number,calculate_frame_number,output_0,fps|time_in_seconds,diagnostic,diagnostic
84,1,0,iterate_over_numbers,iterate_over_numbers,output_0,numbers,diagnostic,diagnostic
84,2,0,concatenate_arrays,concatenate_arrays,output_0,x|y,diagnostic,diagnostic
75,2,0,compare_insensitively,compare_insensitively,output_0,str1|str2,diagnostic,diagnostic
85,1,0,non_whitespace_substrings,non_whitespace_substrings,output_0,input_str,diagnostic,diagnostic
40,1,0,count_words_from_sentences,count_words_from_sentences,output_0,sentences,diagnostic,diagnostic
77,2,0,generate_zeros_matrix,generate_zeros_matrix,output_0,m|n,diagnostic,diagnostic
20,2,0,subtract,subtract,result,arg_0|arg_1,diagnostic,diagnostic
36,1,0,surface_cube,surface_cube,result,arg_0,diagnostic,diagnostic
43,1,0,inverse,inverse,result,arg_0,diagnostic,diagnostic
22,2,0,multiply,multiply,result,arg_0|arg_1,diagnostic,diagnostic
16,2,0,add,add,result,arg_0|arg_1,diagnostic,diagnostic
19,2,0,divide,divide,result,arg_0|arg_1,diagnostic,diagnostic
39,1,0,circumface,circumface,result,arg_0,diagnostic,diagnostic
38,1,0,surface_sphere,surface_sphere,result,arg_0,diagnostic,diagnostic
52,1,0,square_edge_by_area,square_edge_by_area,result,arg_0,diagnostic,diagnostic
45,1,0,square_area,square_area,result,arg_0,diagnostic,diagnostic
91,1,0,parse_list_of_numbers,parse_list_of_numbers,output_0,string,diagnostic,diagnostic
63,1,0,convert_val_to_float,convert_val_to_float,output_0,val,diagnostic,diagnostic
79,1,0,serialize_tuple,serialize_tuple,output_0,tup,diagnostic,diagnostic
107,1,0,traverse_diagonal,traverse_diagonal,output_0,matrix,diagnostic,diagnostic
167,1,0,read_file_and_return_numbers,read_file_and_return_numbers,output_0,file_path,diagnostic,diagnostic
66,1,0,get_error_values,get_error_values,output_0,list_of_dicts,diagnostic,diagnostic
85,1,0,non_whitespace_substrings,non_whitespace_substrings,output_0,input_str,diagnostic,diagnostic
130,1,0,format_slogs,format_slogs,output_0,slog_objects,diagnostic,diagnostic
229,1,0,compute_degree,compute_degree,output_0,coefficients,diagnostic,diagnostic
66,2,0,cube_density,cube_density,output_0,density|length,diagnostic,diagnostic
69,1,0,format_time_interval,format_time_interval,output_0,interval,diagnostic,diagnostic
40,1,0,count_words_from_sentences,count_words_from_sentences,output_0,sentences,diagnostic,diagnostic
54,1,0,ratio_saliency,ratio_saliency,output_0,time_series,diagnostic,diagnostic
19,2,0,divide,divide,result,arg_0|arg_1,diagnostic,diagnostic
41,2,0,reminder,reminder,result,arg_0|arg_1,diagnostic,diagnostic
43,1,0,inverse,inverse,result,arg_0,diagnostic,diagnostic
22,2,0,multiply,multiply,result,arg_0|arg_1,diagnostic,diagnostic
20,2,0,subtract,subtract,result,arg_0|arg_1,diagnostic,diagnostic
65,2,0,permutation,permutation,result,arg_0|arg_1,diagnostic,diagnostic
41,2,0,remainder,remainder,result,arg_0|arg_1,diagnostic,diagnostic
54,2,0,triangle_area,triangle_area,result,arg_0|arg_1,diagnostic,diagnostic
47,1,0,circle_area,circle_area,result,arg_0,diagnostic,diagnostic
16,2,0,add,add,result,arg_0|arg_1,diagnostic,diagnostic
62,1,0,count_empty_strings,count_empty_strings,output_0,strings,diagnostic,diagnostic
91,1,0,parse_list_of_numbers,parse_list_of_numbers,output_0,string,diagnostic,diagnostic
229,1,0,compute_degree,compute_degree,output_0,coefficients,diagnostic,diagnostic
146,1,0,generate_random_integer,generate_random_integer,output_0,upper_bound,diagnostic,diagnostic
54,1,0,ratio_saliency,ratio_saliency,output_0,time_series,diagnostic,diagnostic
107,1,0,traverse_diagonal,traverse_diagonal,output_0,matrix,diagnostic,diagnostic
196,1,0,remove_text_between_brackets,remove_text_between_brackets,output_0,s,diagnostic,diagnostic
85,1,0,non_whitespace_substrings,non_whitespace_substrings,output_0,input_str,diagnostic,diagnostic
68,1,0,first_items,first_items,output_0,input_list,diagnostic,diagnostic
75,2,0,generate_csv_url,generate_csv_url,output_0,filename|params,diagnostic,diagnostic
127,3,0,replace_in_dict,replace_in_dict,output_0,d|new|old,diagnostic,diagnostic
40,1,0,count_words_from_sentences,count_words_from_sentences,output_0,sentences,diagnostic,diagnostic
112,2,0,sum_less_than_n,sum_less_than_n,output_0,n|nums,diagnostic,diagnostic
67,1,0,get_anagrams,get_anagrams,output_0,strings,diagnostic,diagnostic
57,1,0,square_edge_by_perimeter,square_edge_by_perimeter,result,arg_0,diagnostic,diagnostic
43,1,0,inverse,inverse,result,arg_0,diagnostic,diagnostic
45,1,0,square_area,square_area,result,arg_0,diagnostic,diagnostic
20,2,0,subtract,subtract,result,arg_0|arg_1,diagnostic,diagnostic
22,2,0,multiply,multiply,result,arg_0|arg_1,diagnostic,diagnostic
30,2,0,volume_cone,volume_cone,result,arg_0|arg_1,diagnostic,diagnostic
19,2,0,divide,divide,result,arg_0|arg_1,diagnostic,diagnostic
16,2,0,add,add,result,arg_0|arg_1,diagnostic,diagnostic
57,1,0,square_perimeter,square_perimeter,result,arg_0,diagnostic,diagnostic
22,2,0,multiply,multiply,result,arg_0|arg_1,diagnostic,diagnostic
16,2,0,add,add,result,arg_0|arg_1,diagnostic,diagnostic
43,1,0,inverse,inverse,result,arg_0,diagnostic,diagnostic
30,2,0,volume_cone,volume_cone,result,arg_0|arg_1,diagnostic,diagnostic
51,1,0,floor,floor,result,arg_0,diagnostic,diagnostic
19,2,0,divide,divide,result,arg_0|arg_1,diagnostic,diagnostic
46,1,0,max_number,max_number,result,arg_0,diagnostic,diagnostic
20,2,0,subtract,subtract,result,arg_0|arg_1,diagnostic,diagnostic
40,2,0,surface_cylinder,surface_cylinder,result,arg_0|arg_1,diagnostic,diagnostic
46,1,0,min_number,min_number,result,arg_0,diagnostic,diagnostic
22,2,0,multiply,multiply,result,arg_0|arg_1,diagnostic,diagnostic
46,1,0,min_number,min_number,result,arg_0,diagnostic,diagnostic
16,2,0,add,add,result,arg_0|arg_1,diagnostic,diagnostic
51,1,0,sqrt,sqrt,result,arg_0,diagnostic,diagnostic
43,1,0,inverse,inverse,result,arg_0,diagnostic,diagnostic
57,1,0,square_edge_by_perimeter,square_edge_by_perimeter,result,arg_0,diagnostic,diagnostic
25,2,0,power,power,result,arg_0|arg_1,diagnostic,diagnostic
19,2,0,divide,divide,result,arg_0|arg_1,diagnostic,diagnostic
36,1,0,surface_cube,surface_cube,result,arg_0,diagnostic,diagnostic
20,2,0,subtract,subtract,result,arg_0|arg_1,diagnostic,diagnostic
43,1,0,inverse,inverse,result,arg_0,diagnostic,diagnostic
20,2,0,subtract,subtract,result,arg_0|arg_1,diagnostic,diagnostic
40,2,0,surface_cylinder,surface_cylinder,result,arg_0|arg_1,diagnostic,diagnostic
51,1,0,negate_prob,negate_prob,result,arg_0,diagnostic,diagnostic
16,2,0,add,add,result,arg_0|arg_1,diagnostic,diagnostic
19,2,0,divide,divide,result,arg_0|arg_1,diagnostic,diagnostic
22,2,0,multiply,multiply,result,arg_0|arg_1,diagnostic,diagnostic
38,2,0,rectangle_perimeter,rectangle_perimeter,result,arg_0|arg_1,diagnostic,diagnostic
52,1,0,cube_edge_by_volume,cube_edge_by_volume,result,arg_0,diagnostic,diagnostic
22,2,0,multiply,multiply,result,arg_0|arg_1,diagnostic,diagnostic
16,2,0,add,add,result,arg_0|arg_1,diagnostic,diagnostic
51,1,0,floor,floor,result,arg_0,diagnostic,diagnostic
20,2,0,subtract,subtract,result,arg_0|arg_1,diagnostic,diagnostic
43,1,0,inverse,inverse,result,arg_0,diagnostic,diagnostic
52,1,0,cube_edge_by_volume,cube_edge_by_volume,result,arg_0,diagnostic,diagnostic
73,2,0,log,log,result,arg_0|arg_1,diagnostic,diagnostic
19,2,0,divide,divide,result,arg_0|arg_1,diagnostic,diagnostic
54,2,0,triangle_area,triangle_area,result,arg_0|arg_1,diagnostic,diagnostic
25,2,0,power,power,result,arg_0|arg_1,diagnostic,diagnostic
19,2,0,divide,divide,result,arg_0|arg_1,diagnostic,diagnostic
51,1,0,sqrt,sqrt,result,arg_0,diagnostic,diagnostic
41,2,0,remainder,remainder,result,arg_0|arg_1,diagnostic,diagnostic
16,2,0,add,add,result,arg_0|arg_1,diagnostic,diagnostic
20,2,0,subtract,subtract,result,arg_0|arg_1,diagnostic,diagnostic
43,1,0,inverse,inverse,result,arg_0,diagnostic,diagnostic
41,2,0,reminder,reminder,result,arg_0|arg_1,diagnostic,diagnostic
22,2,0,multiply,multiply,result,arg_0|arg_1,diagnostic,diagnostic
47,1,0,circle_area,circle_area,result,arg_0,diagnostic,diagnostic
22,2,0,multiply,multiply,result,arg_0|arg_1,diagnostic,diagnostic
96,2,0,choose,choose,result,arg_0|arg_1,diagnostic,diagnostic
20,2,0,subtract,subtract,result,arg_0|arg_1,diagnostic,diagnostic
16,2,0,add,add,result,arg_0|arg_1,diagnostic,diagnostic
57,1,0,square_edge_by_perimeter,square_edge_by_perimeter,result,arg_0,diagnostic,diagnostic
19,2,0,divide,divide,result,arg_0|arg_1,diagnostic,diagnostic
41,2,0,reminder,reminder,result,arg_0|arg_1,diagnostic,diagnostic
43,1,0,inverse,inverse,result,arg_0,diagnostic,diagnostic
57,1,0,square_perimeter,square_perimeter,result,arg_0,diagnostic,diagnostic
43,1,0,inverse,inverse,result,arg_0,diagnostic,diagnostic
20,2,0,subtract,subtract,result,arg_0|arg_1,diagnostic,diagnostic
19,2,0,divide,divide,result,arg_0|arg_1,diagnostic,diagnostic
52,1,0,square_edge_by_area,square_edge_by_area,result,arg_0,diagnostic,diagnostic
51,1,0,sqrt,sqrt,result,arg_0,diagnostic,diagnostic
22,2,0,multiply,multiply,result,arg_0|arg_1,diagnostic,diagnostic
54,2,0,triangle_area,triangle_area,result,arg_0|arg_1,diagnostic,diagnostic
51,2,0,diagonal,diagonal,result,arg_0|arg_1,diagnostic,diagnostic
16,2,0,add,add,result,arg_0|arg_1,diagnostic,diagnostic
36,1,0,surface_cube,surface_cube,result,arg_0,diagnostic,diagnostic
16,2,0,add,add,result,arg_0|arg_1,diagnostic,diagnostic
51,1,0,floor,floor,result,arg_0,diagnostic,diagnostic
22,2,0,multiply,multiply,result,arg_0|arg_1,diagnostic,diagnostic
20,2,0,subtract,subtract,result,arg_0|arg_1,diagnostic,diagnostic
41,2,0,remainder,remainder,result,arg_0|arg_1,diagnostic,diagnostic
51,1,0,sqrt,sqrt,result,arg_0,diagnostic,diagnostic
31,2,0,rhombus_area,rhombus_area,result,arg_0|arg_1,diagnostic,diagnostic
19,2,0,divide,divide,result,arg_0|arg_1,diagnostic,diagnostic
43,1,0,inverse,inverse,result,arg_0,diagnostic,diagnostic
20,2,0,subtract,subtract,result,arg_0|arg_1,diagnostic,diagnostic
54,2,0,triangle_area,triangle_area,result,arg_0|arg_1,diagnostic,diagnostic
31,2,0,rhombus_area,rhombus_area,result,arg_0|arg_1,diagnostic,diagnostic
22,2,0,multiply,multiply,result,arg_0|arg_1,diagnostic,diagnostic
16,2,0,add,add,result,arg_0|arg_1,diagnostic,diagnostic
45,1,0,square_area,square_area,result,arg_0,diagnostic,diagnostic
73,2,0,log,log,result,arg_0|arg_1,diagnostic,diagnostic
57,1,0,square_edge_by_perimeter,square_edge_by_perimeter,result,arg_0,diagnostic,diagnostic
19,2,0,divide,divide,result,arg_0|arg_1,diagnostic,diagnostic
43,1,0,inverse,inverse,result,arg_0,diagnostic,diagnostic
22,2,0,multiply,multiply,result,arg_0|arg_1,diagnostic,diagnostic
16,2,0,add,add,result,arg_0|arg_1,diagnostic,diagnostic
51,1,0,floor,floor,result,arg_0,diagnostic,diagnostic
20,2,0,subtract,subtract,result,arg_0|arg_1,diagnostic,diagnostic
43,1,0,inverse,inverse,result,arg_0,diagnostic,diagnostic
52,1,0,cube_edge_by_volume,cube_edge_by_volume,result,arg_0,diagnostic,diagnostic
40,2,0,speed,speed,result,arg_0|arg_1,diagnostic,diagnostic
38,1,0,surface_sphere,surface_sphere,result,arg_0,diagnostic,diagnostic
19,2,0,divide,divide,result,arg_0|arg_1,diagnostic,diagnostic
51,1,0,negate_prob,negate_prob,result,arg_0,diagnostic,diagnostic
96,2,0,choose,choose,result,arg_0|arg_1,diagnostic,diagnostic
20,2,0,subtract,subtract,result,arg_0|arg_1,diagnostic,diagnostic
43,1,0,inverse,inverse,result,arg_0,diagnostic,diagnostic
16,2,0,add,add,result,arg_0|arg_1,diagnostic,diagnostic
19,2,0,divide,divide,result,arg_0|arg_1,diagnostic,diagnostic
47,1,0,circle_area,circle_area,result,arg_0,diagnostic,diagnostic
65,2,0,permutation,permutation,result,arg_0|arg_1,diagnostic,diagnostic
22,2,0,multiply,multiply,result,arg_0|arg_1,diagnostic,diagnostic
57,1,0,square_perimeter,square_perimeter,result,arg_0,diagnostic,diagnostic
38,1,0,surface_sphere,surface_sphere,result,arg_0,diagnostic,diagnostic
19,2,0,divide,divide,result,arg_0|arg_1,diagnostic,diagnostic
51,1,0,negate_prob,negate_prob,result,arg_0,diagnostic,diagnostic
73,2,0,log,log,result,arg_0|arg_1,diagnostic,diagnostic
52,1,0,cube_edge_by_volume,cube_edge_by_volume,result,arg_0,diagnostic,diagnostic
20,2,0,subtract,subtract,result,arg_0|arg_1,diagnostic,diagnostic
43,1,0,inverse,inverse,result,arg_0,diagnostic,diagnostic
16,2,0,add,add,result,arg_0|arg_1,diagnostic,diagnostic
22,2,0,multiply,multiply,result,arg_0|arg_1,diagnostic,diagnostic
45,1,0,square_area,square_area,result,arg_0,diagnostic,diagnostic
16,2,0,add,add,result,arg_0|arg_1,diagnostic,diagnostic
20,2,0,subtract,subtract,result,arg_0|arg_1,diagnostic,diagnostic
22,2,0,multiply,multiply,result,arg_0|arg_1,diagnostic,diagnostic
43,1,0,inverse,inverse,result,arg_0,diagnostic,diagnostic
40,2,0,surface_cylinder,surface_cylinder,result,arg_0|arg_1,diagnostic,diagnostic
52,1,0,square_edge_by_area,square_edge_by_area,result,arg_0,diagnostic,diagnostic
51,1,0,sqrt,sqrt,result,arg_0,diagnostic,diagnostic
19,2,0,divide,divide,result,arg_0|arg_1,diagnostic,diagnostic
31,1,0,negate,negate,result,arg_0,diagnostic,diagnostic
31,2,0,rhombus_area,rhombus_area,result,arg_0|arg_1,diagnostic,diagnostic
16,2,0,add,add,result,arg_0|arg_1,diagnostic,diagnostic
30,1,0,volume_cube,volume_cube,result,arg_0,diagnostic,diagnostic
20,2,0,subtract,subtract,result,arg_0|arg_1,diagnostic,diagnostic
19,2,0,divide,divide,result,arg_0|arg_1,diagnostic,diagnostic
50,2,0,lcm,lcm,result,arg_0|arg_1,diagnostic,diagnostic
51,1,0,floor,floor,result,arg_0,diagnostic,diagnostic
54,2,0,triangle_area,triangle_area,result,arg_0|arg_1,diagnostic,diagnostic
43,1,0,inverse,inverse,result,arg_0,diagnostic,diagnostic
22,2,0,multiply,multiply,result,arg_0|arg_1,diagnostic,diagnostic
52,1,0,square_edge_by_area,square_edge_by_area,result,arg_0,diagnostic,diagnostic
65,2,0,permutation,permutation,result,arg_0|arg_1,diagnostic,diagnostic
16,2,0,add,add,result,arg_0|arg_1,diagnostic,diagnostic
46,1,0,max_number,max_number,result,arg_0,diagnostic,diagnostic
19,2,0,divide,divide,result,arg_0|arg_1,diagnostic,diagnostic
73,2,0,log,log,result,arg_0|arg_1,diagnostic,diagnostic
22,2,0,multiply,multiply,result,arg_0|arg_1,diagnostic,diagnostic
20,2,0,subtract,subtract,result,arg_0|arg_1,diagnostic,diagnostic
43,1,0,inverse,inverse,result,arg_0,diagnostic,diagnostic
30,2,0,volume_cone,volume_cone,result,arg_0|arg_1,diagnostic,diagnostic
85,1,0,non_whitespace_substrings,non_whitespace_substrings,output_0,input_str,diagnostic,diagnostic
229,1,0,compute_degree,compute_degree,output_0,coefficients,diagnostic,diagnostic
36,1,0,getSupportTicketStatus,get_support_ticket_status,status,ticket_id,diagnostic,diagnostic
91,1,0,parse_list_of_numbers,parse_list_of_numbers,output_0,string,diagnostic,diagnostic
67,1,0,analyze_sentiment,analyze_sentiment,sentiment,text,diagnostic,diagnostic
54,1,0,ratio_saliency,ratio_saliency,output_0,time_series,diagnostic,diagnostic
40,1,0,count_words_from_sentences,count_words_from_sentences,output_0,sentences,diagnostic,diagnostic
30,3,0,createSupportTicket,create_support_ticket,ticket_id,contact_email|issue_description|priority,diagnostic,diagnostic
43,2,0,calculate_gcd,calculate_gcd,gcd,num1|num2,diagnostic,diagnostic
107,1,0,traverse_diagonal,traverse_diagonal,output_0,matrix,diagnostic,diagnostic
29,1,0,get_news,get_news,headlines,category,diagnostic,diagnostic
20,2,0,hashData,hash_data,hashed_data,data|hash_algorithm,diagnostic,diagnostic
48,2,0,calculate_profit,calculate_profit,profit,expenses|revenue,diagnostic,diagnostic
188,1,0,split_into_parts,split_into_parts,output_0,lst,diagnostic,diagnostic
85,1,0,non_whitespace_substrings,non_whitespace_substrings,output_0,input_str,diagnostic,diagnostic
79,1,0,format_datetime_object,format_datetime_object,output_0,dt,diagnostic,diagnostic
54,1,0,ratio_saliency,ratio_saliency,output_0,time_series,diagnostic,diagnostic
229,1,0,compute_degree,compute_degree,output_0,coefficients,diagnostic,diagnostic
78,1,0,count_common_words,count_common_words,output_0,word_list,diagnostic,diagnostic
91,1,0,parse_list_of_numbers,parse_list_of_numbers,output_0,string,diagnostic,diagnostic
42,1,0,domain_name_validation,domain_name_validation,output_0,url,diagnostic,diagnostic
454,2,0,bitwise_left_shift,bitwise_left_shift,output_0,count|value,diagnostic,diagnostic
89,1,0,extract_matrix_elements,extract_matrix_elements,output_0,matrix,diagnostic,diagnostic
97,1,0,find_all_image_files,find_all_image_files,output_0,df,diagnostic,diagnostic
40,1,0,count_words_from_sentences,count_words_from_sentences,output_0,sentences,diagnostic,diagnostic
279,1,0,parse_terminal_code,parse_terminal_code,output_0,terminal_code,diagnostic,diagnostic
107,1,0,traverse_diagonal,traverse_diagonal,output_0,matrix,diagnostic,diagnostic
20,2,0,subtract,subtract,result,arg_0|arg_1,diagnostic,diagnostic
16,2,0,add,add,result,arg_0|arg_1,diagnostic,diagnostic
22,2,0,multiply,multiply,result,arg_0|arg_1,diagnostic,diagnostic
41,2,0,remainder,remainder,result,arg_0|arg_1,diagnostic,diagnostic
60,2,0,rectangle_area,rectangle_area,result,arg_0|arg_1,diagnostic,diagnostic
43,1,0,inverse,inverse,result,arg_0,diagnostic,diagnostic
50,1,0,factorial,factorial,result,arg_0,diagnostic,diagnostic
51,2,0,diagonal,diagonal,result,arg_0|arg_1,diagnostic,diagnostic
19,2,0,divide,divide,result,arg_0|arg_1,diagnostic,diagnostic
51,1,0,sqrt,sqrt,result,arg_0,diagnostic,diagnostic
38,2,0,rectangle_perimeter,rectangle_perimeter,result,arg_0|arg_1,diagnostic,diagnostic
46,1,0,max_number,max_number,result,arg_0,diagnostic,diagnostic
20,2,0,subtract,subtract,result,arg_0|arg_1,diagnostic,diagnostic
34,2,0,volume_cylinder,volume_cylinder,result,arg_0|arg_1,diagnostic,diagnostic
22,2,0,multiply,multiply,result,arg_0|arg_1,diagnostic,diagnostic
19,2,0,divide,divide,result,arg_0|arg_1,diagnostic,diagnostic
65,2,0,permutation,permutation,result,arg_0|arg_1,diagnostic,diagnostic
16,2,0,add,add,result,arg_0|arg_1,diagnostic,diagnostic
43,1,0,inverse,inverse,result,arg_0,diagnostic,diagnostic
41,2,0,remainder,remainder,result,arg_0|arg_1,diagnostic,diagnostic
45,1,0,square_area,square_area,result,arg_0,diagnostic,diagnostic
16,2,0,add,add,result,arg_0|arg_1,diagnostic,diagnostic
47,1,0,circle_area,circle_area,result,arg_0,diagnostic,diagnostic
43,1,0,inverse,inverse,result,arg_0,diagnostic,diagnostic
20,2,0,subtract,subtract,result,arg_0|arg_1,diagnostic,diagnostic
19,2,0,divide,divide,result,arg_0|arg_1,diagnostic,diagnostic
32,1,0,volume_sphere,volume_sphere,result,arg_0,diagnostic,diagnostic
22,2,0,multiply,multiply,result,arg_0|arg_1,diagnostic,diagnostic
40,2,0,speed,speed,result,arg_0|arg_1,diagnostic,diagnostic
19,2,0,divide,divide,result,arg_0|arg_1,diagnostic,diagnostic
51,2,0,diagonal,diagonal,result,arg_0|arg_1,diagnostic,diagnostic
43,1,0,inverse,inverse,result,arg_0,diagnostic,diagnostic
20,2,0,subtract,subtract,result,arg_0|arg_1,diagnostic,diagnostic
16,2,0,add,add,result,arg_0|arg_1,diagnostic,diagnostic
41,2,0,reminder,reminder,result,arg_0|arg_1,diagnostic,diagnostic
51,1,0,negate_prob,negate_prob,result,arg_0,diagnostic,diagnostic
22,2,0,multiply,multiply,result,arg_0|arg_1,diagnostic,diagnostic
45,1,0,square_area,square_area,result,arg_0,diagnostic,diagnostic
60,2,0,rectangle_area,rectangle_area,result,arg_0|arg_1,diagnostic,diagnostic
51,1,0,floor,floor,result,arg_0,diagnostic,diagnostic
58,2,0,gcd,gcd,result,arg_0|arg_1,diagnostic,diagnostic
20,2,0,subtract,subtract,result,arg_0|arg_1,diagnostic,diagnostic
16,2,0,add,add,result,arg_0|arg_1,diagnostic,diagnostic
47,1,0,circle_area,circle_area,result,arg_0,diagnostic,diagnostic
22,2,0,multiply,multiply,result,arg_0|arg_1,diagnostic,diagnostic
43,1,0,inverse,inverse,result,arg_0,diagnostic,diagnostic
51,2,0,diagonal,diagonal,result,arg_0|arg_1,diagnostic,diagnostic
60,2,0,rectangle_area,rectangle_area,result,arg_0|arg_1,diagnostic,diagnostic
19,2,0,divide,divide,result,arg_0|arg_1,diagnostic,diagnostic
22,2,0,multiply,multiply,result,arg_0|arg_1,diagnostic,diagnostic
16,2,0,add,add,result,arg_0|arg_1,diagnostic,diagnostic
19,2,0,divide,divide,result,arg_0|arg_1,diagnostic,diagnostic
32,1,0,volume_sphere,volume_sphere,result,arg_0,diagnostic,diagnostic
30,2,0,volume_cone,volume_cone,result,arg_0|arg_1,diagnostic,diagnostic
50,1,0,factorial,factorial,result,arg_0,diagnostic,diagnostic
43,1,0,inverse,inverse,result,arg_0,diagnostic,diagnostic
41,2,0,reminder,reminder,result,arg_0|arg_1,diagnostic,diagnostic
20,2,0,subtract,subtract,result,arg_0|arg_1,diagnostic,diagnostic
43,1,0,inverse,inverse,result,arg_0,diagnostic,diagnostic
19,2,0,divide,divide,result,arg_0|arg_1,diagnostic,diagnostic
31,2,0,rhombus_area,rhombus_area,result,arg_0|arg_1,diagnostic,diagnostic
22,2,0,multiply,multiply,result,arg_0|arg_1,diagnostic,diagnostic
20,2,0,subtract,subtract,result,arg_0|arg_1,diagnostic,diagnostic
50,2,0,lcm,lcm,result,arg_0|arg_1,diagnostic,diagnostic
16,2,0,add,add,result,arg_0|arg_1,diagnostic,diagnostic
25,2,0,power,power,result,arg_0|arg_1,diagnostic,diagnostic
52,1,0,cube_edge_by_volume,cube_edge_by_volume,result,arg_0,diagnostic,diagnostic
16,2,0,add,add,result,arg_0|arg_1,diagnostic,diagnostic
50,2,0,lcm,lcm,result,arg_0|arg_1,diagnostic,diagnostic
43,1,0,inverse,inverse,result,arg_0,diagnostic,diagnostic
22,2,0,multiply,multiply,result,arg_0|arg_1,diagnostic,diagnostic
38,1,0,surface_sphere,surface_sphere,result,arg_0,diagnostic,diagnostic
52,1,0,square_edge_by_area,square_edge_by_area,result,arg_0,diagnostic,diagnostic
20,2,0,subtract,subtract,result,arg_0|arg_1,diagnostic,diagnostic
51,2,0,diagonal,diagonal,result,arg_0|arg_1,diagnostic,diagnostic
52,1,0,cube_edge_by_volume,cube_edge_by_volume,result,arg_0,diagnostic,diagnostic
19,2,0,divide,divide,result,arg_0|arg_1,diagnostic,diagnostic
43,1,0,inverse,inverse,result,arg_0,diagnostic,diagnostic
20,2,0,subtract,subtract,result,arg_0|arg_1,diagnostic,diagnostic
31,1,0,negate,negate,result,arg_0,diagnostic,diagnostic
65,2,0,permutation,permutation,result,arg_0|arg_1,diagnostic,diagnostic
38,2,0,rectangle_perimeter,rectangle_perimeter,result,arg_0|arg_1,diagnostic,diagnostic
30,1,0,volume_cube,volume_cube,result,arg_0,diagnostic,diagnostic
60,2,0,rectangle_area,rectangle_area,result,arg_0|arg_1,diagnostic,diagnostic
22,2,0,multiply,multiply,result,arg_0|arg_1,diagnostic,diagnostic
19,2,0,divide,divide,result,arg_0|arg_1,diagnostic,diagnostic
16,2,0,add,add,result,arg_0|arg_1,diagnostic,diagnostic
30,2,0,volume_cone,volume_cone,result,arg_0|arg_1,diagnostic,diagnostic
43,1,0,inverse,inverse,result,arg_0,diagnostic,diagnostic
41,2,0,remainder,remainder,result,arg_0|arg_1,diagnostic,diagnostic
51,1,0,negate_prob,negate_prob,result,arg_0,diagnostic,diagnostic
20,2,0,subtract,subtract,result,arg_0|arg_1,diagnostic,diagnostic
36,1,0,surface_cube,surface_cube,result,arg_0,diagnostic,diagnostic
16,2,0,add,add,result,arg_0|arg_1,diagnostic,diagnostic
22,2,0,multiply,multiply,result,arg_0|arg_1,diagnostic,diagnostic
30,1,0,volume_cube,volume_cube,result,arg_0,diagnostic,diagnostic
19,2,0,divide,divide,result,arg_0|arg_1,diagnostic,diagnostic
20,2,0,subtract,subtract,result,arg_0|arg_1,diagnostic,diagnostic
47,1,0,circle_area,circle_area,result,arg_0,diagnostic,diagnostic
45,1,0,square_area,square_area,result,arg_0,diagnostic,diagnostic
51,1,0,negate_prob,negate_prob,result,arg_0,diagnostic,diagnostic
43,1,0,inverse,inverse,result,arg_0,diagnostic,diagnostic
19,2,0,divide,divide,result,arg_0|arg_1,diagnostic,diagnostic
16,2,0,add,add,result,arg_0|arg_1,diagnostic,diagnostic
38,1,0,surface_sphere,surface_sphere,result,arg_0,diagnostic,diagnostic
22,2,0,multiply,multiply,result,arg_0|arg_1,diagnostic,diagnostic
57,1,0,square_edge_by_perimeter,square_edge_by_perimeter,result,arg_0,diagnostic,diagnostic
32,1,0,volume_sphere,volume_sphere,result,arg_0,diagnostic,diagnostic
57,1,0,square_edge_by_perimeter,square_edge_by_perimeter,result,arg_0,diagnostic,diagnostic
65,2,0,permutation,permutation,result,arg_0|arg_1,diagnostic,diagnostic
30,2,0,volume_cone,volume_cone,result,arg_0|arg_1,diagnostic,diagnostic
20,2,0,subtract,subtract,result,arg_0|arg_1,diagnostic,diagnostic
41,2,0,reminder,reminder,result,arg_0|arg_1,diagnostic,diagnostic
22,2,0,multiply,multiply,result,arg_0|arg_1,diagnostic,diagnostic
43,1,0,inverse,inverse,result,arg_0,diagnostic,diagnostic
19,2,0,divide,divide,result,arg_0|arg_1,diagnostic,diagnostic
16,2,0,add,add,result,arg_0|arg_1,diagnostic,diagnostic
16,2,0,add,add,result,arg_0|arg_1,diagnostic,diagnostic
46,1,0,min_number,min_number,result,arg_0,diagnostic,diagnostic
25,2,0,power,power,result,arg_0|arg_1,diagnostic,diagnostic
22,2,0,multiply,multiply,result,arg_0|arg_1,diagnostic,diagnostic
50,1,0,factorial,factorial,result,arg_0,diagnostic,diagnostic
20,2,0,subtract,subtract,result,arg_0|arg_1,diagnostic,diagnostic
43,1,0,inverse,inverse,result,arg_0,diagnostic,diagnostic
31,2,0,rhombus_area,rhombus_area,result,arg_0|arg_1,diagnostic,diagnostic
51,1,0,negate_prob,negate_prob,result,arg_0,diagnostic,diagnostic
19,2,0,divide,divide,result,arg_0|arg_1,diagnostic,diagnostic
40,2,0,surface_cylinder,surface_cylinder,result,arg_0|arg_1,diagnostic,diagnostic
43,1,0,inverse,inverse,result,arg_0,diagnostic,diagnostic
51,2,0,diagonal,diagonal,result,arg_0|arg_1,diagnostic,diagnostic
20,2,0,subtract,subtract,result,arg_0|arg_1,diagnostic,diagnostic
57,1,0,square_edge_by_perimeter,square_edge_by_perimeter,result,arg_0,diagnostic,diagnostic
16,2,0,add,add,result,arg_0|arg_1,diagnostic,diagnostic
19,2,0,divide,divide,result,arg_0|arg_1,diagnostic,diagnostic
22,2,0,multiply,multiply,result,arg_0|arg_1,diagnostic,diagnostic
47,1,0,circle_area,circle_area,result,arg_0,diagnostic,diagnostic
58,2,0,gcd,gcd,result,arg_0|arg_1,diagnostic,diagnostic
55,1,0,load_data_json,load_data_json,output_0,file_path,diagnostic,diagnostic
60,1,0,int_to_byte_array,int_to_byte_array,output_0,int_num,diagnostic,diagnostic
113,1,0,generate_class_names,generate_class_names,output_0,module_name,diagnostic,diagnostic
67,1,0,half_l2_norm,half_l_norm,output_0,tensor,diagnostic,diagnostic
37,1,0,build_file_path,build_file_path,output_0,parameters,diagnostic,diagnostic
91,1,0,parse_list_of_numbers,parse_list_of_numbers,output_0,string,diagnostic,diagnostic
85,1,0,non_whitespace_substrings,non_whitespace_substrings,output_0,input_str,diagnostic,diagnostic
107,1,0,traverse_diagonal,traverse_diagonal,output_0,matrix,diagnostic,diagnostic
148,1,0,parse_name_value_pairs,parse_name_value_pairs,output_0,string,diagnostic,diagnostic
61,1,0,validate_unique_words,validate_unique_words,output_0,text,diagnostic,diagnostic
229,1,0,compute_degree,compute_degree,output_0,coefficients,diagnostic,diagnostic
40,1,0,count_words_from_sentences,count_words_from_sentences,output_0,sentences,diagnostic,diagnostic
96,2,0,calculate_ratio_and_compare,calculate_ratio_and_compare,output_0,denominator|numerator,diagnostic,diagnostic
54,1,0,ratio_saliency,ratio_saliency,output_0,time_series,diagnostic,diagnostic
40,1,0,get_weather_data,get_weather_data,output_0,url,diagnostic,diagnostic
60,1,0,compute_entropy,compute_entropy,output_0,nucleotide_frequencies,diagnostic,diagnostic
146,1,0,read_objects,read_objects,output_0,filename,diagnostic,diagnostic
22,2,0,multiply,multiply,result,arg_0|arg_1,diagnostic,diagnostic
19,2,0,divide,divide,result,arg_0|arg_1,diagnostic,diagnostic
20,2,0,subtract,subtract,result,arg_0|arg_1,diagnostic,diagnostic
16,2,0,add,add,result,arg_0|arg_1,diagnostic,diagnostic
32,1,0,volume_sphere,volume_sphere,result,arg_0,diagnostic,diagnostic
41,2,0,reminder,reminder,result,arg_0|arg_1,diagnostic,diagnostic
51,1,0,floor,floor,result,arg_0,diagnostic,diagnostic
43,1,0,inverse,inverse,result,arg_0,diagnostic,diagnostic
51,1,0,sqrt,sqrt,result,arg_0,diagnostic,diagnostic
31,1,0,negate,negate,result,arg_0,diagnostic,diagnostic
16,2,0,add,add,result,arg_0|arg_1,diagnostic,diagnostic
39,1,0,circumface,circumface,result,arg_0,diagnostic,diagnostic
22,2,0,multiply,multiply,result,arg_0|arg_1,diagnostic,diagnostic
19,2,0,divide,divide,result,arg_0|arg_1,diagnostic,diagnostic
52,1,0,cube_edge_by_volume,cube_edge_by_volume,result,arg_0,diagnostic,diagnostic
43,1,0,inverse,inverse,result,arg_0,diagnostic,diagnostic
31,2,0,rhombus_area,rhombus_area,result,arg_0|arg_1,diagnostic,diagnostic
47,1,0,circle_area,circle_area,result,arg_0,diagnostic,diagnostic
20,2,0,subtract,subtract,result,arg_0|arg_1,diagnostic,diagnostic
58,2,0,gcd,gcd,result,arg_0|arg_1,diagnostic,diagnostic
16,2,0,add,add,result,arg_0|arg_1,diagnostic,diagnostic
50,2,0,lcm,lcm,result,arg_0|arg_1,diagnostic,diagnostic
38,2,0,rectangle_perimeter,rectangle_perimeter,result,arg_0|arg_1,diagnostic,diagnostic
22,2,0,multiply,multiply,result,arg_0|arg_1,diagnostic,diagnostic
46,1,0,min_number,min_number,result,arg_0,diagnostic,diagnostic
20,2,0,subtract,subtract,result,arg_0|arg_1,diagnostic,diagnostic
96,2,0,choose,choose,result,arg_0|arg_1,diagnostic,diagnostic
43,1,0,inverse,inverse,result,arg_0,diagnostic,diagnostic
19,2,0,divide,divide,result,arg_0|arg_1,diagnostic,diagnostic
22,2,0,multiply,multiply,result,arg_0|arg_1,diagnostic,diagnostic
43,1,0,inverse,inverse,result,arg_0,diagnostic,diagnostic
45,1,0,square_area,square_area,result,arg_0,diagnostic,diagnostic
19,2,0,divide,divide,result,arg_0|arg_1,diagnostic,diagnostic
73,2,0,log,log,result,arg_0|arg_1,diagnostic,diagnostic
40,2,0,speed,speed,result,arg_0|arg_1,diagnostic,diagnostic
16,2,0,add,add,result,arg_0|arg_1,diagnostic,diagnostic
20,2,0,subtract,subtract,result,arg_0|arg_1,diagnostic,diagnostic
70,1,0,translate_values,translate_values,output_0,values,diagnostic,diagnostic
85,1,0,non_whitespace_substrings,non_whitespace_substrings,output_0,input_str,diagnostic,diagnostic
91,1,0,parse_list_of_numbers,parse_list_of_numbers,output_0,string,diagnostic,diagnostic
115,2,0,check_identity,check_identity,output_0,obj1|obj2,diagnostic,diagnostic
229,1,0,compute_degree,compute_degree,output_0,coefficients,diagnostic,diagnostic
78,1,0,format_class_members,format_class_members,output_0,members,diagnostic,diagnostic
48,1,0,camel_to_kebab,camel_to_kebab,output_0,s,diagnostic,diagnostic
132,1,0,dict_to_list_of_dicts,dict_to_list_of_dicts,output_0,input_dict,diagnostic,diagnostic
55,2,0,count_characters_unique,count_characters_unique,output_0,include_whitespace|text,diagnostic,diagnostic
78,1,0,get_formatted_time_string,get_formatted_time_string,output_0,dt,diagnostic,diagnostic
65,1,0,get_leaf_values,get_leaf_values,output_0,data,diagnostic,diagnostic
58,2,0,build_facebook_url,build_facebook_url,output_0,post_id|username,diagnostic,diagnostic
54,1,0,ratio_saliency,ratio_saliency,output_0,time_series,diagnostic,diagnostic
55,2,0,scale_image_data,scale_image_data,output_0,factor|image_data,diagnostic,diagnostic
216,2,0,dict_from_two_lists,dict_from_two_lists,output_0,keys|values,diagnostic,diagnostic
40,1,0,count_words_from_sentences,count_words_from_sentences,output_0,sentences,diagnostic,diagnostic
107,1,0,traverse_diagonal,traverse_diagonal,output_0,matrix,diagnostic,diagnostic
217,1,0,generate_strings,generate_strings,output_0,strings,diagnostic,diagnostic
60,1,0,generate_slack_message,generate_slack_message,output_0,events,diagnostic,diagnostic
19,2,0,divide,divide,result,arg_0|arg_1,diagnostic,diagnostic
50,2,0,lcm,lcm,result,arg_0|arg_1,diagnostic,diagnostic
41,2,0,reminder,reminder,result,arg_0|arg_1,diagnostic,diagnostic
43,1,0,inverse,inverse,result,arg_0,diagnostic,diagnostic
57,1,0,square_edge_by_perimeter,square_edge_by_perimeter,result,arg_0,diagnostic,diagnostic
39,1,0,circumface,circumface,result,arg_0,diagnostic,diagnostic
47,1,0,circle_area,circle_area,result,arg_0,diagnostic,diagnostic
20,2,0,subtract,subtract,result,arg_0|arg_1,diagnostic,diagnostic
22,2,0,multiply,multiply,result,arg_0|arg_1,diagnostic,diagnostic
16,2,0,add,add,result,arg_0|arg_1,diagnostic,diagnostic
52,1,0,square_edge_by_area,square_edge_by_area,result,arg_0,diagnostic,diagnostic
19,2,0,divide,divide,result,arg_0|arg_1,diagnostic,diagnostic
16,2,0,add,add,result,arg_0|arg_1,diagnostic,diagnostic
51,2,0,diagonal,diagonal,result,arg_0|arg_1,diagnostic,diagnostic
20,2,0,subtract,subtract,result,arg_0|arg_1,diagnostic,diagnostic
22,2,0,multiply,multiply,result,arg_0|arg_1,diagnostic,diagnostic
51,1,0,negate_prob,negate_prob,result,arg_0,diagnostic,diagnostic
43,1,0,inverse,inverse,result,arg_0,diagnostic,diagnostic
57,1,0,square_perimeter,square_perimeter,result,arg_0,diagnostic,diagnostic
96,2,0,choose,choose,result,arg_0|arg_1,diagnostic,diagnostic
20,2,0,subtract,subtract,result,arg_0|arg_1,diagnostic,diagnostic
22,2,0,multiply,multiply,result,arg_0|arg_1,diagnostic,diagnostic
19,2,0,divide,divide,result,arg_0|arg_1,diagnostic,diagnostic
41,2,0,remainder,remainder,result,arg_0|arg_1,diagnostic,diagnostic
16,2,0,add,add,result,arg_0|arg_1,diagnostic,diagnostic
65,2,0,permutation,permutation,result,arg_0|arg_1,diagnostic,diagnostic
45,1,0,square_area,square_area,result,arg_0,diagnostic,diagnostic
43,1,0,inverse,inverse,result,arg_0,diagnostic,diagnostic
41,2,0,reminder,reminder,result,arg_0|arg_1,diagnostic,diagnostic
65,2,0,permutation,permutation,result,arg_0|arg_1,diagnostic,diagnostic
20,2,0,subtract,subtract,result,arg_0|arg_1,diagnostic,diagnostic
52,1,0,square_edge_by_area,square_edge_by_area,result,arg_0,diagnostic,diagnostic
22,2,0,multiply,multiply,result,arg_0|arg_1,diagnostic,diagnostic
43,1,0,inverse,inverse,result,arg_0,diagnostic,diagnostic
19,2,0,divide,divide,result,arg_0|arg_1,diagnostic,diagnostic
40,2,0,surface_cylinder,surface_cylinder,result,arg_0|arg_1,diagnostic,diagnostic
36,1,0,surface_cube,surface_cube,result,arg_0,diagnostic,diagnostic
16,2,0,add,add,result,arg_0|arg_1,diagnostic,diagnostic
22,2,0,multiply,multiply,result,arg_0|arg_1,diagnostic,diagnostic
16,2,0,add,add,result,arg_0|arg_1,diagnostic,diagnostic
43,1,0,inverse,inverse,result,arg_0,diagnostic,diagnostic
96,2,0,choose,choose,result,arg_0|arg_1,diagnostic,diagnostic
52,1,0,cube_edge_by_volume,cube_edge_by_volume,result,arg_0,diagnostic,diagnostic
31,2,0,rhombus_area,rhombus_area,result,arg_0|arg_1,diagnostic,diagnostic
19,2,0,divide,divide,result,arg_0|arg_1,diagnostic,diagnostic
20,2,0,subtract,subtract,result,arg_0|arg_1,diagnostic,diagnostic
38,2,0,rectangle_perimeter,rectangle_perimeter,result,arg_0|arg_1,diagnostic,diagnostic
54,2,0,triangle_area,triangle_area,result,arg_0|arg_1,diagnostic,diagnostic
43,1,0,inverse,inverse,result,arg_0,diagnostic,diagnostic
19,2,0,divide,divide,result,arg_0|arg_1,diagnostic,diagnostic
22,2,0,multiply,multiply,result,arg_0|arg_1,diagnostic,diagnostic
51,1,0,sqrt,sqrt,result,arg_0,diagnostic,diagnostic
54,2,0,triangle_area,triangle_area,result,arg_0|arg_1,diagnostic,diagnostic
57,1,0,square_edge_by_perimeter,square_edge_by_perimeter,result,arg_0,diagnostic,diagnostic
16,2,0,add,add,result,arg_0|arg_1,diagnostic,diagnostic
39,1,0,circumface,circumface,result,arg_0,diagnostic,diagnostic
20,2,0,subtract,subtract,result,arg_0|arg_1,diagnostic,diagnostic
51,1,0,floor,floor,result,arg_0,diagnostic,diagnostic
43,1,0,inverse,inverse,result,arg_0,diagnostic,diagnostic
40,2,0,speed,speed,result,arg_0|arg_1,diagnostic,diagnostic
54,2,0,triangle_area,triangle_area,result,arg_0|arg_1,diagnostic,diagnostic
16,2,0,add,add,result,arg_0|arg_1,diagnostic,diagnostic
20,2,0,subtract,subtract,result,arg_0|arg_1,diagnostic,diagnostic
96,2,0,choose,choose,result,arg_0|arg_1,diagnostic,diagnostic
19,2,0,divide,divide,result,arg_0|arg_1,diagnostic,diagnostic
22,2,0,multiply,multiply,result,arg_0|arg_1,diagnostic,diagnostic
19,2,0,divide,divide,result,arg_0|arg_1,diagnostic,diagnostic
51,1,0,floor,floor,result,arg_0,diagnostic,diagnostic
57,1,0,square_edge_by_perimeter,square_edge_by_perimeter,result,arg_0,diagnostic,diagnostic
36,1,0,surface_cube,surface_cube,result,arg_0,diagnostic,diagnostic
73,2,0,log,log,result,arg_0|arg_1,diagnostic,diagnostic
16,2,0,add,add,result,arg_0|arg_1,diagnostic,diagnostic
22,2,0,multiply,multiply,result,arg_0|arg_1,diagnostic,diagnostic
43,1,0,inverse,inverse,result,arg_0,diagnostic,diagnostic
20,2,0,subtract,subtract,result,arg_0|arg_1,diagnostic,diagnostic
50,1,0,factorial,factorial,result,arg_0,diagnostic,diagnostic
31,1,0,negate,negate,result,arg_0,diagnostic,diagnostic
16,2,0,add,add,result,arg_0|arg_1,diagnostic,diagnostic
20,2,0,subtract,subtract,result,arg_0|arg_1,diagnostic,diagnostic
65,2,0,permutation,permutation,result,arg_0|arg_1,diagnostic,diagnostic
22,2,0,multiply,multiply,result,arg_0|arg_1,diagnostic,diagnostic
51,2,0,diagonal,diagonal,result,arg_0|arg_1,diagnostic,diagnostic
19,2,0,divide,divide,result,arg_0|arg_1,diagnostic,diagnostic
43,1,0,inverse,inverse,result,arg_0,diagnostic,diagnostic
25,2,0,power,power,result,arg_0|arg_1,diagnostic,diagnostic
46,1,0,max_number,max_number,result,arg_0,diagnostic,diagnostic
19,2,0,divide,divide,result,arg_0|arg_1,diagnostic,diagnostic
20,2,0,subtract,subtract,result,arg_0|arg_1,diagnostic,diagnostic
30,1,0,volume_cube,volume_cube,result,arg_0,diagnostic,diagnostic
22,2,0,multiply,multiply,result,arg_0|arg_1,diagnostic,diagnostic
43,1,0,inverse,inverse,result,arg_0,diagnostic,diagnostic
16,2,0,add,add,result,arg_0|arg_1,diagnostic,diagnostic
32,1,0,volume_sphere,volume_sphere,result,arg_0,diagnostic,diagnostic
51,1,0,sqrt,sqrt,result,arg_0,diagnostic,diagnostic
19,2,0,divide,divide,result,arg_0|arg_1,diagnostic,diagnostic
31,1,0,negate,negate,result,arg_0,diagnostic,diagnostic
46,1,0,min_number,min_number,result,arg_0,diagnostic,diagnostic
20,2,0,subtract,subtract,result,arg_0|arg_1,diagnostic,diagnostic
22,2,0,multiply,multiply,result,arg_0|arg_1,diagnostic,diagnostic
43,1,0,inverse,inverse,result,arg_0,diagnostic,diagnostic
16,2,0,add,add,result,arg_0|arg_1,diagnostic,diagnostic
65,2,0,permutation,permutation,result,arg_0|arg_1,diagnostic,diagnostic
38,1,0,surface_sphere,surface_sphere,result,arg_0,diagnostic,diagnostic
34,2,0,volume_cylinder,volume_cylinder,result,arg_0|arg_1,diagnostic,diagnostic
85,1,0,non_whitespace_substrings,non_whitespace_substrings,output_0,input_str,diagnostic,diagnostic
64,1,0,scale_temperature_C_to_F,scale_temperature_c_to_f,output_0,C,diagnostic,diagnostic
107,1,0,traverse_diagonal,traverse_diagonal,output_0,matrix,diagnostic,diagnostic
139,1,0,serialize_datetime,serialize_datetime,output_0,datetime_object,diagnostic,diagnostic
62,1,0,group_keys_by_value,group_keys_by_value,output_0,d,diagnostic,diagnostic
254,1,0,find_all_paths,find_all_paths,output_0,dictionary,diagnostic,diagnostic
40,1,0,count_words_from_sentences,count_words_from_sentences,output_0,sentences,diagnostic,diagnostic
42,1,0,compute_md5,compute_md,output_0,string,diagnostic,diagnostic
54,1,0,ratio_saliency,ratio_saliency,output_0,time_series,diagnostic,diagnostic
229,1,0,compute_degree,compute_degree,output_0,coefficients,diagnostic,diagnostic
65,1,0,remove_control_characters,remove_control_characters,output_0,s,diagnostic,diagnostic
91,1,0,parse_list_of_numbers,parse_list_of_numbers,output_0,string,diagnostic,diagnostic
57,1,0,swap_bytes,swap_bytes,output_0,x,diagnostic,diagnostic
50,2,0,lcm,lcm,result,arg_0|arg_1,diagnostic,diagnostic
43,1,0,inverse,inverse,result,arg_0,diagnostic,diagnostic
34,2,0,volume_cylinder,volume_cylinder,result,arg_0|arg_1,diagnostic,diagnostic
36,1,0,surface_cube,surface_cube,result,arg_0,diagnostic,diagnostic
16,2,0,add,add,result,arg_0|arg_1,diagnostic,diagnostic
20,2,0,subtract,subtract,result,arg_0|arg_1,diagnostic,diagnostic
45,1,0,square_area,square_area,result,arg_0,diagnostic,diagnostic
22,2,0,multiply,multiply,result,arg_0|arg_1,diagnostic,diagnostic
52,1,0,cube_edge_by_volume,cube_edge_by_volume,result,arg_0,diagnostic,diagnostic
19,2,0,divide,divide,result,arg_0|arg_1,diagnostic,diagnostic
50,1,0,factorial,factorial,result,arg_0,diagnostic,diagnostic
20,2,0,subtract,subtract,result,arg_0|arg_1,diagnostic,diagnostic
16,2,0,add,add,result,arg_0|arg_1,diagnostic,diagnostic
54,2,0,triangle_area,triangle_area,result,arg_0|arg_1,diagnostic,diagnostic
51,1,0,floor,floor,result,arg_0,diagnostic,diagnostic
19,2,0,divide,divide,result,arg_0|arg_1,diagnostic,diagnostic
31,1,0,negate,negate,result,arg_0,diagnostic,diagnostic
22,2,0,multiply,multiply,result,arg_0|arg_1,diagnostic,diagnostic
43,1,0,inverse,inverse,result,arg_0,diagnostic,diagnostic
51,1,0,sqrt,sqrt,result,arg_0,diagnostic,diagnostic
19,2,0,divide,divide,result,arg_0|arg_1,diagnostic,diagnostic
43,1,0,inverse,inverse,result,arg_0,diagnostic,diagnostic
30,2,0,volume_cone,volume_cone,result,arg_0|arg_1,diagnostic,diagnostic
40,2,0,surface_cylinder,surface_cylinder,result,arg_0|arg_1,diagnostic,diagnostic
30,1,0,volume_cube,volume_cube,result,arg_0,diagnostic,diagnostic
16,2,0,add,add,result,arg_0|arg_1,diagnostic,diagnostic
38,1,0,surface_sphere,surface_sphere,result,arg_0,diagnostic,diagnostic
31,1,0,negate,negate,result,arg_0,diagnostic,diagnostic
20,2,0,subtract,subtract,result,arg_0|arg_1,diagnostic,diagnostic
22,2,0,multiply,multiply,result,arg_0|arg_1,diagnostic,diagnostic
36,1,0,surface_cube,surface_cube,result,arg_0,diagnostic,diagnostic
20,2,0,subtract,subtract,result,arg_0|arg_1,diagnostic,diagnostic
16,2,0,add,add,result,arg_0|arg_1,diagnostic,diagnostic
25,2,0,power,power,result,arg_0|arg_1,diagnostic,diagnostic
43,1,0,inverse,inverse,result,arg_0,diagnostic,diagnostic
51,1,0,negate_prob,negate_prob,result,arg_0,diagnostic,diagnostic
65,2,0,permutation,permutation,result,arg_0|arg_1,diagnostic,diagnostic
22,2,0,multiply,multiply,result,arg_0|arg_1,diagnostic,diagnostic
51,2,0,diagonal,diagonal,result,arg_0|arg_1,diagnostic,diagnostic
19,2,0,divide,divide,result,arg_0|arg_1,diagnostic,diagnostic
43,1,0,inverse,inverse,result,arg_0,diagnostic,diagnostic
19,2,0,divide,divide,result,arg_0|arg_1,diagnostic,diagnostic
46,1,0,max_number,max_number,result,arg_0,diagnostic,diagnostic
51,2,0,diagonal,diagonal,result,arg_0|arg_1,diagnostic,diagnostic
16,2,0,add,add,result,arg_0|arg_1,diagnostic,diagnostic
30,1,0,volume_cube,volume_cube,result,arg_0,diagnostic,diagnostic
57,1,0,square_edge_by_perimeter,square_edge_by_perimeter,result,arg_0,diagnostic,diagnostic
22,2,0,multiply,multiply,result,arg_0|arg_1,diagnostic,diagnostic
20,2,0,subtract,subtract,result,arg_0|arg_1,diagnostic,diagnostic
36,1,0,surface_cube,surface_cube,result,arg_0,diagnostic,diagnostic
50,1,0,factorial,factorial,result,arg_0,diagnostic,diagnostic
41,2,0,reminder,reminder,result,arg_0|arg_1,diagnostic,diagnostic
34,2,0,volume_cylinder,volume_cylinder,result,arg_0|arg_1,diagnostic,diagnostic
38,2,0,rectangle_perimeter,rectangle_perimeter,result,arg_0|arg_1,diagnostic,diagnostic
19,2,0,divide,divide,result,arg_0|arg_1,diagnostic,diagnostic
20,2,0,subtract,subtract,result,arg_0|arg_1,diagnostic,diagnostic
40,2,0,speed,speed,result,arg_0|arg_1,diagnostic,diagnostic
43,1,0,inverse,inverse,result,arg_0,diagnostic,diagnostic
45,1,0,square_area,square_area,result,arg_0,diagnostic,diagnostic
16,2,0,add,add,result,arg_0|arg_1,diagnostic,diagnostic
22,2,0,multiply,multiply,result,arg_0|arg_1,diagnostic,diagnostic
19,2,0,divide,divide,result,arg_0|arg_1,diagnostic,diagnostic
20,2,0,subtract,subtract,result,arg_0|arg_1,diagnostic,diagnostic
16,2,0,add,add,result,arg_0|arg_1,diagnostic,diagnostic
43,1,0,inverse,inverse,result,arg_0,diagnostic,diagnostic
51,1,0,floor,floor,result,arg_0,diagnostic,diagnostic
22,2,0,multiply,multiply,result,arg_0|arg_1,diagnostic,diagnostic
51,1,0,negate_prob,negate_prob,result,arg_0,diagnostic,diagnostic
36,1,0,surface_cube,surface_cube,result,arg_0,diagnostic,diagnostic
16,2,0,add,add,result,arg_0|arg_1,diagnostic,diagnostic
20,2,0,subtract,subtract,result,arg_0|arg_1,diagnostic,diagnostic
43,1,0,inverse,inverse,result,arg_0,diagnostic,diagnostic
30,2,0,volume_cone,volume_cone,result,arg_0|arg_1,diagnostic,diagnostic
25,2,0,power,power,result,arg_0|arg_1,diagnostic,diagnostic
36,1,0,surface_cube,surface_cube,result,arg_0,diagnostic,diagnostic
54,2,0,triangle_area,triangle_area,result,arg_0|arg_1,diagnostic,diagnostic
22,2,0,multiply,multiply,result,arg_0|arg_1,diagnostic,diagnostic
19,2,0,divide,divide,result,arg_0|arg_1,diagnostic,diagnostic
85,1,0,convert_to_strings_list_comprehension,convert_to_strings_list_comprehension,output_0,numbers,diagnostic,diagnostic
58,1,0,check_parens,check_parens,output_0,string,diagnostic,diagnostic
229,1,0,compute_degree,compute_degree,output_0,coefficients,diagnostic,diagnostic
81,1,0,product_except_index,product_except_index,output_0,array,diagnostic,diagnostic
56,2,0,get_object_name_by_id,get_object_name_by_id,output_0,id|objects,diagnostic,diagnostic
85,1,0,seconds_to_time_string,seconds_to_time_string,output_0,seconds,diagnostic,diagnostic
135,2,0,max_none,max_none,output_0,a|b,diagnostic,diagnostic
40,1,0,count_words_from_sentences,count_words_from_sentences,output_0,sentences,diagnostic,diagnostic
68,1,0,find_sum_of_numbers_in_string,find_sum_of_numbers_in_string,output_0,text,diagnostic,diagnostic
54,1,0,ratio_saliency,ratio_saliency,output_0,time_series,diagnostic,diagnostic
107,1,0,traverse_diagonal,traverse_diagonal,output_0,matrix,diagnostic,diagnostic
94,1,0,get_video_location,get_video_location,output_0,video,diagnostic,diagnostic
66,1,0,time_format_conversion,time_format_conversion,output_0,time_string,diagnostic,diagnostic
78,1,0,swap_sum,swap_sum,output_0,d,diagnostic,diagnostic
85,1,0,non_whitespace_substrings,non_whitespace_substrings,output_0,input_str,diagnostic,diagnostic
91,1,0,parse_list_of_numbers,parse_list_of_numbers,output_0,string,diagnostic,diagnostic
62,1,0,normalize_mean_variance,normalize_mean_variance,output_0,arr,diagnostic,diagnostic
57,2,0,check_md5sum,check_md5sum,output_0,file_path|md5_sum,diagnostic,diagnostic
58,1,0,reverse_alphanumeric,reverse_alphanumeric,output_0,s,diagnostic,diagnostic
51,2,0,diagonal,diagonal,result,arg_0|arg_1,diagnostic,diagnostic
73,2,0,log,log,result,arg_0|arg_1,diagnostic,diagnostic
60,2,0,rectangle_area,rectangle_area,result,arg_0|arg_1,diagnostic,diagnostic
50,2,0,lcm,lcm,result,arg_0|arg_1,diagnostic,diagnostic
20,2,0,subtract,subtract,result,arg_0|arg_1,diagnostic,diagnostic
22,2,0,multiply,multiply,result,arg_0|arg_1,diagnostic,diagnostic
43,1,0,inverse,inverse,result,arg_0,diagnostic,diagnostic
19,2,0,divide,divide,result,arg_0|arg_1,diagnostic,diagnostic
16,2,0,add,add,result,arg_0|arg_1,diagnostic,diagnostic
43,1,0,inverse,inverse,result,arg_0,diagnostic,diagnostic
50,1,0,factorial,factorial,result,arg_0,diagnostic,diagnostic
16,2,0,add,add,result,arg_0|arg_1,diagnostic,diagnostic
20,2,0,subtract,subtract,result,arg_0|arg_1,diagnostic,diagnostic
65,2,0,permutation,permutation,result,arg_0|arg_1,diagnostic,diagnostic
22,2,0,multiply,multiply,result,arg_0|arg_1,diagnostic,diagnostic
51,1,0,sqrt,sqrt,result,arg_0,diagnostic,diagnostic
41,2,0,reminder,reminder,result,arg_0|arg_1,diagnostic,diagnostic
19,2,0,divide,divide,result,arg_0|arg_1,diagnostic,diagnostic
19,2,0,divide,divide,result,arg_0|arg_1,diagnostic,diagnostic
20,2,0,subtract,subtract,result,arg_0|arg_1,diagnostic,diagnostic
43,1,0,inverse,inverse,result,arg_0,diagnostic,diagnostic
16,2,0,add,add,result,arg_0|arg_1,diagnostic,diagnostic
39,1,0,circumface,circumface,result,arg_0,diagnostic,diagnostic
46,1,0,max_number,max_number,result,arg_0,diagnostic,diagnostic
25,2,0,power,power,result,arg_0|arg_1,diagnostic,diagnostic
22,2,0,multiply,multiply,result,arg_0|arg_1,diagnostic,diagnostic
96,2,0,choose,choose,result,arg_0|arg_1,diagnostic,diagnostic
41,2,0,reminder,reminder,result,arg_0|arg_1,diagnostic,diagnostic
19,2,0,divide,divide,result,arg_0|arg_1,diagnostic,diagnostic
31,1,0,negate,negate,result,arg_0,diagnostic,diagnostic
20,2,0,subtract,subtract,result,arg_0|arg_1,diagnostic,diagnostic
54,2,0,triangle_area,triangle_area,result,arg_0|arg_1,diagnostic,diagnostic
52,1,0,square_edge_by_area,square_edge_by_area,result,arg_0,diagnostic,diagnostic
22,2,0,multiply,multiply,result,arg_0|arg_1,diagnostic,diagnostic
16,2,0,add,add,result,arg_0|arg_1,diagnostic,diagnostic
43,1,0,inverse,inverse,result,arg_0,diagnostic,diagnostic
25,2,0,power,power,result,arg_0|arg_1,diagnostic,diagnostic
19,2,0,divide,divide,result,arg_0|arg_1,diagnostic,diagnostic
16,2,0,add,add,result,arg_0|arg_1,diagnostic,diagnostic
22,2,0,multiply,multiply,result,arg_0|arg_1,diagnostic,diagnostic
20,2,0,subtract,subtract,result,arg_0|arg_1,diagnostic,diagnostic
57,1,0,square_perimeter,square_perimeter,result,arg_0,diagnostic,diagnostic
43,1,0,inverse,inverse,result,arg_0,diagnostic,diagnostic
96,2,0,choose,choose,result,arg_0|arg_1,diagnostic,diagnostic
52,1,0,cube_edge_by_volume,cube_edge_by_volume,result,arg_0,diagnostic,diagnostic
20,2,0,subtract,subtract,result,arg_0|arg_1,diagnostic,diagnostic
22,2,0,multiply,multiply,result,arg_0|arg_1,diagnostic,diagnostic
58,2,0,gcd,gcd,result,arg_0|arg_1,diagnostic,diagnostic
43,1,0,inverse,inverse,result,arg_0,diagnostic,diagnostic
19,2,0,divide,divide,result,arg_0|arg_1,diagnostic,diagnostic
51,1,0,sqrt,sqrt,result,arg_0,diagnostic,diagnostic
16,2,0,add,add,result,arg_0|arg_1,diagnostic,diagnostic
19,2,0,divide,divide,result,arg_0|arg_1,diagnostic,diagnostic
16,2,0,add,add,result,arg_0|arg_1,diagnostic,diagnostic
31,1,0,negate,negate,result,arg_0,diagnostic,diagnostic
22,2,0,multiply,multiply,result,arg_0|arg_1,diagnostic,diagnostic
65,2,0,permutation,permutation,result,arg_0|arg_1,diagnostic,diagnostic
25,2,0,power,power,result,arg_0|arg_1,diagnostic,diagnostic
40,2,0,surface_cylinder,surface_cylinder,result,arg_0|arg_1,diagnostic,diagnostic
20,2,0,subtract,subtract,result,arg_0|arg_1,diagnostic,diagnostic
43,1,0,inverse,inverse,result,arg_0,diagnostic,diagnostic
40,2,0,surface_cylinder,surface_cylinder,result,arg_0|arg_1,diagnostic,diagnostic
20,2,0,subtract,subtract,result,arg_0|arg_1,diagnostic,diagnostic
16,2,0,add,add,result,arg_0|arg_1,diagnostic,diagnostic
22,2,0,multiply,multiply,result,arg_0|arg_1,diagnostic,diagnostic
38,2,0,rectangle_perimeter,rectangle_perimeter,result,arg_0|arg_1,diagnostic,diagnostic
31,2,0,rhombus_area,rhombus_area,result,arg_0|arg_1,diagnostic,diagnostic
19,2,0,divide,divide,result,arg_0|arg_1,diagnostic,diagnostic
65,2,0,permutation,permutation,result,arg_0|arg_1,diagnostic,diagnostic
43,1,0,inverse,inverse,result,arg_0,diagnostic,diagnostic
31,1,0,negate,negate,result,arg_0,diagnostic,diagnostic
22,2,0,multiply,multiply,result,arg_0|arg_1,diagnostic,diagnostic
52,1,0,square_edge_by_area,square_edge_by_area,result,arg_0,diagnostic,diagnostic
20,2,0,subtract,subtract,result,arg_0|arg_1,diagnostic,diagnostic
43,1,0,inverse,inverse,result,arg_0,diagnostic,diagnostic
19,2,0,divide,divide,result,arg_0|arg_1,diagnostic,diagnostic
58,2,0,gcd,gcd,result,arg_0|arg_1,diagnostic,diagnostic
16,2,0,add,add,result,arg_0|arg_1,diagnostic,diagnostic
25,2,0,power,power,result,arg_0|arg_1,diagnostic,diagnostic
38,1,0,surface_sphere,surface_sphere,result,arg_0,diagnostic,diagnostic
20,2,0,subtract,subtract,result,arg_0|arg_1,diagnostic,diagnostic
22,2,0,multiply,multiply,result,arg_0|arg_1,diagnostic,diagnostic
43,1,0,inverse,inverse,result,arg_0,diagnostic,diagnostic
41,2,0,remainder,remainder,result,arg_0|arg_1,diagnostic,diagnostic
40,2,0,surface_cylinder,surface_cylinder,result,arg_0|arg_1,diagnostic,diagnostic
16,2,0,add,add,result,arg_0|arg_1,diagnostic,diagnostic
19,2,0,divide,divide,result,arg_0|arg_1,diagnostic,diagnostic
57,1,0,square_perimeter,square_perimeter,result,arg_0,diagnostic,diagnostic
20,2,0,subtract,subtract,result,arg_0|arg_1,diagnostic,diagnostic
38,1,0,surface_sphere,surface_sphere,result,arg_0,diagnostic,diagnostic
16,2,0,add,add,result,arg_0|arg_1,diagnostic,diagnostic
43,1,0,inverse,inverse,result,arg_0,diagnostic,diagnostic
40,2,0,surface_cylinder,surface_cylinder,result,arg_0|arg_1,diagnostic,diagnostic
19,2,0,divide,divide,result,arg_0|arg_1,diagnostic,diagnostic
22,2,0,multiply,multiply,result,arg_0|arg_1,diagnostic,diagnostic
30,1,0,volume_cube,volume_cube,result,arg_0,diagnostic,diagnostic
51,1,0,floor,floor,result,arg_0,diagnostic,diagnostic
50,2,0,lcm,lcm,result,arg_0|arg_1,diagnostic,diagnostic
30,2,0,volume_cone,volume_cone,result,arg_0|arg_1,diagnostic,diagnostic
46,1,0,min_number,min_number,result,arg_0,diagnostic,diagnostic
19,2,0,divide,divide,result,arg_0|arg_1,diagnostic,diagnostic
31,2,0,rhombus_area,rhombus_area,result,arg_0|arg_1,diagnostic,diagnostic
20,2,0,subtract,subtract,result,arg_0|arg_1,diagnostic,diagnostic
16,2,0,add,add,result,arg_0|arg_1,diagnostic,diagnostic
41,2,0,reminder,reminder,result,arg_0|arg_1,diagnostic,diagnostic
36,1,0,surface_cube,surface_cube,result,arg_0,diagnostic,diagnostic
60,2,0,rectangle_area,rectangle_area,result,arg_0|arg_1,diagnostic,diagnostic
22,2,0,multiply,multiply,result,arg_0|arg_1,diagnostic,diagnostic
43,1,0,inverse,inverse,result,arg_0,diagnostic,diagnostic
43,1,0,inverse,inverse,result,arg_0,diagnostic,diagnostic
22,2,0,multiply,multiply,result,arg_0|arg_1,diagnostic,diagnostic
32,1,0,volume_sphere,volume_sphere,result,arg_0,diagnostic,diagnostic
19,2,0,divide,divide,result,arg_0|arg_1,diagnostic,diagnostic
51,1,0,negate_prob,negate_prob,result,arg_0,diagnostic,diagnostic
46,1,0,max_number,max_number,result,arg_0,diagnostic,diagnostic
16,2,0,add,add,result,arg_0|arg_1,diagnostic,diagnostic
50,1,0,factorial,factorial,result,arg_0,diagnostic,diagnostic
20,2,0,subtract,subtract,result,arg_0|arg_1,diagnostic,diagnostic
40,1,0,count_words_from_sentences,count_words_from_sentences,output_0,sentences,diagnostic,diagnostic
87,1,0,validate_header,validate_header,output_0,header,diagnostic,diagnostic
85,1,0,non_whitespace_substrings,non_whitespace_substrings,output_0,input_str,diagnostic,diagnostic
77,2,0,convert_dict_values_to_bool,convert_dict_values_to_bool,output_0,case_sensitive|value,diagnostic,diagnostic
54,1,0,ratio_saliency,ratio_saliency,output_0,time_series,diagnostic,diagnostic
229,1,0,compute_degree,compute_degree,output_0,coefficients,diagnostic,diagnostic
91,1,0,parse_list_of_numbers,parse_list_of_numbers,output_0,string,diagnostic,diagnostic
77,2,0,is_built_in,is_built_in,output_0,built_ins|func,diagnostic,diagnostic
89,1,0,clean_word,clean_word,output_0,text,diagnostic,diagnostic
127,1,0,unsigned_int_to_binary,unsigned_int_to_binary,output_0,n,diagnostic,diagnostic
89,1,0,convert_to_int_or_none,convert_to_int_or_none,output_0,value,diagnostic,diagnostic
66,3,0,find_missing,find_missing,output_0,l|lower_bound|upper_bound,diagnostic,diagnostic
77,2,0,square_root_approx,square_root_approx,output_0,decimal_places|number,diagnostic,diagnostic
62,2,0,random_shuffle,random_shuffle,output_0,elements|seed,diagnostic,diagnostic
107,1,0,traverse_diagonal,traverse_diagonal,output_0,matrix,diagnostic,diagnostic
215,1,0,transform_dict_to_string,transform_dict_to_string,output_0,dict,diagnostic,diagnostic
120,1,0,find_first_unique_int,find_first_unique_int,output_0,nums,diagnostic,diagnostic
40,1,0,square_plus_17,square_plus_17,output_0,x,diagnostic,diagnostic
94,1,0,find_prime_less_than_100,find_prime_less_than_100,output_0,numbers,diagnostic,diagnostic
40,1,0,count_words_from_sentences,count_words_from_sentences,output_0,sentences,diagnostic,diagnostic
91,1,0,parse_list_of_numbers,parse_list_of_numbers,output_0,string,diagnostic,diagnostic
107,1,0,traverse_diagonal,traverse_diagonal,output_0,matrix,diagnostic,diagnostic
40,1,0,get_centroid,get_centroid,output_0,polygon,diagnostic,diagnostic
82,1,0,is_all_hydrogen,is_all_hydrogen,output_0,atomic_numbers,diagnostic,diagnostic
65,1,0,arithmetic_list,arithmetic_list,output_0,n,diagnostic,diagnostic
229,1,0,compute_degree,compute_degree,output_0,coefficients,diagnostic,diagnostic
51,1,0,calculate_frequency,calculate_frequency,output_0,elements,diagnostic,diagnostic
24,1,0,reverse_str,reverse_str,output_0,input_str,diagnostic,diagnostic
60,2,0,write_csv_from_dict_list,write_csv_from_dict_list,output_0,csv_path|data,diagnostic,diagnostic
49,1,0,compute_tuple_frequency,compute_tuple_frequency,output_0,tuple_list,diagnostic,diagnostic
54,1,0,ratio_saliency,ratio_saliency,output_0,time_series,diagnostic,diagnostic
85,1,0,non_whitespace_substrings,non_whitespace_substrings,output_0,input_str,diagnostic,diagnostic
34,2,0,volume_cylinder,volume_cylinder,result,arg_0|arg_1,diagnostic,diagnostic
52,1,0,square_edge_by_area,square_edge_by_area,result,arg_0,diagnostic,diagnostic
19,2,0,divide,divide,result,arg_0|arg_1,diagnostic,diagnostic
16,2,0,add,add,result,arg_0|arg_1,diagnostic,diagnostic
52,1,0,cube_edge_by_volume,cube_edge_by_volume,result,arg_0,diagnostic,diagnostic
43,1,0,inverse,inverse,result,arg_0,diagnostic,diagnostic
22,2,0,multiply,multiply,result,arg_0|arg_1,diagnostic,diagnostic
41,2,0,remainder,remainder,result,arg_0|arg_1,diagnostic,diagnostic
20,2,0,subtract,subtract,result,arg_0|arg_1,diagnostic,diagnostic
34,2,0,volume_cylinder,volume_cylinder,result,arg_0|arg_1,diagnostic,diagnostic
51,1,0,floor,floor,result,arg_0,diagnostic,diagnostic
22,2,0,multiply,multiply,result,arg_0|arg_1,diagnostic,diagnostic
20,2,0,subtract,subtract,result,arg_0|arg_1,diagnostic,diagnostic
19,2,0,divide,divide,result,arg_0|arg_1,diagnostic,diagnostic
39,1,0,circumface,circumface,result,arg_0,diagnostic,diagnostic
51,1,0,sqrt,sqrt,result,arg_0,diagnostic,diagnostic
16,2,0,add,add,result,arg_0|arg_1,diagnostic,diagnostic
43,1,0,inverse,inverse,result,arg_0,diagnostic,diagnostic
25,2,0,power,power,result,arg_0|arg_1,diagnostic,diagnostic
43,1,0,inverse,inverse,result,arg_0,diagnostic,diagnostic
30,2,0,volume_cone,volume_cone,result,arg_0|arg_1,diagnostic,diagnostic
46,1,0,max_number,max_number,result,arg_0,diagnostic,diagnostic
60,2,0,rectangle_area,rectangle_area,result,arg_0|arg_1,diagnostic,diagnostic
57,1,0,square_edge_by_perimeter,square_edge_by_perimeter,result,arg_0,diagnostic,diagnostic
16,2,0,add,add,result,arg_0|arg_1,diagnostic,diagnostic
20,2,0,subtract,subtract,result,arg_0|arg_1,diagnostic,diagnostic
36,1,0,surface_cube,surface_cube,result,arg_0,diagnostic,diagnostic
22,2,0,multiply,multiply,result,arg_0|arg_1,diagnostic,diagnostic
19,2,0,divide,divide,result,arg_0|arg_1,diagnostic,diagnostic
40,2,0,speed,speed,result,arg_0|arg_1,diagnostic,diagnostic
19,2,0,divide,divide,result,arg_0|arg_1,diagnostic,diagnostic
52,1,0,square_edge_by_area,square_edge_by_area,result,arg_0,diagnostic,diagnostic
22,2,0,multiply,multiply,result,arg_0|arg_1,diagnostic,diagnostic
31,2,0,rhombus_area,rhombus_area,result,arg_0|arg_1,diagnostic,diagnostic
16,2,0,add,add,result,arg_0|arg_1,diagnostic,diagnostic
47,1,0,circle_area,circle_area,result,arg_0,diagnostic,diagnostic
43,1,0,inverse,inverse,result,arg_0,diagnostic,diagnostic
54,2,0,triangle_area,triangle_area,result,arg_0|arg_1,diagnostic,diagnostic
20,2,0,subtract,subtract,result,arg_0|arg_1,diagnostic,diagnostic
19,2,0,divide,divide,result,arg_0|arg_1,diagnostic,diagnostic
16,2,0,add,add,result,arg_0|arg_1,diagnostic,diagnostic
22,2,0,multiply,multiply,result,arg_0|arg_1,diagnostic,diagnostic
43,1,0,inverse,inverse,result,arg_0,diagnostic,diagnostic
20,2,0,subtract,subtract,result,arg_0|arg_1,diagnostic,diagnostic
60,2,0,rectangle_area,rectangle_area,result,arg_0|arg_1,diagnostic,diagnostic
73,2,0,log,log,result,arg_0|arg_1,diagnostic,diagnostic
51,1,0,floor,floor,result,arg_0,diagnostic,diagnostic
47,1,0,circle_area,circle_area,result,arg_0,diagnostic,diagnostic
65,2,0,permutation,permutation,result,arg_0|arg_1,diagnostic,diagnostic
22,2,0,multiply,multiply,result,arg_0|arg_1,diagnostic,diagnostic
19,2,0,divide,divide,result,arg_0|arg_1,diagnostic,diagnostic
16,2,0,add,add,result,arg_0|arg_1,diagnostic,diagnostic
25,2,0,power,power,result,arg_0|arg_1,diagnostic,diagnostic
31,1,0,negate,negate,result,arg_0,diagnostic,diagnostic
20,2,0,subtract,subtract,result,arg_0|arg_1,diagnostic,diagnostic
50,1,0,factorial,factorial,result,arg_0,diagnostic,diagnostic
43,1,0,inverse,inverse,result,arg_0,diagnostic,diagnostic
65,2,0,permutation,permutation,result,arg_0|arg_1,diagnostic,diagnostic
39,1,0,circumface,circumface,result,arg_0,diagnostic,diagnostic
47,1,0,circle_area,circle_area,result,arg_0,diagnostic,diagnostic
19,2,0,divide,divide,result,arg_0|arg_1,diagnostic,diagnostic
38,1,0,surface_sphere,surface_sphere,result,arg_0,diagnostic,diagnostic
41,2,0,reminder,reminder,result,arg_0|arg_1,diagnostic,diagnostic
51,1,0,sqrt,sqrt,result,arg_0,diagnostic,diagnostic
16,2,0,add,add,result,arg_0|arg_1,diagnostic,diagnostic
43,1,0,inverse,inverse,result,arg_0,diagnostic,diagnostic
22,2,0,multiply,multiply,result,arg_0|arg_1,diagnostic,diagnostic
20,2,0,subtract,subtract,result,arg_0|arg_1,diagnostic,diagnostic
20,2,0,subtract,subtract,result,arg_0|arg_1,diagnostic,diagnostic
19,2,0,divide,divide,result,arg_0|arg_1,diagnostic,diagnostic
43,1,0,inverse,inverse,result,arg_0,diagnostic,diagnostic
31,2,0,rhombus_area,rhombus_area,result,arg_0|arg_1,diagnostic,diagnostic
36,1,0,surface_cube,surface_cube,result,arg_0,diagnostic,diagnostic
38,1,0,surface_sphere,surface_sphere,result,arg_0,diagnostic,diagnostic
51,1,0,negate_prob,negate_prob,result,arg_0,diagnostic,diagnostic
22,2,0,multiply,multiply,result,arg_0|arg_1,diagnostic,diagnostic
16,2,0,add,add,result,arg_0|arg_1,diagnostic,diagnostic
40,2,0,speed,speed,result,arg_0|arg_1,diagnostic,diagnostic
80,4,0,count_bins,count_bins,output_0,counts|high|low|values,diagnostic,diagnostic
85,1,0,non_whitespace_substrings,non_whitespace_substrings,output_0,input_str,diagnostic,diagnostic
229,1,0,compute_degree,compute_degree,output_0,coefficients,diagnostic,diagnostic
45,1,0,find_sum_of_integers,find_sum_of_integers,output_0,input_list,diagnostic,diagnostic
83,1,0,group_tuples_by_age,group_tuples_by_age,output_0,tuples,diagnostic,diagnostic
40,1,0,count_words_from_sentences,count_words_from_sentences,output_0,sentences,diagnostic,diagnostic
91,1,0,parse_list_of_numbers,parse_list_of_numbers,output_0,string,diagnostic,diagnostic
50,3,0,lookup_symmetric_table,lookup_symmetric_table,output_0,fallback_value|key|table,diagnostic,diagnostic
54,1,0,ratio_saliency,ratio_saliency,output_0,time_series,diagnostic,diagnostic
107,1,0,parse_string_to_tuples,parse_string_to_tuples,output_0,input_string,diagnostic,diagnostic
74,1,0,encode_tags,encode_tags,output_0,tags,diagnostic,diagnostic
107,1,0,traverse_diagonal,traverse_diagonal,output_0,matrix,diagnostic,diagnostic
40,1,0,get_weather_data,get_weather_data,output_0,url,diagnostic,diagnostic
37,2,0,move_to_front,move_to_front,output_0,lst|value,diagnostic,diagnostic
90,1,0,build_span_string,build_span_string,output_0,n,diagnostic,diagnostic
89,2,0,calculate_average_speed,calculate_average_speed,output_0,distance|time,diagnostic,diagnostic
70,2,0,extract_device_id,extract_device_id,output_0,default_value|payload,diagnostic,diagnostic
60,2,0,rectangle_area,rectangle_area,result,arg_0|arg_1,diagnostic,diagnostic
47,1,0,circle_area,circle_area,result,arg_0,diagnostic,diagnostic
43,1,0,inverse,inverse,result,arg_0,diagnostic,diagnostic
50,2,0,lcm,lcm,result,arg_0|arg_1,diagnostic,diagnostic
20,2,0,subtract,subtract,result,arg_0|arg_1,diagnostic,diagnostic
34,2,0,volume_cylinder,volume_cylinder,result,arg_0|arg_1,diagnostic,diagnostic
19,2,0,divide,divide,result,arg_0|arg_1,diagnostic,diagnostic
22,2,0,multiply,multiply,result,arg_0|arg_1,diagnostic,diagnostic
16,2,0,add,add,result,arg_0|arg_1,diagnostic,diagnostic
40,2,0,speed,speed,result,arg_0|arg_1,diagnostic,diagnostic
52,1,0,cube_edge_by_volume,cube_edge_by_volume,result,arg_0,diagnostic,diagnostic
20,2,0,subtract,subtract,result,arg_0|arg_1,diagnostic,diagnostic
46,1,0,max_number,max_number,result,arg_0,diagnostic,diagnostic
19,2,0,divide,divide,result,arg_0|arg_1,diagnostic,diagnostic
16,2,0,add,add,result,arg_0|arg_1,diagnostic,diagnostic
22,2,0,multiply,multiply,result,arg_0|arg_1,diagnostic,diagnostic
43,1,0,inverse,inverse,result,arg_0,diagnostic,diagnostic
60,2,0,rectangle_area,rectangle_area,result,arg_0|arg_1,diagnostic,diagnostic
36,1,0,surface_cube,surface_cube,result,arg_0,diagnostic,diagnostic
25,2,0,power,power,result,arg_0|arg_1,diagnostic,diagnostic
31,2,0,rhombus_area,rhombus_area,result,arg_0|arg_1,diagnostic,diagnostic
19,2,0,divide,divide,result,arg_0|arg_1,diagnostic,diagnostic
38,1,0,surface_sphere,surface_sphere,result,arg_0,diagnostic,diagnostic
20,2,0,subtract,subtract,result,arg_0|arg_1,diagnostic,diagnostic
58,2,0,gcd,gcd,result,arg_0|arg_1,diagnostic,diagnostic
22,2,0,multiply,multiply,result,arg_0|arg_1,diagnostic,diagnostic
16,2,0,add,add,result,arg_0|arg_1,diagnostic,diagnostic
43,1,0,inverse,inverse,result,arg_0,diagnostic,diagnostic
30,2,0,volume_cone,volume_cone,result,arg_0|arg_1,diagnostic,diagnostic
20,2,0,subtract,subtract,result,arg_0|arg_1,diagnostic,diagnostic
22,2,0,multiply,multiply,result,arg_0|arg_1,diagnostic,diagnostic
19,2,0,divide,divide,result,arg_0|arg_1,diagnostic,diagnostic
31,1,0,negate,negate,result,arg_0,diagnostic,diagnostic
34,2,0,volume_cylinder,volume_cylinder,result,arg_0|arg_1,diagnostic,diagnostic
50,2,0,lcm,lcm,result,arg_0|arg_1,diagnostic,diagnostic
16,2,0,add,add,result,arg_0|arg_1,diagnostic,diagnostic
43,1,0,inverse,inverse,result,arg_0,diagnostic,diagnostic
65,2,0,permutation,permutation,result,arg_0|arg_1,diagnostic,diagnostic
54,2,0,triangle_area,triangle_area,result,arg_0|arg_1,diagnostic,diagnostic
31,1,0,negate,negate,result,arg_0,diagnostic,diagnostic
43,1,0,inverse,inverse,result,arg_0,diagnostic,diagnostic
38,2,0,rectangle_perimeter,rectangle_perimeter,result,arg_0|arg_1,diagnostic,diagnostic
16,2,0,add,add,result,arg_0|arg_1,diagnostic,diagnostic
19,2,0,divide,divide,result,arg_0|arg_1,diagnostic,diagnostic
20,2,0,subtract,subtract,result,arg_0|arg_1,diagnostic,diagnostic
22,2,0,multiply,multiply,result,arg_0|arg_1,diagnostic,diagnostic
45,1,0,square_area,square_area,result,arg_0,diagnostic,diagnostic
47,1,0,circle_area,circle_area,result,arg_0,diagnostic,diagnostic
38,2,0,rectangle_perimeter,rectangle_perimeter,result,arg_0|arg_1,diagnostic,diagnostic
22,2,0,multiply,multiply,result,arg_0|arg_1,diagnostic,diagnostic
16,2,0,add,add,result,arg_0|arg_1,diagnostic,diagnostic
38,1,0,surface_sphere,surface_sphere,result,arg_0,diagnostic,diagnostic
30,1,0,volume_cube,volume_cube,result,arg_0,diagnostic,diagnostic
30,2,0,volume_cone,volume_cone,result,arg_0|arg_1,diagnostic,diagnostic
43,1,0,inverse,inverse,result,arg_0,diagnostic,diagnostic
41,2,0,remainder,remainder,result,arg_0|arg_1,diagnostic,diagnostic
20,2,0,subtract,subtract,result,arg_0|arg_1,diagnostic,diagnostic
19,2,0,divide,divide,result,arg_0|arg_1,diagnostic,diagnostic
91,1,0,replace_lb_and_kg,replace_lb_and_kg,output_0,dictionary,diagnostic,diagnostic
229,1,0,compute_degree,compute_degree,output_0,coefficients,diagnostic,diagnostic
59,1,0,random_bit_array,random_bit_array,output_0,n,diagnostic,diagnostic
59,1,0,get_field02_of_item03,get_field_of_item,output_0,data,diagnostic,diagnostic
133,1,0,directory_traversal,directory_traversal,output_0,directory_path,diagnostic,diagnostic
54,1,0,ratio_saliency,ratio_saliency,output_0,time_series,diagnostic,diagnostic
107,1,0,traverse_diagonal,traverse_diagonal,output_0,matrix,diagnostic,diagnostic
50,1,0,hexa2dec,hexa2dec,output_0,hex_str,diagnostic,diagnostic
72,2,0,add_up,add_up,output_0,nums|x,diagnostic,diagnostic
91,1,0,parse_list_of_numbers,parse_list_of_numbers,output_0,string,diagnostic,diagnostic
53,1,0,is_even_and_more_than_zero,is_even_and_more_than_zero,output_0,num,diagnostic,diagnostic
85,1,0,non_whitespace_substrings,non_whitespace_substrings,output_0,input_str,diagnostic,diagnostic
56,1,0,sha256sum,sha256sum,output_0,text,diagnostic,diagnostic
60,1,0,create_hash_md5,create_hash_md,output_0,string,diagnostic,diagnostic
40,1,0,count_words_from_sentences,count_words_from_sentences,output_0,sentences,diagnostic,diagnostic
61,1,0,capitalize_time_zone,capitalize_time_zone,output_0,name,diagnostic,diagnostic
242,1,0,validate_and_sqrt,validate_and_sqrt,output_0,input_str,diagnostic,diagnostic
20,2,0,subtract,subtract,result,arg_0|arg_1,diagnostic,diagnostic
43,1,0,inverse,inverse,result,arg_0,diagnostic,diagnostic
40,2,0,speed,speed,result,arg_0|arg_1,diagnostic,diagnostic
51,1,0,negate_prob,negate_prob,result,arg_0,diagnostic,diagnostic
50,2,0,lcm,lcm,result,arg_0|arg_1,diagnostic,diagnostic
65,2,0,permutation,permutation,result,arg_0|arg_1,diagnostic,diagnostic
22,2,0,multiply,multiply,result,arg_0|arg_1,diagnostic,diagnostic
34,2,0,volume_cylinder,volume_cylinder,result,arg_0|arg_1,diagnostic,diagnostic
19,2,0,divide,divide,result,arg_0|arg_1,diagnostic,diagnostic
16,2,0,add,add,result,arg_0|arg_1,diagnostic,diagnostic
191,1,0,parse_number_or_string,parse_number_or_string,output_0,s,diagnostic,diagnostic
107,1,0,traverse_diagonal,traverse_diagonal,output_0,matrix,diagnostic,diagnostic
48,1,0,get_variable_type,get_variable_type,output_0,value,diagnostic,diagnostic
68,2,0,custom_type_conversion,custom_type_conversion,output_0,desired_type|string,diagnostic,diagnostic
229,1,0,compute_degree,compute_degree,output_0,coefficients,diagnostic,diagnostic
63,1,0,percentiles,percentiles,output_0,data,diagnostic,diagnostic
50,1,0,normalize_data,normalize_data,output_0,data,diagnostic,diagnostic
101,1,0,get_flattened_ids,get_flattened_ids,output_0,objects,diagnostic,diagnostic
43,1,0,logsoftmax,logsoftmax,output_0,input,diagnostic,diagnostic
110,3,0,pad_array,pad_array,output_0,array|length|number,diagnostic,diagnostic
55,1,0,multiples_of_n,multiples_of_n,output_0,n,diagnostic,diagnostic
85,1,0,non_whitespace_substrings,non_whitespace_substrings,output_0,input_str,diagnostic,diagnostic
116,1,0,download_and_deserialize,download_and_deserialize,output_0,url,diagnostic,diagnostic
99,2,0,get_index_dict,get_index_dict,output_0,dates|values,diagnostic,diagnostic
91,1,0,parse_list_of_numbers,parse_list_of_numbers,output_0,string,diagnostic,diagnostic
54,1,0,ratio_saliency,ratio_saliency,output_0,time_series,diagnostic,diagnostic
104,2,0,create_list_using_loop,create_list_using_loop,output_0,end|start,diagnostic,diagnostic
40,1,0,count_words_from_sentences,count_words_from_sentences,output_0,sentences,diagnostic,diagnostic
20,2,0,subtract,subtract,result,arg_0|arg_1,diagnostic,diagnostic
40,2,0,speed,speed,result,arg_0|arg_1,diagnostic,diagnostic
22,2,0,multiply,multiply,result,arg_0|arg_1,diagnostic,diagnostic
16,2,0,add,add,result,arg_0|arg_1,diagnostic,diagnostic
54,2,0,triangle_area,triangle_area,result,arg_0|arg_1,diagnostic,diagnostic
45,1,0,square_area,square_area,result,arg_0,diagnostic,diagnostic
40,2,0,surface_cylinder,surface_cylinder,result,arg_0|arg_1,diagnostic,diagnostic
43,1,0,inverse,inverse,result,arg_0,diagnostic,diagnostic
51,1,0,sqrt,sqrt,result,arg_0,diagnostic,diagnostic
19,2,0,divide,divide,result,arg_0|arg_1,diagnostic,diagnostic
30,1,0,volume_cube,volume_cube,result,arg_0,diagnostic,diagnostic
19,2,0,divide,divide,result,arg_0|arg_1,diagnostic,diagnostic
16,2,0,add,add,result,arg_0|arg_1,diagnostic,diagnostic
30,2,0,volume_cone,volume_cone,result,arg_0|arg_1,diagnostic,diagnostic
43,1,0,inverse,inverse,result,arg_0,diagnostic,diagnostic
25,2,0,power,power,result,arg_0|arg_1,diagnostic,diagnostic
20,2,0,subtract,subtract,result,arg_0|arg_1,diagnostic,diagnostic
22,2,0,multiply,multiply,result,arg_0|arg_1,diagnostic,diagnostic
19,2,0,divide,divide,result,arg_0|arg_1,diagnostic,diagnostic
22,2,0,multiply,multiply,result,arg_0|arg_1,diagnostic,diagnostic
31,1,0,negate,negate,result,arg_0,diagnostic,diagnostic
20,2,0,subtract,subtract,result,arg_0|arg_1,diagnostic,diagnostic
16,2,0,add,add,result,arg_0|arg_1,diagnostic,diagnostic
43,1,0,inverse,inverse,result,arg_0,diagnostic,diagnostic
34,2,0,volume_cylinder,volume_cylinder,result,arg_0|arg_1,diagnostic,diagnostic
41,2,0,remainder,remainder,result,arg_0|arg_1,diagnostic,diagnostic
57,1,0,square_edge_by_perimeter,square_edge_by_perimeter,result,arg_0,diagnostic,diagnostic
52,1,0,cube_edge_by_volume,cube_edge_by_volume,result,arg_0,diagnostic,diagnostic
54,2,0,triangle_area,triangle_area,result,arg_0|arg_1,diagnostic,diagnostic
57,1,0,square_edge_by_perimeter,square_edge_by_perimeter,result,arg_0,diagnostic,diagnostic
57,1,0,square_perimeter,square_perimeter,result,arg_0,diagnostic,diagnostic
52,1,0,cube_edge_by_volume,cube_edge_by_volume,result,arg_0,diagnostic,diagnostic
32,1,0,volume_sphere,volume_sphere,result,arg_0,diagnostic,diagnostic
20,2,0,subtract,subtract,result,arg_0|arg_1,diagnostic,diagnostic
22,2,0,multiply,multiply,result,arg_0|arg_1,diagnostic,diagnostic
43,1,0,inverse,inverse,result,arg_0,diagnostic,diagnostic
19,2,0,divide,divide,result,arg_0|arg_1,diagnostic,diagnostic
16,2,0,add,add,result,arg_0|arg_1,diagnostic,diagnostic
47,1,0,circle_area,circle_area,result,arg_0,diagnostic,diagnostic
19,2,0,divide,divide,result,arg_0|arg_1,diagnostic,diagnostic
22,2,0,multiply,multiply,result,arg_0|arg_1,diagnostic,diagnostic
43,1,0,inverse,inverse,result,arg_0,diagnostic,diagnostic
20,2,0,subtract,subtract,result,arg_0|arg_1,diagnostic,diagnostic
54,2,0,triangle_area,triangle_area,result,arg_0|arg_1,diagnostic,diagnostic
16,2,0,add,add,result,arg_0|arg_1,diagnostic,diagnostic
73,2,0,log,log,result,arg_0|arg_1,diagnostic,diagnostic
51,1,0,negate_prob,negate_prob,result,arg_0,diagnostic,diagnostic
22,2,0,multiply,multiply,result,arg_0|arg_1,diagnostic,diagnostic
31,1,0,negate,negate,result,arg_0,diagnostic,diagnostic
43,1,0,inverse,inverse,result,arg_0,diagnostic,diagnostic
19,2,0,divide,divide,result,arg_0|arg_1,diagnostic,diagnostic
46,1,0,min_number,min_number,result,arg_0,diagnostic,diagnostic
39,1,0,circumface,circumface,result,arg_0,diagnostic,diagnostic
16,2,0,add,add,result,arg_0|arg_1,diagnostic,diagnostic
20,2,0,subtract,subtract,result,arg_0|arg_1,diagnostic,diagnostic
46,1,0,max_number,max_number,result,arg_0,diagnostic,diagnostic
47,1,0,circle_area,circle_area,result,arg_0,diagnostic,diagnostic
30,1,0,volume_cube,volume_cube,result,arg_0,diagnostic,diagnostic
20,2,0,subtract,subtract,result,arg_0|arg_1,diagnostic,diagnostic
16,2,0,add,add,result,arg_0|arg_1,diagnostic,diagnostic
36,1,0,surface_cube,surface_cube,result,arg_0,diagnostic,diagnostic
43,1,0,inverse,inverse,result,arg_0,diagnostic,diagnostic
19,2,0,divide,divide,result,arg_0|arg_1,diagnostic,diagnostic
57,1,0,square_perimeter,square_perimeter,result,arg_0,diagnostic,diagnostic
22,2,0,multiply,multiply,result,arg_0|arg_1,diagnostic,diagnostic
51,1,0,sqrt,sqrt,result,arg_0,diagnostic,diagnostic
50,2,0,lcm,lcm,result,arg_0|arg_1,diagnostic,diagnostic
57,1,0,square_perimeter,square_perimeter,result,arg_0,diagnostic,diagnostic
19,2,0,divide,divide,result,arg_0|arg_1,diagnostic,diagnostic
16,2,0,add,add,result,arg_0|arg_1,diagnostic,diagnostic
40,2,0,surface_cylinder,surface_cylinder,result,arg_0|arg_1,diagnostic,diagnostic
20,2,0,subtract,subtract,result,arg_0|arg_1,diagnostic,diagnostic
43,1,0,inverse,inverse,result,arg_0,diagnostic,diagnostic
51,1,0,negate_prob,negate_prob,result,arg_0,diagnostic,diagnostic
22,2,0,multiply,multiply,result,arg_0|arg_1,diagnostic,diagnostic
16,2,0,add,add,result,arg_0|arg_1,diagnostic,diagnostic
32,1,0,volume_sphere,volume_sphere,result,arg_0,diagnostic,diagnostic
22,2,0,multiply,multiply,result,arg_0|arg_1,diagnostic,diagnostic
43,1,0,inverse,inverse,result,arg_0,diagnostic,diagnostic
52,1,0,square_edge_by_area,square_edge_by_area,result,arg_0,diagnostic,diagnostic
20,2,0,subtract,subtract,result,arg_0|arg_1,diagnostic,diagnostic
52,1,0,cube_edge_by_volume,cube_edge_by_volume,result,arg_0,diagnostic,diagnostic
96,2,0,choose,choose,result,arg_0|arg_1,diagnostic,diagnostic
19,2,0,divide,divide,result,arg_0|arg_1,diagnostic,diagnostic
31,2,0,rhombus_area,rhombus_area,result,arg_0|arg_1,diagnostic,diagnostic
51,1,0,sqrt,sqrt,result,arg_0,diagnostic,diagnostic
47,1,0,circle_area,circle_area,result,arg_0,diagnostic,diagnostic
43,1,0,inverse,inverse,result,arg_0,diagnostic,diagnostic
58,2,0,gcd,gcd,result,arg_0|arg_1,diagnostic,diagnostic
22,2,0,multiply,multiply,result,arg_0|arg_1,diagnostic,diagnostic
25,2,0,power,power,result,arg_0|arg_1,diagnostic,diagnostic
30,2,0,volume_cone,volume_cone,result,arg_0|arg_1,diagnostic,diagnostic
16,2,0,add,add,result,arg_0|arg_1,diagnostic,diagnostic
20,2,0,subtract,subtract,result,arg_0|arg_1,diagnostic,diagnostic
19,2,0,divide,divide,result,arg_0|arg_1,diagnostic,diagnostic
46,1,0,min_number,min_number,result,arg_0,diagnostic,diagnostic
22,2,0,multiply,multiply,result,arg_0|arg_1,diagnostic,diagnostic
43,1,0,inverse,inverse,result,arg_0,diagnostic,diagnostic
40,2,0,speed,speed,result,arg_0|arg_1,diagnostic,diagnostic
16,2,0,add,add,result,arg_0|arg_1,diagnostic,diagnostic
39,1,0,circumface,circumface,result,arg_0,diagnostic,diagnostic
19,2,0,divide,divide,result,arg_0|arg_1,diagnostic,diagnostic
20,2,0,subtract,subtract,result,arg_0|arg_1,diagnostic,diagnostic
54,2,0,triangle_area,triangle_area,result,arg_0|arg_1,diagnostic,diagnostic
31,1,0,negate,negate,result,arg_0,diagnostic,diagnostic
51,1,0,negate_prob,negate_prob,result,arg_0,diagnostic,diagnostic
16,2,0,add,add,result,arg_0|arg_1,diagnostic,diagnostic
22,2,0,multiply,multiply,result,arg_0|arg_1,diagnostic,diagnostic
41,2,0,reminder,reminder,result,arg_0|arg_1,diagnostic,diagnostic
46,1,0,min_number,min_number,result,arg_0,diagnostic,diagnostic
43,1,0,inverse,inverse,result,arg_0,diagnostic,diagnostic
54,2,0,triangle_area,triangle_area,result,arg_0|arg_1,diagnostic,diagnostic
19,2,0,divide,divide,result,arg_0|arg_1,diagnostic,diagnostic
20,2,0,subtract,subtract,result,arg_0|arg_1,diagnostic,diagnostic
19,2,0,divide,divide,result,arg_0|arg_1,diagnostic,diagnostic
43,1,0,inverse,inverse,result,arg_0,diagnostic,diagnostic
51,1,0,sqrt,sqrt,result,arg_0,diagnostic,diagnostic
38,2,0,rectangle_perimeter,rectangle_perimeter,result,arg_0|arg_1,diagnostic,diagnostic
16,2,0,add,add,result,arg_0|arg_1,diagnostic,diagnostic
52,1,0,cube_edge_by_volume,cube_edge_by_volume,result,arg_0,diagnostic,diagnostic
22,2,0,multiply,multiply,result,arg_0|arg_1,diagnostic,diagnostic
20,2,0,subtract,subtract,result,arg_0|arg_1,diagnostic,diagnostic
51,1,0,negate_prob,negate_prob,result,arg_0,diagnostic,diagnostic
39,1,0,circumface,circumface,result,arg_0,diagnostic,diagnostic
51,2,0,diagonal,diagonal,result,arg_0|arg_1,diagnostic,diagnostic
19,2,0,divide,divide,result,arg_0|arg_1,diagnostic,diagnostic
43,1,0,inverse,inverse,result,arg_0,diagnostic,diagnostic
22,2,0,multiply,multiply,result,arg_0|arg_1,diagnostic,diagnostic
16,2,0,add,add,result,arg_0|arg_1,diagnostic,diagnostic
31,1,0,negate,negate,result,arg_0,diagnostic,diagnostic
41,2,0,remainder,remainder,result,arg_0|arg_1,diagnostic,diagnostic
20,2,0,subtract,subtract,result,arg_0|arg_1,diagnostic,diagnostic
38,1,0,surface_sphere,surface_sphere,result,arg_0,diagnostic,diagnostic
22,2,0,multiply,multiply,result,arg_0|arg_1,diagnostic,diagnostic
19,2,0,divide,divide,result,arg_0|arg_1,diagnostic,diagnostic
20,2,0,subtract,subtract,result,arg_0|arg_1,diagnostic,diagnostic
43,1,0,inverse,inverse,result,arg_0,diagnostic,diagnostic
52,1,0,square_edge_by_area,square_edge_by_area,result,arg_0,diagnostic,diagnostic
16,2,0,add,add,result,arg_0|arg_1,diagnostic,diagnostic
51,1,0,sqrt,sqrt,result,arg_0,diagnostic,diagnostic
52,1,0,cube_edge_by_volume,cube_edge_by_volume,result,arg_0,diagnostic,diagnostic
47,1,0,circle_area,circle_area,result,arg_0,diagnostic,diagnostic
20,2,0,subtract,subtract,result,arg_0|arg_1,diagnostic,diagnostic
19,2,0,divide,divide,result,arg_0|arg_1,diagnostic,diagnostic
43,1,0,inverse,inverse,result,arg_0,diagnostic,diagnostic
39,1,0,circumface,circumface,result,arg_0,diagnostic,diagnostic
54,2,0,triangle_area,triangle_area,result,arg_0|arg_1,diagnostic,diagnostic
16,2,0,add,add,result,arg_0|arg_1,diagnostic,diagnostic
22,2,0,multiply,multiply,result,arg_0|arg_1,diagnostic,diagnostic
31,2,0,rhombus_area,rhombus_area,result,arg_0|arg_1,diagnostic,diagnostic
34,2,0,volume_cylinder,volume_cylinder,result,arg_0|arg_1,diagnostic,diagnostic
31,1,0,negate,negate,result,arg_0,diagnostic,diagnostic
60,2,0,rectangle_area,rectangle_area,result,arg_0|arg_1,diagnostic,diagnostic
52,1,0,square_edge_by_area,square_edge_by_area,result,arg_0,diagnostic,diagnostic
22,2,0,multiply,multiply,result,arg_0|arg_1,diagnostic,diagnostic
16,2,0,add,add,result,arg_0|arg_1,diagnostic,diagnostic
43,1,0,inverse,inverse,result,arg_0,diagnostic,diagnostic
57,1,0,square_perimeter,square_perimeter,result,arg_0,diagnostic,diagnostic
19,2,0,divide,divide,result,arg_0|arg_1,diagnostic,diagnostic
20,2,0,subtract,subtract,result,arg_0|arg_1,diagnostic,diagnostic
25,2,0,power,power,result,arg_0|arg_1,diagnostic,diagnostic
19,2,0,divide,divide,result,arg_0|arg_1,diagnostic,diagnostic
43,1,0,inverse,inverse,result,arg_0,diagnostic,diagnostic
22,2,0,multiply,multiply,result,arg_0|arg_1,diagnostic,diagnostic
16,2,0,add,add,result,arg_0|arg_1,diagnostic,diagnostic
73,2,0,log,log,result,arg_0|arg_1,diagnostic,diagnostic
45,1,0,square_area,square_area,result,arg_0,diagnostic,diagnostic
38,1,0,surface_sphere,surface_sphere,result,arg_0,diagnostic,diagnostic
20,2,0,subtract,subtract,result,arg_0|arg_1,diagnostic,diagnostic
51,1,0,negate_prob,negate_prob,result,arg_0,diagnostic,diagnostic
51,1,0,sqrt,sqrt,result,arg_0,diagnostic,diagnostic
20,2,0,subtract,subtract,result,arg_0|arg_1,diagnostic,diagnostic
19,2,0,divide,divide,result,arg_0|arg_1,diagnostic,diagnostic
31,1,0,negate,negate,result,arg_0,diagnostic,diagnostic
51,2,0,diagonal,diagonal,result,arg_0|arg_1,diagnostic,diagnostic
45,1,0,square_area,square_area,result,arg_0,diagnostic,diagnostic
58,2,0,gcd,gcd,result,arg_0|arg_1,diagnostic,diagnostic
16,2,0,add,add,result,arg_0|arg_1,diagnostic,diagnostic
50,1,0,factorial,factorial,result,arg_0,diagnostic,diagnostic
36,1,0,surface_cube,surface_cube,result,arg_0,diagnostic,diagnostic
43,1,0,inverse,inverse,result,arg_0,diagnostic,diagnostic
22,2,0,multiply,multiply,result,arg_0|arg_1,diagnostic,diagnostic
19,2,0,divide,divide,result,arg_0|arg_1,diagnostic,diagnostic
20,2,0,subtract,subtract,result,arg_0|arg_1,diagnostic,diagnostic
22,2,0,multiply,multiply,result,arg_0|arg_1,diagnostic,diagnostic
16,2,0,add,add,result,arg_0|arg_1,diagnostic,diagnostic
30,1,0,volume_cube,volume_cube,result,arg_0,diagnostic,diagnostic
57,1,0,square_edge_by_perimeter,square_edge_by_perimeter,result,arg_0,diagnostic,diagnostic
43,1,0,inverse,inverse,result,arg_0,diagnostic,diagnostic
52,1,0,cube_edge_by_volume,cube_edge_by_volume,result,arg_0,diagnostic,diagnostic
43,1,0,inverse,inverse,result,arg_0,diagnostic,diagnostic
47,1,0,circle_area,circle_area,result,arg_0,diagnostic,diagnostic
19,2,0,divide,divide,result,arg_0|arg_1,diagnostic,diagnostic
20,2,0,subtract,subtract,result,arg_0|arg_1,diagnostic,diagnostic
16,2,0,add,add,result,arg_0|arg_1,diagnostic,diagnostic
57,1,0,square_perimeter,square_perimeter,result,arg_0,diagnostic,diagnostic
96,2,0,choose,choose,result,arg_0|arg_1,diagnostic,diagnostic
22,2,0,multiply,multiply,result,arg_0|arg_1,diagnostic,diagnostic
73,2,0,log,log,result,arg_0|arg_1,diagnostic,diagnostic
46,1,0,min_number,min_number,result,arg_0,diagnostic,diagnostic
19,2,0,divide,divide,result,arg_0|arg_1,diagnostic,diagnostic
20,2,0,subtract,subtract,result,arg_0|arg_1,diagnostic,diagnostic
39,1,0,circumface,circumface,result,arg_0,diagnostic,diagnostic
22,2,0,multiply,multiply,result,arg_0|arg_1,diagnostic,diagnostic
16,2,0,add,add,result,arg_0|arg_1,diagnostic,diagnostic
43,1,0,inverse,inverse,result,arg_0,diagnostic,diagnostic
25,2,0,power,power,result,arg_0|arg_1,diagnostic,diagnostic
32,1,0,volume_sphere,volume_sphere,result,arg_0,diagnostic,diagnostic
40,2,0,speed,speed,result,arg_0|arg_1,diagnostic,diagnostic
20,2,0,subtract,subtract,result,arg_0|arg_1,diagnostic,diagnostic
22,2,0,multiply,multiply,result,arg_0|arg_1,diagnostic,diagnostic
16,2,0,add,add,result,arg_0|arg_1,diagnostic,diagnostic
52,1,0,square_edge_by_area,square_edge_by_area,result,arg_0,diagnostic,diagnostic
43,1,0,inverse,inverse,result,arg_0,diagnostic,diagnostic
36,1,0,surface_cube,surface_cube,result,arg_0,diagnostic,diagnostic
34,2,0,volume_cylinder,volume_cylinder,result,arg_0|arg_1,diagnostic,diagnostic
19,2,0,divide,divide,result,arg_0|arg_1,diagnostic,diagnostic
52,1,0,square_edge_by_area,square_edge_by_area,result,arg_0,diagnostic,diagnostic
43,1,0,inverse,inverse,result,arg_0,diagnostic,diagnostic
22,2,0,multiply,multiply,result,arg_0|arg_1,diagnostic,diagnostic
20,2,0,subtract,subtract,result,arg_0|arg_1,diagnostic,diagnostic
65,2,0,permutation,permutation,result,arg_0|arg_1,diagnostic,diagnostic
19,2,0,divide,divide,result,arg_0|arg_1,diagnostic,diagnostic
54,2,0,triangle_area,triangle_area,result,arg_0|arg_1,diagnostic,diagnostic
31,1,0,negate,negate,result,arg_0,diagnostic,diagnostic
73,2,0,log,log,result,arg_0|arg_1,diagnostic,diagnostic
16,2,0,add,add,result,arg_0|arg_1,diagnostic,diagnostic
16,2,0,add,add,result,arg_0|arg_1,diagnostic,diagnostic
20,2,0,subtract,subtract,result,arg_0|arg_1,diagnostic,diagnostic
65,2,0,permutation,permutation,result,arg_0|arg_1,diagnostic,diagnostic
43,1,0,inverse,inverse,result,arg_0,diagnostic,diagnostic
52,1,0,square_edge_by_area,square_edge_by_area,result,arg_0,diagnostic,diagnostic
22,2,0,multiply,multiply,result,arg_0|arg_1,diagnostic,diagnostic
32,1,0,volume_sphere,volume_sphere,result,arg_0,diagnostic,diagnostic
46,1,0,max_number,max_number,result,arg_0,diagnostic,diagnostic
19,2,0,divide,divide,result,arg_0|arg_1,diagnostic,diagnostic
34,2,0,volume_cylinder,volume_cylinder,result,arg_0|arg_1,diagnostic,diagnostic
73,2,0,log,log,result,arg_0|arg_1,diagnostic,diagnostic
16,2,0,add,add,result,arg_0|arg_1,diagnostic,diagnostic
51,1,0,sqrt,sqrt,result,arg_0,diagnostic,diagnostic
19,2,0,divide,divide,result,arg_0|arg_1,diagnostic,diagnostic
22,2,0,multiply,multiply,result,arg_0|arg_1,diagnostic,diagnostic
20,2,0,subtract,subtract,result,arg_0|arg_1,diagnostic,diagnostic
31,1,0,negate,negate,result,arg_0,diagnostic,diagnostic
54,2,0,triangle_area,triangle_area,result,arg_0|arg_1,diagnostic,diagnostic
51,1,0,negate_prob,negate_prob,result,arg_0,diagnostic,diagnostic
43,1,0,inverse,inverse,result,arg_0,diagnostic,diagnostic
43,1,0,inverse,inverse,result,arg_0,diagnostic,diagnostic
16,2,0,add,add,result,arg_0|arg_1,diagnostic,diagnostic
31,2,0,rhombus_area,rhombus_area,result,arg_0|arg_1,diagnostic,diagnostic
19,2,0,divide,divide,result,arg_0|arg_1,diagnostic,diagnostic
22,2,0,multiply,multiply,result,arg_0|arg_1,diagnostic,diagnostic
40,2,0,surface_cylinder,surface_cylinder,result,arg_0|arg_1,diagnostic,diagnostic
20,2,0,subtract,subtract,result,arg_0|arg_1,diagnostic,diagnostic
65,2,0,permutation,permutation,result,arg_0|arg_1,diagnostic,diagnostic
32,1,0,volume_sphere,volume_sphere,result,arg_0,diagnostic,diagnostic
57,1,0,square_edge_by_perimeter,square_edge_by_perimeter,result,arg_0,diagnostic,diagnostic
19,2,0,divide,divide,result,arg_0|arg_1,diagnostic,diagnostic
43,1,0,inverse,inverse,result,arg_0,diagnostic,diagnostic
41,2,0,reminder,reminder,result,arg_0|arg_1,diagnostic,diagnostic
38,1,0,surface_sphere,surface_sphere,result,arg_0,diagnostic,diagnostic
31,1,0,negate,negate,result,arg_0,diagnostic,diagnostic
16,2,0,add,add,result,arg_0|arg_1,diagnostic,diagnostic
20,2,0,subtract,subtract,result,arg_0|arg_1,diagnostic,diagnostic
22,2,0,multiply,multiply,result,arg_0|arg_1,diagnostic,diagnostic
20,2,0,subtract,subtract,result,arg_0|arg_1,diagnostic,diagnostic
46,1,0,max_number,max_number,result,arg_0,diagnostic,diagnostic
43,1,0,inverse,inverse,result,arg_0,diagnostic,diagnostic
38,2,0,rectangle_perimeter,rectangle_perimeter,result,arg_0|arg_1,diagnostic,diagnostic
22,2,0,multiply,multiply,result,arg_0|arg_1,diagnostic,diagnostic
19,2,0,divide,divide,result,arg_0|arg_1,diagnostic,diagnostic
41,2,0,remainder,remainder,result,arg_0|arg_1,diagnostic,diagnostic
31,1,0,negate,negate,result,arg_0,diagnostic,diagnostic
16,2,0,add,add,result,arg_0|arg_1,diagnostic,diagnostic
25,2,0,power,power,result,arg_0|arg_1,diagnostic,diagnostic
19,2,0,divide,divide,result,arg_0|arg_1,diagnostic,diagnostic
57,1,0,square_perimeter,square_perimeter,result,arg_0,diagnostic,diagnostic
50,1,0,factorial,factorial,result,arg_0,diagnostic,diagnostic
16,2,0,add,add,result,arg_0|arg_1,diagnostic,diagnostic
25,2,0,power,power,result,arg_0|arg_1,diagnostic,diagnostic
43,1,0,inverse,inverse,result,arg_0,diagnostic,diagnostic
47,1,0,circle_area,circle_area,result,arg_0,diagnostic,diagnostic
20,2,0,subtract,subtract,result,arg_0|arg_1,diagnostic,diagnostic
96,2,0,choose,choose,result,arg_0|arg_1,diagnostic,diagnostic
22,2,0,multiply,multiply,result,arg_0|arg_1,diagnostic,diagnostic
22,2,0,multiply,multiply,result,arg_0|arg_1,diagnostic,diagnostic
41,2,0,reminder,reminder,result,arg_0|arg_1,diagnostic,diagnostic
51,1,0,negate_prob,negate_prob,result,arg_0,diagnostic,diagnostic
19,2,0,divide,divide,result,arg_0|arg_1,diagnostic,diagnostic
20,2,0,subtract,subtract,result,arg_0|arg_1,diagnostic,diagnostic
52,1,0,cube_edge_by_volume,cube_edge_by_volume,result,arg_0,diagnostic,diagnostic
43,1,0,inverse,inverse,result,arg_0,diagnostic,diagnostic
60,2,0,rectangle_area,rectangle_area,result,arg_0|arg_1,diagnostic,diagnostic
41,2,0,remainder,remainder,result,arg_0|arg_1,diagnostic,diagnostic
16,2,0,add,add,result,arg_0|arg_1,diagnostic,diagnostic
46,1,0,max_number,max_number,result,arg_0,diagnostic,diagnostic
96,2,0,choose,choose,result,arg_0|arg_1,diagnostic,diagnostic
32,1,0,volume_sphere,volume_sphere,result,arg_0,diagnostic,diagnostic
16,2,0,add,add,result,arg_0|arg_1,diagnostic,diagnostic
43,1,0,inverse,inverse,result,arg_0,diagnostic,diagnostic
20,2,0,subtract,subtract,result,arg_0|arg_1,diagnostic,diagnostic
19,2,0,divide,divide,result,arg_0|arg_1,diagnostic,diagnostic
31,2,0,rhombus_area,rhombus_area,result,arg_0|arg_1,diagnostic,diagnostic
25,2,0,power,power,result,arg_0|arg_1,diagnostic,diagnostic
22,2,0,multiply,multiply,result,arg_0|arg_1,diagnostic,diagnostic
36,1,0,surface_cube,surface_cube,result,arg_0,diagnostic,diagnostic
20,2,0,subtract,subtract,result,arg_0|arg_1,diagnostic,diagnostic
22,2,0,multiply,multiply,result,arg_0|arg_1,diagnostic,diagnostic
57,1,0,square_perimeter,square_perimeter,result,arg_0,diagnostic,diagnostic
19,2,0,divide,divide,result,arg_0|arg_1,diagnostic,diagnostic
40,2,0,speed,speed,result,arg_0|arg_1,diagnostic,diagnostic
43,1,0,inverse,inverse,result,arg_0,diagnostic,diagnostic
46,1,0,min_number,min_number,result,arg_0,diagnostic,diagnostic
16,2,0,add,add,result,arg_0|arg_1,diagnostic,diagnostic
84,1,0,replace_japanese_numbers,replace_japanese_numbers,output_0,input_str,diagnostic,diagnostic
200,3,0,sample_files,sample_files,output_0,n|path|regex,diagnostic,diagnostic
299,2,0,generate_json_from_enumerations,generate_json_from_enumerations,output_0,enumerations|keys,diagnostic,diagnostic
40,1,0,count_words_from_sentences,count_words_from_sentences,output_0,sentences,diagnostic,diagnostic
384,1,0,underscored_list,underscored_list,output_0,input_list,diagnostic,diagnostic
229,1,0,compute_degree,compute_degree,output_0,coefficients,diagnostic,diagnostic
91,1,0,parse_list_of_numbers,parse_list_of_numbers,output_0,string,diagnostic,diagnostic
85,1,0,non_whitespace_substrings,non_whitespace_substrings,output_0,input_str,diagnostic,diagnostic
197,2,0,max_string_value,max_string_value,output_0,values|words,diagnostic,diagnostic
82,3,0,example_function,example_function,output_0,first_arg|second_arg|third_arg,diagnostic,diagnostic
84,1,0,transform_to_tsv,transform_to_tsv,output_0,csv_string,diagnostic,diagnostic
67,2,0,generate_greeting,generate_greeting,output_0,language|name,diagnostic,diagnostic
70,1,0,find_negative,find_negative,output_0,x,diagnostic,diagnostic
258,0,0,generate_string_table,generate_string_table,output_0,,diagnostic,diagnostic
54,1,0,ratio_saliency,ratio_saliency,output_0,time_series,diagnostic,diagnostic
53,1,0,extract_nested_data,extract_nested_data,output_0,input_string,diagnostic,diagnostic
107,1,0,traverse_diagonal,traverse_diagonal,output_0,matrix,diagnostic,diagnostic
171,1,0,get_anagram_groups,get_anagram_groups,output_0,letters,diagnostic,diagnostic
43,1,0,inverse,inverse,result,arg_0,diagnostic,diagnostic
16,2,0,add,add,result,arg_0|arg_1,diagnostic,diagnostic
25,2,0,power,power,result,arg_0|arg_1,diagnostic,diagnostic
58,2,0,gcd,gcd,result,arg_0|arg_1,diagnostic,diagnostic
32,1,0,volume_sphere,volume_sphere,result,arg_0,diagnostic,diagnostic
20,2,0,subtract,subtract,result,arg_0|arg_1,diagnostic,diagnostic
46,1,0,min_number,min_number,result,arg_0,diagnostic,diagnostic
19,2,0,divide,divide,result,arg_0|arg_1,diagnostic,diagnostic
22,2,0,multiply,multiply,result,arg_0|arg_1,diagnostic,diagnostic
20,2,0,subtract,subtract,result,arg_0|arg_1,diagnostic,diagnostic
22,2,0,multiply,multiply,result,arg_0|arg_1,diagnostic,diagnostic
34,2,0,volume_cylinder,volume_cylinder,result,arg_0|arg_1,diagnostic,diagnostic
46,1,0,max_number,max_number,result,arg_0,diagnostic,diagnostic
16,2,0,add,add,result,arg_0|arg_1,diagnostic,diagnostic
58,2,0,gcd,gcd,result,arg_0|arg_1,diagnostic,diagnostic
43,1,0,inverse,inverse,result,arg_0,diagnostic,diagnostic
19,2,0,divide,divide,result,arg_0|arg_1,diagnostic,diagnostic
47,1,0,circle_area,circle_area,result,arg_0,diagnostic,diagnostic
50,2,0,lcm,lcm,result,arg_0|arg_1,diagnostic,diagnostic
38,2,0,rectangle_perimeter,rectangle_perimeter,result,arg_0|arg_1,diagnostic,diagnostic
22,2,0,multiply,multiply,result,arg_0|arg_1,diagnostic,diagnostic
20,2,0,subtract,subtract,result,arg_0|arg_1,diagnostic,diagnostic
19,2,0,divide,divide,result,arg_0|arg_1,diagnostic,diagnostic
39,1,0,circumface,circumface,result,arg_0,diagnostic,diagnostic
52,1,0,square_edge_by_area,square_edge_by_area,result,arg_0,diagnostic,diagnostic
43,1,0,inverse,inverse,result,arg_0,diagnostic,diagnostic
65,2,0,permutation,permutation,result,arg_0|arg_1,diagnostic,diagnostic
47,1,0,circle_area,circle_area,result,arg_0,diagnostic,diagnostic
16,2,0,add,add,result,arg_0|arg_1,diagnostic,diagnostic
20,2,0,subtract,subtract,result,arg_0|arg_1,diagnostic,diagnostic
19,2,0,divide,divide,result,arg_0|arg_1,diagnostic,diagnostic
50,2,0,lcm,lcm,result,arg_0|arg_1,diagnostic,diagnostic
22,2,0,multiply,multiply,result,arg_0|arg_1,diagnostic,diagnostic
40,2,0,surface_cylinder,surface_cylinder,result,arg_0|arg_1,diagnostic,diagnostic
52,1,0,cube_edge_by_volume,cube_edge_by_volume,result,arg_0,diagnostic,diagnostic
46,1,0,min_number,min_number,result,arg_0,diagnostic,diagnostic
43,1,0,inverse,inverse,result,arg_0,diagnostic,diagnostic
16,2,0,add,add,result,arg_0|arg_1,diagnostic,diagnostic
51,1,0,negate_prob,negate_prob,result,arg_0,diagnostic,diagnostic
43,1,0,inverse,inverse,result,arg_0,diagnostic,diagnostic
20,2,0,subtract,subtract,result,arg_0|arg_1,diagnostic,diagnostic
38,2,0,rectangle_perimeter,rectangle_perimeter,result,arg_0|arg_1,diagnostic,diagnostic
19,2,0,divide,divide,result,arg_0|arg_1,diagnostic,diagnostic
16,2,0,add,add,result,arg_0|arg_1,diagnostic,diagnostic
50,1,0,factorial,factorial,result,arg_0,diagnostic,diagnostic
22,2,0,multiply,multiply,result,arg_0|arg_1,diagnostic,diagnostic
60,2,0,rectangle_area,rectangle_area,result,arg_0|arg_1,diagnostic,diagnostic
38,2,0,rectangle_perimeter,rectangle_perimeter,result,arg_0|arg_1,diagnostic,diagnostic
19,2,0,divide,divide,result,arg_0|arg_1,diagnostic,diagnostic
46,1,0,max_number,max_number,result,arg_0,diagnostic,diagnostic
43,1,0,inverse,inverse,result,arg_0,diagnostic,diagnostic
16,2,0,add,add,result,arg_0|arg_1,diagnostic,diagnostic
22,2,0,multiply,multiply,result,arg_0|arg_1,diagnostic,diagnostic
20,2,0,subtract,subtract,result,arg_0|arg_1,diagnostic,diagnostic
30,1,0,volume_cube,volume_cube,result,arg_0,diagnostic,diagnostic
31,1,0,negate,negate,result,arg_0,diagnostic,diagnostic
22,2,0,multiply,multiply,result,arg_0|arg_1,diagnostic,diagnostic
19,2,0,divide,divide,result,arg_0|arg_1,diagnostic,diagnostic
20,2,0,subtract,subtract,result,arg_0|arg_1,diagnostic,diagnostic
16,2,0,add,add,result,arg_0|arg_1,diagnostic,diagnostic
43,1,0,inverse,inverse,result,arg_0,diagnostic,diagnostic
34,2,0,volume_cylinder,volume_cylinder,result,arg_0|arg_1,diagnostic,diagnostic
30,1,0,volume_cube,volume_cube,result,arg_0,diagnostic,diagnostic
40,2,0,surface_cylinder,surface_cylinder,result,arg_0|arg_1,diagnostic,diagnostic
19,2,0,divide,divide,result,arg_0|arg_1,diagnostic,diagnostic
20,2,0,subtract,subtract,result,arg_0|arg_1,diagnostic,diagnostic
16,2,0,add,add,result,arg_0|arg_1,diagnostic,diagnostic
96,2,0,choose,choose,result,arg_0|arg_1,diagnostic,diagnostic
43,1,0,inverse,inverse,result,arg_0,diagnostic,diagnostic
65,2,0,permutation,permutation,result,arg_0|arg_1,diagnostic,diagnostic
38,1,0,surface_sphere,surface_sphere,result,arg_0,diagnostic,diagnostic
22,2,0,multiply,multiply,result,arg_0|arg_1,diagnostic,diagnostic
52,1,0,cube_edge_by_volume,cube_edge_by_volume,result,arg_0,diagnostic,diagnostic
65,2,0,permutation,permutation,result,arg_0|arg_1,diagnostic,diagnostic
16,2,0,add,add,result,arg_0|arg_1,diagnostic,diagnostic
41,2,0,reminder,reminder,result,arg_0|arg_1,diagnostic,diagnostic
51,1,0,sqrt,sqrt,result,arg_0,diagnostic,diagnostic
43,1,0,inverse,inverse,result,arg_0,diagnostic,diagnostic
22,2,0,multiply,multiply,result,arg_0|arg_1,diagnostic,diagnostic
20,2,0,subtract,subtract,result,arg_0|arg_1,diagnostic,diagnostic
41,2,0,remainder,remainder,result,arg_0|arg_1,diagnostic,diagnostic
19,2,0,divide,divide,result,arg_0|arg_1,diagnostic,diagnostic
32,1,0,volume_sphere,volume_sphere,result,arg_0,diagnostic,diagnostic
20,2,0,subtract,subtract,result,arg_0|arg_1,diagnostic,diagnostic
30,2,0,volume_cone,volume_cone,result,arg_0|arg_1,diagnostic,diagnostic
43,1,0,inverse,inverse,result,arg_0,diagnostic,diagnostic
39,1,0,circumface,circumface,result,arg_0,diagnostic,diagnostic
19,2,0,divide,divide,result,arg_0|arg_1,diagnostic,diagnostic
16,2,0,add,add,result,arg_0|arg_1,diagnostic,diagnostic
22,2,0,multiply,multiply,result,arg_0|arg_1,diagnostic,diagnostic
38,2,0,rectangle_perimeter,rectangle_perimeter,result,arg_0|arg_1,diagnostic,diagnostic
31,1,0,negate,negate,result,arg_0,diagnostic,diagnostic
22,2,0,multiply,multiply,result,arg_0|arg_1,diagnostic,diagnostic
19,2,0,divide,divide,result,arg_0|arg_1,diagnostic,diagnostic
47,1,0,circle_area,circle_area,result,arg_0,diagnostic,diagnostic
52,1,0,cube_edge_by_volume,cube_edge_by_volume,result,arg_0,diagnostic,diagnostic
39,1,0,circumface,circumface,result,arg_0,diagnostic,diagnostic
16,2,0,add,add,result,arg_0|arg_1,diagnostic,diagnostic
43,1,0,inverse,inverse,result,arg_0,diagnostic,diagnostic
52,1,0,square_edge_by_area,square_edge_by_area,result,arg_0,diagnostic,diagnostic
20,2,0,subtract,subtract,result,arg_0|arg_1,diagnostic,diagnostic
52,1,0,square_edge_by_area,square_edge_by_area,result,arg_0,diagnostic,diagnostic
47,1,0,circle_area,circle_area,result,arg_0,diagnostic,diagnostic
36,1,0,surface_cube,surface_cube,result,arg_0,diagnostic,diagnostic
20,2,0,subtract,subtract,result,arg_0|arg_1,diagnostic,diagnostic
16,2,0,add,add,result,arg_0|arg_1,diagnostic,diagnostic
19,2,0,divide,divide,result,arg_0|arg_1,diagnostic,diagnostic
43,1,0,inverse,inverse,result,arg_0,diagnostic,diagnostic
52,1,0,cube_edge_by_volume,cube_edge_by_volume,result,arg_0,diagnostic,diagnostic
22,2,0,multiply,multiply,result,arg_0|arg_1,diagnostic,diagnostic
52,1,0,square_edge_by_area,square_edge_by_area,result,arg_0,diagnostic,diagnostic
43,1,0,inverse,inverse,result,arg_0,diagnostic,diagnostic
40,2,0,surface_cylinder,surface_cylinder,result,arg_0|arg_1,diagnostic,diagnostic
16,2,0,add,add,result,arg_0|arg_1,diagnostic,diagnostic
20,2,0,subtract,subtract,result,arg_0|arg_1,diagnostic,diagnostic
50,1,0,factorial,factorial,result,arg_0,diagnostic,diagnostic
38,1,0,surface_sphere,surface_sphere,result,arg_0,diagnostic,diagnostic
19,2,0,divide,divide,result,arg_0|arg_1,diagnostic,diagnostic
22,2,0,multiply,multiply,result,arg_0|arg_1,diagnostic,diagnostic
43,1,0,inverse,inverse,result,arg_0,diagnostic,diagnostic
36,1,0,surface_cube,surface_cube,result,arg_0,diagnostic,diagnostic
16,2,0,add,add,result,arg_0|arg_1,diagnostic,diagnostic
25,2,0,power,power,result,arg_0|arg_1,diagnostic,diagnostic
32,1,0,volume_sphere,volume_sphere,result,arg_0,diagnostic,diagnostic
40,2,0,surface_cylinder,surface_cylinder,result,arg_0|arg_1,diagnostic,diagnostic
20,2,0,subtract,subtract,result,arg_0|arg_1,diagnostic,diagnostic
34,2,0,volume_cylinder,volume_cylinder,result,arg_0|arg_1,diagnostic,diagnostic
19,2,0,divide,divide,result,arg_0|arg_1,diagnostic,diagnostic
22,2,0,multiply,multiply,result,arg_0|arg_1,diagnostic,diagnostic
50,1,0,factorial,factorial,result,arg_0,diagnostic,diagnostic
43,1,0,inverse,inverse,result,arg_0,diagnostic,diagnostic
22,2,0,multiply,multiply,result,arg_0|arg_1,diagnostic,diagnostic
19,2,0,divide,divide,result,arg_0|arg_1,diagnostic,diagnostic
57,1,0,square_perimeter,square_perimeter,result,arg_0,diagnostic,diagnostic
16,2,0,add,add,result,arg_0|arg_1,diagnostic,diagnostic
20,2,0,subtract,subtract,result,arg_0|arg_1,diagnostic,diagnostic
45,1,0,square_area,square_area,result,arg_0,diagnostic,diagnostic
46,1,0,max_number,max_number,result,arg_0,diagnostic,diagnostic
19,2,0,divide,divide,result,arg_0|arg_1,diagnostic,diagnostic
22,2,0,multiply,multiply,result,arg_0|arg_1,diagnostic,diagnostic
20,2,0,subtract,subtract,result,arg_0|arg_1,diagnostic,diagnostic
51,1,0,sqrt,sqrt,result,arg_0,diagnostic,diagnostic
51,1,0,floor,floor,result,arg_0,diagnostic,diagnostic
43,1,0,inverse,inverse,result,arg_0,diagnostic,diagnostic
16,2,0,add,add,result,arg_0|arg_1,diagnostic,diagnostic
41,2,0,reminder,reminder,result,arg_0|arg_1,diagnostic,diagnostic
38,2,0,rectangle_perimeter,rectangle_perimeter,result,arg_0|arg_1,diagnostic,diagnostic
19,2,0,divide,divide,result,arg_0|arg_1,diagnostic,diagnostic
25,2,0,power,power,result,arg_0|arg_1,diagnostic,diagnostic
39,1,0,circumface,circumface,result,arg_0,diagnostic,diagnostic
20,2,0,subtract,subtract,result,arg_0|arg_1,diagnostic,diagnostic
16,2,0,add,add,result,arg_0|arg_1,diagnostic,diagnostic
41,2,0,remainder,remainder,result,arg_0|arg_1,diagnostic,diagnostic
43,1,0,inverse,inverse,result,arg_0,diagnostic,diagnostic
22,2,0,multiply,multiply,result,arg_0|arg_1,diagnostic,diagnostic
31,1,0,negate,negate,result,arg_0,diagnostic,diagnostic
19,2,0,divide,divide,result,arg_0|arg_1,diagnostic,diagnostic
43,1,0,inverse,inverse,result,arg_0,diagnostic,diagnostic
20,2,0,subtract,subtract,result,arg_0|arg_1,diagnostic,diagnostic
16,2,0,add,add,result,arg_0|arg_1,diagnostic,diagnostic
57,1,0,square_edge_by_perimeter,square_edge_by_perimeter,result,arg_0,diagnostic,diagnostic
46,1,0,max_number,max_number,result,arg_0,diagnostic,diagnostic
51,1,0,sqrt,sqrt,result,arg_0,diagnostic,diagnostic
54,2,0,triangle_area,triangle_area,result,arg_0|arg_1,diagnostic,diagnostic
32,1,0,volume_sphere,volume_sphere,result,arg_0,diagnostic,diagnostic
22,2,0,multiply,multiply,result,arg_0|arg_1,diagnostic,diagnostic
43,1,0,inverse,inverse,result,arg_0,diagnostic,diagnostic
36,1,0,surface_cube,surface_cube,result,arg_0,diagnostic,diagnostic
22,2,0,multiply,multiply,result,arg_0|arg_1,diagnostic,diagnostic
50,1,0,factorial,factorial,result,arg_0,diagnostic,diagnostic
65,2,0,permutation,permutation,result,arg_0|arg_1,diagnostic,diagnostic
19,2,0,divide,divide,result,arg_0|arg_1,diagnostic,diagnostic
20,2,0,subtract,subtract,result,arg_0|arg_1,diagnostic,diagnostic
58,2,0,gcd,gcd,result,arg_0|arg_1,diagnostic,diagnostic
16,2,0,add,add,result,arg_0|arg_1,diagnostic,diagnostic
43,1,0,inverse,inverse,result,arg_0,diagnostic,diagnostic
19,2,0,divide,divide,result,arg_0|arg_1,diagnostic,diagnostic
22,2,0,multiply,multiply,result,arg_0|arg_1,diagnostic,diagnostic
73,2,0,log,log,result,arg_0|arg_1,diagnostic,diagnostic
25,2,0,power,power,result,arg_0|arg_1,diagnostic,diagnostic
51,1,0,floor,floor,result,arg_0,diagnostic,diagnostic
16,2,0,add,add,result,arg_0|arg_1,diagnostic,diagnostic
57,1,0,square_perimeter,square_perimeter,result,arg_0,diagnostic,diagnostic
20,2,0,subtract,subtract,result,arg_0|arg_1,diagnostic,diagnostic
22,2,0,multiply,multiply,result,arg_0|arg_1,diagnostic,diagnostic
43,1,0,inverse,inverse,result,arg_0,diagnostic,diagnostic
19,2,0,divide,divide,result,arg_0|arg_1,diagnostic,diagnostic
65,2,0,permutation,permutation,result,arg_0|arg_1,diagnostic,diagnostic
41,2,0,remainder,remainder,result,arg_0|arg_1,diagnostic,diagnostic
20,2,0,subtract,subtract,result,arg_0|arg_1,diagnostic,diagnostic
16,2,0,add,add,result,arg_0|arg_1,diagnostic,diagnostic
40,2,0,speed,speed,result,arg_0|arg_1,diagnostic,diagnostic
52,1,0,square_edge_by_area,square_edge_by_area,result,arg_0,diagnostic,diagnostic
30,2,0,volume_cone,volume_cone,result,arg_0|arg_1,diagnostic,diagnostic
22,2,0,multiply,multiply,result,arg_0|arg_1,diagnostic,diagnostic
20,2,0,subtract,subtract,result,arg_0|arg_1,diagnostic,diagnostic
46,1,0,min_number,min_number,result,arg_0,diagnostic,diagnostic
16,2,0,add,add,result,arg_0|arg_1,diagnostic,diagnostic
19,2,0,divide,divide,result,arg_0|arg_1,diagnostic,diagnostic
32,1,0,volume_sphere,volume_sphere,result,arg_0,diagnostic,diagnostic
43,1,0,inverse,inverse,result,arg_0,diagnostic,diagnostic
56,2,0,sample_exponential,sample_exponential,output_0,mean|n_samples,diagnostic,diagnostic
117,2,0,obfuscate_string,obfuscate_string,output_0,length|string,diagnostic,diagnostic
40,1,0,count_words_from_sentences,count_words_from_sentences,output_0,sentences,diagnostic,diagnostic
104,1,0,ascii_to_integer_list,ascii_to_integer_list,output_0,s,diagnostic,diagnostic
80,2,0,is_clause_satisfied,is_clause_satisfied,output_0,clauses|conditions,diagnostic,diagnostic
80,1,0,largest_contiguous_subarray_sum,largest_contiguous_subarray_sum,output_0,nums,diagnostic,diagnostic
71,1,0,summarize_symbol_table,summarize_symbol_table,output_0,symbol_table,diagnostic,diagnostic
66,2,0,find_top_k_words,find_top_k_words,output_0,k|sentences,diagnostic,diagnostic
54,1,0,ratio_saliency,ratio_saliency,output_0,time_series,diagnostic,diagnostic
54,1,0,hyperbola_vertex,hyperbola_vertex,output_0,m,diagnostic,diagnostic
79,1,0,expand_ranges,expand_ranges,output_0,ranges,diagnostic,diagnostic
50,2,0,count_sequence,count_sequence,output_0,char|s,diagnostic,diagnostic
32,2,0,find_variables_in_scope,find_variables_in_scope,output_0,scope|scoperef,diagnostic,diagnostic
91,1,0,parse_list_of_numbers,parse_list_of_numbers,output_0,string,diagnostic,diagnostic
229,1,0,compute_degree,compute_degree,output_0,coefficients,diagnostic,diagnostic
107,1,0,traverse_diagonal,traverse_diagonal,output_0,matrix,diagnostic,diagnostic
85,1,0,non_whitespace_substrings,non_whitespace_substrings,output_0,input_str,diagnostic,diagnostic
63,1,0,duplicate_sentence_checker,duplicate_sentence_checker,output_0,sentence,diagnostic,diagnostic
25,2,0,power,power,result,arg_0|arg_1,diagnostic,diagnostic
43,1,0,inverse,inverse,result,arg_0,diagnostic,diagnostic
40,2,0,surface_cylinder,surface_cylinder,result,arg_0|arg_1,diagnostic,diagnostic
19,2,0,divide,divide,result,arg_0|arg_1,diagnostic,diagnostic
22,2,0,multiply,multiply,result,arg_0|arg_1,diagnostic,diagnostic
50,2,0,lcm,lcm,result,arg_0|arg_1,diagnostic,diagnostic
20,2,0,subtract,subtract,result,arg_0|arg_1,diagnostic,diagnostic
16,2,0,add,add,result,arg_0|arg_1,diagnostic,diagnostic
46,1,0,min_number,min_number,result,arg_0,diagnostic,diagnostic
34,2,0,sum_total,sum_total,output_0,a|b,diagnostic,diagnostic
46,1,0,get_file_sha1,get_file_sha,output_0,file_path,diagnostic,diagnostic
54,1,0,ratio_saliency,ratio_saliency,output_0,time_series,diagnostic,diagnostic
40,1,0,count_words_from_sentences,count_words_from_sentences,output_0,sentences,diagnostic,diagnostic
47,1,0,to_binary,to_binary,output_0,num,diagnostic,diagnostic
189,1,0,generate_function,generate_function,output_0,num,diagnostic,diagnostic
36,1,0,y,y,output_0,x,diagnostic,diagnostic
85,1,0,non_whitespace_substrings,non_whitespace_substrings,output_0,input_str,diagnostic,diagnostic
242,1,0,sort_by_first_digit,sort_by_first_digit,output_0,string_list,diagnostic,diagnostic
69,1,0,generate_markdown_unordered_list,generate_markdown_unordered_list,output_0,items,diagnostic,diagnostic
61,1,0,sqrt_newton,sqrt_newton,output_0,x,diagnostic,diagnostic
229,1,0,compute_degree,compute_degree,output_0,coefficients,diagnostic,diagnostic
106,1,0,filter_users_by_age,filter_users_by_age,output_0,users,diagnostic,diagnostic
129,2,0,filter_dataframes,filter_dataframes,output_0,dataframes|target_value,diagnostic,diagnostic
91,1,0,parse_list_of_numbers,parse_list_of_numbers,output_0,string,diagnostic,diagnostic
40,1,0,is_string_like,is_string_like,output_0,obj,diagnostic,diagnostic
107,1,0,traverse_diagonal,traverse_diagonal,output_0,matrix,diagnostic,diagnostic
116,1,0,count_keywords,count_keywords,output_0,json_file,diagnostic,diagnostic
80,1,0,get_fold_id,get_fold_id,output_0,image_id,diagnostic,diagnostic
91,1,0,parse_list_of_numbers,parse_list_of_numbers,output_0,string,diagnostic,diagnostic
40,1,0,count_words_from_sentences,count_words_from_sentences,output_0,sentences,diagnostic,diagnostic
85,1,0,non_whitespace_substrings,non_whitespace_substrings,output_0,input_str,diagnostic,diagnostic
34,1,0,add_1,add_1,output_0,numbers,diagnostic,diagnostic
79,1,0,four_axis_mean,four_axis_mean,output_0,input_array,diagnostic,diagnostic
156,1,0,sanitize,sanitize,output_0,string,diagnostic,diagnostic
48,3,0,normalize_data_list,normalize_data_list,output_0,data_list|new_max|new_min,diagnostic,diagnostic
57,1,0,increment_array_in_place,increment_array_in_place,output_0,array,diagnostic,diagnostic
107,1,0,traverse_diagonal,traverse_diagonal,output_0,matrix,diagnostic,diagnostic
200,1,0,sum_or_list,sum_or_list,output_0,nums,diagnostic,diagnostic
185,1,0,generate_subsets,generate_subsets,output_0,nums,diagnostic,diagnostic
47,1,0,get_name_from_email,get_name_from_email,output_0,email,diagnostic,diagnostic
229,1,0,compute_degree,compute_degree,output_0,coefficients,diagnostic,diagnostic
54,1,0,ratio_saliency,ratio_saliency,output_0,time_series,diagnostic,diagnostic
237,3,0,extract_last_match,extract_last_match,output_0,delimiter|pattern|string,diagnostic,diagnostic
20,2,0,subtract,subtract,result,arg_0|arg_1,diagnostic,diagnostic
16,2,0,add,add,result,arg_0|arg_1,diagnostic,diagnostic
22,2,0,multiply,multiply,result,arg_0|arg_1,diagnostic,diagnostic
50,1,0,factorial,factorial,result,arg_0,diagnostic,diagnostic
41,2,0,reminder,reminder,result,arg_0|arg_1,diagnostic,diagnostic
40,2,0,speed,speed,result,arg_0|arg_1,diagnostic,diagnostic
43,1,0,inverse,inverse,result,arg_0,diagnostic,diagnostic
52,1,0,square_edge_by_area,square_edge_by_area,result,arg_0,diagnostic,diagnostic
31,2,0,rhombus_area,rhombus_area,result,arg_0|arg_1,diagnostic,diagnostic
19,2,0,divide,divide,result,arg_0|arg_1,diagnostic,diagnostic
43,1,0,inverse,inverse,result,arg_0,diagnostic,diagnostic
16,2,0,add,add,result,arg_0|arg_1,diagnostic,diagnostic
22,2,0,multiply,multiply,result,arg_0|arg_1,diagnostic,diagnostic
32,1,0,volume_sphere,volume_sphere,result,arg_0,diagnostic,diagnostic
20,2,0,subtract,subtract,result,arg_0|arg_1,diagnostic,diagnostic
30,2,0,volume_cone,volume_cone,result,arg_0|arg_1,diagnostic,diagnostic
19,2,0,divide,divide,result,arg_0|arg_1,diagnostic,diagnostic
40,2,0,surface_cylinder,surface_cylinder,result,arg_0|arg_1,diagnostic,diagnostic
31,1,0,negate,negate,result,arg_0,diagnostic,diagnostic
51,1,0,floor,floor,result,arg_0,diagnostic,diagnostic
20,2,0,subtract,subtract,result,arg_0|arg_1,diagnostic,diagnostic
32,1,0,volume_sphere,volume_sphere,result,arg_0,diagnostic,diagnostic
30,1,0,volume_cube,volume_cube,result,arg_0,diagnostic,diagnostic
43,1,0,inverse,inverse,result,arg_0,diagnostic,diagnostic
39,1,0,circumface,circumface,result,arg_0,diagnostic,diagnostic
96,2,0,choose,choose,result,arg_0|arg_1,diagnostic,diagnostic
22,2,0,multiply,multiply,result,arg_0|arg_1,diagnostic,diagnostic
16,2,0,add,add,result,arg_0|arg_1,diagnostic,diagnostic
19,2,0,divide,divide,result,arg_0|arg_1,diagnostic,diagnostic
51,2,0,diagonal,diagonal,result,arg_0|arg_1,diagnostic,diagnostic
22,2,0,multiply,multiply,result,arg_0|arg_1,diagnostic,diagnostic
19,2,0,divide,divide,result,arg_0|arg_1,diagnostic,diagnostic
43,1,0,inverse,inverse,result,arg_0,diagnostic,diagnostic
51,2,0,diagonal,diagonal,result,arg_0|arg_1,diagnostic,diagnostic
50,2,0,lcm,lcm,result,arg_0|arg_1,diagnostic,diagnostic
16,2,0,add,add,result,arg_0|arg_1,diagnostic,diagnostic
20,2,0,subtract,subtract,result,arg_0|arg_1,diagnostic,diagnostic
31,2,0,rhombus_area,rhombus_area,result,arg_0|arg_1,diagnostic,diagnostic
51,2,0,diagonal,diagonal,result,arg_0|arg_1,diagnostic,diagnostic
16,2,0,add,add,result,arg_0|arg_1,diagnostic,diagnostic
19,2,0,divide,divide,result,arg_0|arg_1,diagnostic,diagnostic
20,2,0,subtract,subtract,result,arg_0|arg_1,diagnostic,diagnostic
34,2,0,volume_cylinder,volume_cylinder,result,arg_0|arg_1,diagnostic,diagnostic
22,2,0,multiply,multiply,result,arg_0|arg_1,diagnostic,diagnostic
43,1,0,inverse,inverse,result,arg_0,diagnostic,diagnostic
25,2,0,power,power,result,arg_0|arg_1,diagnostic,diagnostic
50,2,0,lcm,lcm,result,arg_0|arg_1,diagnostic,diagnostic
16,2,0,add,add,result,arg_0|arg_1,diagnostic,diagnostic
40,2,0,speed,speed,result,arg_0|arg_1,diagnostic,diagnostic
32,1,0,volume_sphere,volume_sphere,result,arg_0,diagnostic,diagnostic
30,1,0,volume_cube,volume_cube,result,arg_0,diagnostic,diagnostic
46,1,0,max_number,max_number,result,arg_0,diagnostic,diagnostic
20,2,0,subtract,subtract,result,arg_0|arg_1,diagnostic,diagnostic
19,2,0,divide,divide,result,arg_0|arg_1,diagnostic,diagnostic
39,1,0,circumface,circumface,result,arg_0,diagnostic,diagnostic
43,1,0,inverse,inverse,result,arg_0,diagnostic,diagnostic
22,2,0,multiply,multiply,result,arg_0|arg_1,diagnostic,diagnostic
107,1,0,traverse_diagonal,traverse_diagonal,output_0,matrix,diagnostic,diagnostic
54,2,0,mod_range,mod_range,output_0,m|x,diagnostic,diagnostic
229,1,0,compute_degree,compute_degree,output_0,coefficients,diagnostic,diagnostic
54,1,0,remove_markdown_links,remove_markdown_links,output_0,text,diagnostic,diagnostic
54,2,0,extend_num,extend_num,output_0,num1|num2,diagnostic,diagnostic
70,1,0,get_keys_with_hello,get_keys_with_hello,output_0,d,diagnostic,diagnostic
140,1,0,get_sorted_attributes,get_sorted_attributes,output_0,obj,diagnostic,diagnostic
85,1,0,non_whitespace_substrings,non_whitespace_substrings,output_0,input_str,diagnostic,diagnostic
57,1,0,read_file_as_dictionary,read_file_as_dictionary,output_0,file_path,diagnostic,diagnostic
54,1,0,ratio_saliency,ratio_saliency,output_0,time_series,diagnostic,diagnostic
91,1,0,parse_list_of_numbers,parse_list_of_numbers,output_0,string,diagnostic,diagnostic
40,1,0,count_words_from_sentences,count_words_from_sentences,output_0,sentences,diagnostic,diagnostic
64,1,0,pack_int_to_little_endian,pack_int_to_little_endian,output_0,num,diagnostic,diagnostic
38,2,0,rectangle_perimeter,rectangle_perimeter,result,arg_0|arg_1,diagnostic,diagnostic
19,2,0,divide,divide,result,arg_0|arg_1,diagnostic,diagnostic
73,2,0,log,log,result,arg_0|arg_1,diagnostic,diagnostic
43,1,0,inverse,inverse,result,arg_0,diagnostic,diagnostic
22,2,0,multiply,multiply,result,arg_0|arg_1,diagnostic,diagnostic
20,2,0,subtract,subtract,result,arg_0|arg_1,diagnostic,diagnostic
34,2,0,volume_cylinder,volume_cylinder,result,arg_0|arg_1,diagnostic,diagnostic
58,2,0,gcd,gcd,result,arg_0|arg_1,diagnostic,diagnostic
16,2,0,add,add,result,arg_0|arg_1,diagnostic,diagnostic
25,2,0,power,power,result,arg_0|arg_1,diagnostic,diagnostic
65,2,0,permutation,permutation,result,arg_0|arg_1,diagnostic,diagnostic
19,2,0,divide,divide,result,arg_0|arg_1,diagnostic,diagnostic
43,1,0,inverse,inverse,result,arg_0,diagnostic,diagnostic
16,2,0,add,add,result,arg_0|arg_1,diagnostic,diagnostic
20,2,0,subtract,subtract,result,arg_0|arg_1,diagnostic,diagnostic
96,2,0,choose,choose,result,arg_0|arg_1,diagnostic,diagnostic
22,2,0,multiply,multiply,result,arg_0|arg_1,diagnostic,diagnostic
32,1,0,volume_sphere,volume_sphere,result,arg_0,diagnostic,diagnostic
85,1,0,non_whitespace_substrings,non_whitespace_substrings,output_0,input_str,diagnostic,diagnostic
77,2,0,rmse,rmse,output_0,actual|forecast,diagnostic,diagnostic
64,1,0,get_year,get_year,output_0,date,diagnostic,diagnostic
40,1,0,count_words_from_sentences,count_words_from_sentences,output_0,sentences,diagnostic,diagnostic
73,2,0,l2_distance,l_distance,output_0,a|b,diagnostic,diagnostic
236,2,0,align_left,align_left,output_0,length|s,diagnostic,diagnostic
107,1,0,traverse_diagonal,traverse_diagonal,output_0,matrix,diagnostic,diagnostic
54,1,0,ratio_saliency,ratio_saliency,output_0,time_series,diagnostic,diagnostic
51,1,0,count_lines_gzip,count_lines_gzip,output_0,filename,diagnostic,diagnostic
251,1,0,check_integer,check_integer,output_0,value,diagnostic,diagnostic
78,1,0,special_chars_to_underscore,special_chars_to_underscore,output_0,string,diagnostic,diagnostic
184,1,0,convert_to_single,convert_to_single,output_0,elements,diagnostic,diagnostic
56,2,0,check_types,check_types,output_0,x|y,diagnostic,diagnostic
229,1,0,compute_degree,compute_degree,output_0,coefficients,diagnostic,diagnostic
55,1,0,get_parent_dir_path,get_parent_dir_path,output_0,file_path,diagnostic,diagnostic
91,1,0,parse_list_of_numbers,parse_list_of_numbers,output_0,string,diagnostic,diagnostic
73,1,0,find_keys_with_hello,find_keys_with_hello,output_0,dictionary,diagnostic,diagnostic
123,2,0,generate_date_list,generate_date_list,output_0,end_date|start_date,diagnostic,diagnostic
54,1,0,circle_perimeter,circle_perimeter,output_0,radius,diagnostic,diagnostic
71,1,0,calculate_people_per_floor,calculate_people_per_floor,output_0,df,diagnostic,diagnostic
138,1,0,tensor_reduction,tensor_reduction,output_0,x,diagnostic,diagnostic
82,1,0,bitwise_reorder,bitwise_reorder,output_0,s,diagnostic,diagnostic
186,1,0,get_table_cells,get_table_cells,output_0,table,diagnostic,diagnostic
66,2,0,count_most_frequent_elements,count_most_frequent_elements,output_0,data|n,diagnostic,diagnostic
65,1,0,count_leading_and_trailing_spaces,count_leading_and_trailing_spaces,output_0,s,diagnostic,diagnostic
39,2,0,power_of_scalar,power_of_scalar,output_0,base|power,diagnostic,diagnostic
54,1,0,ratio_saliency,ratio_saliency,output_0,time_series,diagnostic,diagnostic
91,1,0,parse_list_of_numbers,parse_list_of_numbers,output_0,string,diagnostic,diagnostic
85,1,0,non_whitespace_substrings,non_whitespace_substrings,output_0,input_str,diagnostic,diagnostic
57,1,0,smallest_x,smallest_x,output_0,n,diagnostic,diagnostic
35,2,0,my_max,my_max,output_0,x|y,diagnostic,diagnostic
107,1,0,traverse_diagonal,traverse_diagonal,output_0,matrix,diagnostic,diagnostic
92,0,0,get_empty_query,get_empty_query,output_0,,diagnostic,diagnostic
68,2,0,calculate_error,calculate_error,output_0,y_pred|y_true,diagnostic,diagnostic
40,1,0,count_words_from_sentences,count_words_from_sentences,output_0,sentences,diagnostic,diagnostic
229,1,0,compute_degree,compute_degree,output_0,coefficients,diagnostic,diagnostic
75,2,0,get_area_and_perimeter,get_area_and_perimeter,output_0,height|width,diagnostic,diagnostic
31,1,0,negate,negate,result,arg_0,diagnostic,diagnostic
16,2,0,add,add,result,arg_0|arg_1,diagnostic,diagnostic
43,1,0,inverse,inverse,result,arg_0,diagnostic,diagnostic
19,2,0,divide,divide,result,arg_0|arg_1,diagnostic,diagnostic
22,2,0,multiply,multiply,result,arg_0|arg_1,diagnostic,diagnostic
34,2,0,volume_cylinder,volume_cylinder,result,arg_0|arg_1,diagnostic,diagnostic
20,2,0,subtract,subtract,result,arg_0|arg_1,diagnostic,diagnostic
51,1,0,negate_prob,negate_prob,result,arg_0,diagnostic,diagnostic
57,1,0,square_edge_by_perimeter,square_edge_by_perimeter,result,arg_0,diagnostic,diagnostic
58,2,0,gcd,gcd,result,arg_0|arg_1,diagnostic,diagnostic
19,2,0,divide,divide,result,arg_0|arg_1,diagnostic,diagnostic
16,2,0,add,add,result,arg_0|arg_1,diagnostic,diagnostic
51,1,0,negate_prob,negate_prob,result,arg_0,diagnostic,diagnostic
46,1,0,min_number,min_number,result,arg_0,diagnostic,diagnostic
20,2,0,subtract,subtract,result,arg_0|arg_1,diagnostic,diagnostic
30,2,0,volume_cone,volume_cone,result,arg_0|arg_1,diagnostic,diagnostic
43,1,0,inverse,inverse,result,arg_0,diagnostic,diagnostic
38,2,0,rectangle_perimeter,rectangle_perimeter,result,arg_0|arg_1,diagnostic,diagnostic
57,1,0,square_edge_by_perimeter,square_edge_by_perimeter,result,arg_0,diagnostic,diagnostic
22,2,0,multiply,multiply,result,arg_0|arg_1,diagnostic,diagnostic
16,2,0,add,add,result,arg_0|arg_1,diagnostic,diagnostic
30,2,0,volume_cone,volume_cone,result,arg_0|arg_1,diagnostic,diagnostic
19,2,0,divide,divide,result,arg_0|arg_1,diagnostic,diagnostic
38,1,0,surface_sphere,surface_sphere,result,arg_0,diagnostic,diagnostic
43,1,0,inverse,inverse,result,arg_0,diagnostic,diagnostic
20,2,0,subtract,subtract,result,arg_0|arg_1,diagnostic,diagnostic
96,2,0,choose,choose,result,arg_0|arg_1,diagnostic,diagnostic
54,2,0,triangle_area,triangle_area,result,arg_0|arg_1,diagnostic,diagnostic
57,1,0,square_perimeter,square_perimeter,result,arg_0,diagnostic,diagnostic
39,1,0,circumface,circumface,result,arg_0,diagnostic,diagnostic
22,2,0,multiply,multiply,result,arg_0|arg_1,diagnostic,diagnostic
22,2,0,multiply,multiply,result,arg_0|arg_1,diagnostic,diagnostic
19,2,0,divide,divide,result,arg_0|arg_1,diagnostic,diagnostic
43,1,0,inverse,inverse,result,arg_0,diagnostic,diagnostic
41,2,0,reminder,reminder,result,arg_0|arg_1,diagnostic,diagnostic
51,1,0,negate_prob,negate_prob,result,arg_0,diagnostic,diagnostic
20,2,0,subtract,subtract,result,arg_0|arg_1,diagnostic,diagnostic
51,2,0,diagonal,diagonal,result,arg_0|arg_1,diagnostic,diagnostic
16,2,0,add,add,result,arg_0|arg_1,diagnostic,diagnostic
31,1,0,negate,negate,result,arg_0,diagnostic,diagnostic
38,2,0,rectangle_perimeter,rectangle_perimeter,result,arg_0|arg_1,diagnostic,diagnostic
51,2,0,diagonal,diagonal,result,arg_0|arg_1,diagnostic,diagnostic
38,1,0,surface_sphere,surface_sphere,result,arg_0,diagnostic,diagnostic
52,1,0,square_edge_by_area,square_edge_by_area,result,arg_0,diagnostic,diagnostic
19,2,0,divide,divide,result,arg_0|arg_1,diagnostic,diagnostic
43,1,0,inverse,inverse,result,arg_0,diagnostic,diagnostic
47,1,0,circle_area,circle_area,result,arg_0,diagnostic,diagnostic
22,2,0,multiply,multiply,result,arg_0|arg_1,diagnostic,diagnostic
16,2,0,add,add,result,arg_0|arg_1,diagnostic,diagnostic
20,2,0,subtract,subtract,result,arg_0|arg_1,diagnostic,diagnostic
22,2,0,multiply,multiply,result,arg_0|arg_1,diagnostic,diagnostic
41,2,0,remainder,remainder,result,arg_0|arg_1,diagnostic,diagnostic
16,2,0,add,add,result,arg_0|arg_1,diagnostic,diagnostic
20,2,0,subtract,subtract,result,arg_0|arg_1,diagnostic,diagnostic
19,2,0,divide,divide,result,arg_0|arg_1,diagnostic,diagnostic
43,1,0,inverse,inverse,result,arg_0,diagnostic,diagnostic
34,2,0,volume_cylinder,volume_cylinder,result,arg_0|arg_1,diagnostic,diagnostic
65,2,0,permutation,permutation,result,arg_0|arg_1,diagnostic,diagnostic
46,1,0,max_number,max_number,result,arg_0,diagnostic,diagnostic
40,2,0,speed,speed,result,arg_0|arg_1,diagnostic,diagnostic
20,2,0,subtract,subtract,result,arg_0|arg_1,diagnostic,diagnostic
41,2,0,reminder,reminder,result,arg_0|arg_1,diagnostic,diagnostic
43,1,0,inverse,inverse,result,arg_0,diagnostic,diagnostic
16,2,0,add,add,result,arg_0|arg_1,diagnostic,diagnostic
22,2,0,multiply,multiply,result,arg_0|arg_1,diagnostic,diagnostic
54,2,0,triangle_area,triangle_area,result,arg_0|arg_1,diagnostic,diagnostic
51,1,0,floor,floor,result,arg_0,diagnostic,diagnostic
38,2,0,rectangle_perimeter,rectangle_perimeter,result,arg_0|arg_1,diagnostic,diagnostic
19,2,0,divide,divide,result,arg_0|arg_1,diagnostic,diagnostic
43,1,0,inverse,inverse,result,arg_0,diagnostic,diagnostic
65,2,0,permutation,permutation,result,arg_0|arg_1,diagnostic,diagnostic
51,2,0,diagonal,diagonal,result,arg_0|arg_1,diagnostic,diagnostic
20,2,0,subtract,subtract,result,arg_0|arg_1,diagnostic,diagnostic
57,1,0,square_edge_by_perimeter,square_edge_by_perimeter,result,arg_0,diagnostic,diagnostic
16,2,0,add,add,result,arg_0|arg_1,diagnostic,diagnostic
40,2,0,speed,speed,result,arg_0|arg_1,diagnostic,diagnostic
22,2,0,multiply,multiply,result,arg_0|arg_1,diagnostic,diagnostic
19,2,0,divide,divide,result,arg_0|arg_1,diagnostic,diagnostic
73,2,0,log,log,result,arg_0|arg_1,diagnostic,diagnostic
40,2,0,speed,speed,result,arg_0|arg_1,diagnostic,diagnostic
50,1,0,factorial,factorial,result,arg_0,diagnostic,diagnostic
43,1,0,inverse,inverse,result,arg_0,diagnostic,diagnostic
20,2,0,subtract,subtract,result,arg_0|arg_1,diagnostic,diagnostic
22,2,0,multiply,multiply,result,arg_0|arg_1,diagnostic,diagnostic
19,2,0,divide,divide,result,arg_0|arg_1,diagnostic,diagnostic
38,2,0,rectangle_perimeter,rectangle_perimeter,result,arg_0|arg_1,diagnostic,diagnostic
16,2,0,add,add,result,arg_0|arg_1,diagnostic,diagnostic
52,1,0,square_edge_by_area,square_edge_by_area,result,arg_0,diagnostic,diagnostic
43,1,0,inverse,inverse,result,arg_0,diagnostic,diagnostic
51,1,0,floor,floor,result,arg_0,diagnostic,diagnostic
19,2,0,divide,divide,result,arg_0|arg_1,diagnostic,diagnostic
22,2,0,multiply,multiply,result,arg_0|arg_1,diagnostic,diagnostic
16,2,0,add,add,result,arg_0|arg_1,diagnostic,diagnostic
20,2,0,subtract,subtract,result,arg_0|arg_1,diagnostic,diagnostic
38,2,0,rectangle_perimeter,rectangle_perimeter,result,arg_0|arg_1,diagnostic,diagnostic
30,1,0,volume_cube,volume_cube,result,arg_0,diagnostic,diagnostic
65,2,0,permutation,permutation,result,arg_0|arg_1,diagnostic,diagnostic
51,2,0,diagonal,diagonal,result,arg_0|arg_1,diagnostic,diagnostic
43,1,0,inverse,inverse,result,arg_0,diagnostic,diagnostic
22,2,0,multiply,multiply,result,arg_0|arg_1,diagnostic,diagnostic
39,1,0,circumface,circumface,result,arg_0,diagnostic,diagnostic
20,2,0,subtract,subtract,result,arg_0|arg_1,diagnostic,diagnostic
19,2,0,divide,divide,result,arg_0|arg_1,diagnostic,diagnostic
51,1,0,negate_prob,negate_prob,result,arg_0,diagnostic,diagnostic
16,2,0,add,add,result,arg_0|arg_1,diagnostic,diagnostic
41,2,0,reminder,reminder,result,arg_0|arg_1,diagnostic,diagnostic
43,1,0,inverse,inverse,result,arg_0,diagnostic,diagnostic
20,2,0,subtract,subtract,result,arg_0|arg_1,diagnostic,diagnostic
19,2,0,divide,divide,result,arg_0|arg_1,diagnostic,diagnostic
22,2,0,multiply,multiply,result,arg_0|arg_1,diagnostic,diagnostic
51,1,0,sqrt,sqrt,result,arg_0,diagnostic,diagnostic
50,1,0,factorial,factorial,result,arg_0,diagnostic,diagnostic
16,2,0,add,add,result,arg_0|arg_1,diagnostic,diagnostic
40,2,0,speed,speed,result,arg_0|arg_1,diagnostic,diagnostic
60,2,0,rectangle_area,rectangle_area,result,arg_0|arg_1,diagnostic,diagnostic
60,2,0,rectangle_area,rectangle_area,result,arg_0|arg_1,diagnostic,diagnostic
96,2,0,choose,choose,result,arg_0|arg_1,diagnostic,diagnostic
20,2,0,subtract,subtract,result,arg_0|arg_1,diagnostic,diagnostic
43,1,0,inverse,inverse,result,arg_0,diagnostic,diagnostic
16,2,0,add,add,result,arg_0|arg_1,diagnostic,diagnostic
52,1,0,cube_edge_by_volume,cube_edge_by_volume,result,arg_0,diagnostic,diagnostic
19,2,0,divide,divide,result,arg_0|arg_1,diagnostic,diagnostic
22,2,0,multiply,multiply,result,arg_0|arg_1,diagnostic,diagnostic
34,2,0,volume_cylinder,volume_cylinder,result,arg_0|arg_1,diagnostic,diagnostic
40,2,0,speed,speed,result,arg_0|arg_1,diagnostic,diagnostic
19,2,0,divide,divide,result,arg_0|arg_1,diagnostic,diagnostic
22,2,0,multiply,multiply,result,arg_0|arg_1,diagnostic,diagnostic
57,1,0,square_perimeter,square_perimeter,result,arg_0,diagnostic,diagnostic
16,2,0,add,add,result,arg_0|arg_1,diagnostic,diagnostic
20,2,0,subtract,subtract,result,arg_0|arg_1,diagnostic,diagnostic
46,1,0,max_number,max_number,result,arg_0,diagnostic,diagnostic
73,2,0,log,log,result,arg_0|arg_1,diagnostic,diagnostic
47,1,0,circle_area,circle_area,result,arg_0,diagnostic,diagnostic
43,1,0,inverse,inverse,result,arg_0,diagnostic,diagnostic
16,2,0,add,add,result,arg_0|arg_1,diagnostic,diagnostic
22,2,0,multiply,multiply,result,arg_0|arg_1,diagnostic,diagnostic
20,2,0,subtract,subtract,result,arg_0|arg_1,diagnostic,diagnostic
51,2,0,diagonal,diagonal,result,arg_0|arg_1,diagnostic,diagnostic
43,1,0,inverse,inverse,result,arg_0,diagnostic,diagnostic
52,1,0,square_edge_by_area,square_edge_by_area,result,arg_0,diagnostic,diagnostic
19,2,0,divide,divide,result,arg_0|arg_1,diagnostic,diagnostic
36,1,0,surface_cube,surface_cube,result,arg_0,diagnostic,diagnostic
43,1,0,inverse,inverse,result,arg_0,diagnostic,diagnostic
19,2,0,divide,divide,result,arg_0|arg_1,diagnostic,diagnostic
20,2,0,subtract,subtract,result,arg_0|arg_1,diagnostic,diagnostic
16,2,0,add,add,result,arg_0|arg_1,diagnostic,diagnostic
46,1,0,min_number,min_number,result,arg_0,diagnostic,diagnostic
30,1,0,volume_cube,volume_cube,result,arg_0,diagnostic,diagnostic
52,1,0,square_edge_by_area,square_edge_by_area,result,arg_0,diagnostic,diagnostic
22,2,0,multiply,multiply,result,arg_0|arg_1,diagnostic,diagnostic
51,2,0,diagonal,diagonal,result,arg_0|arg_1,diagnostic,diagnostic
30,2,0,volume_cone,volume_cone,result,arg_0|arg_1,diagnostic,diagnostic
73,2,0,softmax_action_selector,softmax_action_selector,output_0,logits|temperature,diagnostic,diagnostic
91,1,0,parse_list_of_numbers,parse_list_of_numbers,output_0,string,diagnostic,diagnostic
65,3,0,is_within_range,is_within_range,output_0,max_value|min_value|search_element,diagnostic,diagnostic
139,1,0,title_version,title_version,output_0,string,diagnostic,diagnostic
40,1,0,count_words_from_sentences,count_words_from_sentences,output_0,sentences,diagnostic,diagnostic
155,2,0,remove_character,remove_character,output_0,c|s,diagnostic,diagnostic
130,1,0,count_dictionary,count_dictionary,output_0,lst,diagnostic,diagnostic
85,1,0,non_whitespace_substrings,non_whitespace_substrings,output_0,input_str,diagnostic,diagnostic
107,1,0,traverse_diagonal,traverse_diagonal,output_0,matrix,diagnostic,diagnostic
57,2,0,elementwise_multiply,elementwise_multiply,output_0,a|b,diagnostic,diagnostic
67,1,0,dict_to_probabilities,dict_to_probabilities,output_0,counts,diagnostic,diagnostic
187,1,0,parse_dicts,parse_dicts,output_0,strings,diagnostic,diagnostic
229,1,0,compute_degree,compute_degree,output_0,coefficients,diagnostic,diagnostic
56,2,0,has_required_attributes,has_required_attributes,output_0,required_attributes|user,diagnostic,diagnostic
70,2,0,parse_config,parse_config,output_0,config_file|keys,diagnostic,diagnostic
54,1,0,ratio_saliency,ratio_saliency,output_0,time_series,diagnostic,diagnostic
36,2,0,check_if_not_equal,check_if_not_equal,output_0,str1|str2,diagnostic,diagnostic
16,2,0,add,add,result,arg_0|arg_1,diagnostic,diagnostic
43,1,0,inverse,inverse,result,arg_0,diagnostic,diagnostic
30,2,0,volume_cone,volume_cone,result,arg_0|arg_1,diagnostic,diagnostic
20,2,0,subtract,subtract,result,arg_0|arg_1,diagnostic,diagnostic
34,2,0,volume_cylinder,volume_cylinder,result,arg_0|arg_1,diagnostic,diagnostic
31,2,0,rhombus_area,rhombus_area,result,arg_0|arg_1,diagnostic,diagnostic
19,2,0,divide,divide,result,arg_0|arg_1,diagnostic,diagnostic
22,2,0,multiply,multiply,result,arg_0|arg_1,diagnostic,diagnostic
43,1,0,inverse,inverse,result,arg_0,diagnostic,diagnostic
51,1,0,sqrt,sqrt,result,arg_0,diagnostic,diagnostic
38,1,0,surface_sphere,surface_sphere,result,arg_0,diagnostic,diagnostic
20,2,0,subtract,subtract,result,arg_0|arg_1,diagnostic,diagnostic
36,1,0,surface_cube,surface_cube,result,arg_0,diagnostic,diagnostic
51,1,0,floor,floor,result,arg_0,diagnostic,diagnostic
50,1,0,factorial,factorial,result,arg_0,diagnostic,diagnostic
19,2,0,divide,divide,result,arg_0|arg_1,diagnostic,diagnostic
16,2,0,add,add,result,arg_0|arg_1,diagnostic,diagnostic
22,2,0,multiply,multiply,result,arg_0|arg_1,diagnostic,diagnostic
19,2,0,divide,divide,result,arg_0|arg_1,diagnostic,diagnostic
43,1,0,inverse,inverse,result,arg_0,diagnostic,diagnostic
31,1,0,negate,negate,result,arg_0,diagnostic,diagnostic
22,2,0,multiply,multiply,result,arg_0|arg_1,diagnostic,diagnostic
16,2,0,add,add,result,arg_0|arg_1,diagnostic,diagnostic
20,2,0,subtract,subtract,result,arg_0|arg_1,diagnostic,diagnostic
40,2,0,speed,speed,result,arg_0|arg_1,diagnostic,diagnostic
51,1,0,sqrt,sqrt,result,arg_0,diagnostic,diagnostic
57,1,0,square_perimeter,square_perimeter,result,arg_0,diagnostic,diagnostic
43,1,0,inverse,inverse,result,arg_0,diagnostic,diagnostic
22,2,0,multiply,multiply,result,arg_0|arg_1,diagnostic,diagnostic
51,1,0,negate_prob,negate_prob,result,arg_0,diagnostic,diagnostic
20,2,0,subtract,subtract,result,arg_0|arg_1,diagnostic,diagnostic
51,2,0,diagonal,diagonal,result,arg_0|arg_1,diagnostic,diagnostic
19,2,0,divide,divide,result,arg_0|arg_1,diagnostic,diagnostic
40,2,0,surface_cylinder,surface_cylinder,result,arg_0|arg_1,diagnostic,diagnostic
16,2,0,add,add,result,arg_0|arg_1,diagnostic,diagnostic
19,2,0,divide,divide,result,arg_0|arg_1,diagnostic,diagnostic
43,1,0,inverse,inverse,result,arg_0,diagnostic,diagnostic
20,2,0,subtract,subtract,result,arg_0|arg_1,diagnostic,diagnostic
50,2,0,lcm,lcm,result,arg_0|arg_1,diagnostic,diagnostic
16,2,0,add,add,result,arg_0|arg_1,diagnostic,diagnostic
22,2,0,multiply,multiply,result,arg_0|arg_1,diagnostic,diagnostic
31,2,0,rhombus_area,rhombus_area,result,arg_0|arg_1,diagnostic,diagnostic
46,1,0,min_number,min_number,result,arg_0,diagnostic,diagnostic
57,1,0,square_edge_by_perimeter,square_edge_by_perimeter,result,arg_0,diagnostic,diagnostic
43,1,0,inverse,inverse,result,arg_0,diagnostic,diagnostic
46,1,0,max_number,max_number,result,arg_0,diagnostic,diagnostic
51,1,0,floor,floor,result,arg_0,diagnostic,diagnostic
16,2,0,add,add,result,arg_0|arg_1,diagnostic,diagnostic
19,2,0,divide,divide,result,arg_0|arg_1,diagnostic,diagnostic
30,1,0,volume_cube,volume_cube,result,arg_0,diagnostic,diagnostic
39,1,0,circumface,circumface,result,arg_0,diagnostic,diagnostic
22,2,0,multiply,multiply,result,arg_0|arg_1,diagnostic,diagnostic
73,2,0,log,log,result,arg_0|arg_1,diagnostic,diagnostic
20,2,0,subtract,subtract,result,arg_0|arg_1,diagnostic,diagnostic
60,2,0,rectangle_area,rectangle_area,result,arg_0|arg_1,diagnostic,diagnostic
38,2,0,rectangle_perimeter,rectangle_perimeter,result,arg_0|arg_1,diagnostic,diagnostic
46,1,0,max_number,max_number,result,arg_0,diagnostic,diagnostic
16,2,0,add,add,result,arg_0|arg_1,diagnostic,diagnostic
22,2,0,multiply,multiply,result,arg_0|arg_1,diagnostic,diagnostic
20,2,0,subtract,subtract,result,arg_0|arg_1,diagnostic,diagnostic
43,1,0,inverse,inverse,result,arg_0,diagnostic,diagnostic
19,2,0,divide,divide,result,arg_0|arg_1,diagnostic,diagnostic
58,1,0,count_the_word,count_the_word,output_0,string,diagnostic,diagnostic
40,1,0,count_words_from_sentences,count_words_from_sentences,output_0,sentences,diagnostic,diagnostic
75,1,0,get_maximum_score,get_maximum_score,output_0,json_file_path,diagnostic,diagnostic
54,1,0,rearrange_date_string,rearrange_date_string,output_0,date_string,diagnostic,diagnostic
107,1,0,traverse_diagonal,traverse_diagonal,output_0,matrix,diagnostic,diagnostic
85,1,0,non_whitespace_substrings,non_whitespace_substrings,output_0,input_str,diagnostic,diagnostic
229,1,0,compute_degree,compute_degree,output_0,coefficients,diagnostic,diagnostic
161,1,0,generate_iterative_dictionary,generate_iterative_dictionary,output_0,length,diagnostic,diagnostic
91,1,0,parse_list_of_numbers,parse_list_of_numbers,output_0,string,diagnostic,diagnostic
85,1,0,extract_license_type,extract_license_type,output_0,license_text,diagnostic,diagnostic
54,1,0,ratio_saliency,ratio_saliency,output_0,time_series,diagnostic,diagnostic
96,1,0,parse_chemical_formula,parse_chemical_formula,output_0,formula,diagnostic,diagnostic
205,1,0,find_max_word_frequency,find_max_word_frequency,output_0,word_frequency_map,diagnostic,diagnostic
62,1,0,generate_drs_uri,generate_drs_uri,output_0,obj_id,diagnostic,diagnostic
196,1,0,extract_unique_words,extract_unique_words,output_0,sentence,diagnostic,diagnostic
43,2,0,merge_two_dicts,merge_two_dicts,output_0,dict1|dict2,diagnostic,diagnostic
62,2,0,check_duplicates,check_duplicates,output_0,list_one|list_two,diagnostic,diagnostic
45,1,0,kilometers_to_miles,kilometers_to_miles,output_0,kilometers,diagnostic,diagnostic
38,1,0,get_url_content,get_url_content,output_0,url,diagnostic,diagnostic
96,2,0,choose,choose,result,arg_0|arg_1,diagnostic,diagnostic
43,1,0,inverse,inverse,result,arg_0,diagnostic,diagnostic
51,1,0,sqrt,sqrt,result,arg_0,diagnostic,diagnostic
22,2,0,multiply,multiply,result,arg_0|arg_1,diagnostic,diagnostic
20,2,0,subtract,subtract,result,arg_0|arg_1,diagnostic,diagnostic
16,2,0,add,add,result,arg_0|arg_1,diagnostic,diagnostic
40,2,0,speed,speed,result,arg_0|arg_1,diagnostic,diagnostic
19,2,0,divide,divide,result,arg_0|arg_1,diagnostic,diagnostic
46,1,0,max_number,max_number,result,arg_0,diagnostic,diagnostic
20,2,0,subtract,subtract,result,arg_0|arg_1,diagnostic,diagnostic
45,1,0,square_area,square_area,result,arg_0,diagnostic,diagnostic
57,1,0,square_perimeter,square_perimeter,result,arg_0,diagnostic,diagnostic
43,1,0,inverse,inverse,result,arg_0,diagnostic,diagnostic
31,1,0,negate,negate,result,arg_0,diagnostic,diagnostic
47,1,0,circle_area,circle_area,result,arg_0,diagnostic,diagnostic
16,2,0,add,add,result,arg_0|arg_1,diagnostic,diagnostic
19,2,0,divide,divide,result,arg_0|arg_1,diagnostic,diagnostic
22,2,0,multiply,multiply,result,arg_0|arg_1,diagnostic,diagnostic
50,1,0,factorial,factorial,result,arg_0,diagnostic,diagnostic
51,2,0,diagonal,diagonal,result,arg_0|arg_1,diagnostic,diagnostic
16,2,0,add,add,result,arg_0|arg_1,diagnostic,diagnostic
65,2,0,permutation,permutation,result,arg_0|arg_1,diagnostic,diagnostic
20,2,0,subtract,subtract,result,arg_0|arg_1,diagnostic,diagnostic
43,1,0,inverse,inverse,result,arg_0,diagnostic,diagnostic
22,2,0,multiply,multiply,result,arg_0|arg_1,diagnostic,diagnostic
46,1,0,max_number,max_number,result,arg_0,diagnostic,diagnostic
19,2,0,divide,divide,result,arg_0|arg_1,diagnostic,diagnostic
58,2,0,gcd,gcd,result,arg_0|arg_1,diagnostic,diagnostic
22,2,0,multiply,multiply,result,arg_0|arg_1,diagnostic,diagnostic
19,2,0,divide,divide,result,arg_0|arg_1,diagnostic,diagnostic
51,1,0,floor,floor,result,arg_0,diagnostic,diagnostic
46,1,0,max_number,max_number,result,arg_0,diagnostic,diagnostic
16,2,0,add,add,result,arg_0|arg_1,diagnostic,diagnostic
57,1,0,square_perimeter,square_perimeter,result,arg_0,diagnostic,diagnostic
20,2,0,subtract,subtract,result,arg_0|arg_1,diagnostic,diagnostic
41,2,0,remainder,remainder,result,arg_0|arg_1,diagnostic,diagnostic
43,1,0,inverse,inverse,result,arg_0,diagnostic,diagnostic
22,2,0,multiply,multiply,result,arg_0|arg_1,diagnostic,diagnostic
25,2,0,power,power,result,arg_0|arg_1,diagnostic,diagnostic
50,1,0,factorial,factorial,result,arg_0,diagnostic,diagnostic
43,1,0,inverse,inverse,result,arg_0,diagnostic,diagnostic
16,2,0,add,add,result,arg_0|arg_1,diagnostic,diagnostic
65,2,0,permutation,permutation,result,arg_0|arg_1,diagnostic,diagnostic
19,2,0,divide,divide,result,arg_0|arg_1,diagnostic,diagnostic
51,1,0,floor,floor,result,arg_0,diagnostic,diagnostic
20,2,0,subtract,subtract,result,arg_0|arg_1,diagnostic,diagnostic
20,2,0,subtract,subtract,result,arg_0|arg_1,diagnostic,diagnostic
22,2,0,multiply,multiply,result,arg_0|arg_1,diagnostic,diagnostic
43,1,0,inverse,inverse,result,arg_0,diagnostic,diagnostic
58,2,0,gcd,gcd,result,arg_0|arg_1,diagnostic,diagnostic
51,1,0,negate_prob,negate_prob,result,arg_0,diagnostic,diagnostic
16,2,0,add,add,result,arg_0|arg_1,diagnostic,diagnostic
38,1,0,surface_sphere,surface_sphere,result,arg_0,diagnostic,diagnostic
19,2,0,divide,divide,result,arg_0|arg_1,diagnostic,diagnostic
43,1,0,inverse,inverse,result,arg_0,diagnostic,diagnostic
50,1,0,factorial,factorial,result,arg_0,diagnostic,diagnostic
46,1,0,max_number,max_number,result,arg_0,diagnostic,diagnostic
19,2,0,divide,divide,result,arg_0|arg_1,diagnostic,diagnostic
25,2,0,power,power,result,arg_0|arg_1,diagnostic,diagnostic
20,2,0,subtract,subtract,result,arg_0|arg_1,diagnostic,diagnostic
22,2,0,multiply,multiply,result,arg_0|arg_1,diagnostic,diagnostic
52,1,0,square_edge_by_area,square_edge_by_area,result,arg_0,diagnostic,diagnostic
40,2,0,surface_cylinder,surface_cylinder,result,arg_0|arg_1,diagnostic,diagnostic
16,2,0,add,add,result,arg_0|arg_1,diagnostic,diagnostic
20,2,0,subtract,subtract,result,arg_0|arg_1,diagnostic,diagnostic
51,1,0,sqrt,sqrt,result,arg_0,diagnostic,diagnostic
19,2,0,divide,divide,result,arg_0|arg_1,diagnostic,diagnostic
31,2,0,rhombus_area,rhombus_area,result,arg_0|arg_1,diagnostic,diagnostic
60,2,0,rectangle_area,rectangle_area,result,arg_0|arg_1,diagnostic,diagnostic
43,1,0,inverse,inverse,result,arg_0,diagnostic,diagnostic
22,2,0,multiply,multiply,result,arg_0|arg_1,diagnostic,diagnostic
16,2,0,add,add,result,arg_0|arg_1,diagnostic,diagnostic
54,1,0,ratio_saliency,ratio_saliency,output_0,time_series,diagnostic,diagnostic
146,1,0,divisible_by_three,divisible_by_three,output_0,matrix,diagnostic,diagnostic
76,2,0,compute_elapsed_time,compute_elapsed_time,output_0,end_date|start_date,diagnostic,diagnostic
107,1,0,traverse_diagonal,traverse_diagonal,output_0,matrix,diagnostic,diagnostic
35,1,0,quote_string,quote_string,output_0,s,diagnostic,diagnostic
56,1,0,find_max_in_each_subarray,find_max_in_each_subarray,output_0,array,diagnostic,diagnostic
229,1,0,compute_degree,compute_degree,output_0,coefficients,diagnostic,diagnostic
285,1,0,translate_to_dict,translate_to_dict,output_0,data,diagnostic,diagnostic
56,3,0,authenticate_token,authenticate_token,output_0,message|secret_key|token,diagnostic,diagnostic
40,1,0,count_words_from_sentences,count_words_from_sentences,output_0,sentences,diagnostic,diagnostic
59,1,0,create_signature,create_signature,output_0,params,diagnostic,diagnostic
91,1,0,parse_list_of_numbers,parse_list_of_numbers,output_0,string,diagnostic,diagnostic
85,1,0,non_whitespace_substrings,non_whitespace_substrings,output_0,input_str,diagnostic,diagnostic
50,1,0,get_n_term_of_fibonacci_sequence,get_n_term_of_fibonacci_sequence,output_0,n,diagnostic,diagnostic
46,3,0,get_layers,get_layers,output_0,hidden_sizes|input_size|output_size,diagnostic,diagnostic
124,1,0,convert_to_uppercase_string,convert_to_uppercase_string,output_0,original_string,diagnostic,diagnostic
44,3,0,generate_comment,generate_comment,output_0,comment|name|verbose,diagnostic,diagnostic
20,2,0,subtract,subtract,result,arg_0|arg_1,diagnostic,diagnostic
19,2,0,divide,divide,result,arg_0|arg_1,diagnostic,diagnostic
16,2,0,add,add,result,arg_0|arg_1,diagnostic,diagnostic
45,1,0,square_area,square_area,result,arg_0,diagnostic,diagnostic
36,1,0,surface_cube,surface_cube,result,arg_0,diagnostic,diagnostic
22,2,0,multiply,multiply,result,arg_0|arg_1,diagnostic,diagnostic
43,1,0,inverse,inverse,result,arg_0,diagnostic,diagnostic
38,1,0,surface_sphere,surface_sphere,result,arg_0,diagnostic,diagnostic
50,1,0,factorial,factorial,result,arg_0,diagnostic,diagnostic
41,2,0,remainder,remainder,result,arg_0|arg_1,diagnostic,diagnostic
20,2,0,subtract,subtract,result,arg_0|arg_1,diagnostic,diagnostic
16,2,0,add,add,result,arg_0|arg_1,diagnostic,diagnostic
51,1,0,sqrt,sqrt,result,arg_0,diagnostic,diagnostic
60,2,0,rectangle_area,rectangle_area,result,arg_0|arg_1,diagnostic,diagnostic
46,1,0,min_number,min_number,result,arg_0,diagnostic,diagnostic
43,1,0,inverse,inverse,result,arg_0,diagnostic,diagnostic
22,2,0,multiply,multiply,result,arg_0|arg_1,diagnostic,diagnostic
40,2,0,speed,speed,result,arg_0|arg_1,diagnostic,diagnostic
19,2,0,divide,divide,result,arg_0|arg_1,diagnostic,diagnostic
51,1,0,negate_prob,negate_prob,result,arg_0,diagnostic,diagnostic
54,2,0,triangle_area,triangle_area,result,arg_0|arg_1,diagnostic,diagnostic
22,2,0,multiply,multiply,result,arg_0|arg_1,diagnostic,diagnostic
43,1,0,inverse,inverse,result,arg_0,diagnostic,diagnostic
31,1,0,negate,negate,result,arg_0,diagnostic,diagnostic
46,1,0,min_number,min_number,result,arg_0,diagnostic,diagnostic
20,2,0,subtract,subtract,result,arg_0|arg_1,diagnostic,diagnostic
16,2,0,add,add,result,arg_0|arg_1,diagnostic,diagnostic
50,1,0,factorial,factorial,result,arg_0,diagnostic,diagnostic
19,2,0,divide,divide,result,arg_0|arg_1,diagnostic,diagnostic
43,1,0,inverse,inverse,result,arg_0,diagnostic,diagnostic
20,2,0,subtract,subtract,result,arg_0|arg_1,diagnostic,diagnostic
22,2,0,multiply,multiply,result,arg_0|arg_1,diagnostic,diagnostic
96,2,0,choose,choose,result,arg_0|arg_1,diagnostic,diagnostic
57,1,0,square_edge_by_perimeter,square_edge_by_perimeter,result,arg_0,diagnostic,diagnostic
19,2,0,divide,divide,result,arg_0|arg_1,diagnostic,diagnostic
30,1,0,volume_cube,volume_cube,result,arg_0,diagnostic,diagnostic
50,2,0,lcm,lcm,result,arg_0|arg_1,diagnostic,diagnostic
16,2,0,add,add,result,arg_0|arg_1,diagnostic,diagnostic
