answer_leak_in_question,constants_mentioned_in_question,explicit_op_word_count,generation_cell,mean_gold_offered_position,n_offered,program_hash,question_skeleton,sample_id,tool_combo
0,1,0,G_5call_branch_aggregate_tool_catalog_00,5.4,14,049533131b94,an engineer checks a report. step #: subtract # from #. step #: compute how many whole times # fits into that result. step #: round # up to a whole number. step #: negate #. step #: add up the result ,ttdf_2134f49bd3ad,reduce_amount|full_groups_of|round_up_whole|flip_sign|total_of_three_parts
0,1,0,G_5call_fan_in_long_horizon_00,3.2,11,fb424ba521e7,"you will need to find the ratio of # to #, then square that result, then increase the result by # percent, then increase # by # percent first, and lastly, for the final goal, find the percent of the r",ttdf_a59ae8939796,proportion_between|self_product|grow_by_rate|grow_by_rate|portion_by_rate
0,1,0,A_2call_linear_tool_catalog_02,6.5,15,db070cbb7ac5,"determine the outcome of this procedure: round # to the nearest whole number; subtract # from that result. (note: the team has # members, which is not needed here.)",ttdf_562e14e68ec4,nearest_integer|subtract
0,1,1,G_4call_fan_in_variable_pla_00,5.75,11,892f8b3b4885,"find the remainder of # divided by #, then convert # degrees fahrenheit to celsius, then compute the ratio of the result of step # to that result, and finally build an identifier from the prefix 'orde",ttdf_4753fd527f32,leftover_after_grouping|celsius_from_fahrenheit|proportion_between|compose_reference_code
0,1,1,A_3call_fan_in_variable_pla_00,5.333333333333333,12,e335a5e5ca7c,"first, take the negative of #. then, increase the value of # by # percent, that result, and finally, divide the result of step # by the previous value.",ttdf_a67dd02aea22,negate|increase_by_percent|divide
0,1,2,G_6pcall_linear_long_horizon_00,4.857142857142857,8,56113ab0f328,"first, determine the ratio of # to #, then round the previous value down to the nearest whole number. next, take the ratio of that result to #, then divide that result by #. after that, work out that ",ttdf_2930e4ea8e12,proportion_between|round_down_whole|proportion_between|per_unit_value|portion_by_rate|remaining_after|per_unit_value
0,1,2,A_6pcall_fan_in_tool_catalog_01,8.125,16,8426c2926947,an engineer checks a report. step #: add # and #. step #: multiply # by that result. step #: compute # percent of that result. step #: subtract # from that result. step #: divide that result by #. ste,ttdf_5142b25ba487,sum_two_numbers|product_of_numbers|percent_of|subtract|quotient_of|sqrt|seconds_to_full_minutes|ratio_of
0,1,0,A_2call_linear_continuation_01,4.0,10,b6ce636fab71,"first, find the reciprocal of #, and then, determine if that result is greater than #.",ttdf_3890bd39e665,inverse|is_greater
0,1,0,G_2call_linear_continuation_00,2.5,8,b03b6805ebf6,"first, take the square root of #, then take the opposite of that result.",ttdf_532d50f0732d,root_extract|flip_sign
0,1,1,G_4call_fan_in_variable_pla_00,5.75,11,83ac7df5feea,"to start, find how many times # fits into # as a whole number. then, convert # hours to minutes. afterwards, calculate the result of step # percent of that minutes. last, form an identifier using 'bat",ttdf_0912a2d9b2db,full_groups_of|minutes_from_hours|portion_by_rate|compose_reference_code
0,1,1,G_6pcall_fan_in_long_horizon_00,3.875,10,416222383ddb,start by transforming # degrees celsius to fahrenheit. lower that result by # percent. negate that result. compute the ratio of # to the result. find the remainder of the result when divided by #. dec,ttdf_206eda2ac240,fahrenheit_from_celsius|shrink_by_rate|flip_sign|proportion_between|leftover_after_grouping|shrink_by_rate|fahrenheit_from_celsius|reduce_amount
0,1,1,G_2call_linear_continuation_01,0.5,10,00c96550513e,round down # to obtain a whole number and divide # by the result of that step.,ttdf_8b4d367aa455,round_down_whole|per_unit_value
0,1,0,G_3call_fan_in_tool_catalog_01,6.333333333333333,14,b9455624621d,a warehouse audit produced these numbers. step #: compute # percent of #. step #: find how many whole minutes fit into # seconds. step #: add the result of step # and that result. (unrelated: the offi,ttdf_4372e82cfaea,portion_by_rate|whole_minutes_from_seconds|total_of_pair
0,1,2,A_6pcall_linear_long_horizon_00,4.125,11,f6f048fa9a90,"first, find the average of # and #. then, determine how many whole times that result fits into #. next, divide that result by #. then, reduce # by that result percent. after that, increase # by that r",ttdf_287fde663010,average_of_two|floor_divide|divide|decrease_by_percent|increase_by_percent|absolute_difference|round_to_decimals|nearest_integer
0,1,1,A_6pcall_fan_in_long_horizon_00,3.4285714285714284,10,4b896781e5e7,"find the ratio of # to #, then increase # by that ratio percentage, then find the ratio of # to the new value, multiply # by #, add # to the previous value, take the reciprocal of that result, and com",ttdf_6f1063fd2398,ratio_of|increase_by_percent|ratio_of|product_of_numbers|add|inverse|percent_of
0,1,1,A_5call_fan_in_long_horizon_00,5.8,12,91f7dd64ab7f,"first, round # up to the nearest whole number. after that, turn # degrees celsius into fahrenheit. then, lower that result by # percent. now, find the average of the results from step # and that resul",ttdf_01f1f3477121,ceiling|celsius_to_fahrenheit|decrease_by_percent|average_of_two|label_with_unit
0,1,0,A_5call_fan_in_long_horizon_00,6.0,12,66ab1a9313be,"my target is to label the value those steps produce with the unit 'units', and the way there is: round # to the nearest whole number, then subtract that result from #, then round # up to a whole numbe",ttdf_30257f6cbd9c,nearest_integer|subtract|ceiling|sum_two_numbers|label_with_unit
0,1,0,A_4call_linear_variable_pla_00,2.75,8,fd358115c5c9,"start with # and #; add the two; subtract # from the result of that; take the square root of that result, and finally round it to # decimal places.",ttdf_2b01f67e9a1d,add|subtract|sqrt|round_to_decimals
0,1,1,G_4call_fan_in_variable_pla_00,5.25,11,9214db9d0318,determine the outcome of this procedure: find the remainder of # divided by #; convert # degrees celsius to fahrenheit; find the absolute difference between the result of step # and that result; round,ttdf_6ce24f7abecb,leftover_after_grouping|fahrenheit_from_celsius|gap_between|whole_number_of
0,1,0,G_2call_linear_continuation_03,5.0,9,c9824be37b77,"first, negate #, then add # and the value from the previous operation, step one.",ttdf_535dbe9527dd,flip_sign|total_of_pair
0,1,1,A_3call_fan_in_variable_pla_00,5.333333333333333,10,265b6b46d9d0,a shop reviews its figures. step #: increase # by # percent. step #: convert # degrees celsius to fahrenheit. step #: compute the result of step # percent of that result. what is the final result?,ttdf_9989ceca2df4,increase_by_percent|celsius_to_fahrenheit|percentage_value
0,0,2,A_4call_fan_in_variable_pla_00,7.25,11,b0256f202181,"first, convert # kilometers to meters. next, find # percent of that result. then, multiply # by #. finally, add the result of step # and that result.",ttdf_762653723791,km_to_meters|percent_of|product_of_numbers|add
0,1,1,G_2call_linear_continuation_00,5.5,9,7018c1117cf2,"first, divide # by #. subsequently, round the result of that division to # decimal places.",ttdf_32bbf29428a3,split_evenly|trim_precision
0,1,1,A_4call_linear_variable_pla_00,1.0,9,112fb2ceac42,an engineer checks a report. step #: find how many whole minutes fit into # seconds. step #: average that result and #. step #: find the absolute difference between # and that result. step #: find the,ttdf_65fef5d2a589,seconds_to_full_minutes|average_of_two|absolute_difference|absolute_difference
0,1,0,G_2call_linear_continuation_04,4.5,10,c55cf7dd69bc,a delivery service reviews yesterday's log. step #: round # up to a whole number. step #: compute the ratio of that result to #.,ttdf_9814264bbca9,round_up_whole|proportion_between
0,1,1,G_3call_linear_variable_pla_00,2.3333333333333335,8,58a5f3ab428f,calculate # percent of #; take that value and add # to it; then take the result and multiply it by #.,ttdf_6c2b44eaafa2,portion_by_rate|combine_amounts|scale_quantity
0,1,3,A_6pcall_fan_in_tool_catalog_01,7.0,15,9d13108216a9,what do i get if i convert # minutes to seconds; compute the ratio of # to that result; multiply # by that result; divide # by #; take the reciprocal of that result; subtract that result from the resu,ttdf_36094f981041,minutes_to_seconds|ratio_of|product_of_numbers|divide|inverse|difference_of_numbers
0,1,1,A_5call_linear_long_horizon_00,1.4,8,19979c9b286c,"the end goal is to increase the value those steps produce by # percent. to get there, decrease # by # percent, then decrease that result by # percent, then multiply that result by #, then square that ",ttdf_4ee189eb3fb1,decrease_by_percent|decrease_by_percent|product_of_numbers|square_value|increase_by_percent
0,1,1,G_4call_linear_variable_pla_00,3.0,8,c5a4e7ecdf01,"first, convert # seconds to whole minutes. then, add # to the result. next, calculate the ratio of # to the result of that. finally, increase # by that result percent.",ttdf_0bb1edecd7d4,whole_minutes_from_seconds|total_of_pair|proportion_between|grow_by_rate
0,1,1,G_3call_fan_in_tool_catalog_01,3.0,13,4fccaaf53e23,give me the result of this calculation: increase # by # percent; convert # meters to kilometers; compute the ratio of the result of step # to that result.,ttdf_2210f8e4201b,grow_by_rate|km_from_meters|proportion_between
0,1,1,G_6pcall_fan_in_tool_catalog_01,9.571428571428571,18,857fa6922901,a shop reviews its figures. step #: square #. step #: average # and that result. step #: find the remainder of that result divided by #. step #: round # to the nearest whole number. step #: find the r,ttdf_142e470b86c2,self_product|midpoint_value|leftover_after_grouping|whole_number_of|leftover_after_grouping|proportion_between|render_with_decimals
0,1,0,A_6pcall_linear_long_horizon_00,3.3333333333333335,8,95bfff9b6051,"first, find the ratio of # to #. next, find the ratio of # to that result. then square that result. after that, find out how many whole times # fits into that result. then, decrease # by that result p",ttdf_009269876b66,ratio_of|ratio_of|square_value|whole_quotient|decrease_by_percent|append_to_values
0,1,0,A_6pcall_linear_long_horizon_00,3.1666666666666665,9,a241e9a0baea,"first, find the spread of #, #, #, #, #, #. then, reduce # by the spread as a percentage. next, find out how many times the previous result fits into #. then, increase that result by # percent. round ",ttdf_56b1d8a50298,range_of_values|decrease_by_percent|whole_quotient|increase_by_percent|ceiling|append_to_values
0,1,0,G_5call_linear_long_horizon_00,5.0,9,9dade1779280,"first, square #. then, take that result and add it to #. next, square that result. after that, find that result as a percentage of #. finally, calculate # percent of that final result.",ttdf_c15843d5094d,self_product|total_of_pair|self_product|portion_by_rate|portion_by_rate
0,1,1,G_6pcall_linear_long_horizon_00,3.75,10,0abfd2ec15d7,"to begin, round # up to a whole number. next, take the reciprocal of that result. next, decrease # by that result percent. next, compute the ratio of # to that result. next, add that result and #. nex",ttdf_6ed43fbfeb46,round_up_whole|reciprocal_value|shrink_by_rate|proportion_between|total_of_pair|full_groups_of|shrink_by_rate|midpoint_value
0,1,2,G_6pcall_fan_in_tool_catalog_01,7.428571428571429,14,951dd82afb4e,give me the result of this calculation: divide # by #; take the square root of that result; take the square root of that result; divide # by that result; compute # percent of #; compute the result of ,ttdf_0416cb3ea7d0,per_unit_value|root_extract|root_extract|per_unit_value|portion_by_rate|portion_by_rate|render_with_decimals
0,1,2,G_6pcall_fan_in_tool_catalog_01,8.625,16,5b1a882da9a2,give me the result of this calculation: convert # meters to kilometers; compute # percent of #; average # and that result; compute the ratio of # to that result; compute # percent of that result; decr,ttdf_35d324d3ffea,km_from_meters|portion_by_rate|midpoint_value|proportion_between|portion_by_rate|shrink_by_rate|combine_amounts|render_with_decimals
0,1,0,A_2call_linear_tool_catalog_02,6.0,13,3ae3bbcf7242,"calculate the range spread of the list [#,#,#], then subtract that result from #.",ttdf_88cc673c47eb,range_of_values|difference_of_numbers
0,1,0,A_3call_fan_in_tool_catalog_01,8.666666666666666,18,9aee252253d7,an engineer checks a report. step #: round # up to a whole number. step #: find the remainder of # divided by #. step #: find the absolute difference between the result of step # and that result.,ttdf_79ec19983689,ceiling|modulo_of|absolute_difference
0,1,0,A_2call_linear_continuation_00,5.5,9,a5efe1ee6c36,a delivery service reviews yesterday's log. step #: compute # percent of #. step #: round that result to the nearest whole number. what is the final result?,ttdf_beacd9fdac7e,percentage_value|nearest_integer
0,1,1,A_6pcall_branch_aggregate_tool_catalog_00,7.5,16,91d96b148344,"calculate the ratio of # to #, then raise that value by # percent, then round up # to an integer, then reduce that result by # percent, then find the remainder from # divided by #, and finally average",ttdf_f2d6523184d3,ratio_of|increase_by_percent|ceiling|decrease_by_percent|modulo_of|mean_of_three
0,1,0,G_6pcall_linear_long_horizon_00,4.0,9,c46564ad62fb,"start by reducing # to # percent, then find the absolute difference between # and that result. then round that value to the nearest whole number, take the square root of that result, then find the rem",ttdf_4a6b1917bc52,shrink_by_rate|gap_between|whole_number_of|root_extract|leftover_after_grouping|proportion_between
0,1,1,A_5call_fan_in_long_horizon_00,5.8,12,196e89da3bd2,"to label the final value with the unit 'points', first find the ratio of # to #, then find the ratio of # to #, take the average that result and #, and then find the absolute difference between the va",ttdf_2bd67a52622b,ratio_of|ratio_of|average_of_two|absolute_difference|label_with_unit
0,1,2,G_5call_branch_aggregate_tool_catalog_00,8.6,18,35e16aba7e15,"start by taking # percent from #. then take that result and multiply it by #. add # and #. afterwards, figure out how many whole times # goes into #. finally, sum the result of step #, the result of s",ttdf_d462deb8e784,shrink_by_rate|pairwise_product|total_of_pair|full_groups_of|total_of_three_parts
0,1,2,G_3call_fan_in_variable_pla_00,5.666666666666667,12,a93f321003de,a hiking club recorded these values. step #: average # and #. step #: round # to # decimal places. step #: divide the result of step # by that result.,ttdf_0ac44cdaf224,midpoint_value|trim_precision|per_unit_value
0,1,4,A_6pcall_fan_in_tool_catalog_01,6.714285714285714,18,7b7932d10560,a school tracks these figures for its yearbook. step #: find the absolute difference between # and #. step #: compute # percent of that result. step #: average # and that result. step #: average that ,ttdf_2850ab74f908,absolute_difference|percent_of|average_of_two|average_of_two|divide|negate|average_of_two
0,1,1,A_3call_fan_in_variable_pla_00,4.666666666666667,11,61f635283948,"first, round # to the nearest whole number. next, calculate # percent of #. finally, divide the result of step # by that result, and report only the final value.",ttdf_6feadde0e7c7,nearest_integer|percent_of|divide
0,1,3,A_6pcall_fan_in_tool_catalog_02,3.5,9,559c8ae71e0a,"start by reducing # by # percent, then divide the result by #, then subtract # from that result, then determine how many whole minutes are in # seconds, average # and that result, find the absolute di",ttdf_497784555320,decrease_by_percent|divide|difference_of_numbers|seconds_to_full_minutes|average_of_two|absolute_difference|decrease_by_percent|divide
0,1,0,A_3call_fan_in_tool_catalog_01,9.0,15,96088fd578e7,"first, find what is left over when # is divided by #. next, take # and make it negative. finally, find the absolute difference between the result of step # and that result.",ttdf_9adc092f5240,reminder|negate|absolute_difference
0,1,0,G_2call_linear_continuation_01,3.5,12,eb84aa21e92b,a lab notebook lists these measurements. step #: negate #. step #: subtract # from that result.,ttdf_696a0338152e,flip_sign|remaining_after
0,0,1,A_2call_linear_continuation_00,6.0,9,a7ce394238eb,"first, find the average of the list [#, #, #, #, #]. using that result, round it to the nearest whole number.",ttdf_34774153f67e,mean_of_values|nearest_integer
0,1,1,G_3call_fan_in_variable_pla_00,6.0,10,b567f9ef7120,"the end goal is to compute the result of step # percent of the value those steps produce. to get there, add # and #, then convert # hours to minutes first.",ttdf_9c6991e79a3c,combine_amounts|minutes_from_hours|portion_by_rate
0,1,1,G_6pcall_fan_in_long_horizon_00,5.166666666666667,10,a7b4f84fe9a8,please find the absolute difference between # and #. then convert # minutes to seconds. then increase that result by # percent. then decrease that result by # percent. then compute the result of step ,ttdf_b10884256be0,gap_between|seconds_from_minutes|grow_by_rate|shrink_by_rate|portion_by_rate|inside_limits
0,0,0,A_2call_linear_continuation_00,1.5,8,a7ce394238eb,"first, calculate the mean of #, #, #, #, then round that result to the nearest whole number.",ttdf_448c81905933,mean_of_values|nearest_integer
0,1,1,A_2call_linear_tool_catalog_02,1.0,13,36d9c68586c0,"first, round # to the nearest whole number. then, take that result and multiply it by #.",ttdf_76ae9ab480c4,nearest_integer|product_of_numbers
0,1,0,A_6pcall_fan_in_tool_catalog_01,3.4285714285714284,15,c7868c8643b0,an engineer checks a report. step #: negate #. step #: decrease # by # percent. step #: find the absolute difference between # and that result. step #: find the absolute difference between that result,ttdf_1814be9dc2b9,negate|decrease_by_percent|absolute_difference|absolute_difference|increase_by_percent|absolute_difference|add
0,1,1,A_2call_linear_tool_catalog_02,3.5,17,d13f06beb9c5,"first, calculate the average of #, #, #, and #. then, find # percent of that result.",ttdf_79c11b834e64,mean_of_values|percentage_value
0,1,1,A_2call_linear_continuation_01,4.0,11,ffe0b0236119,a hiking club recorded these values. step #: convert # meters to kilometers. step #: negate that result.,ttdf_5828bcf6bed4,meters_to_km|negate
0,1,0,A_2call_linear_continuation_01,4.5,10,12495ddd9f3d,"initially, calculate # squared. finally, check if that result can be divided evenly by #.",ttdf_1944101ba044,square_value|is_divisible_by
0,1,0,G_6pcall_fan_in_long_horizon_00,5.666666666666667,12,1cd5d0e69814,"first, reduce # by # percent; then, find the absolute difference between # and the previous result; after that, calculate the ratio of # to that result; now, take the reciprocal of #; then, find the a",ttdf_609f3bf21351,shrink_by_rate|gap_between|proportion_between|reciprocal_value|gap_between|exceeds_value
0,1,4,G_6pcall_fan_in_tool_catalog_01,7.166666666666667,13,a23e8e5f1453,a warehouse audit produced these numbers. step #: convert # meters to kilometers. step #: negate #. step #: multiply # by that result. step #: subtract that result from #. step #: multiply that result,ttdf_4f9e7d9f04f2,km_from_meters|flip_sign|scale_quantity|reduce_amount|scale_quantity|midpoint_value
0,1,0,A_3call_linear_variable_pla_00,5.0,9,cb8f808ccbc6,"first, find the ratio of # to #, then round the resulting value to # decimal places, and lastly, append the unit 'kg' to that. the final result is what you should report.",ttdf_cbb29c153948,ratio_of|round_to_decimals|label_with_unit
0,1,2,G_5call_branch_aggregate_tool_catalog_00,8.8,18,7ac9cf6e1706,"an engineer checks a report. step #: average # and #. step #: negate that result. step #: take the reciprocal of #. step #: round # down to a whole number. step #: average the result of step #, the re",ttdf_8627d42eb743,midpoint_value|flip_sign|reciprocal_value|round_down_whole|balance_of_three
0,1,2,G_4call_fan_in_variable_pla_00,3.5,12,f7eabb85074f,a lab notebook lists these measurements. step #: round # up to a whole number. step #: convert # meters to kilometers. step #: average the result of step # and that result. step #: round that result t,ttdf_03c34f015946,round_up_whole|km_from_meters|midpoint_value|whole_number_of
0,1,0,G_2call_linear_continuation_00,6.0,9,8160305dd8f3,a school tracks these figures for its yearbook. step #: take the reciprocal of #. step #: square that result.,ttdf_614e38f5786f,reciprocal_value|self_product
0,1,0,G_2call_linear_continuation_04,3.5,10,c55cf7dd69bc,"first, round # up to the next whole number, then compute the ratio of # to that result. the final result is the ratio.",ttdf_3ac461b80bd0,round_up_whole|proportion_between
0,1,0,G_3call_fan_in_variable_pla_00,4.666666666666667,12,55866bcf5b68,what do i get if i take the reciprocal of #; compute # percent of #; compute the ratio of the result of step # to that result? what is the final result?,ttdf_5f2eb8ec39ec,reciprocal_value|portion_by_rate|proportion_between
0,1,0,G_3call_linear_variable_pla_00,3.0,8,be2f8ef621c0,"mean the list of #, #, #, #, #, #. next, round the result up to the next whole number. finally find the absolute value of the difference between # and the result of that rounding.",ttdf_24e54df2031a,central_value|round_up_whole|gap_between
0,1,1,A_5call_fan_in_long_horizon_00,5.2,12,acd9d3720eb5,"to begin, calculate the square root of #. next, increase that value by # percent. after that, round # down to the nearest whole number. then, calculate the average of the result of step # and that res",ttdf_a10762cd3fdb,sqrt|increase_by_percent|floor|average_of_two|label_with_unit
0,1,0,G_2call_linear_continuation_01,7.5,10,8efb94629813,"first, round # up to the nearest whole number, then calculate the absolute difference between # and that result.",ttdf_afb97edec7a8,round_up_whole|gap_between
0,1,0,G_3call_fan_in_tool_catalog_01,5.333333333333333,17,793e9b04ce92,"first, subtract # from #. then, square #. lastly, subtract the previous value from the result of step #.",ttdf_8b876d1a510b,remaining_after|self_product|remaining_after
0,1,1,G_2call_linear_continuation_01,3.5,12,c415f3aa6717,"first, find the square root of #. next, divide the result by #.",ttdf_8e27b528afe7,root_extract|per_unit_value
0,1,0,A_4call_linear_variable_pla_00,4.0,9,be5fafeea99d,"first, calculate the mean of #, #, #, #, #. then, increase # by the result percent, and add # to that result. finally, compute the ratio of # to the previous value.",ttdf_d77d7fc9291c,mean_of_values|increase_by_percent|add|ratio_of
0,1,0,A_4call_fan_in_variable_pla_00,4.0,12,5d625616f55e,"the end goal is to compute the ratio of the result of step # to the value those steps produce. to get there, compute the ratio of # to #, then find the remainder of # divided by that result, then find",ttdf_0302cc191877,ratio_of|modulo_of|absolute_difference|ratio_of
0,1,0,A_2call_linear_continuation_03,4.5,9,d80d58894c47,"first, round # to the nearest whole number. then, calculate the absolute difference between # and that result.",ttdf_2ac5d4140b18,nearest_integer|absolute_difference
0,1,2,A_3call_fan_in_tool_catalog_01,7.666666666666667,15,0a91971d7f63,"an engineer checks a report. step #: convert # meters to kilometers. step #: multiply # by #. step #: compute the ratio of the result of step # to that result. (background: the device serial is ax#, i",ttdf_2ea5f1624fa2,meters_to_km|product_of_numbers|ratio_of
0,1,1,G_2call_linear_continuation_01,4.0,10,402170ac36c3,a delivery service reviews yesterday's log. step #: take the reciprocal of #. step #: average that result and #.,ttdf_3797b7e4ed31,reciprocal_value|midpoint_value
0,1,0,A_2call_linear_continuation_03,5.5,8,921907f4c73e,i need to first calculate # percent of #. after that i want to format the result to # decimal places as text. what is the final result?,ttdf_628a16995bb0,percentage_value|format_number_fixed
0,1,0,A_2call_linear_tool_catalog_02,9.5,18,5a0b671a6b42,"first, find the ratio of # to #, and then square the result of that.",ttdf_7aaff747a472,ratio_of|square_value
0,1,1,G_2call_linear_continuation_00,3.0,8,f92b3f75d4f6,a warehouse audit produced these numbers. step #: square #. step #: average # and that result. what is the final result?,ttdf_39dadfc9a63a,self_product|midpoint_value
0,1,1,G_3call_fan_in_tool_catalog_01,3.3333333333333335,17,04ac2aff089d,a school tracks these figures for its yearbook. step #: compute the ratio of # to #. step #: convert # meters to kilometers. step #: add the result of step # and that result. (background: the device s,ttdf_93306ab0293b,proportion_between|km_from_meters|combine_amounts
0,1,1,A_3call_fan_in_variable_pla_00,4.666666666666667,12,a7d52baacb91,"find the ratio of # to #, then convert # meters to kilometers, then calculate the result of step # percent of that result.",ttdf_4f5fa4d0edc3,ratio_of|meters_to_km|percent_of
0,1,3,G_6pcall_branch_aggregate_tool_catalog_00,6.5,15,b2200782a97c,a lab notebook lists these measurements. step #: round # up to a whole number. step #: multiply that result by #. step #: take the reciprocal of #. step #: divide # by #. step #: average the result of,ttdf_21c32f38a7df,round_up_whole|scale_quantity|reciprocal_value|per_unit_value|balance_of_three|whole_number_of
0,1,1,A_6pcall_linear_long_horizon_00,3.5,8,804a6fccfef8,"first, multiply # by #. then, reduce that result by # percent. afterwards, reduce the result of the second operation by # percent. then, add # to that result.. then, take the reciprocal of that result",ttdf_a853767b29e2,multiply|decrease_by_percent|decrease_by_percent|sum_two_numbers|inverse|scale_values
0,1,1,A_6pcall_linear_long_horizon_00,4.142857142857143,10,d155f2cccac4,a lab notebook lists these measurements. step #: compute # percent of #. step #: subtract # from that result. step #: multiply that result by #. step #: round that result down to a whole number. step ,ttdf_055a08a7b8e6,percent_of|difference_of_numbers|product_of_numbers|floor|absolute_difference|negate|scale_values
0,1,2,A_6pcall_fan_in_tool_catalog_01,7.666666666666667,13,becc239fa8b7,a school tracks these figures for its yearbook. step #: round # up to a whole number. step #: compute the ratio of # to #. step #: subtract that result from #. step #: subtract that result from #. ste,ttdf_51b603b67262,ceiling|ratio_of|subtract|subtract|divide|divide
0,1,1,G_3call_fan_in_tool_catalog_01,6.0,15,c8994bcb1a88,a lab notebook lists these measurements. step #: add # and #. step #: convert # minutes to seconds. step #: add the result of step # and that result. what is the final result?,ttdf_96d94ff64972,combine_amounts|seconds_from_minutes|combine_amounts
0,1,0,G_3call_linear_variable_pla_00,3.3333333333333335,9,2bfa1a2ee31f,"a lab notebook lists these measurements. step #: find the #-based position of the largest item in [#, #, #, #, #]. step #: decrease that result by # percent. step #: add # and that result.",ttdf_3a5e77bbf1ec,rank_of_peak|shrink_by_rate|total_of_pair
0,1,0,A_4call_linear_variable_pla_00,3.25,8,9b275392ce72,an engineer checks a report. step #: find the absolute difference between # and #. step #: compute # percent of that result. step #: negate that result. step #: find the absolute difference between # ,ttdf_73c3bd29a893,absolute_difference|percent_of|negate|absolute_difference
0,1,0,A_3call_fan_in_variable_pla_00,3.3333333333333335,10,2a4a3b15a6b7,a lab notebook lists these measurements. step #: find the remainder of # divided by #. step #: round # to # decimal places. step #: subtract that result from the result of step #. report only the fina,ttdf_6236022fff78,modulo_of|round_to_decimals|difference_of_numbers
0,1,1,A_6pcall_linear_long_horizon_00,4.25,10,ee199e5741b1,determine the outcome of this procedure: round # down to a whole number; take the square root of that result; take the square root of that result; round that result to # decimal places; average that r,ttdf_042a0741f757,floor|sqrt|sqrt|round_to_decimals|average_of_two|modulo_of|decrease_by_percent|nearest_integer
0,1,1,A_5call_linear_long_horizon_00,3.8,9,ce779a4391ad,"first, multiply # by #, then find the square root of the result, subtract the result from #. use the result to decrease # by that percent. finally, compute # percent of the resulting value.",ttdf_5491747156bf,multiply|sqrt|subtract|decrease_by_percent|percentage_value
0,1,1,A_2call_linear_continuation_01,4.0,12,ce8786aef00e,"first, convert # hours into minutes. then, negate that result.",ttdf_675dde9d7635,hours_to_minutes|negate
0,1,1,A_2call_linear_tool_catalog_05,5.0,14,524a69a5e9b3,an engineer checks a report. step #: average # and #. step #: take the square root of that result. what is the final result?,ttdf_58fc5fc03091,average_of_two|sqrt
0,1,1,G_4call_fan_in_variable_pla_00,3.75,10,d1cf1804b604,"invert # and then add # and #. take the result of the addition and multiply it by the reciprocal from step #. then, round that product to the nearest whole number.",ttdf_11be16ca0757,reciprocal_value|combine_amounts|scale_quantity|whole_number_of
0,1,0,G_3call_fan_in_tool_catalog_01,7.0,13,2100f5edb23e,"first, determine # percent of #, then round that # to # decimal places, and finally, calculate # percent of the value that is produced from that result.",ttdf_3c25e92d81b4,portion_by_rate|trim_precision|portion_by_rate
0,1,0,A_2call_linear_continuation_03,4.0,9,8c23a7638bc1,"first, take # percent away from #, and then format the result to # decimal places as text.",ttdf_95dcc556032f,decrease_by_percent|format_number_fixed
0,1,3,G_6pcall_fan_in_tool_catalog_01,8.166666666666666,18,f61083651821,"first, convert # minutes to seconds. add # to the seconds. then subtract # from #. then calculate the average of # and the previous result. then calculate # percent of that average, using the result o",ttdf_036e79c79a8e,seconds_from_minutes|combine_amounts|remaining_after|midpoint_value|portion_by_rate|render_with_decimals
0,1,2,A_4call_fan_in_variable_pla_00,2.0,10,07be219240d2,give me the result of this calculation: compute how many whole times # fits into #; subtract that result from #; multiply # by #; divide the result of step # by that result. report only the final valu,ttdf_18c3ae8229a1,floor_divide|difference_of_numbers|product_of_numbers|divide
0,1,1,A_4call_fan_in_variable_pla_00,3.75,11,dec60c1f854e,a hiking club recorded these values. step #: find how many whole minutes fit into # seconds. step #: round # up to a whole number. step #: multiply the result of step # by that result. step #: append ,ttdf_09941df0e2e9,seconds_to_full_minutes|ceiling|product_of_numbers|append_to_values
0,1,1,G_2call_linear_continuation_00,2.5,9,a82a6763b7d4,"a warehouse audit produced these numbers. step #: sum the list [#, #, #, #]. step #: find the remainder of # divided by that result.",ttdf_30604a02a4a5,aggregate_total|leftover_after_grouping
0,1,1,A_2call_linear_continuation_04,8.0,11,46a2f651d7b3,"first, take the floor of #. then, multiply # by the result that you get.",ttdf_bf7a987620ae,floor|multiply
0,1,1,A_3call_fan_in_tool_catalog_01,11.333333333333334,16,e4ef216be3b3,an engineer checks a report. step #: increase # by # percent. step #: convert # degrees fahrenheit to celsius. step #: compute the ratio of the result of step # to that result.,ttdf_1d4b98d1172c,increase_by_percent|fahrenheit_to_celsius|ratio_of
0,1,1,A_6pcall_fan_in_tool_catalog_01,6.5,14,e5f0f5112963,"first, change # meters into kilometers, then round that result to the nearest whole number. after that, average # and the previous value. add # to the result of that. next, raise # by # percent. final",ttdf_7636df369798,meters_to_km|nearest_integer|average_of_two|sum_two_numbers|increase_by_percent|percent_of
0,1,0,A_3call_fan_in_tool_catalog_01,8.666666666666666,13,2c0d07e83421,"find how many whole minutes fit into # seconds, then increase # by # percent, and finally find the absolute difference between the result of step # and that result. (background: the device serial is a",ttdf_1691d81231be,seconds_to_full_minutes|increase_by_percent|absolute_difference
0,1,1,G_4call_fan_in_variable_pla_00,6.25,11,1825a0e2de2a,a school tracks these figures for its yearbook. step #: convert # kilometers to meters. step #: round # to the nearest whole number. step #: find the absolute difference between the result of step # a,ttdf_e4e89fb61074,meters_from_km|whole_number_of|gap_between|compose_reference_code
0,1,1,G_2call_linear_tool_catalog_02,6.5,14,0a7c848bbf57,"to find the final value, first, round # down to a whole number, then average # and that result.",ttdf_00a9b63f9539,round_down_whole|midpoint_value
0,1,2,G_6pcall_fan_in_long_horizon_00,5.833333333333333,11,3c0b482b3d17,"first, round # up to the nearest whole number. next, divide # by that result. afterwards, square # and then find the average of # and that result. then, subtract that result from the result of step #.",ttdf_0613679509cc,round_up_whole|per_unit_value|self_product|midpoint_value|reduce_amount|exceeds_value
0,1,1,G_5call_fan_in_long_horizon_00,2.6,12,201339132a13,"first, add # and #. next, take the result and divide # by it. then, increase # by # percent. round the previous value down to the nearest whole number. finally, compute the result of step # percent of",ttdf_b56694488ef2,combine_amounts|split_evenly|grow_by_rate|round_down_whole|portion_by_rate
0,1,1,G_3call_fan_in_variable_pla_00,3.6666666666666665,12,1d2a36ceeb24,what do i get if i round # down to a whole number; add # and #; average the result of step # and that result? report only the final value.,ttdf_ca94c57fb5b6,round_down_whole|combine_amounts|midpoint_value
0,1,1,A_5call_fan_in_long_horizon_00,7.0,12,9b01c1d0833c,a warehouse audit produced these numbers. step #: subtract # from #. step #: decrease # by # percent. step #: compute how many whole times # fits into that result. step #: average the result of step #,ttdf_4518b2b9440b,difference_of_numbers|decrease_by_percent|whole_quotient|average_of_two|build_tag
0,1,0,A_6pcall_fan_in_long_horizon_00,4.833333333333333,10,2230eaa77589,a shop reviews its figures. step #: compute how many whole times # fits into #. step #: compute the ratio of # to that result. step #: round that result to # decimal places. step #: take the reciproca,ttdf_15f30b4bf2db,whole_quotient|ratio_of|round_to_decimals|inverse|decrease_by_percent|absolute_difference
0,1,1,A_2call_linear_continuation_03,2.0,8,d7901120faa8,a shop reviews its figures. step #: decrease # by # percent. step #: convert that result to text.,ttdf_494229fe9fca,decrease_by_percent|number_to_text
0,1,1,G_6pcall_fan_in_tool_catalog_01,7.666666666666667,18,c90ff2763b06,give me the result of this calculation: find the absolute difference between # and #; decrease # by # percent; subtract # from that result; find the absolute difference between # and that result; subt,ttdf_0352a123b4c5,gap_between|shrink_by_rate|remaining_after|gap_between|remaining_after|midpoint_value
0,1,1,G_5call_linear_long_horizon_00,2.8,9,29964d2c5177,"begin by counting the items [#, #, #, #]. then, multiply that result by #. then, raise that result by # percent. then, determine the absolute difference between # and that result. lastly, find # perce",ttdf_53085e019315,series_length|scale_quantity|grow_by_rate|gap_between|portion_by_rate
0,1,0,A_6pcall_linear_long_horizon_00,2.6666666666666665,9,dc100d76f6b2,"square #, then increase that result by # percent, and take # percent of the resultant. next, find the reciprocal of that value, then round it to the nearest whole number. finally, append the resulting",ttdf_4325d506688c,square_value|increase_by_percent|percentage_value|inverse|nearest_integer|append_to_values
0,1,0,A_3call_fan_in_variable_pla_00,5.0,10,f441bc88d9da,a delivery service reviews yesterday's log. step #: square #. step #: decrease # by # percent. step #: find the absolute difference between the result of step # and that result. report only the final ,ttdf_3ff5ed2826dc,square_value|decrease_by_percent|absolute_difference
0,1,0,A_6pcall_fan_in_tool_catalog_02,5.285714285714286,8,4bcf58102a91,"begin by summing # and #. add # to the previous value, then find # percent of #. next, compute # percent of that result. then, find the remainder of # divided by that result. after that, add # to that",ttdf_4b3dc624a4eb,sum_two_numbers|sum_two_numbers|percent_of|percent_of|modulo_of|sum_two_numbers|difference_of_numbers
0,1,3,A_6pcall_branch_aggregate_tool_catalog_00,8.833333333333334,18,d7c7ff628409,"your goal is to average the result of step #, the result of step #, and the value produced by those steps. to do this, first negate #, then find the ratio of # to the previous value, divide # by #, su",ttdf_fe5ae9b9a99a,negate|ratio_of|quotient_of|difference_of_numbers|multiply|mean_of_three
0,1,2,G_3call_fan_in_variable_pla_00,6.666666666666667,11,898753f3d920,"negate #. then, find the average of # and #. lastly, average the two values obtained: the result of the second step and the result of step #.",ttdf_8f88fd432c9f,flip_sign|midpoint_value|midpoint_value
0,1,0,A_2call_linear_continuation_00,6.0,8,2c21d93a5026,"increase # by # percent, then use the result of that calculation to find the nearest whole number.",ttdf_8ac099ed9122,increase_by_percent|nearest_integer
0,1,2,G_6pcall_linear_long_horizon_00,4.833333333333333,8,c8adafddbf1d,"step one: divide # by #. after that, find the remainder of # divided by that result. after that, round that result down to a whole number. after that, take the reciprocal of that result. after that, d",ttdf_263dd441e6c7,per_unit_value|leftover_after_grouping|round_down_whole|reciprocal_value|per_unit_value|combine_amounts
0,1,3,A_4call_fan_in_variable_pla_00,3.75,10,bf24fd66316a,"compute # minus # as an absolute difference. afterwards, sum # and #, and use the sum in the next step. then, add # and the result of that sum. finally, calculate the result of step # percent of that ",ttdf_e66bdf672840,absolute_difference|add|add|percent_of
0,1,0,G_2call_linear_continuation_03,2.5,8,7a4bf395e24e,"first, find the square of #. then, add # to that result. only report the final value.",ttdf_f172051cb77c,self_product|total_of_pair
0,1,1,G_6pcall_branch_aggregate_tool_catalog_00,6.714285714285714,16,c4a1009da121,"after squaring #, subtract the result from #, divide # by #, subtract # from that result, find the ratio of # to #, calculate the ratio of # to the previous result, and add the result of step #, the r",ttdf_49dd37193126,self_product|reduce_amount|split_evenly|reduce_amount|proportion_between|proportion_between|total_of_three_parts
0,1,1,A_3call_fan_in_tool_catalog_01,2.6666666666666665,15,7d6a0327d239,"first, multiply # by #. next, figure out how many whole minutes are in # seconds. then, find the result of step # as a percent of that result.",ttdf_4c8465251e67,multiply|seconds_to_full_minutes|percentage_value
0,1,3,G_6pcall_fan_in_long_horizon_00,5.833333333333333,10,68a41dbff735,"convert # kilometers to meters, then find the largest whole number of times that # fits into that value. then reduce that result by # percent. then, calculate the average of # and #. then find the rat",ttdf_06442de4a574,meters_from_km|full_groups_of|shrink_by_rate|midpoint_value|proportion_between|exceeds_value
0,1,1,A_6pcall_branch_aggregate_tool_catalog_00,11.428571428571429,16,955e81f2547f,"to start, determine the absolute difference between # and #. afterwards, raise that result by # percent. then, round # to # decimal place. then, reduce that result by # percent, round # to # decimal p",ttdf_32267dc3f1da,absolute_difference|increase_by_percent|round_to_decimals|decrease_by_percent|round_to_decimals|negate|mean_of_three
0,1,1,G_2call_linear_continuation_03,2.5,8,66a063b7d4aa,"begin by counting how many items are in the list #, #, #. then, divide # by the result of that count.",ttdf_118661fed5d0,series_length|per_unit_value
0,1,1,G_5call_linear_long_horizon_00,2.6,8,7da81cc50cef,"first, determine the spread (max minus min) of [#, #, #, #, #, #], then multiply the resulting value by #, then determine the remainder of # divided by that result, then find # percent of the resultin",ttdf_608d3682baf0,series_spread|pairwise_product|leftover_after_grouping|portion_by_rate|trim_precision
0,1,1,G_3call_fan_in_tool_catalog_01,8.333333333333334,17,d503c1c344ac,find the absolute difference between # and #; next round # to # decimal places; finally multiply the result of step # by that result. (unrelated: the office moved in #.),ttdf_5c3ceb338cf1,gap_between|trim_precision|pairwise_product
0,1,0,G_2call_linear_tool_catalog_02,2.5,18,71bf3e3ffa38,"find the #-based position of the largest item in [#, #, #, #, #]; finally compute the ratio of that result to #. what is the final result?",ttdf_319508cf581c,rank_of_peak|proportion_between
0,1,2,G_6pcall_fan_in_long_horizon_00,3.5,12,fa0c2faf4ebb,"first, square #. then, round # to the nearest whole number, and use that result to divide #. use the previous answer to divide # and use the result of step # percent of that result to compute the fina",ttdf_64e95c29f73b,self_product|whole_number_of|per_unit_value|per_unit_value|portion_by_rate|exceeds_value
0,1,1,G_6pcall_fan_in_long_horizon_00,3.1666666666666665,10,fcd4854ba108,a lab notebook lists these measurements. step #: round # up to a whole number. step #: multiply that result by #. step #: increase # by that result percent. step #: increase # by # percent. step #: ad,ttdf_cb645220f1f7,round_up_whole|scale_quantity|grow_by_rate|grow_by_rate|combine_amounts|exceeds_value
0,1,3,A_4call_linear_variable_pla_00,5.0,8,946a4baa1707,a warehouse audit produced these numbers. step #: convert # hours to minutes. step #: average that result and #. step #: decrease that result by # percent. step #: average # and that result.,ttdf_09ac55e07322,hours_to_minutes|average_of_two|decrease_by_percent|average_of_two
0,1,0,G_2call_linear_continuation_03,2.0,9,aacbbc41b892,an engineer checks a report. step #: take the square root of #. step #: subtract that result from #. report only the final value.,ttdf_218958256564,root_extract|remaining_after
0,1,1,G_3call_fan_in_variable_pla_00,3.0,11,c5c1c3d3f36e,"my target is to subtract the value those steps produce from the result of step #, and the way there is: compute how many whole times # fits into #, then convert # minutes to seconds.",ttdf_d9be3672cdab,full_groups_of|seconds_from_minutes|remaining_after
0,1,0,A_3call_fan_in_tool_catalog_01,6.666666666666667,18,37ca23f6a03d,a warehouse audit produced these numbers. step #: take the square root of #. step #: increase # by # percent. step #: compute the ratio of the result of step # to that result. (note: the team has # me,ttdf_9ae0ef4b2e1e,sqrt|increase_by_percent|ratio_of
0,1,0,A_2call_linear_continuation_01,8.0,11,dd57cf543bb4,"first, round # to # decimal place. then, check if that result lies between # and #.",ttdf_56a755006bca,round_to_decimals|is_within_range
0,1,1,A_3call_fan_in_variable_pla_00,3.6666666666666665,11,eac7304db2ee,a lab notebook lists these measurements. step #: increase # by # percent. step #: convert # kilometers to meters. step #: compute the result of step # percent of that result.,ttdf_ac49db15e2a7,increase_by_percent|km_to_meters|percent_of
0,1,2,A_4call_fan_in_variable_pla_00,3.25,10,a5bae8c1df9f,a shop reviews its figures. step #: divide # by #. step #: compute # percent of that result. step #: compute the ratio of # to #. step #: divide the result of step # by that result. what is the final ,ttdf_1a4aba0f1e57,divide|percent_of|ratio_of|divide
0,1,2,G_6pcall_fan_in_long_horizon_00,5.625,11,0faf05b70da6,a hiking club recorded these values. step #: take the square root of #. step #: find the absolute difference between # and #. step #: increase # by that result percent. step #: average # and that resu,ttdf_e24af81cd6f2,root_extract|gap_between|grow_by_rate|midpoint_value|self_product|per_unit_value|gap_between|exceeds_value
0,1,0,G_2call_linear_continuation_04,6.5,12,e2831d43f346,"first, negate #, then, find the absolute difference between # and the result of that",ttdf_4d663f78a593,flip_sign|gap_between
0,1,1,A_6pcall_branch_aggregate_tool_catalog_00,8.0,15,9e5f31df0377,"what i finally need is to average the result of step #, the result of step # and the value those steps produce; the preparation is to round # up to a whole number, then subtract that result from #, th",ttdf_3a32b63a479d,ceiling|difference_of_numbers|square_value|sum_two_numbers|sqrt|mean_of_three
0,1,1,A_2call_linear_continuation_00,3.0,8,50da0a89352d,"calculate the average of # and #, then, use that result to find the nearest whole number. the final value is the rounded number.",ttdf_f65e28b76b32,average_of_two|nearest_integer
0,1,1,G_4call_fan_in_variable_pla_00,1.5,12,6b4f69695651,"first, determine how many times # fits into #. next, convert # kilometers to meters. then, find the absolute difference between the result of step # and the result of the conversions. finally, combine",ttdf_125144b72cb5,full_groups_of|meters_from_km|gap_between|compose_reference_code
0,1,2,G_5call_fan_in_long_horizon_00,5.6,12,333acacd047c,"first round # to the nearest whole, then reduce that result by # percent. next, negate that result and then average # and #. finally multiply the result of step # by the value of the previous step of ",ttdf_a20c2e3958d9,whole_number_of|shrink_by_rate|flip_sign|midpoint_value|scale_quantity
0,1,0,A_5call_fan_in_long_horizon_00,1.6,12,e8cdb105e0eb,"first, boost # by # percent. then, find the ratio of # to that result. afterwards, find the ratio of # to #. next, find the ratio of the result of step # to that result. finally, label that result wit",ttdf_474eaed4f2d5,increase_by_percent|ratio_of|ratio_of|ratio_of|label_with_unit
0,1,0,A_2call_linear_continuation_00,2.5,8,ce4ae9dd9f9a,"first, find # percent of #. then, add that result to the list [#, #, #, #].",ttdf_a00755805f5a,percentage_value|append_to_values
0,1,1,A_4call_branch_aggregate_tool_catalog_00,6.75,16,423499be6a61,"a school tracks these figures for its yearbook. step #: compute # percent of #. step #: divide # by #. step #: compute how many whole times # fits into #. step #: add up the result of step #, the resu",ttdf_230e5db52229,percent_of|divide|floor_divide|sum_of_three
0,1,0,G_4call_fan_in_variable_pla_00,5.5,11,6a45cdf74f44,a hiking club recorded these values. step #: add # and #. step #: compute # percent of #. step #: subtract that result from the result of step #. step #: label that result with the unit 'boxes'.,ttdf_4395ab4804db,total_of_pair|portion_by_rate|remaining_after|annotate_measurement
0,1,2,G_2call_linear_continuation_00,3.5,8,ed123b2ddd17,"to start, find the average of #, #, #. after that, use the result to divide #.",ttdf_72456fbaceec,central_value|split_evenly
0,1,1,A_6pcall_linear_long_horizon_00,3.5,9,40976fb4ac7d,"convert # degrees from fahrenheit to celsius and find # percent of the result. then, decrease that result by # percent. next, increase that result by # percent. then, add the result of that to #. fina",ttdf_27aaca70dd97,fahrenheit_to_celsius|percentage_value|decrease_by_percent|increase_by_percent|sum_two_numbers|append_to_values
0,1,1,A_6pcall_fan_in_long_horizon_00,5.166666666666667,12,9011b2f952e3,a shop reviews its figures. step #: increase # by # percent. step #: negate that result. step #: increase that result by # percent. step #: decrease # by # percent. step #: compute how many whole time,ttdf_0da13eb1c2e8,increase_by_percent|negate|increase_by_percent|decrease_by_percent|whole_quotient|average_of_two
0,1,2,A_6pcall_linear_long_horizon_00,3.8333333333333335,9,f42ef444e56a,"determine the outcome of this procedure: find the #-based position of the largest item in [#, #, #, #, #, #]; average # and that result; divide # by that result; compute the ratio of # to that result;",ttdf_17a2ddc2dd33,position_of_maximum|average_of_two|divide|ratio_of|inverse|append_to_values
0,1,0,A_3call_linear_variable_pla_00,3.0,8,c1ee82038d78,"first, find # percent of #. then, negate that result. finally, label the result with the unit 'kg'.",ttdf_1cdd7c283176,percent_of|negate|label_with_unit
0,1,2,G_4call_branch_aggregate_tool_catalog_00,3.75,16,be2c0254de99,"compute the ratio of # to #; next add # and #; next average # and #; finally average the result of step #, the result of step # and that result. (for context only: the meeting lasted # minutes.)",ttdf_ea8c5f94acb7,proportion_between|total_of_pair|midpoint_value|balance_of_three
0,1,0,A_6pcall_linear_long_horizon_00,5.5,11,9fcf3b9757db,"compute the ratio of # to #, after that round that result to the nearest whole number, after that find the remainder of that result divided by #, after that find the absolute difference between that r",ttdf_0001c0bc1f80,ratio_of|nearest_integer|modulo_of|absolute_difference|decrease_by_percent|ceiling|sum_two_numbers|scale_values
0,1,3,G_2call_linear_continuation_04,8.0,12,099842d91ea2,"to get the final value, sum #, #, #, #, then average the result of that sum with #.",ttdf_1a6e38f0369c,aggregate_total|midpoint_value
0,1,0,A_6pcall_linear_long_horizon_00,4.333333333333333,9,3e642c043e68,"take # percent of #, then subtract that result from #. next, figure out how many whole times # goes into the result. increase the result by # percent, then find the absolute difference between # and t",ttdf_1a01c6d536a4,percentage_value|subtract|floor_divide|increase_by_percent|absolute_difference|nearest_integer
0,1,1,A_6pcall_fan_in_long_horizon_00,6.142857142857143,12,4f64ecfda760,a hiking club recorded these values. step #: average # and #. step #: compute # percent of that result. step #: take the square root of that result. step #: round # to # decimal places. step #: add th,ttdf_0d411ccb498c,average_of_two|percentage_value|sqrt|round_to_decimals|add|modulo_of|percentage_value
0,1,1,A_6pcall_linear_long_horizon_00,5.333333333333333,8,2681a6dc39a9,"start by converting # meters to kilometers. then, find the absolute difference between # and the result obtained. then, calculate the absolute difference between # and that result. next, average # and",ttdf_a321a8fea7c6,meters_to_km|absolute_difference|absolute_difference|average_of_two|absolute_difference|nearest_integer
0,1,1,G_3call_fan_in_variable_pla_00,3.6666666666666665,11,f195d927a924,a shop reviews its figures. step #: add # and #. step #: convert # meters to kilometers. step #: compute the ratio of the result of step # to that result. report only the final value.,ttdf_227886ccefeb,total_of_pair|km_from_meters|proportion_between
0,1,0,A_2call_linear_continuation_01,1.5,12,fb09ae599ee1,a hiking club recorded these values. step #: compute # percent of #. step #: check whether that result lies between # and #.,ttdf_04e494f5a70b,percent_of|is_within_range
0,1,1,G_2call_linear_continuation_01,4.5,11,bbaa4997fd5f,"a lab notebook lists these measurements. step #: average the list [#, #, #, #, #]. step #: increase # by that result percent.",ttdf_d286d593a710,central_value|grow_by_rate
0,1,0,G_3call_linear_variable_pla_00,4.666666666666667,9,7fb2c9617a0e,"to begin, tally the items in [#, #, #, #, #]. then, determine how many whole times # fits into the total. after, subtract that value from #. give the outcome.",ttdf_262c686d2838,series_length|full_groups_of|remaining_after
0,1,1,G_5call_fan_in_long_horizon_00,2.4,10,2bb9690dff90,"first, round # down to the nearest whole number, then convert # degrees fahrenheit into celsius. next, find the remainder when that result is divided by #, and round that result up to the nearest whol",ttdf_01c4b480c3d9,round_down_whole|celsius_from_fahrenheit|leftover_after_grouping|round_up_whole|gap_between
0,1,0,A_2call_linear_continuation_03,4.5,9,c12659c9f484,a lab notebook lists these measurements. step #: compute the ratio of # to #. step #: round that result up to a whole number. report only the final value.,ttdf_4fd7f3793225,ratio_of|ceiling
0,1,1,A_2call_linear_tool_catalog_02,1.5,15,287731b89e2b,"calculate the average of #, #, #, #, #, #. next, determine the ratio of that result to #. also, the office moved in #.",ttdf_325530f5c958,mean_of_values|ratio_of
0,1,1,G_3call_fan_in_variable_pla_00,5.0,11,acbaa7d4d180,"first, convert # degrees celsius to fahrenheit. then add # and #, then, use the result of that addition and the result of the conversion to compute what the ratio of the result of step # to the value ",ttdf_2bc38c9c4e20,fahrenheit_from_celsius|total_of_pair|proportion_between
0,1,1,G_4call_linear_variable_pla_00,4.0,8,455b3ab30046,"first, find the average of # and #. next, subtract # from that result. then, round the result of that to the nearest whole number: finally, calculate that value as a percentage of #.",ttdf_3f0160b25ed5,midpoint_value|reduce_amount|whole_number_of|portion_by_rate
0,1,2,G_3call_fan_in_variable_pla_00,2.3333333333333335,11,01a321977035,"to begin, convert # degrees fahrenheit to celsius. next, find the remainder of # divided by #. lastly, average the result of step # and that result. what is the final result?",ttdf_699f3954362d,celsius_from_fahrenheit|leftover_after_grouping|midpoint_value
0,1,2,A_3call_fan_in_tool_catalog_01,7.0,13,7ff718261e85,a delivery service reviews yesterday's log. step #: convert # hours to minutes. step #: compute how many whole times # fits into #. step #: multiply the result of step # by that result. (for context o,ttdf_dab00e9a8e0b,hours_to_minutes|floor_divide|multiply
0,1,1,A_3call_fan_in_variable_pla_00,6.666666666666667,11,e65c16fdbd6c,a hiking club recorded these values. step #: increase # by # percent. step #: convert # degrees fahrenheit to celsius. step #: compute the result of step # percent of that result.,ttdf_1f203e751574,increase_by_percent|fahrenheit_to_celsius|percent_of
0,1,0,A_2call_linear_continuation_03,6.5,8,215b8bd32e21,"a shop reviews its figures. step #: find the #-based position of the largest item in [#, #, #]. step #: subtract that result from #.",ttdf_6816b7fc0b9c,position_of_maximum|difference_of_numbers
0,1,1,G_4call_fan_in_variable_pla_00,6.0,12,d66f4361161e,a school tracks these figures for its yearbook. step #: square #. step #: convert # kilometers to meters. step #: compute the ratio of the result of step # to that result. step #: build an identifier ,ttdf_c9fd563a2130,self_product|meters_from_km|proportion_between|compose_reference_code
0,1,2,A_4call_linear_variable_pla_00,4.25,8,bbeb0f698249,"begin by rounding # up to the nearest whole number. then, square the resulting value. after that, divide # by that result. lastly, multiply the result by # and report only the final value.",ttdf_33305ee7e8a9,ceiling|square_value|divide|product_of_numbers
0,1,3,G_3call_fan_in_variable_pla_00,4.666666666666667,12,fa3c77691095,"my target is to average the result of step # and the value those steps produce, and the way there is: convert # kilometers to meters, then divide # by #.",ttdf_a3836effad43,meters_from_km|split_evenly|midpoint_value
0,1,0,G_2call_linear_tool_catalog_02,6.5,15,1c9e6b0b12cf,"i need the final value after the following steps: find the spread (max minus min) of [#, #, #, #, #]; find the absolute difference between # and that result. (note: the team has # members, which is no",ttdf_14a8147546d7,series_spread|gap_between
0,1,0,G_2call_linear_continuation_01,0.5,10,42f96369edd7,"first, negate #, then take the reciprocal of that result.",ttdf_5ab1d2b6b663,flip_sign|reciprocal_value
0,1,0,A_2call_linear_continuation_03,4.5,9,04a89de4d4d4,a shop reviews its figures. step #: compute how many whole times # fits into #. step #: format that result with # decimal places as text.,ttdf_043985a8ce1c,whole_quotient|format_number_fixed
0,1,1,A_4call_branch_aggregate_tool_catalog_00,5.25,16,8dbd09aed163,"add # and #, after that divide # by #, after that round # down to a whole number, and at the end find the spread between the largest and smallest of the result of step #, the result of step # and that",ttdf_303182f248e9,sum_two_numbers|divide|floor|range_of_three
0,1,1,G_2call_linear_continuation_03,6.5,9,fe0f4079c2ce,"an engineer checks a report. step #: sum the list [#, #, #]. step #: subtract # from that result.",ttdf_005efca1844f,aggregate_total|reduce_amount
0,1,0,A_5call_branch_aggregate_tool_catalog_00,6.8,17,3dc7ee4666df,"first, find the ratio of # to #. then, subtract that result from #. next, take the square root of #. after that, add # and #. finally, find the spread between the largest and smallest of the result of",ttdf_3fb598048f3d,ratio_of|subtract|sqrt|sum_two_numbers|range_of_three
0,1,1,A_3call_fan_in_variable_pla_00,1.6666666666666667,10,1189132cca61,"first, to divide # by # and then find the square root of #. after that, calculate the result of the result of step # percent.",ttdf_57b5548d9406,divide|sqrt|percentage_value
0,1,0,G_6pcall_fan_in_long_horizon_00,5.833333333333333,12,d467f1004988,please decrease # by # percent. then compute # percent of #. then find the remainder of that result divided by #. then decrease that result by # percent. then find the absolute difference between the ,ttdf_5234b52034e7,shrink_by_rate|portion_by_rate|leftover_after_grouping|shrink_by_rate|gap_between|exceeds_value
0,1,1,A_6pcall_linear_long_horizon_00,3.8333333333333335,9,3579e0f0ab5c,tell me what comes out when i compute # percent of #; decrease that result by # percent; find the absolute difference between that result and #; divide # by that result; subtract # from that result; r,ttdf_0612ae6230c8,percent_of|decrease_by_percent|absolute_difference|divide|subtract|nearest_integer
0,1,1,A_2call_linear_continuation_00,0.5,9,50da0a89352d,a school tracks these figures for its yearbook. step #: average # and #. step #: round that result to the nearest whole number.,ttdf_3ab27f7a489e,average_of_two|nearest_integer
0,1,0,A_2call_linear_continuation_03,2.0,9,de3b05ba6e0a,"my target is to negate the value those steps produce, and the way there is: compute # percent of #.",ttdf_02ffa6ab4799,percent_of|negate
0,1,1,G_3call_linear_variable_pla_00,5.0,8,ed47c5a1ca76,"a lab notebook lists these measurements. step #: average the list [#, #, #]. step #: find the remainder of # divided by that result. step #: subtract that result from #.",ttdf_0d64a00f5dbd,central_value|leftover_after_grouping|reduce_amount
0,1,1,G_5call_linear_long_horizon_00,3.4,8,1a7342951fdd,"to begin, count the items of [#, #, #, #, #]. next, subtract that result from #. next, decrease that result by # percent. next, decrease that result by # percent. lastly, multiply # by that result.",ttdf_45503416c7e3,series_length|remaining_after|shrink_by_rate|shrink_by_rate|pairwise_product
0,1,0,G_5call_fan_in_long_horizon_00,2.6,10,4f01175cd3ea,an engineer checks a report. step #: round # to # decimal places. step #: compute the ratio of that result to #. step #: take the square root of that result. step #: compute the ratio of # to #. step ,ttdf_5ca8a1664d95,trim_precision|proportion_between|root_extract|proportion_between|gap_between
0,1,0,G_3call_fan_in_tool_catalog_01,9.666666666666666,15,b53bfe3b99f5,"initially, find how many whole minutes fit into # seconds. subsequently, compute # percent of #. in the end, subtract that result from the result of step #. (unrelated: the office moved in #.)",ttdf_d898b08082c1,whole_minutes_from_seconds|portion_by_rate|reduce_amount
0,0,0,A_2call_linear_continuation_03,2.0,8,cfadff23aef4,"first, add up #, #, #, #, #, #. after that, take the reciprocal of that result.",ttdf_7452e3961ad2,sum_of_values|inverse
0,1,2,G_6pcall_fan_in_tool_catalog_01,5.0,14,4f8c2d68d5c0,work out the end result of these operations: convert # kilometers to meters; average that result and #; decrease that result by # percent; add # and that result; take the reciprocal of #; subtract tha,ttdf_00eea86dd3fb,meters_from_km|midpoint_value|shrink_by_rate|combine_amounts|reciprocal_value|remaining_after
0,1,1,A_2call_linear_tool_catalog_02,9.0,18,f1743bb11538,"a warehouse audit produced these numbers. step #: find the spread (max minus min) of [#, #, #, #]. step #: multiply that result by #.",ttdf_424b15d64dbd,range_of_values|product_of_numbers
0,1,0,A_2call_linear_continuation_00,2.5,9,720a7ae25ed0,"first, raise # by # percent to get a new value. then, use that result to scale #, #, #, #, #.",ttdf_77a17198d6a2,increase_by_percent|scale_values
0,1,2,G_2call_linear_continuation_04,6.0,11,4be18bcde8ed,"to begin, sum the list values #, #, #, #. next, find the absolute difference between # and the resulting sum.",ttdf_1c5edf726d90,aggregate_total|gap_between
0,1,0,A_3call_fan_in_variable_pla_00,4.666666666666667,12,d03a81d8bdd0,a shop reviews its figures. step #: take the reciprocal of #. step #: compute how many whole times # fits into #. step #: subtract that result from the result of step #.,ttdf_7ce7005320b7,inverse|floor_divide|difference_of_numbers
0,1,0,G_6pcall_fan_in_long_horizon_00,5.166666666666667,10,f193a70234e8,please find how many whole minutes fit into # seconds. then compute # percent of #. then compute the ratio of that result to #. then find the absolute difference between # and that result. then find t,ttdf_8940ad9d46bf,whole_minutes_from_seconds|portion_by_rate|proportion_between|gap_between|gap_between|inside_limits
0,1,1,A_6pcall_fan_in_long_horizon_00,6.166666666666667,11,dbaf88208f0f,please compute # percent of #. then convert # degrees celsius to fahrenheit. then add # and that result. then compute how many whole times that result fits into #. then compute how many whole times th,ttdf_001c7f87d8d1,percentage_value|celsius_to_fahrenheit|add|floor_divide|floor_divide|ratio_of
0,1,0,G_2call_linear_continuation_03,5.0,8,f768a1d69e31,"first, reduce # by # percent. once you have done that, square the result.",ttdf_5403047f1029,shrink_by_rate|self_product
0,1,1,G_3call_linear_variable_pla_00,2.6666666666666665,8,abfd6b828319,"after dividing # by #, calculate the absolute difference between the outcome and #. then, multiply # by the absolute difference calculated in the previous step.",ttdf_42dfe03aa03e,per_unit_value|gap_between|scale_quantity
0,1,2,G_2call_linear_continuation_00,4.5,9,23502bd01aa1,"first, calculate the average of #, #, #, #, #. then, divide # by that result and find the remainder.",ttdf_934faf8ba01c,central_value|leftover_after_grouping
0,1,3,A_6pcall_linear_long_horizon_00,5.5,10,b39e2caef6b7,"first, raise # by # percent, then raise that result by # percent, then determine how many times # fits into that result, then negate that result. afterward, take # percent of that result, then divide ",ttdf_83c35dcd6096,increase_by_percent|increase_by_percent|whole_quotient|negate|percentage_value|quotient_of|average_of_two|scale_values
0,1,0,G_2call_linear_continuation_03,1.0,8,dd07f195d9f5,"round # to the nearest whole number. next, using the previous value, find # percent of that.",ttdf_c48004ec37d3,whole_number_of|portion_by_rate
0,1,1,G_3call_linear_variable_pla_00,3.0,8,80090ee35dc8,"first, find out how many times # goes into # as a whole number. then, use the result of that calculation to find what percent # is. divide # by the result of the percent calculation",ttdf_6699e83d94fd,full_groups_of|portion_by_rate|per_unit_value
0,1,2,G_4call_fan_in_variable_pla_00,4.25,11,8e0d77e525a0,"first, convert # meters to kilometers. next, square #. then, find the average of the previous value and the result of step #. finally, report the result with the unit 'units' appended to it.",ttdf_1691c4ac38d4,km_from_meters|self_product|midpoint_value|annotate_measurement
0,1,0,G_4call_branch_aggregate_tool_catalog_00,6.5,14,c2767c5ccd21,"what i finally need is to find the spread between the largest and smallest of the result of step #, the result of step # and the value those steps produce; the preparation is to subtract # from #, the",ttdf_2c91c6df24d4,reduce_amount|grow_by_rate|round_up_whole|dispersion_of_three
0,1,0,A_2call_linear_tool_catalog_02,5.0,15,c20693a8646b,a warehouse audit produced these numbers. step #: take the square root of #. step #: find the absolute difference between # and that result.,ttdf_797de6038af8,sqrt|absolute_difference
0,1,1,A_6pcall_fan_in_tool_catalog_01,5.833333333333333,15,2c13066b1381,a school tracks these figures for its yearbook. step #: convert # kilometers to meters. step #: negate that result. step #: find the remainder of # divided by #. step #: negate that result. step #: in,ttdf_17b15dbab77c,km_to_meters|negate|modulo_of|negate|increase_by_percent|difference_of_numbers
0,1,0,G_2call_linear_continuation_04,5.0,11,ee3b1b90b27e,"first, negate #, then take the result and calculate # percent of it.",ttdf_01c298009b82,flip_sign|portion_by_rate
0,1,3,A_6pcall_fan_in_tool_catalog_02,3.5714285714285716,9,be05cc1b44d9,a delivery service reviews yesterday's log. step #: divide # by #. step #: square that result. step #: round that result up to a whole number. step #: average that result and #. step #: take the squar,ttdf_119efa6f9fb7,quotient_of|square_value|ceiling|average_of_two|sqrt|decrease_by_percent|quotient_of
0,1,5,A_6pcall_fan_in_tool_catalog_01,9.625,16,42a278d93fbb,"first, divide # by #. next, find the absolute difference between # and that result. then, compute the ratio of # to that result. afterwards, average that result and #. next, multiply # by that result.",ttdf_12f3a73f71fc,quotient_of|absolute_difference|ratio_of|average_of_two|multiply|nearest_integer|quotient_of|average_of_two
0,1,3,G_5call_branch_aggregate_tool_catalog_00,7.8,14,8a325dc26bec,a school tracks these figures for its yearbook. step #: round # down to a whole number. step #: subtract # from that result. step #: multiply # by #. step #: divide # by #. step #: average the result ,ttdf_3799eac59203,round_down_whole|reduce_amount|scale_quantity|per_unit_value|balance_of_three
0,1,0,G_3call_fan_in_variable_pla_00,9.0,12,0ac3271e8548,"first, reduce # by # percent. then, turn # kilometers into meters. finally, find the result of step # percent of that result.",ttdf_297b6a171cb4,shrink_by_rate|meters_from_km|portion_by_rate
0,1,1,G_5call_linear_long_horizon_00,4.6,9,65a044b08069,"to begin, compute how many whole times # fits into #. next, average that result and #. next, increase that result by # percent. next, decrease # by that result percent. lastly, add # and that result.",ttdf_dbca6ce17e9d,full_groups_of|midpoint_value|grow_by_rate|shrink_by_rate|combine_amounts
0,1,2,A_4call_fan_in_variable_pla_00,3.5,11,8be95a5ef8fe,"give me the result of this calculation: convert # hours to minutes; convert # degrees fahrenheit to celsius; add the result of step # and that result; append that result to the list [#, #, #, #].",ttdf_0770a215aedc,hours_to_minutes|fahrenheit_to_celsius|sum_two_numbers|append_to_values
0,1,0,A_2call_linear_continuation_04,4.0,11,eca68af0525e,"first, square #. then, find # percent of that result.",ttdf_deae1f887c12,square_value|percentage_value
0,1,1,G_5call_fan_in_long_horizon_00,4.6,12,270aefd88bfe,"first, multiply # by #, then from the result, find the absolute difference to #, then square #, and subtract # from that result, then subtract the final result from the value of step #.",ttdf_735f00969599,scale_quantity|gap_between|self_product|reduce_amount|reduce_amount
0,1,1,G_5call_fan_in_long_horizon_00,5.8,10,7b9acba47ea6,an engineer checks a report. step #: round # up to a whole number. step #: compute the ratio of # to that result. step #: convert # minutes to seconds. step #: compute how many whole times # fits into,ttdf_61719d1d9a53,round_up_whole|proportion_between|seconds_from_minutes|full_groups_of|proportion_between
0,1,1,G_6pcall_branch_aggregate_tool_catalog_00,8.142857142857142,16,6b0c7fa97f24,a school tracks these figures for its yearbook. step #: add # and #. step #: divide that result by #. step #: increase # by # percent. step #: subtract # from that result. step #: round # up to a whol,ttdf_0acb949c0b84,total_of_pair|per_unit_value|grow_by_rate|remaining_after|round_up_whole|root_extract|dispersion_of_three
0,1,2,A_5call_fan_in_long_horizon_00,4.2,11,d1af33221e69,an engineer checks a report. step #: multiply # by #. step #: decrease # by that result percent. step #: convert # meters to kilometers. step #: add the result of step # and that result. step #: label,ttdf_65e2342e8c96,product_of_numbers|decrease_by_percent|meters_to_km|add|label_with_unit
0,1,1,A_4call_branch_aggregate_tool_catalog_00,9.25,18,3b8c3359fb48,"an engineer checks a report. step #: compute # percent of #. step #: increase # by # percent. step #: find the absolute difference between # and #. step #: average the result of step #, the result of ",ttdf_5d4a18f14a8d,percent_of|increase_by_percent|absolute_difference|mean_of_three
0,1,1,A_2call_linear_continuation_03,4.5,8,cc09041927aa,a lab notebook lists these measurements. step #: negate #. step #: multiply that result by #. what is the final result?,ttdf_0ba4ae72e658,negate|product_of_numbers
0,1,1,A_3call_fan_in_tool_catalog_01,2.0,15,1af601ade381,a delivery service reviews yesterday's log. step #: compute how many whole times # fits into #. step #: convert # meters to kilometers. step #: find the absolute difference between the result of step ,ttdf_17671b0fdf34,floor_divide|meters_to_km|absolute_difference
0,1,2,G_2call_linear_continuation_03,3.0,8,600a10bad252,"to start, find the average of the numbers #, #, #, #, #, #. then, subtract # from the resulting average.",ttdf_1049e047f9b8,central_value|reduce_amount
0,1,0,A_2call_linear_continuation_00,3.5,8,2c21d93a5026,"first, calculate the increase of # by # percent. then, round that result to the nearest whole number and tell me the final outcome.",ttdf_5c216c99a0bc,increase_by_percent|nearest_integer
0,1,0,A_2call_linear_continuation_04,1.5,10,601d37b30cf1,"first, count the items of [#, #, #, #]. finally, decrease # by that result percent.",ttdf_06c164ef0719,count_of_values|decrease_by_percent
0,1,0,A_4call_linear_variable_pla_00,3.25,8,1bc1584b8041,"first, find the whole number of minutes in # seconds. then, subtract # from that result. take the ratio of # to the result of the previous operation. finally, add # to the result.",ttdf_72a4ddab8909,seconds_to_full_minutes|difference_of_numbers|ratio_of|add
0,1,2,A_4call_fan_in_variable_pla_00,3.75,10,8470fc3d9f72,"first, convert # meters to kilometers. then, round # to the nearest whole number and take that rounded result. afterwards, add the result of step # to that rounded result. finally, append this new sum",ttdf_48f8a8e09070,meters_to_km|nearest_integer|add|append_to_values
0,1,0,A_3call_fan_in_tool_catalog_01,8.666666666666666,17,0597cfbd0438,"round # down to a whole number, after that find the remainder of # divided by #, and at the end compute the ratio of the result of step # to that result.",ttdf_79b247cc2dfb,floor|modulo_of|ratio_of
0,1,0,A_2call_linear_continuation_00,6.5,9,bf8f0d822339,subtract # percent from #; round the result of that to the nearest whole number.,ttdf_17d073e41e97,decrease_by_percent|nearest_integer
0,1,1,A_2call_linear_continuation_00,4.5,8,bba0fe6ea991,"to get the final value, initially, divide # by #, then you need to round that result to the nearest whole number.",ttdf_fe94a5e2dc42,divide|nearest_integer
0,1,0,G_4call_fan_in_variable_pla_00,5.25,12,316fe38ff2d4,a school tracks these figures for its yearbook. step #: take the square root of #. step #: round # to the nearest whole number. step #: compute the result of step # percent of that result. step #: rou,ttdf_f523384deaaa,root_extract|whole_number_of|portion_by_rate|whole_number_of
0,1,1,A_3call_fan_in_tool_catalog_01,5.666666666666667,13,d6b484355ec9,"square #. then, determine the average of # and #. finally, find the result of step # percent of that result, and report only this final value.",ttdf_bc033ff3550b,square_value|average_of_two|percentage_value
0,1,2,A_6pcall_linear_long_horizon_00,3.3333333333333335,9,a2971150c8f8,"first, find the average of # and #. next, determine how many whole times that result fits into #. then, square that result. after that, multiply that result by #. following that, compute the ratio of ",ttdf_2a8ba9d8e1d3,average_of_two|floor_divide|square_value|product_of_numbers|ratio_of|scale_values
0,0,1,A_2call_linear_continuation_04,3.5,11,42df0907227f,"a delivery service reviews yesterday's log. step #: average the list [#, #, #, #, #, #]. step #: square that result.",ttdf_b45a0be1f14a,mean_of_values|square_value
0,1,2,G_4call_fan_in_variable_pla_00,3.0,10,55f6764e66a9,a school tracks these figures for its yearbook. step #: convert # degrees celsius to fahrenheit. step #: subtract # from #. step #: average the result of step # and that result. step #: build an ident,ttdf_bb161cd7a302,fahrenheit_from_celsius|reduce_amount|midpoint_value|compose_reference_code
0,0,2,G_5call_fan_in_long_horizon_00,5.2,11,630887d84712,"first, convert # kilometers to meters. then, find the absolute difference between that result and #. next, find out how many whole minutes fit into # seconds. take that result, negate it, and finally,",ttdf_f1edfb73d1e7,meters_from_km|gap_between|whole_minutes_from_seconds|flip_sign|midpoint_value
0,1,2,A_6pcall_branch_aggregate_tool_catalog_00,4.857142857142857,17,5e185501a3f5,"to begin, calculate the average of # and #. afterwards, find the ratio of that result to #. then, take the reciprocal of #. next, find the ratio of that result to #. afterwards, round # up to the near",ttdf_9966934901e2,average_of_two|ratio_of|inverse|ratio_of|ceiling|average_of_two|range_of_three
0,1,2,A_6pcall_linear_long_horizon_00,3.5,9,638803c301c6,"find the spread of #, #, #. next, create the ratio of # to the previous value, then multiply # by that result, then divide that result by #, then take the square root of that result, and finally, scal",ttdf_f0084b77cec7,range_of_values|ratio_of|product_of_numbers|quotient_of|sqrt|scale_values
0,1,0,A_3call_linear_variable_pla_00,4.0,8,8a22cf13d747,"a shop reviews its figures. step #: find the spread (max minus min) of [#, #, #, #, #, #]. step #: add that result and #. step #: scale every item of [#, #, #] by that result.",ttdf_3a6f2a53f095,range_of_values|sum_two_numbers|scale_values
0,1,2,G_6pcall_branch_aggregate_tool_catalog_00,7.125,14,262babb99026,a delivery service reviews yesterday's log. step #: add # and #. step #: find the absolute difference between # and that result. step #: divide that result by #. step #: decrease # by # percent. step ,ttdf_c7e061423748,total_of_pair|gap_between|split_evenly|shrink_by_rate|split_evenly|remaining_after|leftover_after_grouping|total_of_three_parts
0,1,0,G_3call_fan_in_variable_pla_00,5.0,11,be5d9e0077b0,a shop reviews its figures. step #: round # down to a whole number. step #: subtract # from #. step #: compute the result of step # percent of that result. report only the final value.,ttdf_bd653f0dc52b,round_down_whole|remaining_after|portion_by_rate
0,1,0,G_2call_linear_continuation_03,0.5,9,6c48ff4cd44e,"first, # is multiplied by # to get a new total. then, the result is squared. the new total is what is used in the squaring.",ttdf_ceecb8410fe0,pairwise_product|self_product
0,1,0,G_2call_linear_continuation_01,4.0,10,c9ca6de1de3a,a lab notebook lists these measurements. step #: round # down to a whole number. step #: find the remainder of # divided by that result.,ttdf_21faa94b557e,round_down_whole|leftover_after_grouping
0,1,0,A_4call_fan_in_variable_pla_00,7.25,11,69218dc408c2,"first, subtract # from # and round # to the nearest whole number. next, calculate the absolute difference between the result of step # and that result. finally, append the value that results to the li",ttdf_c57dc4e0751c,difference_of_numbers|nearest_integer|absolute_difference|append_to_values
0,1,0,G_3call_fan_in_variable_pla_00,1.0,11,344ea3212836,an engineer checks a report. step #: add # and #. step #: find how many whole minutes fit into # seconds. step #: find the absolute difference between the result of step # and that result.,ttdf_19b91e7a1afd,combine_amounts|whole_minutes_from_seconds|gap_between
0,1,1,A_4call_fan_in_variable_pla_00,6.25,12,3bcc45d1ce40,"decrease # by # percent, then round # to the nearest whole number, then average the result of step # and that result, and finally append that result to the list [#, #, #].",ttdf_01cd93628e62,decrease_by_percent|nearest_integer|average_of_two|append_to_values
0,1,1,A_5call_fan_in_long_horizon_00,6.2,11,538f1969c347,"first, subtract # from # and negate the result. then, take # and divide it by #; use the remainder from that. next, find the result of step # percent of that. next, use the result of the previous valu",ttdf_a966bd3a5396,subtract|negate|modulo_of|percent_of|build_tag
0,1,3,A_6pcall_linear_long_horizon_00,4.166666666666667,9,12509ec2d615,"first, convert # meters into kilometers. then, decrease that result by # percent. average # and that result, and then add # to the result of that. next, calculate #% of that result, and finally multip",ttdf_a96e32435698,meters_to_km|decrease_by_percent|average_of_two|add|percentage_value|scale_values
0,1,1,A_2call_linear_continuation_03,4.0,9,6a4d841b81da,a shop reviews its figures. step #: convert # minutes to seconds. step #: format that result with # decimal places as text.,ttdf_125e0e89b2a9,minutes_to_seconds|format_number_fixed
0,1,1,G_3call_linear_variable_pla_00,5.0,8,acc4de5509ff,a lab notebook lists these measurements. step #: compute the ratio of # to #. step #: average that result and #. step #: round that result to the nearest whole number.,ttdf_2186abc0c6f9,proportion_between|midpoint_value|whole_number_of
0,1,1,A_3call_linear_variable_pla_00,4.0,9,7f04d62eb79e,"a shop reviews its figures. step #: average # and #. step #: increase # by that result percent. step #: scale every item of [#, #, #] by that result. report only the final value.",ttdf_9236b2118b75,average_of_two|increase_by_percent|scale_values
0,1,2,G_6pcall_branch_aggregate_tool_catalog_00,6.571428571428571,16,4e847da8eeee,a delivery service reviews yesterday's log. step #: round # down to a whole number. step #: multiply that result by #. step #: round # to the nearest whole number. step #: take the square root of that,ttdf_bf3e79d23b48,round_down_whole|pairwise_product|whole_number_of|root_extract|midpoint_value|portion_by_rate|total_of_three_parts
0,0,1,G_5call_fan_in_long_horizon_00,4.0,11,f867722fc3af,i need the final value after the following steps: square #; find the remainder of # divided by that result; square that result; convert # kilometers to meters; subtract that result from the result of ,ttdf_4712e1a2c4fb,self_product|leftover_after_grouping|self_product|meters_from_km|reduce_amount
0,1,0,A_2call_linear_continuation_00,5.5,9,bf8f0d822339,"first, reduce # by # percent, then round the resulting value to the nearest whole number.",ttdf_e493f3f67ad3,decrease_by_percent|nearest_integer
0,1,0,G_2call_linear_continuation_04,4.5,11,22e82b00d0c4,a hiking club recorded these values. step #: take the reciprocal of #. step #: subtract that result from #. what is the final result?,ttdf_6d5d2df8e87e,reciprocal_value|remaining_after
0,1,1,G_3call_fan_in_tool_catalog_01,6.666666666666667,13,a1221d75bad6,determine the outcome of this procedure: round # to # decimal places; average # and #; compute the ratio of the result of step # to that result.,ttdf_646939de45a4,trim_precision|midpoint_value|proportion_between
0,1,1,A_5call_fan_in_long_horizon_00,6.4,11,6186e58c9881,determine the outcome of this procedure: decrease # by # percent; round that result to the nearest whole number; average # and #; find the absolute difference between the result of step # and that res,ttdf_27aa1ab40158,decrease_by_percent|nearest_integer|average_of_two|absolute_difference|build_tag
0,1,2,A_6pcall_fan_in_tool_catalog_02,4.571428571428571,9,11756298bce5,"first, change # minutes to seconds, then multiply the result by #, then find the absolute difference between # and #, then raise # by that result percent, then find the square root of this, then multi",ttdf_938c1776280b,minutes_to_seconds|multiply|absolute_difference|increase_by_percent|sqrt|multiply|ratio_of
0,1,3,G_4call_linear_variable_pla_00,3.75,9,34461a24ca00,"to start, convert # seconds into whole minutes. then, find the average of that result and #. then, add # to the average from the previous step. lastly, increase that result by # percent.",ttdf_343396db1300,whole_minutes_from_seconds|midpoint_value|total_of_pair|grow_by_rate
0,0,0,G_2call_linear_continuation_00,5.5,9,adb1de1e7d4e,"first, determine the range spread of [#, #, #, #, #, #]. then, take the square root of that result.",ttdf_3d41f12fc382,series_spread|root_extract
0,1,0,A_6pcall_linear_long_horizon_00,3.3333333333333335,9,6fb4d9194281,"first, add # and #, then add # to that result. after that, negate that result. next, decrease # by that result percent. then, take that result and increase it by # percent. finally, round the result o",ttdf_4f9a6db16101,add|add|negate|decrease_by_percent|increase_by_percent|nearest_integer
0,1,1,G_2call_linear_continuation_01,10.0,12,42ddcacd7ada,"a shop reviews its figures. step #: average the list [#, #, #]. step #: compute how many whole times that result fits into #.",ttdf_2c958b881eb6,central_value|full_groups_of
0,1,1,G_3call_linear_variable_pla_00,3.6666666666666665,8,fb3c801cb611,"to begin, average # and #. then, calculate # percent of that result. lastly, round the result of the previous operation to the nearest whole number.",ttdf_13647563f2d7,midpoint_value|portion_by_rate|whole_number_of
0,1,0,A_4call_fan_in_variable_pla_00,5.0,10,7243882515a9,"round # down to a whole number, and then find the absolute difference between # and #, and then compute the ratio of the result of step # to that result, concluding by append that result to the list [",ttdf_15feadc31a80,floor|absolute_difference|ratio_of|append_to_values
0,1,2,G_6pcall_linear_long_horizon_00,4.714285714285714,10,4c295c8b473f,"to start, calculate the average of #, #, #; then round that result to # decimal place. then, subtract that result as a percentage from #. take the negative of that result, and then divide # by that re",ttdf_71260bf92acb,central_value|trim_precision|shrink_by_rate|flip_sign|split_evenly|portion_by_rate|full_groups_of
0,1,0,A_6pcall_fan_in_tool_catalog_02,4.0,8,5deb6ea70b04,"first, transform # degrees celsius to fahrenheit. then, calculate the absolute difference between # and #, and take the absolute difference between that result and #. next, find the ratio of that resu",ttdf_4a60967acf1e,celsius_to_fahrenheit|absolute_difference|absolute_difference|ratio_of|floor|difference_of_numbers
0,1,0,A_4call_fan_in_variable_pla_00,5.75,10,f05fc1af5ecb,"first, find how many whole minutes fit into # seconds. then round # to # decimal places. then find the absolute difference between the result of step # and that result. finally, append that result to ",ttdf_11f761e72840,seconds_to_full_minutes|round_to_decimals|absolute_difference|append_to_values
0,1,2,G_6pcall_fan_in_long_horizon_00,4.0,10,deb666653633,please convert # degrees fahrenheit to celsius. then round that result to # decimal places. then convert that result from degrees celsius into fahrenheit. then negate #. then subtract that result from,ttdf_0567be690a63,celsius_from_fahrenheit|trim_precision|fahrenheit_from_celsius|flip_sign|remaining_after|inside_limits
0,1,0,A_4call_fan_in_variable_pla_00,4.0,10,e825e5e7fff3,"find how many whole #s fit into #, and then subtract that result from #, next find # modulo #, and then calculate the result of step # percent of that to get your answer.",ttdf_954e0f107ebf,whole_quotient|difference_of_numbers|modulo_of|percentage_value
0,1,0,G_2call_linear_continuation_04,7.5,12,8656842d50e5,a delivery service reviews yesterday's log. step #: round # up to a whole number. step #: decrease that result by # percent.,ttdf_98bda79ab0d1,round_up_whole|shrink_by_rate
0,0,0,A_2call_linear_tool_catalog_05,10.0,14,b6ef97b19050,"calculate the range of the list [#, #, #, #], and then find the reciprocal of that value.",ttdf_897a8ebc1b51,range_of_values|inverse
0,1,2,A_6pcall_fan_in_tool_catalog_02,5.0,9,db0371fd0c45,"first, round # to the nearest whole number and do the same for #, but round it down. multiply that result by # and take the square root of that result. then, average # and that result. lastly, compute",ttdf_5832b7b98c41,nearest_integer|floor|product_of_numbers|sqrt|average_of_two|percentage_value
0,1,0,G_2call_linear_continuation_01,6.0,11,92ba47dd42cb,"first, find the count of [#, #, #, #, #, #], then add # to that result.",ttdf_2e28c94981d9,series_length|combine_amounts
0,1,0,G_2call_linear_continuation_04,5.0,10,8f047fea24cb,a school tracks these figures for its yearbook. step #: square #. step #: negate that result.,ttdf_1a7d4c7d2e73,self_product|flip_sign
0,1,5,G_5call_fan_in_long_horizon_00,2.4,11,e5b27ca14f6a,i need the final value after the following steps: convert # kilometers to meters; average # and that result; divide # by #; multiply that result by #; divide the result of step # by that result.,ttdf_831d193c517d,meters_from_km|midpoint_value|per_unit_value|pairwise_product|per_unit_value
0,1,1,A_4call_fan_in_variable_pla_00,5.25,10,6128419d46dc,"what do i get if i compute how many whole times # fits into #; square #; divide the result of step # by that result; append that result to the list [#, #, #, #, #]? report only the final value.",ttdf_004ceee60ac5,whole_quotient|square_value|divide|append_to_values
0,1,0,A_6pcall_fan_in_tool_catalog_02,4.5,8,1ac189bef7da,"ultimately i want to find the absolute difference between the result of step # and the value those steps produce. before that, compute the ratio of # to #, then find the remainder of # divided by #, t",ttdf_0575273c973e,ratio_of|reminder|reminder|absolute_difference|increase_by_percent|absolute_difference
0,1,0,A_5call_branch_aggregate_tool_catalog_00,5.0,17,f5e19a1c9bec,a lab notebook lists these measurements. step #: take the reciprocal of #. step #: negate that result. step #: increase # by # percent. step #: round # to # decimal places. step #: add up the result o,ttdf_2245fbf80cf8,inverse|negate|increase_by_percent|round_to_decimals|sum_of_three
0,1,0,A_3call_linear_variable_pla_00,5.333333333333333,9,1257f683f988,"an engineer checks a report. step #: find the absolute difference between # and #. step #: increase # by that result percent. step #: scale every item of [#, #, #] by that result.",ttdf_1cc8cb9986f0,absolute_difference|increase_by_percent|scale_values
0,1,3,A_6pcall_linear_long_horizon_00,4.333333333333333,9,52b553f9ea17,"take # and divide it by #, then add # to that result, then negate that result. divide # by that result, then find the absolute difference between that result and #. finally, multiply each item in the ",ttdf_2c0fb7585a5f,divide|add|negate|divide|absolute_difference|scale_values
0,1,0,A_5call_branch_aggregate_tool_catalog_00,8.6,17,2b89176d0893,"first, round # up to the nearest whole number. then, add that result to #. next, find the absolute difference between # and #. then, find the remainder of # when # is divided, calculate the remainder.",ttdf_f08af46ff06c,ceiling|add|absolute_difference|reminder|range_of_three
0,1,2,A_4call_fan_in_variable_pla_00,7.0,11,bb77166b8626,"convert # meters to kilometers, followed by convert # hours to minutes, followed by compute the ratio of the result of step # to that result, and lastly append that result to the list [#, #, #].",ttdf_0a4579a55e3e,meters_to_km|hours_to_minutes|ratio_of|append_to_values
0,0,0,G_2call_linear_tool_catalog_02,1.5,13,88e76a2b9114,"first, add up the numbers in this list: #, #, #, #, #. then, take the result of that addition and square it.",ttdf_109a9a2eb248,aggregate_total|self_product
0,1,1,A_2call_linear_tool_catalog_05,5.0,15,755b052c205a,"first, find the square root of #, then average # and that value. report only the final value.",ttdf_ca1d484c9c96,sqrt|average_of_two
0,1,0,A_2call_linear_continuation_01,2.5,12,434d068e1c1e,"start by figuring out how many whole times # goes into #. after that, check if the previous value is divisible by #.",ttdf_272ce16153d2,floor_divide|is_divisible_by
0,1,0,G_2call_linear_continuation_01,6.5,10,0fec2957f9b9,"to find the final value, begin by calculating # percent of #, then, square the result of the first operation.",ttdf_3b4ca8df8340,portion_by_rate|self_product
0,1,1,A_3call_linear_variable_pla_00,3.0,8,dc7598f32fad,"a shop reviews its figures. step #: round # down to a whole number. step #: average that result and #. step #: scale every item of [#, #, #] by that result.",ttdf_4df65eb35420,floor|average_of_two|scale_values
0,1,0,A_5call_fan_in_long_horizon_00,5.2,10,71569e1d7532,"first, find the square of #. next, determine how many whole times # fits into that result. then, add # and #. find the absolute difference between the result of the previous step, and the result of st",ttdf_fd9f15c86e82,square_value|whole_quotient|sum_two_numbers|absolute_difference|label_with_unit
0,1,2,A_6pcall_fan_in_long_horizon_00,6.166666666666667,12,71e314e50de3,"first, take the value # meters and convert it to kilometers. next, find the ratio of that result to #. separately, subtract # from # and square the result. after that, subtract # from that squared val",ttdf_5c9bfe7c5eeb,meters_to_km|ratio_of|difference_of_numbers|square_value|difference_of_numbers|divide
0,1,0,A_2call_linear_continuation_01,6.5,12,fb09ae599ee1,a shop reviews its figures. step #: compute # percent of #. step #: check whether that result lies between # and #.,ttdf_4fb15030a374,percent_of|is_within_range
0,1,1,A_6pcall_fan_in_tool_catalog_01,9.857142857142858,16,c399decc4327,"begin by adding # and #. then, find out how many whole times # fits into that result. following that, reduce # by # percent. after, find the ratio of that result to #. now, average # and that result. ",ttdf_8db5901e0f81,sum_two_numbers|whole_quotient|decrease_by_percent|ratio_of|average_of_two|increase_by_percent|percent_of
0,1,0,A_4call_fan_in_variable_pla_00,7.5,11,62fe6a450eb1,"first, # is subtracted from #, then how many whole times # fits into # is calculated, then the ratio of that result to # is found. finally, the result of step # percent of that value is reported.",ttdf_4ba278446d22,difference_of_numbers|floor_divide|ratio_of|percent_of
0,1,1,G_2call_linear_continuation_03,1.0,8,3c6187abdd5f,"a hiking club recorded these values. step #: sum the list [#, #, #, #, #, #]. step #: compute the ratio of # to that result.",ttdf_1383b56ac315,aggregate_total|proportion_between
0,1,2,G_6pcall_linear_long_horizon_00,4.0,9,08575c4557b8,"to begin, count the items of [#, #, #]. next, multiply # by that result. next, find the remainder of # divided by that result. next, take the reciprocal of that result. next, take the reciprocal of th",ttdf_450ce5ca6048,series_length|pairwise_product|leftover_after_grouping|reciprocal_value|reciprocal_value|pairwise_product|root_extract|combine_amounts
0,1,0,G_2call_linear_tool_catalog_02,8.5,13,6590bbc48d05,work out the end result of these operations: find the remainder of # divided by #; square that result.,ttdf_712be6a2b0d4,leftover_after_grouping|self_product
0,1,3,A_6pcall_linear_long_horizon_00,5.25,11,90e86e47df78,"first, convert # degrees fahrenheit to celsius using the result and following the order of the request. multiply that result by #; divide that result by #; negate that result; increase that result by ",ttdf_33c3736160e6,fahrenheit_to_celsius|multiply|divide|negate|increase_by_percent|round_to_decimals|sum_two_numbers|append_to_values
0,1,3,A_6pcall_fan_in_tool_catalog_01,4.166666666666667,15,42c293b66411,"step one: convert # degrees celsius to fahrenheit. after that, subtract that result from #. after that, convert # degrees fahrenheit to celsius. after that, subtract # from that result. after that, ro",ttdf_19a21384e2ba,celsius_to_fahrenheit|subtract|fahrenheit_to_celsius|subtract|ceiling|average_of_two
0,1,2,A_6pcall_fan_in_long_horizon_00,5.666666666666667,11,db27d165da5a,"first, determine what is left over when # is divided by #. next, find the ratio of # to #. then, find the ratio of # to that result. after that, calculate the average of # and that result. then, deter",ttdf_f2e290f68a14,modulo_of|ratio_of|ratio_of|average_of_two|ratio_of|average_of_two
0,1,1,A_3call_fan_in_tool_catalog_01,6.666666666666667,13,3d5e7815a2d5,tell me what comes out when i compute how many whole times # fits into #; convert # kilometers to meters; subtract that result from the result of step #.,ttdf_18bd5adee8cd,whole_quotient|km_to_meters|difference_of_numbers
0,1,0,A_2call_linear_tool_catalog_05,8.5,14,7bc9ee322b7a,"identify the #-based position of the greatest item in [#, #, #, #, #] using this result, increase # by that percent.",ttdf_1146308536be,position_of_maximum|increase_by_percent
0,0,0,A_2call_linear_tool_catalog_05,2.5,14,ad077d076890,"after summing the list [#, #, #, #, #, #], i need to square the result to get the final outcome.",ttdf_5583e9093f36,sum_of_values|square_value
0,1,0,A_2call_linear_continuation_00,5.5,8,e2cde676acb0,"a school tracks these figures for its yearbook. step #: round # up to a whole number. step #: append that result to the list [#, #, #, #, #]. what is the final result?",ttdf_81ae16afa8a0,ceiling|append_to_values
0,1,0,G_6pcall_branch_aggregate_tool_catalog_00,8.833333333333334,15,bfad22dc027c,a shop reviews its figures. step #: compute the ratio of # to #. step #: find the absolute difference between # and that result. step #: round # up to a whole number. step #: take the square root of t,ttdf_d97a77cb50c8,proportion_between|gap_between|round_up_whole|root_extract|combine_amounts|total_of_three_parts
0,1,2,A_6pcall_linear_long_horizon_00,5.375,9,f6bc32375501,a shop reviews its figures. step #: round # up to a whole number. step #: average # and that result. step #: round that result up to a whole number. step #: subtract that result from #. step #: multip,ttdf_88db3bb9c110,ceiling|average_of_two|ceiling|subtract|product_of_numbers|inverse|inverse|nearest_integer
0,1,1,A_3call_fan_in_variable_pla_00,1.3333333333333333,10,9d1744f16c25,a shop reviews its figures. step #: convert # meters to kilometers. step #: add # and #. step #: find the absolute difference between the result of step # and that result.,ttdf_b821df28975e,meters_to_km|sum_two_numbers|absolute_difference
0,1,1,A_3call_linear_variable_pla_00,3.3333333333333335,8,3a67138b2892,"first, transform # kilometers to meters, therefore, average # and the result of that conversion, finally, assign the unit 'points' to that final result of the operations",ttdf_b11e0c22e08e,km_to_meters|average_of_two|label_with_unit
0,1,3,G_4call_fan_in_variable_pla_00,10.0,12,7d03b2df10b0,a school tracks these figures for its yearbook. step #: average # and #. step #: convert # minutes to seconds. step #: average the result of step # and that result. step #: round that result to the ne,ttdf_35655e0b2603,midpoint_value|seconds_from_minutes|midpoint_value|whole_number_of
0,1,2,A_3call_fan_in_tool_catalog_01,5.333333333333333,14,dfc927740838,a warehouse audit produced these numbers. step #: find the absolute difference between # and #. step #: convert # kilometers to meters. step #: average the result of step # and that result.,ttdf_470d58b1d06f,absolute_difference|km_to_meters|average_of_two
0,1,0,G_3call_linear_variable_pla_00,3.0,8,e786a4b9f9bb,"first, find the ratio of # to #. then, using that result, determine how many whole times # fits into it. finally, calculate that result percent of #. report only the final value.",ttdf_6b36336b66ae,proportion_between|full_groups_of|portion_by_rate
0,1,0,G_3call_linear_variable_pla_00,1.6666666666666667,9,8371497fb073,"give me the result of this calculation: count the items of [#, #, #, #, #]; decrease # by that result percent; compute the ratio of # to that result.",ttdf_82703d6a0d7e,series_length|shrink_by_rate|proportion_between
0,1,1,G_4call_linear_variable_pla_00,5.0,8,30e8d9d808ee,"start by adding # and #, then take that total and multiply it by #, square the result of that multiplication, and finally add # to the squared value.",ttdf_53bf21b903a7,total_of_pair|scale_quantity|self_product|total_of_pair
0,1,3,G_6pcall_linear_long_horizon_00,4.0,8,3fe15a2100be,"first, find the absolute difference between # and #. using that result, find the remainder of # divided by the result. multiply the result by #. divide # by the previous value. multiply that result by",ttdf_07bf20b2416e,gap_between|leftover_after_grouping|scale_quantity|per_unit_value|scale_quantity|root_extract
0,1,0,G_4call_fan_in_variable_pla_00,6.75,12,f569514b627f,"first, transform # minutes into seconds. then, determine # multiplied by #. afterward, subtract the previous value from the result of step # and format it with the unit 'boxes'. report only the final ",ttdf_1bf6c5e23d34,seconds_from_minutes|scale_quantity|reduce_amount|annotate_measurement
0,1,2,G_5call_linear_long_horizon_00,3.0,8,3ddf3cc13eff,a warehouse audit produced these numbers. step #: average # and #. step #: subtract that result from #. step #: square that result. step #: add # and that result. step #: average that result and #.,ttdf_a31e86877e4c,midpoint_value|remaining_after|self_product|total_of_pair|midpoint_value
0,1,0,G_2call_linear_continuation_03,4.5,9,3af3948eb28a,a shop reviews its figures. step #: take the reciprocal of #. step #: find the absolute difference between that result and #.,ttdf_73596c9703cc,reciprocal_value|gap_between
0,1,2,G_4call_branch_aggregate_tool_catalog_00,7.0,14,d2ea83906ad2,"divide # by #; next divide # by #; next take the square root of #; finally add up the result of step #, the result of step # and that result. report only the final value.",ttdf_72bdb8dd4fbf,per_unit_value|per_unit_value|root_extract|total_of_three_parts
0,1,1,G_3call_linear_variable_pla_00,2.3333333333333335,8,6da4ce9eb0c4,"first, add the numbers #,#,#,#, #, #. next, find the square root of that result. finally, average # and that result.",ttdf_38b1f24fdba4,aggregate_total|root_extract|midpoint_value
0,1,0,A_2call_linear_tool_catalog_05,11.0,16,4cf9b00c203b,"first, square #. then, take that result and decrease it by # percent.",ttdf_e3733a0bc54a,square_value|decrease_by_percent
0,1,0,A_2call_linear_continuation_01,3.5,12,6bad412f1b79,"first, carry out a modulo of # by # and then negate the result. that value is the final result.",ttdf_54eb0c0e425c,reminder|negate
0,1,3,A_6pcall_branch_aggregate_tool_catalog_00,6.125,15,eaec842457d8,calculate the average of # and #. use that result to increase # by that same percentage. subtract # from that new value. round # to the nearest whole. find the absolute difference between # and that r,ttdf_5f0209e88851,average_of_two|increase_by_percent|subtract|nearest_integer|absolute_difference|multiply|percent_of|sum_of_three
0,1,2,G_6pcall_fan_in_long_horizon_00,5.666666666666667,12,56c6e169aa7e,a hiking club recorded these values. step #: convert # minutes to seconds. step #: average # and that result. step #: round # to # decimal places. step #: subtract that result from #. step #: compute ,ttdf_c02e6ca784a5,seconds_from_minutes|midpoint_value|trim_precision|remaining_after|portion_by_rate|exceeds_value
0,1,2,G_6pcall_fan_in_tool_catalog_01,8.0,15,619f972b78e5,"first, add # and #, then subtract # by that result and find the remainder of # divided by #. next, find the absolute difference between # and that result. after that, invert the previous value, and av",ttdf_58f08c4edc40,combine_amounts|reduce_amount|leftover_after_grouping|gap_between|reciprocal_value|midpoint_value|midpoint_value
0,1,2,G_5call_fan_in_long_horizon_00,3.6,11,ed41196dab73,"divide # by #, and then decrease # by that result percent, and then round # down to a whole number, and then take the square root of that result, concluding by multiply the result of step # by that re",ttdf_3b2cc1a549da,per_unit_value|shrink_by_rate|round_down_whole|root_extract|pairwise_product
0,1,0,A_2call_linear_continuation_01,2.5,11,12495ddd9f3d,"first, start with # and square it. next, check if that result can be divided evenly by #.",ttdf_1e61b3899278,square_value|is_divisible_by
0,1,0,G_6pcall_fan_in_tool_catalog_01,8.857142857142858,16,ddbe8f10c334,"first, negate # and find the remainder of that result when divided by #. decrease the number by # percent and negate the resulting number. calculate the square root of # and find the absolute differen",ttdf_58f71101b86b,flip_sign|leftover_after_grouping|shrink_by_rate|flip_sign|root_extract|gap_between|split_evenly
0,1,0,A_3call_fan_in_tool_catalog_01,7.0,17,15dd2638460b,"start by dividing # by #. then, find the square root of #. lastly, determine the result of the result of step # percent of the previous value. (the office moved in #.)",ttdf_9c6978bb26f3,quotient_of|sqrt|percent_of
0,1,0,A_2call_linear_continuation_00,5.0,9,94655b5e2f05,a delivery service reviews yesterday's log. step #: compute # percent of #. step #: round that result to the nearest whole number.,ttdf_cd4fb2c82b9a,percent_of|nearest_integer
0,1,2,A_5call_branch_aggregate_tool_catalog_00,6.0,13,b7df83fdceac,"start by taking the reciprocal of #, then add # to that result, then multiply # by #, then round # to # decimal place, then average the result of step #, the result of step #, and that result.",ttdf_04bb083de833,inverse|sum_two_numbers|multiply|round_to_decimals|mean_of_three
0,1,2,G_6pcall_fan_in_tool_catalog_01,8.833333333333334,18,d11d4eb34fca,"square # to start. then, determine the remainder of # divided by #. next, determine the remainder of # divided by that result, and then decrease that value by # percent. then, divide the result of ste",ttdf_8e25a3c3d4b0,self_product|leftover_after_grouping|leftover_after_grouping|shrink_by_rate|split_evenly|stringify_amount
0,1,0,A_3call_fan_in_tool_catalog_01,11.666666666666666,16,3021dbe5e936,"first, determine how many times # divides into #, excluding any remainder. next, change # degrees celsius into fahrenheit. finally, calculate the result of step # percent of that result.",ttdf_f6b902a8de54,whole_quotient|celsius_to_fahrenheit|percentage_value
0,1,1,G_2call_linear_continuation_01,10.0,12,0a7c848bbf57,an engineer checks a report. step #: round # down to a whole number. step #: average # and that result.,ttdf_0ce8913d0334,round_down_whole|midpoint_value
0,1,0,A_5call_fan_in_long_horizon_00,6.4,10,4f2f2a959303,a warehouse audit produced these numbers. step #: round # down to a whole number. step #: compute the ratio of # to that result. step #: round # up to a whole number. step #: add the result of step # ,ttdf_1784a7d130c4,floor|ratio_of|ceiling|add|build_tag
0,1,2,A_6pcall_fan_in_long_horizon_00,5.333333333333333,11,046ed6c51a4f,"first, divide # by # then round up the result to the nearest whole number. next, determine how many whole times # fits into the previous value, and take the reciprocal of #. multiply that result by #,",ttdf_7b8db9955d51,divide|ceiling|whole_quotient|inverse|product_of_numbers|percent_of
0,1,2,A_5call_branch_aggregate_tool_catalog_00,8.6,18,d6a8885d117d,"begin by finding the square root of #. then, divide that result by # and find the remainder. next, round # to the closest whole number. after that, calculate the absolute difference between # and #. l",ttdf_7c88aeaeb582,sqrt|modulo_of|nearest_integer|absolute_difference|mean_of_three
0,1,1,A_2call_linear_continuation_01,7.0,10,2d5b21243a46,"first, convert # hours to minutes. afterward, determine if that result falls between # and #. only report the final value.",ttdf_44b01616a487,hours_to_minutes|is_within_range
0,1,2,G_6pcall_fan_in_tool_catalog_01,9.5,18,e5e9ff1a99b2,"average # and #, followed by compute how many whole times that result fits into #, followed by add that result and #, followed by find the absolute difference between # and #, followed by find the abs",ttdf_209b1a2b8bb1,midpoint_value|full_groups_of|total_of_pair|gap_between|gap_between|stringify_amount
0,1,0,A_2call_linear_continuation_01,1.5,12,5938b69a9c20,"ultimately i want to check whether the value those steps produce lies between # and #. before that, round # up to a whole number.",ttdf_330334b5a8ee,ceiling|is_within_range
0,1,1,G_6pcall_branch_aggregate_tool_catalog_00,7.75,18,98e050e38cd8,a lab notebook lists these measurements. step #: add # and #. step #: find the absolute difference between # and that result. step #: increase # by # percent. step #: average # and that result. step #,ttdf_093f5f1c7a5c,combine_amounts|gap_between|grow_by_rate|midpoint_value|remaining_after|shrink_by_rate|dispersion_of_three|whole_number_of
0,0,0,G_2call_linear_continuation_01,4.0,10,7658d5cddb1d,"first, add up the numbers #, #, #, #, #, #. then, negate that result. report only the final value.",ttdf_1fbbe1962989,aggregate_total|flip_sign
0,1,0,A_3call_fan_in_variable_pla_00,8.0,11,43d8a20ed0c1,a hiking club recorded these values. step #: take the reciprocal of #. step #: find the remainder of # divided by #. step #: compute the ratio of the result of step # to that result. what is the final,ttdf_a27ee767b260,inverse|reminder|ratio_of
0,1,3,G_4call_fan_in_variable_pla_00,3.25,10,a2128d0d3d72,a hiking club recorded these values. step #: multiply # by #. step #: convert # meters to kilometers. step #: average the result of step # and that result. step #: round that result to the nearest who,ttdf_67a6c973d4d7,scale_quantity|km_from_meters|midpoint_value|whole_number_of
0,1,0,A_4call_branch_aggregate_tool_catalog_00,8.0,15,0331e62f2593,"compute the absolute difference between # and #. next, increase # by # percent. take the result of the previous step and the reciprocal of #. finally, find the spread between the largest and smallest ",ttdf_28a45ed58282,absolute_difference|increase_by_percent|inverse|range_of_three
0,1,2,G_6pcall_fan_in_tool_catalog_01,5.571428571428571,15,0d9ef1ddc070,"first, find the absolute difference between # and #; add # and that result; multiply # by that result; then find the absolute difference between # and that result; take the reciprocal of #; compute th",ttdf_46c52bed205e,gap_between|combine_amounts|pairwise_product|gap_between|reciprocal_value|portion_by_rate|stringify_amount
0,1,1,G_5call_linear_long_horizon_00,3.0,8,f58f188808e5,"first, calculate the absolute difference between # and #. then, take # and divide it by that result. next, increase # by that result in percentage. after, find the ratio of that result to #. last, neg",ttdf_a36a302e3a68,gap_between|split_evenly|grow_by_rate|proportion_between|flip_sign
0,1,2,A_6pcall_branch_aggregate_tool_catalog_00,8.875,16,a8b13db66941,"what i finally need is to add up the result of step #, the result of step # and the value those steps produce; the preparation is to compute the ratio of # to #, then multiply # by that result, then s",ttdf_1703e497b2ae,ratio_of|product_of_numbers|subtract|average_of_two|absolute_difference|decrease_by_percent|sqrt|sum_of_three
0,1,1,A_4call_fan_in_variable_pla_00,6.5,12,8da08873304e,"initially, round down # to the nearest whole number. then, determine the remainder of that division, divided by #. after that, lower # by # percent. finally, divide the result from step # of this proc",ttdf_67945aea207c,floor|modulo_of|decrease_by_percent|divide
0,1,1,A_2call_linear_continuation_03,1.5,9,26c3efc98aef,"first, add # and # together, then convert that result to text",ttdf_90db64712927,add|number_to_text
0,1,1,A_3call_linear_variable_pla_00,2.6666666666666665,8,cd0ff25f676c,"a shop reviews its figures. step #: multiply # by #. step #: find the absolute difference between # and that result. step #: append that result to the list [#, #, #].",ttdf_62046f3f6ffe,multiply|absolute_difference|append_to_values
0,1,1,A_6pcall_fan_in_tool_catalog_01,4.428571428571429,13,f03cca130238,"first, determine the remainder of # divided by #. next, lower # by # percent. subtract that result from #. multiply # by that result. take # percent of that result. decrease that result by # percent. ",ttdf_8a212faaa6ac,reminder|decrease_by_percent|difference_of_numbers|multiply|percent_of|decrease_by_percent|difference_of_numbers
0,1,0,A_2call_linear_continuation_01,5.5,11,eda3b5b31be8,a hiking club recorded these values. step #: square #. step #: increase # by that result percent.,ttdf_2d9eb714eff9,square_value|increase_by_percent
0,1,1,A_6pcall_branch_aggregate_tool_catalog_00,9.833333333333334,16,3ada75c2469b,"first, increase # by # percent. then, negate that result. round up # to the nearest whole number. next, calculate the average of # and that result. take the reciprocal of #, and determine the range of",ttdf_1d3da88ad525,increase_by_percent|negate|ceiling|average_of_two|inverse|range_of_three
0,1,0,A_2call_linear_continuation_04,9.0,12,8dc595c31c51,an engineer checks a report. step #: compute # percent of #. step #: round that result down to a whole number. report only the final value.,ttdf_85cd4058f920,percentage_value|floor
0,0,1,A_2call_linear_continuation_00,5.5,9,a7ce394238eb,"a delivery service reviews yesterday's log. step #: average the list [#, #, #]. step #: round that result to the nearest whole number.",ttdf_cbe96d386138,mean_of_values|nearest_integer
0,1,1,G_4call_fan_in_variable_pla_00,3.0,10,2e5eefd033a8,"first, decrease # by # percent. next, convert # kilometers to meters. then, find the # percent of the result from the previous operation. finally, round that result to the nearest whole number.",ttdf_4389b3ac4d29,shrink_by_rate|meters_from_km|portion_by_rate|whole_number_of
0,1,1,A_5call_branch_aggregate_tool_catalog_00,7.2,13,50d218b72736,"determine the outcome of this procedure: compute # percent of #; divide # by that result; take the reciprocal of #; find the absolute difference between # and #; add up the result of step #, the resul",ttdf_2455995df85b,percent_of|quotient_of|inverse|absolute_difference|sum_of_three
0,1,0,G_6pcall_fan_in_tool_catalog_01,7.666666666666667,15,2f0b8789daf2,"start by converting # degrees celsius to fahrenheit, then find the absolute difference between that result and #. next, figure out how many whole times # fits into that result, then calculate # percen",ttdf_40fe0a0d5ab0,fahrenheit_from_celsius|gap_between|full_groups_of|portion_by_rate|round_down_whole|portion_by_rate
0,1,1,G_4call_fan_in_variable_pla_00,6.0,11,3e4bc09c1284,"increase # by # percent, then convert # degrees celsius to fahrenheit, then find the absolute difference between the result of step # and that result, and finally label that result with the unit 'poin",ttdf_65c102e8ae6e,grow_by_rate|fahrenheit_from_celsius|gap_between|annotate_measurement
0,1,0,A_2call_linear_continuation_01,5.5,10,815b27120ed4,"first, find # percent of #. next, determine if that result is between # and #.",ttdf_10a611963887,percentage_value|is_within_range
0,1,0,A_5call_fan_in_long_horizon_00,2.6,11,95eb66c61ff8,"start by multiplying # by #. then, round up # to the nearest whole number. then, decrease # by that result as a percentage. next, find the absolute difference between the result of step # and that res",ttdf_ddfa3474fa31,multiply|ceiling|decrease_by_percent|absolute_difference|label_with_unit
0,1,2,G_5call_linear_long_horizon_00,2.6,9,fc9776b1a98f,"first, take the absolute difference between # and #. then, find the average of that result and #. next, determine the ratio of that result to #. after that, calculate the absolute difference between #",ttdf_36b57efe7392,gap_between|midpoint_value|proportion_between|gap_between|scale_quantity
0,1,1,G_6pcall_linear_long_horizon_00,5.333333333333333,9,656f3f1f3f67,"first, compute the ratio of # to #. then find the absolute difference between that result and #. then round that result to # decimal places. then negate that result. then multiply # by that result. fi",ttdf_13e86a1c0b0a,proportion_between|gap_between|trim_precision|flip_sign|scale_quantity|gap_between
0,1,0,G_2call_linear_continuation_03,1.0,8,c4a66043553d,"first, round up # to the nearest whole number. next, find the reciprocal of that result.",ttdf_b9c7c5612106,round_up_whole|reciprocal_value
0,1,1,A_2call_linear_continuation_03,2.5,8,cc340386dd80,a shop reviews its figures. step #: multiply # by #. step #: format that result with # decimal places as text.,ttdf_2ae133ee09f2,product_of_numbers|format_number_fixed
0,1,1,A_6pcall_linear_long_horizon_00,3.3333333333333335,8,167c8476ca8a,"take # and increase it by # percent, and use that to subtract from #. use the result of that to subtract #. find the average of the result and #. find the absolute difference between # and that result",ttdf_24d44636b99b,increase_by_percent|difference_of_numbers|difference_of_numbers|average_of_two|absolute_difference|nearest_integer
0,1,2,G_4call_linear_variable_pla_00,3.5,8,87bef5aacd6f,a shop reviews its figures. step #: multiply # by #. step #: add that result and #. step #: take the reciprocal of that result. step #: average # and that result. what is the final result?,ttdf_57d750445754,scale_quantity|combine_amounts|reciprocal_value|midpoint_value
0,1,1,A_5call_fan_in_long_horizon_00,4.8,12,4e5df62b258b,"first, calculate the absolute difference between # and #. then, convert # meters to kilometers. then, increase the result by # percent. afterwards, find the absolute difference between the result of s",ttdf_0347623425c6,absolute_difference|meters_to_km|increase_by_percent|absolute_difference|build_tag
0,1,0,G_2call_linear_tool_catalog_02,5.0,14,ae782ff1c6bd,"first, derive the square root of #, and then use that result to determine what percent of # it is.",ttdf_179d52becd83,root_extract|portion_by_rate
0,1,1,A_2call_linear_continuation_00,2.5,9,e19373358363,a school tracks these figures for its yearbook. step #: convert # degrees fahrenheit to celsius. step #: round that result to the nearest whole number. what is the final result?,ttdf_f64cb80ebd35,fahrenheit_to_celsius|nearest_integer
0,1,2,A_6pcall_linear_long_horizon_00,3.5,9,52f91ba8e019,"initially, convert # kilometers to meters. subsequently, average # and that result. subsequently, find the absolute difference between that result and #. subsequently, compute how many whole times # f",ttdf_918a1b8e247c,km_to_meters|average_of_two|absolute_difference|whole_quotient|decrease_by_percent|nearest_integer
0,1,0,A_2call_linear_continuation_00,4.0,8,8f656e80ef89,"find the reciprocal of #, and then round that result to the nearest whole number. the final value should be reported, which is the result after rounding.",ttdf_f6fd02964091,inverse|nearest_integer
0,1,2,G_6pcall_fan_in_long_horizon_00,5.833333333333333,10,eee30197f3ce,"start by rounding # to the nearest whole number. next, figure out how many whole times # fits into that result. convert # hours to minutes. find the ratio of # to that result. add # to that. lastly, d",ttdf_2f3bdb3a35c1,whole_number_of|full_groups_of|minutes_from_hours|proportion_between|combine_amounts|per_unit_value
0,1,1,A_2call_linear_continuation_01,4.5,11,d0aa682a48f2,"first, multiply # by #, then see if the result of that multiplication lies between # and #.",ttdf_36a216ba2999,product_of_numbers|is_within_range
0,1,2,G_6pcall_linear_long_horizon_00,4.5,9,f7e1319320af,"convert # minutes into seconds, then negate that result, add # and that result, find the ratio of # to that result, divide # by that result, find the absolute difference between # and that result.",ttdf_9d77f3ed8fa3,seconds_from_minutes|flip_sign|total_of_pair|proportion_between|split_evenly|gap_between
0,1,0,A_2call_linear_continuation_00,2.0,9,299eb7540e4a,"a delivery service reviews yesterday's log. step #: round # to the nearest whole number. step #: scale every item of [#, #, #, #, #] by that result.",ttdf_07c691f0f0b6,nearest_integer|scale_values
0,1,0,A_2call_linear_continuation_00,2.5,9,bf88e8181344,what happens if i change # degrees celsius to fahrenheit and then rounding the result to the nearest whole number? what is the outcome?,ttdf_b759f7cbfc86,celsius_to_fahrenheit|nearest_integer
0,1,2,A_4call_fan_in_variable_pla_00,9.0,12,0f6cff431e12,"please convert # meters to kilometers, then find # percent of that result. next, convert # meters to kilometers, then find the result of step # percent of that result.",ttdf_3d16ba355ab3,meters_to_km|percent_of|meters_to_km|percent_of
0,1,0,A_6pcall_linear_long_horizon_00,4.25,8,743725e1f121,"initially, compute how many whole times # fits into #. subsequently, compute the ratio of # to that result. subsequently, subtract # from that result. subsequently, compute the ratio of # to that resu",ttdf_78f37f8ffa01,floor_divide|ratio_of|difference_of_numbers|ratio_of|difference_of_numbers|reminder|ratio_of|append_to_values
0,1,2,A_5call_linear_long_horizon_00,4.2,8,50342d16b943,"find the #-based index of the largest value in the list #, #, #, #, then divide that result by #, then multiply that result by #, then find the absolute difference between that result and #, and final",ttdf_9d9863ba2cb6,position_of_maximum|quotient_of|multiply|absolute_difference|sum_two_numbers
0,1,1,G_4call_fan_in_variable_pla_00,4.0,12,a168a285b18d,"round # down to a whole number, then average # and #, then subtract that result from the result of step #, and finally round that result to the nearest whole number.",ttdf_68ca1081ba07,round_down_whole|midpoint_value|reduce_amount|whole_number_of
0,1,1,G_6pcall_linear_long_horizon_00,2.8333333333333335,9,6f5f13a42276,"first, see how many whole #s are in #. then, use that result to see how many whole times it fits into #. next, negate that result. then, subtract # from that result. after that, multiply # by that res",ttdf_73f8a9ff0c4b,full_groups_of|full_groups_of|flip_sign|reduce_amount|pairwise_product|reciprocal_value
0,1,0,G_3call_fan_in_tool_catalog_01,6.666666666666667,13,4ab895d0041c,"first, subtract # from #. then square #. finally, compute the result of step # percent of that result. (for context only: the meeting lasted # minutes.)",ttdf_7477d37d7cea,reduce_amount|self_product|portion_by_rate
0,1,0,A_3call_linear_variable_pla_00,3.3333333333333335,9,7e97e94e7d05,"start by converting # minutes to seconds. next, subtract that result from #. and finally, use that result to scale each item in the list #, #, #, #, #.",ttdf_11520fc95946,minutes_to_seconds|subtract|scale_values
0,1,0,A_2call_linear_tool_catalog_02,4.0,17,269081c866ce,"identify the #-based position of the highest number in [#, #, #]. using that result, calculate # percent of it.",ttdf_133121788cd1,position_of_maximum|percent_of
0,1,0,G_2call_linear_continuation_00,2.0,8,9ae0a9a27672,"initially, square #, then square the result from that and report the final value.",ttdf_ce5a5d3e494a,self_product|self_product
0,1,1,A_5call_fan_in_long_horizon_00,3.8,10,e3adaa047ed6,"first, calculate # percent of #, and find the remainder of that result when divided by #. next, convert # seconds to whole minutes, then find the absolute difference between the result of step # and t",ttdf_43aa348514cb,percentage_value|modulo_of|seconds_to_full_minutes|absolute_difference|build_tag
0,1,0,A_2call_linear_continuation_00,7.0,9,e7ebc8767251,"a school tracks these figures for its yearbook. step #: round # down to a whole number. step #: append that result to the list [#, #, #, #, #].",ttdf_ce63e45a9b47,floor|append_to_values
0,1,1,G_6pcall_linear_long_horizon_00,4.166666666666667,9,7d9fd77dcb06,"first, boost # by # percent, then round that result to the nearest whole number. next, average # and the result, then figure out how many whole times that result goes into #. compute the ratio of that",ttdf_4225616d0be4,grow_by_rate|whole_number_of|midpoint_value|full_groups_of|proportion_between|gap_between
0,1,0,G_4call_branch_aggregate_tool_catalog_00,8.25,17,93c49af8bbbf,"tell me what comes out when i round # to the nearest whole number; find the remainder of # divided by #; square #; add up the result of step #, the result of step # and that result. (unrelated: the of",ttdf_447a55068eaf,whole_number_of|leftover_after_grouping|self_product|total_of_three_parts
0,1,0,G_3call_fan_in_variable_pla_00,6.0,12,c2b7b3601686,tell me what comes out when i take the square root of #; decrease # by # percent; compute the result of step # percent of that result. what is the final result?,ttdf_d4e5b7bfafb4,root_extract|shrink_by_rate|portion_by_rate
0,1,0,G_2call_linear_continuation_03,1.5,8,d3314216696d,"first, round # down to the nearest whole number. then, use that result to find what percent # is of it.",ttdf_d0ad5f3cd5b2,round_down_whole|portion_by_rate
0,1,1,G_6pcall_linear_long_horizon_00,3.0,9,a35394c9e794,"to begin, round # down to a whole number. next, take the square root of that result. next, round that result up to a whole number. next, negate that result. next, take the reciprocal of that result. l",ttdf_bc01a5b836d7,round_down_whole|root_extract|round_up_whole|flip_sign|reciprocal_value|midpoint_value
0,1,0,A_2call_linear_tool_catalog_05,10.5,14,7565c3f28f9f,a school tracks these figures for its yearbook. step #: round # to the nearest whole number. step #: add that result and #.,ttdf_51e0bd1618d1,nearest_integer|add
0,1,3,A_6pcall_fan_in_tool_catalog_01,7.5,16,dad65c797f87,an engineer checks a report. step #: divide # by #. step #: take the square root of #. step #: increase # by that result percent. step #: round that result down to a whole number. step #: decrease tha,ttdf_2fff9c093256,divide|sqrt|increase_by_percent|floor|decrease_by_percent|negate|divide|product_of_numbers
0,1,0,G_2call_linear_continuation_04,4.5,11,0f913db7ed61,"first, decrease # by # percent to get the result, then negate that result.",ttdf_6ff7f34a1a92,shrink_by_rate|flip_sign
0,1,2,G_2call_linear_continuation_00,4.5,8,e90a09d98df5,"a warehouse audit produced these numbers. step #: sum the list [#, #, #, #, #]. step #: multiply # by that result.",ttdf_2d41b2830490,aggregate_total|pairwise_product
0,1,1,G_2call_linear_tool_catalog_02,7.0,15,e22ca2ccbd4c,"first, round # to # decimal places, then divide that result by #. do not report the intermediate value.",ttdf_21cfed40077b,trim_precision|per_unit_value
0,1,1,G_3call_linear_variable_pla_00,3.3333333333333335,8,d186efeba442,a school tracks these figures for its yearbook. step #: compute # percent of #. step #: divide # by that result. step #: find the absolute difference between that result and #.,ttdf_5819997e10dd,portion_by_rate|split_evenly|gap_between
0,1,3,A_6pcall_fan_in_long_horizon_00,4.333333333333333,10,c7e2d142c50d,a hiking club recorded these values. step #: compute the ratio of # to #. step #: average that result and #. step #: subtract # from that result. step #: average # and that result. step #: convert # m,ttdf_9305a91f7974,ratio_of|average_of_two|subtract|average_of_two|meters_to_km|percentage_value
0,1,0,A_2call_linear_continuation_01,1.0,11,1d732b698287,"first, add up the numbers #, #, #, #, # and then, add # to that result.",ttdf_4f189e16b6c4,sum_of_values|sum_two_numbers
0,1,3,G_6pcall_fan_in_tool_catalog_01,4.428571428571429,14,1598236537fe,a warehouse audit produced these numbers. step #: multiply # by #. step #: convert # hours to minutes. step #: subtract # from that result. step #: compute # percent of that result. step #: multiply t,ttdf_09c234dedf78,scale_quantity|minutes_from_hours|remaining_after|portion_by_rate|scale_quantity|gap_between|render_with_decimals
0,1,0,A_2call_linear_continuation_00,3.5,8,68c529b376fc,"first, find the reciprocal of #. then, scale each number in the list [#, #, #, #] by that result.",ttdf_870447e2fbbb,inverse|scale_values
0,1,2,G_3call_fan_in_tool_catalog_01,9.0,18,982dcc350484,"first, divide # by # and find the remainder. after that, convert # degrees fahrenheit to celsius, then, subtract that result from from the result of step #, and find the absolute difference. (unrelate",ttdf_dea07c219f91,leftover_after_grouping|celsius_from_fahrenheit|gap_between
0,1,0,G_2call_linear_continuation_04,1.5,12,2d47d2c776fd,"first, find the reciprocal of #. then, you need to find the ratio of the result of that, and #.",ttdf_4e9b666b04f9,reciprocal_value|proportion_between
0,1,1,G_6pcall_branch_aggregate_tool_catalog_00,6.333333333333333,14,722b164acb1d,a hiking club recorded these values. step #: negate #. step #: average # and that result. step #: take the reciprocal of #. step #: compute that result percent of #. step #: round # down to a whole nu,ttdf_7906faca4767,flip_sign|midpoint_value|reciprocal_value|portion_by_rate|round_down_whole|total_of_three_parts
0,1,1,G_2call_linear_continuation_01,6.5,11,7c907f988c2b,"square #, and multiply the result by #.",ttdf_3f52a534866d,self_product|scale_quantity
0,1,2,G_6pcall_fan_in_long_horizon_00,5.833333333333333,12,01535eeb2b1a,"first, subtract # percent from #. then, divide # by #, and multiply that result by #. find the ratio of # to that result. then, calculate the result of step # percent of that ratio. lastly, determine ",ttdf_3c21e6ec77fd,shrink_by_rate|split_evenly|pairwise_product|proportion_between|portion_by_rate|inside_limits
0,1,0,G_2call_linear_continuation_03,2.0,9,82d97668b8a2,"first, calculate the square of #. afterward, take that result and subtract # from it.",ttdf_178a8a0f527a,self_product|reduce_amount
0,1,0,A_5call_linear_long_horizon_00,2.4,8,b0ae32c807cd,a hiking club recorded these values. step #: negate #. step #: decrease that result by # percent. step #: round that result to the nearest whole number. step #: compute the ratio of that result to #. ,ttdf_0076850744b5,negate|decrease_by_percent|nearest_integer|ratio_of|percent_of
0,1,1,G_2call_linear_continuation_00,2.5,9,de02f7ed5d18,"first, you must divide # by #. then, find the square root of the result of that division.",ttdf_6eeb168023b3,split_evenly|root_extract
0,1,0,G_5call_fan_in_long_horizon_00,4.8,11,2b4a2d414a97,"begin by rounding # to the nearest whole number. use that result to find the remainder when # is divided by it. next, increase # percent of that result. use the remainder when # is divided by #, and s",ttdf_237b68177ba3,whole_number_of|leftover_after_grouping|grow_by_rate|leftover_after_grouping|reduce_amount
0,1,0,A_3call_fan_in_variable_pla_00,2.0,11,abb0093dbbcf,"calculate the absolute difference between # and #. next, square #. lastly, use the result of step # to find that percent of the result from the previous operation.",ttdf_7d383d22fb7a,absolute_difference|square_value|percentage_value
0,1,0,A_6pcall_linear_long_horizon_00,5.714285714285714,10,1cc2290775d7,determine the outcome of this procedure: round # to # decimal places; find the absolute difference between that result and #; square that result; find the remainder of that result divided by #; comput,ttdf_0d1187dec051,round_to_decimals|absolute_difference|square_value|modulo_of|whole_quotient|increase_by_percent|scale_values
0,1,1,A_6pcall_linear_long_horizon_00,4.25,11,e867ecb12d4c,"a shop reviews its figures. step #: find the #-based position of the largest item in [#, #, #, #, #, #]. step #: compute that result percent of #. step #: decrease that result by # percent. step #: ne",ttdf_402bd1a656a3,position_of_maximum|percentage_value|decrease_by_percent|negate|multiply|ratio_of|reminder|append_to_values
0,1,1,A_4call_fan_in_variable_pla_00,5.0,11,fa5c5eda3480,"first, take the reciprocal of #. then, convert # seconds into whole minutes. after that, increase that result by # percent. lastly, take # percent of the value produced by the previous step, and the r",ttdf_5d102b7a07ae,inverse|seconds_to_full_minutes|increase_by_percent|percentage_value
0,1,0,A_3call_fan_in_variable_pla_00,7.333333333333333,11,ab253259bafa,a shop reviews its figures. step #: round # to the nearest whole number. step #: subtract # from #. step #: add the result of step # and that result. report only the final value.,ttdf_f0f0ba9dbcf0,nearest_integer|subtract|sum_two_numbers
0,1,2,A_3call_fan_in_tool_catalog_01,8.0,18,41a72360ae65,"convert # kilometers to meters, then take the square root of #, and finally multiply the result of step # by that result.",ttdf_07bb132c3f89,km_to_meters|sqrt|multiply
0,1,1,G_5call_branch_aggregate_tool_catalog_00,11.2,17,df8545a57bd3,"to start, round # down to the nearest whole number. then, find the absolute value of the difference between # and that result. then, calculate the ratio of # to #. next, take the square root of #. las",ttdf_6d13bfbfea76,round_down_whole|gap_between|proportion_between|root_extract|balance_of_three
0,1,2,A_6pcall_branch_aggregate_tool_catalog_00,6.142857142857143,13,3b0a313bcbdd,"take #, round it down to the nearest whole number. then, find the ratio of that result to #. divide # by #, and average the result with #. round # to # decimal places, then negate that result. finally",ttdf_8c5f45c418c2,floor|ratio_of|divide|average_of_two|round_to_decimals|negate|sum_of_three
0,1,1,G_6pcall_branch_aggregate_tool_catalog_00,4.571428571428571,13,acc934733488,"first, get the square root of #. then, find the average of # and that result. subtract # from #. take that result and decrease # by that percent. next, round # up to the nearest whole number. then, se",ttdf_2da965f88f51,root_extract|midpoint_value|reduce_amount|shrink_by_rate|round_up_whole|full_groups_of|dispersion_of_three
0,1,2,A_3call_linear_variable_pla_00,3.0,9,dca68b31de42,"first, divide # by #. then, multiply # by the result of the division. lastly, scale each of the values in the list [#, #, #, #] by multiplying them by that result.",ttdf_4dc6b4c3c8fe,quotient_of|multiply|scale_values
0,1,1,A_6pcall_linear_long_horizon_00,3.3333333333333335,9,e0a1d2cba9f5,tell me what comes out when i take the square root of #; compute the ratio of that result to #; decrease # by that result percent; divide that result by #; compute that result percent of #; round that,ttdf_12ad41675137,sqrt|ratio_of|decrease_by_percent|divide|percentage_value|nearest_integer
0,1,0,G_2call_linear_continuation_04,6.0,12,d55409f7ae27,"the first thing to do is find the range spread of the list #, #, #, #, # and add # to the result of that calculation.",ttdf_14c55897ced2,series_spread|total_of_pair
0,1,2,G_5call_linear_long_horizon_00,4.6,9,dae6926f1028,a warehouse audit produced these numbers. step #: negate #. step #: multiply that result by #. step #: divide that result by #. step #: round that result to # decimal places. step #: add that result a,ttdf_08e351ce7ae4,flip_sign|scale_quantity|split_evenly|trim_precision|combine_amounts
0,1,1,A_5call_fan_in_long_horizon_00,4.0,12,db6ca18a69f6,an engineer checks a report. step #: decrease # by # percent. step #: convert # kilometers to meters. step #: find the absolute difference between # and that result. step #: compute the ratio of the r,ttdf_14426040da3f,decrease_by_percent|km_to_meters|absolute_difference|ratio_of|label_with_unit
0,1,1,A_4call_branch_aggregate_tool_catalog_00,7.5,13,aa5f80c66fa7,"divide # by #; next take the square root of #; next round # to the nearest whole number; finally find the spread between the largest and smallest of the result of step #, the result of step # and that",ttdf_33448ead7831,divide|sqrt|nearest_integer|range_of_three
0,1,0,G_4call_fan_in_variable_pla_00,3.5,10,8dd9bbe996a2,"to achieve the final goal of labelling the value with 'litres', take the result of rounding # up to the nearest whole number, then negate #, then calculate #% of that result, and finally label that wi",ttdf_68476bac3a4a,round_up_whole|flip_sign|portion_by_rate|annotate_measurement
0,1,6,A_6pcall_fan_in_tool_catalog_01,5.125,16,5109580cf0c6,"first, convert # seconds into whole minutes and subtract that result from #. after that, find the average of # and that result, then find that average again with #. find the average of # and #. next, ",ttdf_4bf9490a9e1e,seconds_to_full_minutes|difference_of_numbers|average_of_two|average_of_two|average_of_two|decrease_by_percent|quotient_of|average_of_two
0,1,2,G_3call_fan_in_variable_pla_00,3.3333333333333335,10,9d7ad56d5e14,"convert # kilometers to meters, then decrease # by # percent, and finally average the result of step # and that result.",ttdf_1bc5eff582f7,meters_from_km|shrink_by_rate|midpoint_value
0,1,3,G_6pcall_fan_in_long_horizon_00,5.333333333333333,11,f26fb0d0a79d,"first, find the reciprocal of #; then square root the previous value, then average # and the previous value. next, convert # degrees fahrenheit to celsius; next, find how many whole times # fits into ",ttdf_5c1811f269c9,reciprocal_value|root_extract|midpoint_value|celsius_from_fahrenheit|full_groups_of|midpoint_value
0,1,0,G_3call_fan_in_tool_catalog_01,7.0,14,1b657ea03811,"subtract # from #, then take the square root of #, and subtract the result of that from the result of step #. report the final outcome.",ttdf_1f212f9fa3ec,reduce_amount|root_extract|reduce_amount
0,1,1,A_4call_branch_aggregate_tool_catalog_00,8.75,18,d6a7e38dadfb,"a hiking club recorded these values. step #: multiply # by #. step #: find the remainder of # divided by #. step #: round # to # decimal places. step #: add up the result of step #, the result of step",ttdf_59bbfae44744,multiply|reminder|round_to_decimals|sum_of_three
0,1,0,A_2call_linear_continuation_04,3.5,12,27f50eabab1d,round # to # decimal places to get the intermediate value. use that result and subtract #.,ttdf_dafc1b2ddacc,round_to_decimals|subtract
0,1,4,A_4call_fan_in_variable_pla_00,6.25,10,81098b7a9be1,"first, convert # meters to kilometers. next, reduce # by # percent. then, find the average of # and that result. finally, multiply the result of step # by that average.",ttdf_688d7095b683,meters_to_km|decrease_by_percent|average_of_two|multiply
0,1,1,G_6pcall_linear_long_horizon_00,3.857142857142857,8,fa497b830288,"first, take # percent of #. then, reduce # by that result as percentage. next, add # to that result. afterwards, reduce # by that result as percentage. then, divide that result by #. afterwards, subtr",ttdf_0ab6884887d7,portion_by_rate|shrink_by_rate|combine_amounts|shrink_by_rate|per_unit_value|remaining_after|remaining_after
0,1,2,G_5call_fan_in_long_horizon_00,3.8,10,cb418b795ded,"first, start by subtracting # from #, next find that result as a percentage of #, then divide # by #, then divide that result by #, and lastly, get the ratio of the result of step # to that final resu",ttdf_b56b10b09351,reduce_amount|portion_by_rate|per_unit_value|per_unit_value|proportion_between
0,1,2,A_4call_fan_in_variable_pla_00,4.25,10,53208de5f1d0,"please first round # to # decimal places. after that, convert # degrees celsius to fahrenheit. then, add that result to the result of step #. lastly, multiply the list [#, #, #, #] by that value.",ttdf_413e32a015a3,round_to_decimals|celsius_to_fahrenheit|add|scale_values
0,1,1,G_3call_fan_in_variable_pla_00,6.333333333333333,10,ddfa1cecee3d,tell me what comes out when i convert # degrees celsius to fahrenheit; compute # percent of #; subtract that result from the result of step #.,ttdf_c9ebea5ad6df,fahrenheit_from_celsius|portion_by_rate|reduce_amount
0,1,2,A_6pcall_fan_in_tool_catalog_02,3.8333333333333335,8,bae0266e7980,"convert # meters to kilometers and round that result to # decimal places, next, convert # degrees fahrenheit to celsius, then find the absolute difference between the celsius result and #, subtract it",ttdf_4c52ea3c35bd,meters_to_km|round_to_decimals|fahrenheit_to_celsius|absolute_difference|difference_of_numbers|difference_of_numbers
0,1,0,A_2call_linear_continuation_00,7.5,9,94655b5e2f05,"take # percent of #, then round the result to the nearest whole number. what is the final result?",ttdf_917a92259041,percent_of|nearest_integer
0,1,2,A_3call_linear_variable_pla_00,4.0,8,1fa55104e514,"you need to convert # minutes to seconds, add # to the result, and then multiply the list [#, #, #] by that value.",ttdf_49957a70aa3d,minutes_to_seconds|sum_two_numbers|scale_values
0,1,0,A_2call_linear_continuation_01,2.0,12,9b6bcdac368b,"my target is to check whether the value those steps produce is greater than #, and the way there is: subtract # from #.",ttdf_49e0ce4e827d,difference_of_numbers|is_greater
0,1,1,G_6pcall_linear_long_horizon_00,3.7142857142857144,9,487b48ba1541,"count the items in the list [#, #, #]. then, subtract that result from #. next, find that result as a percentage of #. then, increase that result by # percent. then, subtract that result from #. then,",ttdf_35a57fb64494,series_length|reduce_amount|portion_by_rate|grow_by_rate|reduce_amount|midpoint_value|reduce_amount
0,1,0,A_2call_linear_tool_catalog_02,5.0,18,d921589220a5,"invert # to get a new value, then reduce # by the percentage that is the result.",ttdf_0a363f4ef90e,inverse|decrease_by_percent
0,1,0,A_6pcall_fan_in_tool_catalog_02,2.5714285714285716,9,816deed01d2f,"ultimately i want to add the result of step # and the value those steps produce. before that, compute the ratio of # to #, then increase # by # percent, then decrease # by that result percent, then ad",ttdf_06baa6056f11,ratio_of|increase_by_percent|decrease_by_percent|sum_two_numbers|sum_two_numbers|ratio_of|sum_two_numbers
0,1,1,A_5call_fan_in_long_horizon_00,6.0,10,064b1b8da890,a warehouse audit produced these numbers. step #: compute the ratio of # to #. step #: square that result. step #: round # to # decimal places. step #: average the result of step # and that result. st,ttdf_03e3390fc795,ratio_of|square_value|round_to_decimals|average_of_two|build_tag
0,1,1,A_3call_fan_in_variable_pla_00,3.0,10,24aaf2693c30,a warehouse audit produced these numbers. step #: compute # percent of #. step #: convert # minutes to seconds. step #: compute the ratio of the result of step # to that result.,ttdf_09d008752f08,percent_of|minutes_to_seconds|ratio_of
0,1,0,A_2call_linear_tool_catalog_05,4.0,18,c5aa84cf6d16,"first, figure out #. squared. then, determine how many whole times # goes into that result.",ttdf_208d8d90510f,square_value|whole_quotient
0,1,2,A_3call_fan_in_tool_catalog_01,2.6666666666666665,15,5c9b1aefbb38,"my target is to average the result of step # and the value those steps produce, and the way there is: convert # kilometers to meters, then negate #.",ttdf_7ac297142d16,km_to_meters|negate|average_of_two
0,1,1,G_4call_linear_variable_pla_00,4.0,8,94321e8dc508,a school tracks these figures for its yearbook. step #: add # and #. step #: take the reciprocal of that result. step #: divide that result by #. step #: compute the ratio of that result to #.,ttdf_666553ac6372,combine_amounts|reciprocal_value|split_evenly|proportion_between
0,1,0,G_2call_linear_continuation_00,5.5,8,573725d218e2,"first, round # up to the nearest whole number. then, find the remainder of the result of the rounding when divided by #.",ttdf_045f760dd7ad,round_up_whole|leftover_after_grouping
0,1,0,A_2call_linear_continuation_03,6.0,9,b1cf6f0395b5,please square #. and finally find the absolute difference between # and that result.,ttdf_112bf538ada9,square_value|absolute_difference
0,1,2,A_6pcall_fan_in_long_horizon_00,4.0,10,66f730361ecc,"first, see how many times # goes into # without a remainder. next, round # to # decimal place. then reduce that result by # percent. after that, subtract # from that result. next, divide that result b",ttdf_7e0e78b4893f,floor_divide|round_to_decimals|decrease_by_percent|subtract|divide|multiply
0,1,3,G_6pcall_fan_in_long_horizon_00,5.125,10,14f2dcd702a4,"first, convert # hours to minutes. next, find the absolute difference between that result and #, then divide # by #, and subtract that result from #. afterwards, divide that result by #, the absolute ",ttdf_23ccce1f1219,minutes_from_hours|gap_between|per_unit_value|remaining_after|per_unit_value|gap_between|proportion_between|exceeds_value
0,1,2,G_3call_fan_in_tool_catalog_01,10.0,16,649de30473cb,"initially, average # and #. subsequently, convert # minutes to seconds. in the end, find the absolute difference between the result of step # and that result. (for context only: the meeting lasted # m",ttdf_f6fe1677dd18,midpoint_value|seconds_from_minutes|gap_between
0,1,0,A_2call_linear_continuation_03,3.0,9,d9392e07f445,"to achieve my goal, i need to figure out how many whole minutes # seconds contain, and then take the result of that, format it as a string with # decimal places.",ttdf_8e8829f68f1e,seconds_to_full_minutes|format_number_fixed
0,1,1,A_2call_linear_continuation_00,6.0,9,50da0a89352d,calculate the average of # and #. afterward use that result and round it to the nearest whole number.,ttdf_97529c496948,average_of_two|nearest_integer
0,1,0,A_2call_linear_continuation_04,5.0,11,a8389b9295b2,"invert #, then add # to this result. the result is the final value, so provide it.",ttdf_50f248e6216d,inverse|sum_two_numbers
0,1,1,A_2call_linear_tool_catalog_02,10.0,13,c9dda9c706b7,a warehouse audit produced these numbers. step #: convert # degrees fahrenheit to celsius. step #: round that result up to a whole number.,ttdf_67fec3daca47,fahrenheit_to_celsius|ceiling
0,1,5,G_6pcall_fan_in_tool_catalog_01,5.571428571428571,18,b64a00536753,tell me what comes out when i convert # meters to kilometers; average # and that result; take the square root of that result; square that result; average # and #; multiply the result of step # by that,ttdf_22ee64ace467,km_from_meters|midpoint_value|root_extract|self_product|midpoint_value|pairwise_product|stringify_amount
0,1,1,A_5call_linear_long_horizon_00,3.4,8,fdedec89e4ac,"first, decrease # by # percent, then divide that result by #, then round the result to # decimal places, then find the absolute difference between # and that result, and finally, round the result up t",ttdf_710e1c560478,decrease_by_percent|quotient_of|round_to_decimals|absolute_difference|ceiling
0,1,2,G_5call_fan_in_long_horizon_00,6.2,11,fe0f9f830653,"find the remainder of # divided by #, and then negate #, and then average that result and #, and then multiply that result by #, concluding by find the absolute difference between the result of step #",ttdf_48b093ad9f09,leftover_after_grouping|flip_sign|midpoint_value|scale_quantity|gap_between
0,1,0,A_2call_linear_continuation_04,2.5,11,d6b3acd32e54,"find the #-based position of the largest item in [#, #, #, #], concluding by decrease that result by # percent.",ttdf_f4b8a5e5e552,position_of_maximum|decrease_by_percent
0,1,1,G_5call_fan_in_long_horizon_00,2.8,11,362652feef41,"first, calculate # percent of #. next, find the absolute difference between # and that result. then, add # and # and multiply # by the result of that addition. finally, calculate the result of # perce",ttdf_f2a7698941eb,portion_by_rate|gap_between|total_of_pair|pairwise_product|portion_by_rate
0,1,0,G_5call_linear_long_horizon_00,3.6,8,67917a25ec28,"calculate # percent of #. round the resulting value to the nearest integer, then find the absolute difference between that value and #. after that, reduce that result by # percent, then subtract that ",ttdf_685b756fbdd3,portion_by_rate|whole_number_of|gap_between|shrink_by_rate|remaining_after
0,1,0,A_2call_linear_tool_catalog_02,5.5,13,44574a7949a5,"first, round down # to the nearest whole number. then, reduce # using that result as a percent.",ttdf_8f43c8661447,floor|decrease_by_percent
0,1,2,A_3call_linear_variable_pla_00,4.333333333333333,9,73eb7cf542f2,"first, take # meters and convert it to kilometers. next, use that result and divide it by #. lastly, add the result of that division to the list [#, #, #, #].",ttdf_e5021edcbcdb,meters_to_km|quotient_of|append_to_values
0,1,0,G_2call_linear_continuation_04,6.5,12,f884867e1f76,"to find the final result, first calculate the absolute difference between # and #. then, use that result to find the square root.",ttdf_6a084b020415,gap_between|root_extract
0,1,0,A_5call_fan_in_long_horizon_00,5.4,12,9aa867ce8a0d,"i want to add # and #, then negate that result. after that, determine how many whole minutes are in # seconds. then, subtract the result of that from the result of step #. ultimately, label that final",ttdf_7aabb679c11f,sum_two_numbers|negate|seconds_to_full_minutes|subtract|label_with_unit
0,1,1,G_2call_linear_tool_catalog_02,8.5,15,c33e91be53d3,"find out what happens when you first negate #, then average that result with #.",ttdf_2537c818df85,flip_sign|midpoint_value
0,1,1,A_6pcall_fan_in_tool_catalog_01,7.666666666666667,17,13f48e652ebd,"due to the rules, i must first determine the ratio of # to #. afterward, convert # meters to kilometers. then, find the absolute difference between # and that result. next, find the absolute differenc",ttdf_b1ae05ca3914,ratio_of|meters_to_km|absolute_difference|absolute_difference|floor_divide|ratio_of
0,1,3,A_6pcall_fan_in_tool_catalog_02,2.75,9,423776d4778a,"start by subtracting # from #, then calculate that result as a percentage of #. then convert # degrees fahrenheit to celsius. next, find the ratio of # to the celsius result, then find the ratio of th",ttdf_0544aaee4722,difference_of_numbers|percent_of|fahrenheit_to_celsius|ratio_of|ratio_of|average_of_two|decrease_by_percent|percent_of
0,1,0,G_3call_linear_variable_pla_00,3.3333333333333335,8,e1d9990e695c,a shop reviews its figures. step #: compute # percent of #. step #: add # and that result. step #: compute how many whole times # fits into that result. report only the final value.,ttdf_15ed3b826bb6,portion_by_rate|combine_amounts|full_groups_of
0,1,0,A_3call_linear_variable_pla_00,4.333333333333333,8,e843e64f36b9,"first, change # hours into minutes. next, find the remainder when the previous value is divided by #. finally, add that result to the list of numbers #, #, #.",ttdf_30f0bb5f9fd4,hours_to_minutes|modulo_of|append_to_values
0,1,3,G_6pcall_fan_in_long_horizon_00,4.833333333333333,11,39c83c242552,"first, change # meters into kilometers, then round that value to # decimal place, and next convert # degrees celsius to fahrenheit, then add # to that result, then get the average of the result of ste",ttdf_06bbbfa6f18b,km_from_meters|trim_precision|fahrenheit_from_celsius|combine_amounts|midpoint_value|inside_limits
0,1,3,G_5call_fan_in_long_horizon_00,7.8,10,1ae707a96e01,"first, add # and #, then average that result with #. after that, take the square root of #, and add # to that result. lastly, average the result from that addition with the average obtained in step #.",ttdf_154a1f363756,total_of_pair|midpoint_value|root_extract|total_of_pair|midpoint_value
0,1,0,A_3call_linear_variable_pla_00,4.333333333333333,9,7b9589357993,"first, negate #. then, take that result and increase it by # percent. finally, use that new value to scale each item of the list [#, #, #].",ttdf_5f4dcc5a6695,negate|increase_by_percent|scale_values
0,1,0,A_2call_linear_continuation_04,3.5,11,da5357fc2402,"to start, find #'s reciprocal, then round the result of that up to the nearest whole number.",ttdf_4dac06c53ffc,inverse|ceiling
0,1,1,G_6pcall_fan_in_long_horizon_00,4.0,10,4e9357f046a2,please square #. then find the absolute difference between # and #. then multiply # by that result. then increase that result by # percent. then take the square root of that result. then compute the r,ttdf_01346ea692ff,self_product|gap_between|scale_quantity|grow_by_rate|root_extract|portion_by_rate|exceeds_value
0,1,3,G_5call_fan_in_long_horizon_00,3.4,11,9ca57901e13d,"first, convert # seconds into whole minutes. next, find the absolute difference between that result and #. then, add # to that result. after that, convert # degrees celsius to fahrenheit. finally, ave",ttdf_d53dcb70fcfc,whole_minutes_from_seconds|gap_between|total_of_pair|fahrenheit_from_celsius|midpoint_value
0,1,1,A_3call_fan_in_variable_pla_00,5.333333333333333,11,dc137c5ac6e3,"first, average # and #, then round the result of # to the nearest whole number. then, use the preceding result to determine the result of step # percent of the value.",ttdf_0452b1fd61b6,average_of_two|nearest_integer|percent_of
0,1,0,A_2call_linear_continuation_01,3.0,10,5462515774b2,"first, negate #. finally, calculate the ratio of # to that result.",ttdf_7274a454727a,negate|ratio_of
0,1,0,A_2call_linear_tool_catalog_05,7.0,13,7f6428efab51,"first, find the reciprocal of #. then, negate the result of that. that will give you your answer.",ttdf_2143160d07e5,inverse|negate
0,1,0,G_6pcall_branch_aggregate_tool_catalog_00,6.5,15,61ae8aa17bf0,a delivery service reviews yesterday's log. step #: take the reciprocal of #. step #: take the square root of that result. step #: find the absolute difference between # and #. step #: subtract that r,ttdf_fbce9fc6dfb7,reciprocal_value|root_extract|gap_between|remaining_after|trim_precision|total_of_three_parts
0,1,0,A_2call_linear_continuation_03,7.5,9,5dc88525f0f6,"first, find the ratio of # to #. then, format the result with # decimal places as text.",ttdf_0e23839e393f,ratio_of|format_number_fixed
0,1,2,G_6pcall_linear_long_horizon_00,4.833333333333333,9,9a1bbc345c19,"to begin, find the absolute difference between # and #. next, find the absolute difference between # and that result. next, average that result and #. next, divide that result by #. next, find the rem",ttdf_4e6c717cea9d,gap_between|gap_between|midpoint_value|split_evenly|leftover_after_grouping|gap_between
0,1,1,G_2call_linear_tool_catalog_02,0.5,16,94596aaeb82e,"ultimately i want to divide the value those steps produce by #. before that, find the #-based position of the largest item in [#, #, #, #, #, #]. (background: the device serial is ax#, irrelevant to t",ttdf_3addaefa4e6e,rank_of_peak|split_evenly
0,1,4,A_6pcall_fan_in_tool_catalog_02,4.5,11,407f052d455a,a delivery service reviews yesterday's log. step #: convert # meters to kilometers. step #: add that result and #. step #: convert # hours to minutes. step #: compute how many whole times # fits into ,ttdf_00928364a3c0,meters_to_km|add|hours_to_minutes|whole_quotient|decrease_by_percent|square_value|average_of_two|divide
0,1,0,A_2call_linear_continuation_01,5.0,10,2e6627ea319a,"when i round # down to a whole number, tell me what i get. then, check if that result is greater than #.",ttdf_1071c2f79582,floor|is_greater
0,1,4,G_6pcall_fan_in_long_horizon_00,5.0,11,7fc1d7aaf88c,a lab notebook lists these measurements. step #: convert # meters to kilometers. step #: round # up to a whole number. step #: average # and that result. step #: divide # by that result. step #: multi,ttdf_1316b84679bc,km_from_meters|round_up_whole|midpoint_value|per_unit_value|pairwise_product|gap_between
0,1,0,A_3call_fan_in_tool_catalog_01,9.666666666666666,13,e4e801cb4c1f,a warehouse audit produced these numbers. step #: subtract # from #. step #: find how many whole minutes fit into # seconds. step #: add the result of step # and that result. (background: the device s,ttdf_0fc896897f84,subtract|seconds_to_full_minutes|sum_two_numbers
0,1,0,G_2call_linear_continuation_00,4.0,9,4b7b2f5225dd,"calculate the spread of [#, #, #], then determine # percent of the result.",ttdf_036f095b0568,series_spread|portion_by_rate
0,1,0,G_3call_fan_in_tool_catalog_01,2.6666666666666665,13,952681fd9414,please round # to # decimal places. then add # and #. and finally add the result of step # and that result.,ttdf_b50403cc8e20,trim_precision|total_of_pair|total_of_pair
0,1,0,G_2call_linear_continuation_04,1.5,10,eaa380c3ebce,"first, increase # by # percent, then find the reciprocal of that result.",ttdf_7a000576dfd2,grow_by_rate|reciprocal_value
0,1,0,G_3call_fan_in_tool_catalog_01,4.666666666666667,18,c4c25b256c2b,"a lab notebook lists these measurements. step #: round # to # decimal places. step #: compute # percent of #. step #: subtract that result from the result of step #. (note: the team has # members, whi",ttdf_9cb7e7824073,trim_precision|portion_by_rate|reduce_amount
0,1,0,A_3call_linear_variable_pla_00,4.333333333333333,9,1b44a4f82981,"a delivery service reviews yesterday's log. step #: compute # percent of #. step #: subtract that result from #. step #: append that result to the list [#, #, #]. report only the final value.",ttdf_102b350308ae,percent_of|difference_of_numbers|append_to_values
0,1,2,A_6pcall_fan_in_long_horizon_00,6.333333333333333,11,4cfc18b7438c,"convert # meters to kilometers, then raise that result by # percent, then add # and that result, then increase the result of that by # percent, then find the absolute difference between # and #, and a",ttdf_99ac6500d0cb,meters_to_km|increase_by_percent|add|increase_by_percent|absolute_difference|average_of_two
0,1,3,A_6pcall_fan_in_long_horizon_00,5.833333333333333,12,d9f5e861dd04,convert # hours to minutes; next convert that result from minutes into seconds; next convert # degrees fahrenheit to celsius; next find the remainder of that result divided by #; next find the absolut,ttdf_0af61d273c81,hours_to_minutes|minutes_to_seconds|fahrenheit_to_celsius|modulo_of|absolute_difference|add
0,1,0,A_2call_linear_continuation_01,1.0,12,829b60ee42c5,"first, reduce # to a whole number by rounding down. after that, see if that result can be divided by # with no remainder.",ttdf_6f8c0f3fb0a4,floor|is_divisible_by
0,1,1,A_4call_fan_in_variable_pla_00,5.0,12,8349da05246e,"negate #, followed by convert # minutes to seconds, followed by add the result of step # and that result, and lastly append that result to the list [#, #, #, #].",ttdf_28f32cd4d522,negate|minutes_to_seconds|sum_two_numbers|append_to_values
0,0,1,A_2call_linear_continuation_00,7.0,9,a7ce394238eb,"to start, find the average of the values #, #, #, #, #; then, round that result to the nearest integer.",ttdf_51b56b461dcc,mean_of_values|nearest_integer
0,1,1,G_5call_fan_in_long_horizon_00,3.8,10,1c9cad6ef08b,"take # and #, multiply them, then find the absolute difference between that result and #. use that to find a percentage of #, then turn # minutes into seconds, and lastly, subtract the seconds from th",ttdf_2f3e8bbeba64,scale_quantity|gap_between|portion_by_rate|seconds_from_minutes|remaining_after
0,1,1,A_5call_branch_aggregate_tool_catalog_00,8.4,18,58dfa1b30b5e,please compute how many whole times # fits into #. then find the absolute difference between # and that result. then round # down to a whole number. then round # to # decimal places. and finally avera,ttdf_1a88bb031c2e,floor_divide|absolute_difference|floor|round_to_decimals|mean_of_three
0,1,1,A_2call_linear_continuation_04,5.5,11,ccf940f1fdaa,"round # to the nearest whole number first. then, the result will be used to divide #.",ttdf_b8a6df514d9a,nearest_integer|quotient_of
0,1,1,A_6pcall_fan_in_tool_catalog_01,9.285714285714286,18,643da31de2f7,"first, find # percent of #, then increase that result by # percent, then subtract # from that result, then take the square root of that result, then increase # by the previous value percent, then find",ttdf_408fac8e50e0,percent_of|increase_by_percent|difference_of_numbers|sqrt|increase_by_percent|percent_of|divide
0,1,2,A_4call_linear_variable_pla_00,3.75,9,70a6c90f4e1a,an engineer checks a report. step #: convert # hours to minutes. step #: compute the ratio of # to that result. step #: subtract that result from #. step #: multiply that result by #.,ttdf_fb9f8138963f,hours_to_minutes|ratio_of|difference_of_numbers|multiply
0,1,1,G_2call_linear_continuation_01,2.5,10,bbaa4997fd5f,"a lab notebook lists these measurements. step #: average the list [#, #, #]. step #: increase that result by # percent.",ttdf_219e10996f74,central_value|grow_by_rate
0,1,2,G_5call_fan_in_long_horizon_00,5.8,11,dc093dd59a08,i need the final value after the following steps: average # and #; take the square root of #; decrease # by that result percent; subtract that result from #; average the result of step # and that resu,ttdf_732ffa44ea03,midpoint_value|root_extract|shrink_by_rate|reduce_amount|midpoint_value
0,1,1,G_6pcall_linear_long_horizon_00,3.8333333333333335,9,0e19524f3f21,"first take the ratio of # to # and find the reciprocal of that. next, average # with that result. then, find what percent that result is of #. then, square that result. finally, take the result and de",ttdf_4dd3d4ca918b,proportion_between|reciprocal_value|midpoint_value|portion_by_rate|self_product|shrink_by_rate
0,1,1,A_4call_branch_aggregate_tool_catalog_00,7.0,17,d5a19b9d5225,"to begin, divide # by #. then, find the reciprocal of #. next, take # and round it down to the nearest whole number, finally, the spread is the difference between the largest and the smallest of the r",ttdf_9608810991a9,quotient_of|inverse|floor|range_of_three
0,1,0,A_2call_linear_continuation_01,3.0,12,3bfb102e3387,"first, compute the remainder of # divided by #. then, verify if that result is greater than #.",ttdf_415f443311b4,reminder|is_greater
0,1,1,G_6pcall_fan_in_tool_catalog_01,7.625,16,0837ffbfa37a,a delivery service reviews yesterday's log. step #: parse the numeric text '#'. step #: decrease that result by # percent. step #: square #. step #: find the absolute difference between that result an,ttdf_2625f0f78a47,read_amount_from_text|shrink_by_rate|self_product|gap_between|combine_amounts|proportion_between|split_evenly|render_with_decimals
0,1,0,A_2call_linear_continuation_03,6.0,8,f88925004afe,"square #, and take the previous value then turn it into text.",ttdf_15b13550bf04,square_value|number_to_text
0,1,2,A_6pcall_fan_in_tool_catalog_01,7.285714285714286,14,5793cb570ea3,"first, you must change # degrees celsius to fahrenheit. next, sum # and #, and take the result of that addition. then, add # to that result and use that. from #, find the remainder when divided by tha",ttdf_bb1466f2c811,celsius_to_fahrenheit|add|add|reminder|add|inverse|multiply
0,1,2,A_2call_linear_tool_catalog_05,13.0,18,e153983b271c,"a school tracks these figures for its yearbook. step #: sum the list [#, #, #]. step #: divide that result by #. (unrelated: the office moved in #.)",ttdf_51dd1d6dfb23,sum_of_values|divide
0,1,3,G_6pcall_fan_in_tool_catalog_01,4.166666666666667,13,48a881d7fb5a,"first, turn # hours into minutes. next, take that result and add #. then, find the average of # and #. after that, compute the absolute difference between # and the previous value. next, calculate the",ttdf_64301d42f0c4,minutes_from_hours|combine_amounts|midpoint_value|gap_between|midpoint_value|stringify_amount
0,1,3,A_6pcall_fan_in_tool_catalog_02,4.75,10,187a3048b06e,"first, change # degrees fahrenheit to celsius. then, calculate the average of that result and #. after that, round that result to # decimal place. next, reduce that result by # percent. then, average ",ttdf_6f4b719b7203,fahrenheit_to_celsius|average_of_two|round_to_decimals|decrease_by_percent|average_of_two|divide|absolute_difference|percentage_value
0,1,1,G_3call_fan_in_tool_catalog_01,7.666666666666667,16,05eceac9c8f8,give me the result of this calculation: convert # kilometers to meters; compute how many whole times # fits into #; add the result of step # and that result. report only the final value.,ttdf_6ace1d0563c6,meters_from_km|full_groups_of|combine_amounts
0,1,0,G_2call_linear_continuation_00,5.0,9,58a1571f343b,a warehouse audit produced these numbers. step #: round # up to a whole number. step #: compute # percent of that result.,ttdf_5cf310c39122,round_up_whole|portion_by_rate
0,1,1,A_3call_fan_in_variable_pla_00,3.3333333333333335,10,5428b454bf4b,a lab notebook lists these measurements. step #: convert # minutes to seconds. step #: add # and #. step #: compute the ratio of the result of step # to that result.,ttdf_2beb005f756f,minutes_to_seconds|sum_two_numbers|ratio_of
0,1,0,G_2call_linear_tool_catalog_02,4.5,16,7f030aa6e02f,"reduce # by # percent to get a new value, then round that value to the nearest whole number.",ttdf_0f3578f1cc38,shrink_by_rate|whole_number_of
0,1,3,A_5call_linear_long_horizon_00,3.6,8,97e772501b5d,"first, sum #, #, and #. next find the absolute difference between that result and #. then divide that result by #. after that, compute the average of that result and #. finally, report the ratio of th",ttdf_9eda2e447265,sum_of_values|absolute_difference|quotient_of|average_of_two|ratio_of
0,1,0,A_3call_linear_variable_pla_00,2.6666666666666665,9,a6159673bd23,"an engineer checks a report. step #: take the reciprocal of #. step #: find the absolute difference between # and that result. step #: scale every item of [#, #, #] by that result.",ttdf_2571e64ff272,inverse|absolute_difference|scale_values
0,1,0,G_2call_linear_continuation_01,8.0,10,307932d2a951,"first, reduce # by # percent; then, take the square root of that result.",ttdf_5787e1b2af97,shrink_by_rate|root_extract
0,1,1,G_4call_fan_in_variable_pla_00,5.25,10,2ad5b6890038,"round # up to a whole number, then convert # meters to kilometers, then subtract that result from the result of step #, and finally round that result to the nearest whole number.",ttdf_429bce9f89b4,round_up_whole|km_from_meters|reduce_amount|whole_number_of
0,1,0,A_3call_fan_in_variable_pla_00,3.6666666666666665,12,776e9b36b68f,"to start, reduce # by # percent. then, round # to # decimal places. finally, find the percent of that result using the value from step #.",ttdf_258c3a348e60,decrease_by_percent|round_to_decimals|percentage_value
0,1,1,G_4call_fan_in_variable_pla_00,5.25,11,91f81915a9bc,a school tracks these figures for its yearbook. step #: convert # kilometers to meters. step #: square #. step #: subtract that result from the result of step #. step #: build an identifier from the p,ttdf_f6b2887c6919,meters_from_km|self_product|reduce_amount|compose_reference_code
0,1,0,G_2call_linear_continuation_03,3.0,8,519a4f1b49ec,"first, round # up to the nearest whole number, then, using that result, increase # by that percentage.",ttdf_709a6c29cef8,round_up_whole|grow_by_rate
0,1,1,A_2call_linear_continuation_03,3.0,8,946bff034456,"first multiply # by # to get a value, then negate that value.",ttdf_8ccd3ba707ff,product_of_numbers|negate
0,1,1,G_5call_fan_in_long_horizon_00,6.0,11,0f821bc68b0e,an engineer checks a report. step #: multiply # by #. step #: find the absolute difference between # and that result. step #: decrease that result by # percent. step #: compute how many whole times # ,ttdf_7311c2092a1b,pairwise_product|gap_between|shrink_by_rate|full_groups_of|proportion_between
0,1,0,G_5call_linear_long_horizon_00,4.0,9,8b4cffccca20,"first, calculate the square root of #. next, reduce # by that result percent. then, negate the resulting value. after that, find the absolute difference between # and that previous result. finally, ad",ttdf_6e14e31e9579,root_extract|shrink_by_rate|flip_sign|gap_between|total_of_pair
0,1,0,A_5call_fan_in_long_horizon_00,4.8,12,55a5285fb795,"first, find the absolute difference between # and #. next, determine how many whole minutes fit into # seconds. then subtract # from that result. next, find the result of step # percent of that result",ttdf_1fc3c26d0969,absolute_difference|seconds_to_full_minutes|subtract|percent_of|build_tag
0,1,1,G_4call_linear_variable_pla_00,5.0,9,91ff684d8647,tell me what comes out when i find how many whole minutes fit into # seconds; add that result and #; divide that result by #; add that result and #.,ttdf_7289057ea06e,whole_minutes_from_seconds|total_of_pair|per_unit_value|total_of_pair
0,1,0,A_3call_fan_in_variable_pla_00,4.0,11,a0fc424ec5c5,"first, add # and #. then, find the reciprocal of #. finally, determine # percent of the previous value using the result of the first step.",ttdf_416fbd6e271a,sum_two_numbers|inverse|percentage_value
0,1,4,G_6pcall_linear_long_horizon_00,5.0,9,a5ee7bda6556,"start by dividing # by #, then add # to that value. take that result and find the average of it and # and multiply # by that average. divide that result by # and find the remainder. take that remainde",ttdf_0d05fae64d5b,per_unit_value|combine_amounts|midpoint_value|pairwise_product|leftover_after_grouping|reduce_amount
0,1,2,A_5call_fan_in_long_horizon_00,6.8,12,001788c7fa3a,"first, determine how many whole times # fits into #. next, convert # minutes to seconds, then divide that result by #. afterwards, compute the result of step # percent of the value. finally, form an i",ttdf_572dcb188751,whole_quotient|minutes_to_seconds|quotient_of|percentage_value|build_tag
0,1,2,A_6pcall_branch_aggregate_tool_catalog_00,4.428571428571429,14,bdffb07930a9,a school tracks these figures for its yearbook. step #: find the absolute difference between # and #. step #: divide # by that result. step #: compute how many whole times # fits into #. step #: compu,ttdf_39ac429b179f,absolute_difference|quotient_of|whole_quotient|percent_of|round_to_decimals|add|mean_of_three
0,1,2,A_3call_fan_in_tool_catalog_01,5.666666666666667,15,42df9095e7f0,"my target is to compute the result of step # percent of the value those steps produce, and the way there is: multiply # by #, then convert # hours to minutes. what is the final result?",ttdf_78f7bd06a66f,product_of_numbers|hours_to_minutes|percentage_value
0,1,1,A_4call_linear_variable_pla_00,4.0,8,cef9f53cc8e2,"first, reduce # by # percent, then negate the result. then, find the absolute difference between # and that result. finally, determine how many whole times # divides into that result, using the floor ",ttdf_2533314eefc3,decrease_by_percent|negate|absolute_difference|floor_divide
0,1,0,A_2call_linear_tool_catalog_02,5.5,14,12ff85fe923b,"to start, determine the spread (maximum value minus minimum value) of [#, #, #, #, #]. next, diminish the previous value by # percent.",ttdf_6a85be2db1d9,range_of_values|decrease_by_percent
0,1,1,G_6pcall_linear_long_horizon_00,4.875,11,05f7587f2151,"work out the end result of these operations: find the spread (max minus min) of [#, #, #]; take the square root of that result; round that result to # decimal places; average # and that result; comput",ttdf_b900bb2f1033,series_spread|root_extract|trim_precision|midpoint_value|portion_by_rate|gap_between|whole_number_of|shrink_by_rate
0,1,2,G_6pcall_fan_in_tool_catalog_01,7.857142857142857,16,2d4b090868e7,"square #, followed by add # and #, followed by subtract that result from #, followed by subtract that result from #, followed by increase # by that result percent, followed by multiply that result by ",ttdf_4044955af159,self_product|combine_amounts|remaining_after|remaining_after|grow_by_rate|pairwise_product|pairwise_product
0,1,0,A_6pcall_branch_aggregate_tool_catalog_00,7.571428571428571,16,e5703e3f5f3e,"find the value after computing #'s reciprocal, rounding that to the nearest whole number, increasing # by # percent, multiplying that result by #, finding the ratio of # to #, dividing that result by ",ttdf_6551d6cca40e,inverse|nearest_integer|increase_by_percent|product_of_numbers|ratio_of|quotient_of|sum_of_three
0,1,0,G_2call_linear_continuation_04,6.0,10,3dcaf7e5343e,"compute the mean of #, #, #, #, #, then use that result to find the absolute difference from #",ttdf_8255f00ac007,central_value|gap_between
0,1,2,A_6pcall_fan_in_tool_catalog_02,3.4285714285714284,9,2dc97398f4d5,"first, turn # minutes into seconds. then, take the absolute difference between # and the result. after that, negate that result. convert # kilometers to meters and subtract # from that. multiply the r",ttdf_106079237341,minutes_to_seconds|absolute_difference|negate|km_to_meters|difference_of_numbers|product_of_numbers|difference_of_numbers
0,1,3,G_5call_branch_aggregate_tool_catalog_00,6.6,16,cad73c900808,"my target is to average the result of step #, the result of step # and the value those steps produce, and the way there is: multiply # by #, then compute the ratio of # to that result, then compute th",ttdf_1f9dbc90cbc5,scale_quantity|proportion_between|proportion_between|scale_quantity|balance_of_three
0,1,0,A_3call_fan_in_tool_catalog_01,11.0,18,252874a2edeb,"first, round # to # decimal place, then round # to # decimal places. next, take the result of the second rounding and find step # percent of that result.",ttdf_7d752789faa8,round_to_decimals|round_to_decimals|percent_of
0,1,0,A_6pcall_fan_in_tool_catalog_02,4.75,11,9de34d6ae7a0,"first, round # to # decimal places. next, and then find the absolute difference between the rounded result and #. then, increase that result by # percent. after that, subtract that result from #. then",ttdf_1717fe795813,round_to_decimals|absolute_difference|increase_by_percent|subtract|inverse|decrease_by_percent|sum_two_numbers|percent_of
0,1,0,A_2call_linear_continuation_00,1.0,9,7b720478d1d6,"find the square root of #, then add that result to the end of the list [#, #, #, #, #]",ttdf_731a2a977eec,sqrt|append_to_values
0,1,1,A_4call_linear_variable_pla_00,3.75,8,4c82c107c8e2,"first, multiply # by #, then take the negation of that result, subtract # from the previous value, and subtract # from the the result",ttdf_3b7bcd984726,multiply|negate|difference_of_numbers|difference_of_numbers
0,1,1,A_3call_fan_in_variable_pla_00,5.666666666666667,11,9d5c3a4ca698,a hiking club recorded these values. step #: convert # hours to minutes. step #: add # and #. step #: compute the ratio of the result of step # to that result.,ttdf_369f920c5f6d,hours_to_minutes|sum_two_numbers|ratio_of
0,1,1,A_4call_fan_in_variable_pla_00,5.5,12,b953362bd1b7,a delivery service reviews yesterday's log. step #: add # and #. step #: multiply # by #. step #: find the absolute difference between that result and #. step #: compute the ratio of the result of ste,ttdf_2149efb92e7e,sum_two_numbers|product_of_numbers|absolute_difference|ratio_of
0,1,0,G_2call_linear_continuation_00,4.0,9,9134ff9f7d79,"you first need to negate #. then, figure out how many whole times the result of that fits into #",ttdf_71beed1dd4e9,flip_sign|full_groups_of
0,1,1,A_2call_linear_continuation_00,4.5,9,b19c5825c614,a school tracks these figures for its yearbook. step #: convert # meters to kilometers. step #: round that result to the nearest whole number.,ttdf_82a29afd210d,meters_to_km|nearest_integer
0,1,1,A_3call_fan_in_variable_pla_00,7.0,10,cc6c93ca5ede,a lab notebook lists these measurements. step #: subtract # from #. step #: convert # hours to minutes. step #: compute the ratio of the result of step # to that result. what is the final result?,ttdf_465911f1b277,subtract|hours_to_minutes|ratio_of
0,1,2,G_3call_fan_in_variable_pla_00,5.333333333333333,12,69db6be0c6a0,a shop reviews its figures. step #: divide # by #. step #: convert # meters to kilometers. step #: compute the ratio of the result of step # to that result. what is the final result?,ttdf_8e16dda3615e,per_unit_value|km_from_meters|proportion_between
0,1,2,A_3call_fan_in_tool_catalog_01,12.666666666666666,18,a4f087a0181e,"first, convert # degrees fahrenheit to celsius, then take that result, and add # and #. use that value to multiply from step #.",ttdf_a6e8cb98422e,fahrenheit_to_celsius|add|multiply
0,1,0,G_3call_fan_in_variable_pla_00,10.333333333333334,12,13390a84ccf3,a shop reviews its figures. step #: take the square root of #. step #: add # and #. step #: add the result of step # and that result.,ttdf_a4421b7e7790,root_extract|total_of_pair|total_of_pair
0,1,1,G_2call_linear_tool_catalog_02,10.5,14,fd2b7c9f2887,"i need the final value after the following steps: find the #-based position of the largest item in [#, #, #, #]; average that result and #. (note: the team has # members, which is not needed here.)",ttdf_19d4ef4b4aa3,rank_of_peak|midpoint_value
0,1,0,G_2call_linear_continuation_04,5.0,11,bb3b807c3f87,a warehouse audit produced these numbers. step #: round # up to a whole number. step #: add that result and #. what is the final result?,ttdf_2c0a7cae2e35,round_up_whole|total_of_pair
0,1,2,G_6pcall_fan_in_tool_catalog_01,6.833333333333333,18,d707390cfe4d,work out the end result of these operations: square #; increase # by # percent; decrease that result by # percent; square that result; average the result of step # and that result; convert that result,ttdf_66dfb9598de3,self_product|grow_by_rate|shrink_by_rate|self_product|midpoint_value|stringify_amount
0,1,1,A_5call_fan_in_long_horizon_00,4.6,12,45433847277c,"my target is to build an identifier from the prefix 'run' and the value those steps produce, and the way there is: add # and #, then convert # minutes to seconds, then compute how many whole times # f",ttdf_054080797cf0,sum_two_numbers|minutes_to_seconds|whole_quotient|subtract|build_tag
0,1,2,G_5call_fan_in_long_horizon_00,8.2,12,2b749a0f23a1,"first, convert # hours to minutes, then find the ratio of that result to #, then calculate # percent of #, then round that result to # decimal place. finally, average the result of # and the value tho",ttdf_19e4c1441f45,minutes_from_hours|proportion_between|portion_by_rate|trim_precision|midpoint_value
0,1,0,A_4call_branch_aggregate_tool_catalog_00,9.25,14,470297b364eb,a hiking club recorded these values. step #: compute # percent of #. step #: compute how many whole times # fits into #. step #: take the square root of #. step #: find the spread between the largest ,ttdf_756af6f3e424,percent_of|floor_divide|sqrt|range_of_three
0,1,0,A_3call_fan_in_tool_catalog_01,6.333333333333333,15,c0019bf92cfd,"begin by converting # kilometers to meters. next, calculate the square root of #. finally, subtract the result of the second operation that result from the result of step #. report the final value onl",ttdf_2e44c0fd7518,km_to_meters|sqrt|subtract
0,1,0,G_6pcall_branch_aggregate_tool_catalog_00,7.0,16,6c684ec6c732,a delivery service reviews yesterday's log. step #: compute # percent of #. step #: decrease # by that result percent. step #: increase # by # percent. step #: subtract # from #. step #: add up the re,ttdf_2416d321d9dc,portion_by_rate|shrink_by_rate|grow_by_rate|reduce_amount|total_of_three_parts|whole_number_of
0,1,0,G_5call_branch_aggregate_tool_catalog_00,10.0,16,72e7e089393d,"ultimately i want to add up the result of step #, the result of step # and the value those steps produce. before that, subtract # from #, then add # and that result, then round # up to a whole number,",ttdf_bfc8d4579c00,reduce_amount|total_of_pair|round_up_whole|portion_by_rate|total_of_three_parts
0,1,1,G_6pcall_branch_aggregate_tool_catalog_00,7.666666666666667,17,77bcf80cad63,a delivery service reviews yesterday's log. step #: round # to # decimal places. step #: multiply that result by #. step #: negate #. step #: decrease # by that result percent. step #: round # to the ,ttdf_c46a009b05b5,trim_precision|pairwise_product|flip_sign|shrink_by_rate|whole_number_of|total_of_three_parts
0,1,0,A_6pcall_linear_long_horizon_00,4.333333333333333,9,157cb5cf3ab3,a lab notebook lists these measurements. step #: negate #. step #: subtract # from that result. step #: decrease that result by # percent. step #: decrease that result by # percent. step #: compute # ,ttdf_1366f3d0cc68,negate|subtract|decrease_by_percent|decrease_by_percent|percent_of|append_to_values
0,1,1,G_3call_fan_in_tool_catalog_01,6.333333333333333,15,2081ebcfc411,"first, square #. next, divide # by #. finally, add the result of step # and that result.",ttdf_b5a3d8565618,self_product|per_unit_value|total_of_pair
0,1,1,G_6pcall_branch_aggregate_tool_catalog_00,7.0,16,e1b645f4c63e,a delivery service reviews yesterday's log. step #: square #. step #: average # and that result. step #: add # and #. step #: increase that result by # percent. step #: compute how many whole times # ,ttdf_a8c5563d13cb,self_product|midpoint_value|combine_amounts|grow_by_rate|full_groups_of|reduce_amount|total_of_three_parts|whole_number_of
0,1,0,A_2call_linear_continuation_04,7.5,12,d730ecf21ddc,"add #, #, #, and #, then find out how many whole times # contains the previous value.",ttdf_c20996fb9b18,sum_of_values|floor_divide
0,1,1,A_2call_linear_tool_catalog_05,10.5,15,33beba3f7504,"convert # minutes to seconds, then negate the result of that conversion.",ttdf_96493871cda0,minutes_to_seconds|negate
0,1,0,G_2call_linear_continuation_03,6.0,9,bafb1856ce8a,an engineer checks a report. step #: take the reciprocal of #. step #: take the square root of that result. report only the final value.,ttdf_6fd76deaf2ef,reciprocal_value|root_extract
0,1,2,A_2call_linear_tool_catalog_05,6.5,14,4d8b271fe49a,"sum the values #, #, #, #, #, #, and then divide # by that result.",ttdf_59047a0cadb3,sum_of_values|quotient_of
0,1,0,A_3call_fan_in_tool_catalog_01,2.0,13,5db5c3529a12,an engineer checks a report. step #: compute the ratio of # to #. step #: find how many whole minutes fit into # seconds. step #: compute the ratio of the result of step # to that result. what is the ,ttdf_2a5ef0a73c01,ratio_of|seconds_to_full_minutes|ratio_of
0,1,0,A_2call_linear_continuation_00,3.5,9,12a417d903f3,"a hiking club recorded these values. step #: round # to the nearest whole number. step #: append that result to the list [#, #, #].",ttdf_9ca1a7f6ece3,nearest_integer|append_to_values
0,1,2,G_6pcall_fan_in_long_horizon_00,4.875,12,907efeab545b,a lab notebook lists these measurements. step #: find the absolute difference between # and #. step #: divide # by that result. step #: decrease that result by # percent. step #: subtract # from that ,ttdf_1f874f2db026,gap_between|split_evenly|shrink_by_rate|remaining_after|leftover_after_grouping|split_evenly|proportion_between|inside_limits
0,1,1,A_6pcall_fan_in_tool_catalog_02,3.0,9,a2a7afc55fc0,"to begin, round # down to the nearest whole number. use that result to multiply #, then negate that result to get a new value. find the absolute difference between that result and #, then add # to it.",ttdf_ccbf5884626c,floor|product_of_numbers|negate|absolute_difference|sum_two_numbers|absolute_difference|increase_by_percent|absolute_difference
0,1,3,A_3call_fan_in_variable_pla_00,4.0,10,646525dd8d15,"first, convert # degrees fahrenheit to celsius. then, take the average of # and #. finally, multiply the result of step # by that result.",ttdf_bee6f9d9d126,fahrenheit_to_celsius|average_of_two|product_of_numbers
0,1,0,G_2call_linear_continuation_03,2.5,8,3a8cc21ff5dd,an engineer checks a report. step #: take the square root of #. step #: take the reciprocal of that result.,ttdf_bf50584d2761,root_extract|reciprocal_value
0,1,1,A_2call_linear_continuation_00,0.5,9,bba0fe6ea991,"take # and divide it by #. use the result of that division and round it to the nearest whole number, to get your final answer.",ttdf_0b600a80dfa6,divide|nearest_integer
0,1,0,G_3call_fan_in_tool_catalog_01,7.333333333333333,13,1b56961fa3d5,a warehouse audit produced these numbers. step #: round # to the nearest whole number. step #: compute how many whole times # fits into #. step #: compute the result of step # percent of that result.,ttdf_3f9da81e78be,whole_number_of|full_groups_of|portion_by_rate
0,1,1,A_5call_fan_in_long_horizon_00,3.4,10,0294c0185ac9,"my target is to label the value those steps produce with the unit 'units', and the way there is: multiply # by #, then subtract # from #, then decrease that result by # percent, then subtract that res",ttdf_33820d4ecd0d,multiply|subtract|decrease_by_percent|subtract|label_with_unit
0,1,0,A_2call_linear_tool_catalog_02,11.5,18,319f5f0db14c,a warehouse audit produced these numbers. step #: round # to # decimal places. step #: add # and that result. report only the final value.,ttdf_424f7d64ac98,round_to_decimals|add
0,1,1,G_3call_linear_variable_pla_00,4.333333333333333,9,53048716b870,"add the numbers #, #, #, #. next, increase # by that result, as a percentage. finally, divide # by the result of that. what do you get?",ttdf_1a1c19a1a727,aggregate_total|grow_by_rate|per_unit_value
0,1,0,A_6pcall_linear_long_horizon_00,4.333333333333333,9,54b008d43aed,"begin by dividing # by #. afterwards, round the result to # decimal places. subsequently, calculate # percent of that result. then, round the result of the previous step down to the nearest integer. n",ttdf_e285d887c8bb,quotient_of|round_to_decimals|percentage_value|floor|negate|scale_values
0,1,1,A_3call_fan_in_variable_pla_00,6.333333333333333,11,45d218fe24a6,a shop reviews its figures. step #: round # to the nearest whole number. step #: compute the ratio of # to #. step #: multiply the result of step # by that result. what is the final result?,ttdf_19f9e9aa46b1,nearest_integer|ratio_of|product_of_numbers
0,1,2,G_6pcall_fan_in_long_horizon_00,5.833333333333333,11,1855ac2be574,please convert # meters to kilometers. then negate that result. then decrease that result by # percent. then compute the ratio of # to that result. then round # up to a whole number. and finally multi,ttdf_abdfa7d0bdfa,km_from_meters|flip_sign|shrink_by_rate|proportion_between|round_up_whole|scale_quantity
0,1,0,G_3call_linear_variable_pla_00,3.0,8,82a3260d96e3,"take the ratio of # to #, then use that result and increase it by # percent, square the final value to get your result.",ttdf_43381ee28a12,proportion_between|grow_by_rate|self_product
0,1,0,G_2call_linear_tool_catalog_02,7.5,13,e5bb32d54536,a school tracks these figures for its yearbook. step #: round # down to a whole number. step #: subtract # from that result. report only the final value.,ttdf_2c64e7e8778b,round_down_whole|remaining_after
0,1,0,G_5call_fan_in_long_horizon_00,3.8,12,5e585163b1d9,"find how many whole minutes fit into # seconds, and then compute how many whole times # fits into that result, and then square #, and then increase # by that result percent, concluding by add the resu",ttdf_7632b1c26e76,whole_minutes_from_seconds|full_groups_of|self_product|grow_by_rate|combine_amounts
0,1,1,G_3call_linear_variable_pla_00,4.0,8,b9420d598178,"calculate the average of #, #, #, #, #. then, increase # by that result percent. finally, express the increase as a percent of # and report the result.",ttdf_0982b2624c98,central_value|grow_by_rate|portion_by_rate
0,1,2,G_6pcall_fan_in_long_horizon_00,4.333333333333333,10,298dd7e32fce,a lab notebook lists these measurements. step #: compute the ratio of # to #. step #: multiply # by that result. step #: average that result and #. step #: round # to # decimal places. step #: subtrac,ttdf_2af211890b32,proportion_between|pairwise_product|midpoint_value|trim_precision|reduce_amount|exceeds_value
0,1,1,G_2call_linear_continuation_00,5.5,9,6f3f290a5e58,"first, negate #. then, divide # by that result.",ttdf_4cca69489d98,flip_sign|per_unit_value
0,1,2,G_2call_linear_continuation_03,4.0,8,fe0f4079c2ce,"first, sum the values in the list [#, #, #, #, #]. then subtract the result of that sum from #.",ttdf_4d8845d5e04b,aggregate_total|reduce_amount
0,1,0,G_4call_fan_in_variable_pla_00,8.0,12,255ddfad747f,a school tracks these figures for its yearbook. step #: take the square root of #. step #: compute # percent of #. step #: subtract that result from the result of step #. step #: round that result to ,ttdf_f28dfa38e566,root_extract|portion_by_rate|reduce_amount|whole_number_of
