count_first300,count_rest300,feature,jsd_feature,level,share_diff,share_first300,share_rest300,smd,tv_feature
0,28,generation_cell,0.22221832288757049,A_2call_linear_continuation_00,-0.05204460966542751,0.0,0.05204460966542751,,0.39627053603549595
5,16,generation_cell,0.22221832288757049,A_2call_linear_continuation_01,0.05090538433864972,0.08064516129032258,0.02973977695167286,,0.39627053603549595
3,15,generation_cell,0.22221832288757049,A_2call_linear_continuation_03,0.02050605588200024,0.04838709677419355,0.027881040892193308,,0.39627053603549595
2,9,generation_cell,0.22221832288757049,A_2call_linear_continuation_04,0.015529439980813048,0.03225806451612903,0.016728624535315983,,0.39627053603549595
1,13,generation_cell,0.22221832288757049,A_2call_linear_tool_catalog_02,-0.008034536515169687,0.016129032258064516,0.024163568773234202,,0.39627053603549595
0,12,generation_cell,0.22221832288757049,A_2call_linear_tool_catalog_05,-0.022304832713754646,0.0,0.022304832713754646,,0.39627053603549595
1,22,generation_cell,0.22221832288757049,A_3call_fan_in_tool_catalog_01,-0.02476316105048567,0.016129032258064516,0.040892193308550186,,0.39627053603549595
2,21,generation_cell,0.22221832288757049,A_3call_fan_in_variable_pla_00,-0.006775392732941601,0.03225806451612903,0.03903345724907063,,0.39627053603549595
4,12,generation_cell,0.22221832288757049,A_3call_linear_variable_pla_00,0.04221129631850341,0.06451612903225806,0.022304832713754646,,0.39627053603549595
1,7,generation_cell,0.22221832288757049,A_4call_branch_aggregate_tool_catalog_00,0.003117879841707638,0.016129032258064516,0.013011152416356878,,0.39627053603549595
2,21,generation_cell,0.22221832288757049,A_4call_fan_in_variable_pla_00,-0.006775392732941601,0.03225806451612903,0.03903345724907063,,0.39627053603549595
0,10,generation_cell,0.22221832288757049,A_4call_linear_variable_pla_00,-0.01858736059479554,0.0,0.01858736059479554,,0.39627053603549595
0,7,generation_cell,0.22221832288757049,A_5call_branch_aggregate_tool_catalog_00,-0.013011152416356878,0.0,0.013011152416356878,,0.39627053603549595
1,20,generation_cell,0.22221832288757049,A_5call_fan_in_long_horizon_00,-0.021045688931526564,0.016129032258064516,0.03717472118959108,,0.39627053603549595
0,6,generation_cell,0.22221832288757049,A_5call_linear_long_horizon_00,-0.011152416356877323,0.0,0.011152416356877323,,0.39627053603549595
0,11,generation_cell,0.22221832288757049,A_6pcall_branch_aggregate_tool_catalog_00,-0.020446096654275093,0.0,0.020446096654275093,,0.39627053603549595
0,12,generation_cell,0.22221832288757049,A_6pcall_fan_in_long_horizon_00,-0.022304832713754646,0.0,0.022304832713754646,,0.39627053603549595
2,14,generation_cell,0.22221832288757049,A_6pcall_fan_in_tool_catalog_01,0.006235759683415276,0.03225806451612903,0.026022304832713755,,0.39627053603549595
2,13,generation_cell,0.22221832288757049,A_6pcall_fan_in_tool_catalog_02,0.00809449574289483,0.03225806451612903,0.024163568773234202,,0.39627053603549595
3,26,generation_cell,0.22221832288757049,A_6pcall_linear_long_horizon_00,5.9959227725142616e-05,0.04838709677419355,0.048327137546468404,,0.39627053603549595
3,13,generation_cell,0.22221832288757049,G_2call_linear_continuation_00,0.024223528000959345,0.04838709677419355,0.024163568773234202,,0.39627053603549595
1,15,generation_cell,0.22221832288757049,G_2call_linear_continuation_01,-0.011752008634128792,0.016129032258064516,0.027881040892193308,,0.39627053603549595
7,11,generation_cell,0.22221832288757049,G_2call_linear_continuation_03,0.09245712915217652,0.11290322580645161,0.020446096654275093,,0.39627053603549595
3,13,generation_cell,0.22221832288757049,G_2call_linear_continuation_04,0.024223528000959345,0.04838709677419355,0.024163568773234202,,0.39627053603549595
2,10,generation_cell,0.22221832288757049,G_2call_linear_tool_catalog_02,0.013670703921333491,0.03225806451612903,0.01858736059479554,,0.39627053603549595
0,18,generation_cell,0.22221832288757049,G_3call_fan_in_tool_catalog_01,-0.03345724907063197,0.0,0.03345724907063197,,0.39627053603549595
4,14,generation_cell,0.22221832288757049,G_3call_fan_in_variable_pla_00,0.03849382419954431,0.06451612903225806,0.026022304832713755,,0.39627053603549595
1,16,generation_cell,0.22221832288757049,G_3call_linear_variable_pla_00,-0.013610744693608345,0.016129032258064516,0.02973977695167286,,0.39627053603549595
0,4,generation_cell,0.22221832288757049,G_4call_branch_aggregate_tool_catalog_00,-0.007434944237918215,0.0,0.007434944237918215,,0.39627053603549595
4,18,generation_cell,0.22221832288757049,G_4call_fan_in_variable_pla_00,0.031058879961626096,0.06451612903225806,0.03345724907063197,,0.39627053603549595
1,6,generation_cell,0.22221832288757049,G_4call_linear_variable_pla_00,0.004976615901187193,0.016129032258064516,0.011152416356877323,,0.39627053603549595
0,7,generation_cell,0.22221832288757049,G_5call_branch_aggregate_tool_catalog_00,-0.013011152416356878,0.0,0.013011152416356878,,0.39627053603549595
0,22,generation_cell,0.22221832288757049,G_5call_fan_in_long_horizon_00,-0.040892193308550186,0.0,0.040892193308550186,,0.39627053603549595
1,10,generation_cell,0.22221832288757049,G_5call_linear_long_horizon_00,-0.002458328336731024,0.016129032258064516,0.01858736059479554,,0.39627053603549595
1,12,generation_cell,0.22221832288757049,G_6pcall_branch_aggregate_tool_catalog_00,-0.00617580045569013,0.016129032258064516,0.022304832713754646,,0.39627053603549595
2,20,generation_cell,0.22221832288757049,G_6pcall_fan_in_long_horizon_00,-0.004916656673462048,0.03225806451612903,0.03717472118959108,,0.39627053603549595
0,19,generation_cell,0.22221832288757049,G_6pcall_fan_in_tool_catalog_01,-0.03531598513011153,0.0,0.03531598513011153,,0.39627053603549595
3,15,generation_cell,0.22221832288757049,G_6pcall_linear_long_horizon_00,0.02050605588200024,0.04838709677419355,0.027881040892193308,,0.39627053603549595
29,295,track,0.00469071371589937,A,-0.0805852020625975,0.46774193548387094,0.5483271375464684,,0.08058520206259745
33,243,track,0.00469071371589937,G,0.0805852020625974,0.532258064516129,0.4516728624535316,,0.08058520206259745
27,155,call_bucket,0.03727616032879552,2,0.1473797817484111,0.43548387096774194,0.28810408921933084,,0.15583403285765682
12,103,call_bucket,0.03727616032879552,3,0.0020985729703801304,0.1935483870967742,0.19144981412639406,,0.15583403285765682
8,66,call_bucket,0.03727616032879552,4,0.006355678138865561,0.12903225806451613,0.12267657992565056,,0.15583403285765682
2,72,call_bucket,0.03727616032879552,5,-0.10157093176639884,0.03225806451612903,0.13382899628252787,,0.15583403285765682
13,142,call_bucket,0.03727616032879552,6+,-0.054263101091257954,0.20967741935483872,0.26394052044609667,,0.15583403285765682
2,48,motif,0.025315310206347842,branch_aggregate,-0.05696126633888955,0.03225806451612903,0.08921933085501858,,0.16932485909581485
20,234,motif,0.025315310206347842,fan_in,-0.11236359275692531,0.3225806451612903,0.4349442379182156,,0.16932485909581485
40,256,motif,0.025315310206347842,linear,0.16932485909581485,0.6451612903225806,0.4758364312267658,,0.16932485909581485
3,19,target_skill,0.035121328815511055,argument_typing,0.01307111164408202,0.04838709677419355,0.03531598513011153,,0.2127353399688212
21,113,target_skill,0.035121328815511055,continuation_after_observation,0.12867250269816521,0.3387096774193548,0.2100371747211896,,0.2127353399688212
10,131,target_skill,0.035121328815511055,long_horizon_planning,-0.08220410121117641,0.16129032258064516,0.24349442379182157,,0.2127353399688212
10,157,target_skill,0.035121328815511055,tool_catalog_search,-0.1305312387576448,0.16129032258064516,0.29182156133828996,,0.2127353399688212
18,118,target_skill,0.035121328815511055,variable_planning,0.07099172562657394,0.2903225806451613,0.21933085501858737,,0.2127353399688212
10,157,target_failure_mode,0.035121328815511055,distractor_confusion,-0.1305312387576448,0.16129032258064516,0.29182156133828996,,0.2127353399688212
3,19,target_failure_mode,0.035121328815511055,numeric_string_confusion,0.01307111164408202,0.04838709677419355,0.03531598513011153,,0.2127353399688212
10,131,target_failure_mode,0.035121328815511055,premature_stop,-0.08220410121117641,0.16129032258064516,0.24349442379182157,,0.2127353399688212
18,118,target_failure_mode,0.035121328815511055,too_few_calls,0.07099172562657394,0.2903225806451613,0.21933085501858737,,0.2127353399688212
21,113,target_failure_mode,0.035121328815511055,wrong_second_tool_after_correct_prefix,0.12867250269816521,0.3387096774193548,0.2100371747211896,,0.2127353399688212
0,1,semantic_program_family,0.9801582796834518,pf_00263e8d32ed,-0.0018587360594795538,0.0,0.0018587360594795538,,0.990706319702593
1,0,semantic_program_family,0.9801582796834518,pf_0029d1a601bd,0.016129032258064516,0.016129032258064516,0.0,,0.990706319702593
0,1,semantic_program_family,0.9801582796834518,pf_009cd2778d55,-0.0018587360594795538,0.0,0.0018587360594795538,,0.990706319702593
0,1,semantic_program_family,0.9801582796834518,pf_00faca2bcf8a,-0.0018587360594795538,0.0,0.0018587360594795538,,0.990706319702593
0,1,semantic_program_family,0.9801582796834518,pf_0147358dc865,-0.0018587360594795538,0.0,0.0018587360594795538,,0.990706319702593
0,1,semantic_program_family,0.9801582796834518,pf_01a24fd606ea,-0.0018587360594795538,0.0,0.0018587360594795538,,0.990706319702593
0,1,semantic_program_family,0.9801582796834518,pf_02d2e0e20f52,-0.0018587360594795538,0.0,0.0018587360594795538,,0.990706319702593
0,1,semantic_program_family,0.9801582796834518,pf_034436023334,-0.0018587360594795538,0.0,0.0018587360594795538,,0.990706319702593
0,1,semantic_program_family,0.9801582796834518,pf_047a4b7ba7c6,-0.0018587360594795538,0.0,0.0018587360594795538,,0.990706319702593
0,1,semantic_program_family,0.9801582796834518,pf_05b1f81525b6,-0.0018587360594795538,0.0,0.0018587360594795538,,0.990706319702593
0,1,semantic_program_family,0.9801582796834518,pf_05dbfb0be615,-0.0018587360594795538,0.0,0.0018587360594795538,,0.990706319702593
0,1,semantic_program_family,0.9801582796834518,pf_05eb76d60890,-0.0018587360594795538,0.0,0.0018587360594795538,,0.990706319702593
0,1,semantic_program_family,0.9801582796834518,pf_0618592c4ce4,-0.0018587360594795538,0.0,0.0018587360594795538,,0.990706319702593
0,1,semantic_program_family,0.9801582796834518,pf_063dfcc11cda,-0.0018587360594795538,0.0,0.0018587360594795538,,0.990706319702593
0,1,semantic_program_family,0.9801582796834518,pf_07cb99d76978,-0.0018587360594795538,0.0,0.0018587360594795538,,0.990706319702593
1,0,semantic_program_family,0.9801582796834518,pf_07d476eb3a4b,0.016129032258064516,0.016129032258064516,0.0,,0.990706319702593
0,1,semantic_program_family,0.9801582796834518,pf_0801c8b76796,-0.0018587360594795538,0.0,0.0018587360594795538,,0.990706319702593
0,1,semantic_program_family,0.9801582796834518,pf_0875d48a092f,-0.0018587360594795538,0.0,0.0018587360594795538,,0.990706319702593
0,1,semantic_program_family,0.9801582796834518,pf_097f48c2e8a5,-0.0018587360594795538,0.0,0.0018587360594795538,,0.990706319702593
0,1,semantic_program_family,0.9801582796834518,pf_09dc2cd06937,-0.0018587360594795538,0.0,0.0018587360594795538,,0.990706319702593
1,0,semantic_program_family,0.9801582796834518,pf_0a357e5fd7a4,0.016129032258064516,0.016129032258064516,0.0,,0.990706319702593
0,1,semantic_program_family,0.9801582796834518,pf_0a972138c7bb,-0.0018587360594795538,0.0,0.0018587360594795538,,0.990706319702593
0,1,semantic_program_family,0.9801582796834518,pf_0af27608050e,-0.0018587360594795538,0.0,0.0018587360594795538,,0.990706319702593
0,1,semantic_program_family,0.9801582796834518,pf_0b2ab8018603,-0.0018587360594795538,0.0,0.0018587360594795538,,0.990706319702593
0,1,semantic_program_family,0.9801582796834518,pf_0b31f99982ce,-0.0018587360594795538,0.0,0.0018587360594795538,,0.990706319702593
1,0,semantic_program_family,0.9801582796834518,pf_0b34f2dc8396,0.016129032258064516,0.016129032258064516,0.0,,0.990706319702593
0,1,semantic_program_family,0.9801582796834518,pf_0b57752cdf95,-0.0018587360594795538,0.0,0.0018587360594795538,,0.990706319702593
1,1,semantic_program_family,0.9801582796834518,pf_0b9fc137be37,0.014270296198584963,0.016129032258064516,0.0018587360594795538,,0.990706319702593
0,1,semantic_program_family,0.9801582796834518,pf_0c0ca4145237,-0.0018587360594795538,0.0,0.0018587360594795538,,0.990706319702593
0,1,semantic_program_family,0.9801582796834518,pf_0c4554520653,-0.0018587360594795538,0.0,0.0018587360594795538,,0.990706319702593
0,1,semantic_program_family,0.9801582796834518,pf_0cffc7d6e980,-0.0018587360594795538,0.0,0.0018587360594795538,,0.990706319702593
0,1,semantic_program_family,0.9801582796834518,pf_0d038f9674fb,-0.0018587360594795538,0.0,0.0018587360594795538,,0.990706319702593
0,1,semantic_program_family,0.9801582796834518,pf_0d0d4c827e0a,-0.0018587360594795538,0.0,0.0018587360594795538,,0.990706319702593
0,1,semantic_program_family,0.9801582796834518,pf_0d577792b6a3,-0.0018587360594795538,0.0,0.0018587360594795538,,0.990706319702593
1,0,semantic_program_family,0.9801582796834518,pf_0e002256fb2a,0.016129032258064516,0.016129032258064516,0.0,,0.990706319702593
0,1,semantic_program_family,0.9801582796834518,pf_0e22dfba1013,-0.0018587360594795538,0.0,0.0018587360594795538,,0.990706319702593
0,2,semantic_program_family,0.9801582796834518,pf_0e81f18e0e72,-0.0037174721189591076,0.0,0.0037174721189591076,,0.990706319702593
0,1,semantic_program_family,0.9801582796834518,pf_0f6771c3879b,-0.0018587360594795538,0.0,0.0018587360594795538,,0.990706319702593
1,0,semantic_program_family,0.9801582796834518,pf_0f9e19302864,0.016129032258064516,0.016129032258064516,0.0,,0.990706319702593
0,1,semantic_program_family,0.9801582796834518,pf_0ff2031af111,-0.0018587360594795538,0.0,0.0018587360594795538,,0.990706319702593
0,1,semantic_program_family,0.9801582796834518,pf_10b08e5e69d4,-0.0018587360594795538,0.0,0.0018587360594795538,,0.990706319702593
0,1,semantic_program_family,0.9801582796834518,pf_112c60b9400a,-0.0018587360594795538,0.0,0.0018587360594795538,,0.990706319702593
0,1,semantic_program_family,0.9801582796834518,pf_115788993783,-0.0018587360594795538,0.0,0.0018587360594795538,,0.990706319702593
0,1,semantic_program_family,0.9801582796834518,pf_1174a64ad755,-0.0018587360594795538,0.0,0.0018587360594795538,,0.990706319702593
1,0,semantic_program_family,0.9801582796834518,pf_11b29a63aec3,0.016129032258064516,0.016129032258064516,0.0,,0.990706319702593
0,1,semantic_program_family,0.9801582796834518,pf_1208e5240192,-0.0018587360594795538,0.0,0.0018587360594795538,,0.990706319702593
0,1,semantic_program_family,0.9801582796834518,pf_122e534b5c31,-0.0018587360594795538,0.0,0.0018587360594795538,,0.990706319702593
0,1,semantic_program_family,0.9801582796834518,pf_141570efe2ea,-0.0018587360594795538,0.0,0.0018587360594795538,,0.990706319702593
0,1,semantic_program_family,0.9801582796834518,pf_14175d782ac0,-0.0018587360594795538,0.0,0.0018587360594795538,,0.990706319702593
0,1,semantic_program_family,0.9801582796834518,pf_142b453e7a1e,-0.0018587360594795538,0.0,0.0018587360594795538,,0.990706319702593
0,1,semantic_program_family,0.9801582796834518,pf_144b3e52eddf,-0.0018587360594795538,0.0,0.0018587360594795538,,0.990706319702593
0,1,semantic_program_family,0.9801582796834518,pf_14776991146c,-0.0018587360594795538,0.0,0.0018587360594795538,,0.990706319702593
0,1,semantic_program_family,0.9801582796834518,pf_16310589ed1d,-0.0018587360594795538,0.0,0.0018587360594795538,,0.990706319702593
0,1,semantic_program_family,0.9801582796834518,pf_16b10a80ffa0,-0.0018587360594795538,0.0,0.0018587360594795538,,0.990706319702593
0,1,semantic_program_family,0.9801582796834518,pf_1711eb5cfd10,-0.0018587360594795538,0.0,0.0018587360594795538,,0.990706319702593
1,0,semantic_program_family,0.9801582796834518,pf_17d3ced556e5,0.016129032258064516,0.016129032258064516,0.0,,0.990706319702593
1,0,semantic_program_family,0.9801582796834518,pf_186ef9ccd631,0.016129032258064516,0.016129032258064516,0.0,,0.990706319702593
0,1,semantic_program_family,0.9801582796834518,pf_188bcb515599,-0.0018587360594795538,0.0,0.0018587360594795538,,0.990706319702593
0,1,semantic_program_family,0.9801582796834518,pf_18e05bbb6e32,-0.0018587360594795538,0.0,0.0018587360594795538,,0.990706319702593
0,1,semantic_program_family,0.9801582796834518,pf_18e1f4fcad2f,-0.0018587360594795538,0.0,0.0018587360594795538,,0.990706319702593
1,0,semantic_program_family,0.9801582796834518,pf_19e1f0495d40,0.016129032258064516,0.016129032258064516,0.0,,0.990706319702593
0,1,semantic_program_family,0.9801582796834518,pf_1a196e58e5bf,-0.0018587360594795538,0.0,0.0018587360594795538,,0.990706319702593
0,1,semantic_program_family,0.9801582796834518,pf_1aa41636d298,-0.0018587360594795538,0.0,0.0018587360594795538,,0.990706319702593
0,1,semantic_program_family,0.9801582796834518,pf_1ac431cb92c5,-0.0018587360594795538,0.0,0.0018587360594795538,,0.990706319702593
0,1,semantic_program_family,0.9801582796834518,pf_1b43dacc5bd8,-0.0018587360594795538,0.0,0.0018587360594795538,,0.990706319702593
0,1,semantic_program_family,0.9801582796834518,pf_1b4ac0deca29,-0.0018587360594795538,0.0,0.0018587360594795538,,0.990706319702593
0,1,semantic_program_family,0.9801582796834518,pf_1b68002c64e5,-0.0018587360594795538,0.0,0.0018587360594795538,,0.990706319702593
0,1,semantic_program_family,0.9801582796834518,pf_1bb3cb00097a,-0.0018587360594795538,0.0,0.0018587360594795538,,0.990706319702593
0,1,semantic_program_family,0.9801582796834518,pf_1c165ba57b4c,-0.0018587360594795538,0.0,0.0018587360594795538,,0.990706319702593
0,1,semantic_program_family,0.9801582796834518,pf_1c4548bf16ce,-0.0018587360594795538,0.0,0.0018587360594795538,,0.990706319702593
0,1,semantic_program_family,0.9801582796834518,pf_1dc4176613de,-0.0018587360594795538,0.0,0.0018587360594795538,,0.990706319702593
0,1,semantic_program_family,0.9801582796834518,pf_1eb56a513fec,-0.0018587360594795538,0.0,0.0018587360594795538,,0.990706319702593
0,1,semantic_program_family,0.9801582796834518,pf_20d2d9c8bfa5,-0.0018587360594795538,0.0,0.0018587360594795538,,0.990706319702593
0,1,semantic_program_family,0.9801582796834518,pf_20fd3ab6f4cf,-0.0018587360594795538,0.0,0.0018587360594795538,,0.990706319702593
0,1,semantic_program_family,0.9801582796834518,pf_217d8bd19767,-0.0018587360594795538,0.0,0.0018587360594795538,,0.990706319702593
0,1,semantic_program_family,0.9801582796834518,pf_21a829c94318,-0.0018587360594795538,0.0,0.0018587360594795538,,0.990706319702593
0,1,semantic_program_family,0.9801582796834518,pf_21d7230abcc5,-0.0018587360594795538,0.0,0.0018587360594795538,,0.990706319702593
0,1,semantic_program_family,0.9801582796834518,pf_222c33ffdffe,-0.0018587360594795538,0.0,0.0018587360594795538,,0.990706319702593
0,1,semantic_program_family,0.9801582796834518,pf_222cf4c1354d,-0.0018587360594795538,0.0,0.0018587360594795538,,0.990706319702593
0,1,semantic_program_family,0.9801582796834518,pf_22546cb3d5ca,-0.0018587360594795538,0.0,0.0018587360594795538,,0.990706319702593
0,1,semantic_program_family,0.9801582796834518,pf_227f4d4d7e0d,-0.0018587360594795538,0.0,0.0018587360594795538,,0.990706319702593
0,1,semantic_program_family,0.9801582796834518,pf_2291e7cc01b6,-0.0018587360594795538,0.0,0.0018587360594795538,,0.990706319702593
0,1,semantic_program_family,0.9801582796834518,pf_22d479d730a2,-0.0018587360594795538,0.0,0.0018587360594795538,,0.990706319702593
0,1,semantic_program_family,0.9801582796834518,pf_233be85665d2,-0.0018587360594795538,0.0,0.0018587360594795538,,0.990706319702593
0,1,semantic_program_family,0.9801582796834518,pf_2397af15d69f,-0.0018587360594795538,0.0,0.0018587360594795538,,0.990706319702593
0,1,semantic_program_family,0.9801582796834518,pf_248ec931788e,-0.0018587360594795538,0.0,0.0018587360594795538,,0.990706319702593
0,1,semantic_program_family,0.9801582796834518,pf_2592011d813c,-0.0018587360594795538,0.0,0.0018587360594795538,,0.990706319702593
0,1,semantic_program_family,0.9801582796834518,pf_25b977f7c469,-0.0018587360594795538,0.0,0.0018587360594795538,,0.990706319702593
0,1,semantic_program_family,0.9801582796834518,pf_262c06cfe02c,-0.0018587360594795538,0.0,0.0018587360594795538,,0.990706319702593
0,1,semantic_program_family,0.9801582796834518,pf_26d65fc623a6,-0.0018587360594795538,0.0,0.0018587360594795538,,0.990706319702593
0,1,semantic_program_family,0.9801582796834518,pf_26fbc62ca8fd,-0.0018587360594795538,0.0,0.0018587360594795538,,0.990706319702593
0,1,semantic_program_family,0.9801582796834518,pf_27e0e307c719,-0.0018587360594795538,0.0,0.0018587360594795538,,0.990706319702593
0,1,semantic_program_family,0.9801582796834518,pf_2828a9a56edb,-0.0018587360594795538,0.0,0.0018587360594795538,,0.990706319702593
0,1,semantic_program_family,0.9801582796834518,pf_2834454bac05,-0.0018587360594795538,0.0,0.0018587360594795538,,0.990706319702593
0,1,semantic_program_family,0.9801582796834518,pf_28aac4116650,-0.0018587360594795538,0.0,0.0018587360594795538,,0.990706319702593
0,1,semantic_program_family,0.9801582796834518,pf_296c193fc304,-0.0018587360594795538,0.0,0.0018587360594795538,,0.990706319702593
0,1,semantic_program_family,0.9801582796834518,pf_29eab661c1e2,-0.0018587360594795538,0.0,0.0018587360594795538,,0.990706319702593
0,1,semantic_program_family,0.9801582796834518,pf_2a2e7c121ff6,-0.0018587360594795538,0.0,0.0018587360594795538,,0.990706319702593
0,1,semantic_program_family,0.9801582796834518,pf_2b0afe058281,-0.0018587360594795538,0.0,0.0018587360594795538,,0.990706319702593
0,1,semantic_program_family,0.9801582796834518,pf_2b218a077383,-0.0018587360594795538,0.0,0.0018587360594795538,,0.990706319702593
0,1,semantic_program_family,0.9801582796834518,pf_2b4abb2fa7f1,-0.0018587360594795538,0.0,0.0018587360594795538,,0.990706319702593
1,1,semantic_program_family,0.9801582796834518,pf_2b9ba27b6030,0.014270296198584963,0.016129032258064516,0.0018587360594795538,,0.990706319702593
0,1,semantic_program_family,0.9801582796834518,pf_2c032454911b,-0.0018587360594795538,0.0,0.0018587360594795538,,0.990706319702593
0,1,semantic_program_family,0.9801582796834518,pf_2d1c58d951c3,-0.0018587360594795538,0.0,0.0018587360594795538,,0.990706319702593
0,1,semantic_program_family,0.9801582796834518,pf_2dfabe23ef02,-0.0018587360594795538,0.0,0.0018587360594795538,,0.990706319702593
0,1,semantic_program_family,0.9801582796834518,pf_2e273e0a90a2,-0.0018587360594795538,0.0,0.0018587360594795538,,0.990706319702593
0,1,semantic_program_family,0.9801582796834518,pf_2ec4b1cd70d4,-0.0018587360594795538,0.0,0.0018587360594795538,,0.990706319702593
0,1,semantic_program_family,0.9801582796834518,pf_2f32cbfbc590,-0.0018587360594795538,0.0,0.0018587360594795538,,0.990706319702593
0,1,semantic_program_family,0.9801582796834518,pf_2f7cd8575ef1,-0.0018587360594795538,0.0,0.0018587360594795538,,0.990706319702593
1,0,semantic_program_family,0.9801582796834518,pf_2f804cc65d8d,0.016129032258064516,0.016129032258064516,0.0,,0.990706319702593
0,1,semantic_program_family,0.9801582796834518,pf_2f97f7d170b9,-0.0018587360594795538,0.0,0.0018587360594795538,,0.990706319702593
0,1,semantic_program_family,0.9801582796834518,pf_3019df9530d5,-0.0018587360594795538,0.0,0.0018587360594795538,,0.990706319702593
0,1,semantic_program_family,0.9801582796834518,pf_305ea2d3af5e,-0.0018587360594795538,0.0,0.0018587360594795538,,0.990706319702593
0,1,semantic_program_family,0.9801582796834518,pf_3110fdf83914,-0.0018587360594795538,0.0,0.0018587360594795538,,0.990706319702593
0,1,semantic_program_family,0.9801582796834518,pf_313464ed6556,-0.0018587360594795538,0.0,0.0018587360594795538,,0.990706319702593
0,1,semantic_program_family,0.9801582796834518,pf_314d800dfd5d,-0.0018587360594795538,0.0,0.0018587360594795538,,0.990706319702593
0,1,semantic_program_family,0.9801582796834518,pf_31985dfca428,-0.0018587360594795538,0.0,0.0018587360594795538,,0.990706319702593
0,1,semantic_program_family,0.9801582796834518,pf_31f788790490,-0.0018587360594795538,0.0,0.0018587360594795538,,0.990706319702593
1,0,semantic_program_family,0.9801582796834518,pf_322230603188,0.016129032258064516,0.016129032258064516,0.0,,0.990706319702593
0,1,semantic_program_family,0.9801582796834518,pf_3295b9091e05,-0.0018587360594795538,0.0,0.0018587360594795538,,0.990706319702593
0,1,semantic_program_family,0.9801582796834518,pf_32d20e621934,-0.0018587360594795538,0.0,0.0018587360594795538,,0.990706319702593
0,1,semantic_program_family,0.9801582796834518,pf_32e87f28ff5e,-0.0018587360594795538,0.0,0.0018587360594795538,,0.990706319702593
0,1,semantic_program_family,0.9801582796834518,pf_330becd62e22,-0.0018587360594795538,0.0,0.0018587360594795538,,0.990706319702593
0,1,semantic_program_family,0.9801582796834518,pf_3326a09d5589,-0.0018587360594795538,0.0,0.0018587360594795538,,0.990706319702593
0,1,semantic_program_family,0.9801582796834518,pf_341a7fc9ea7d,-0.0018587360594795538,0.0,0.0018587360594795538,,0.990706319702593
0,1,semantic_program_family,0.9801582796834518,pf_3422e2c6eea8,-0.0018587360594795538,0.0,0.0018587360594795538,,0.990706319702593
0,1,semantic_program_family,0.9801582796834518,pf_34d07f0402f2,-0.0018587360594795538,0.0,0.0018587360594795538,,0.990706319702593
0,1,semantic_program_family,0.9801582796834518,pf_34dfbd2fa002,-0.0018587360594795538,0.0,0.0018587360594795538,,0.990706319702593
0,1,semantic_program_family,0.9801582796834518,pf_34e1dfde5de1,-0.0018587360594795538,0.0,0.0018587360594795538,,0.990706319702593
1,0,semantic_program_family,0.9801582796834518,pf_35b6a2c7bd6e,0.016129032258064516,0.016129032258064516,0.0,,0.990706319702593
0,1,semantic_program_family,0.9801582796834518,pf_36dbb95d7ab2,-0.0018587360594795538,0.0,0.0018587360594795538,,0.990706319702593
0,1,semantic_program_family,0.9801582796834518,pf_3800684b5443,-0.0018587360594795538,0.0,0.0018587360594795538,,0.990706319702593
0,1,semantic_program_family,0.9801582796834518,pf_3828f471eb68,-0.0018587360594795538,0.0,0.0018587360594795538,,0.990706319702593
0,1,semantic_program_family,0.9801582796834518,pf_384f3f1a111f,-0.0018587360594795538,0.0,0.0018587360594795538,,0.990706319702593
0,1,semantic_program_family,0.9801582796834518,pf_3863c13bbad3,-0.0018587360594795538,0.0,0.0018587360594795538,,0.990706319702593
0,1,semantic_program_family,0.9801582796834518,pf_38b18725456f,-0.0018587360594795538,0.0,0.0018587360594795538,,0.990706319702593
0,1,semantic_program_family,0.9801582796834518,pf_3a75082b40f3,-0.0018587360594795538,0.0,0.0018587360594795538,,0.990706319702593
0,1,semantic_program_family,0.9801582796834518,pf_3aaf44be3eb7,-0.0018587360594795538,0.0,0.0018587360594795538,,0.990706319702593
0,1,semantic_program_family,0.9801582796834518,pf_3af7ca6830a0,-0.0018587360594795538,0.0,0.0018587360594795538,,0.990706319702593
1,0,semantic_program_family,0.9801582796834518,pf_3afbef12472e,0.016129032258064516,0.016129032258064516,0.0,,0.990706319702593
0,1,semantic_program_family,0.9801582796834518,pf_3b2a780809ca,-0.0018587360594795538,0.0,0.0018587360594795538,,0.990706319702593
1,0,semantic_program_family,0.9801582796834518,pf_3b3459281226,0.016129032258064516,0.016129032258064516,0.0,,0.990706319702593
1,0,semantic_program_family,0.9801582796834518,pf_3bf05bf9b2dc,0.016129032258064516,0.016129032258064516,0.0,,0.990706319702593
0,1,semantic_program_family,0.9801582796834518,pf_3c5ad8ddc287,-0.0018587360594795538,0.0,0.0018587360594795538,,0.990706319702593
0,1,semantic_program_family,0.9801582796834518,pf_3ce5b9f598d3,-0.0018587360594795538,0.0,0.0018587360594795538,,0.990706319702593
0,1,semantic_program_family,0.9801582796834518,pf_3e821c965c91,-0.0018587360594795538,0.0,0.0018587360594795538,,0.990706319702593
0,1,semantic_program_family,0.9801582796834518,pf_3eac7428fc0f,-0.0018587360594795538,0.0,0.0018587360594795538,,0.990706319702593
0,1,semantic_program_family,0.9801582796834518,pf_3ef28abfcff2,-0.0018587360594795538,0.0,0.0018587360594795538,,0.990706319702593
0,1,semantic_program_family,0.9801582796834518,pf_3ff0d884c64a,-0.0018587360594795538,0.0,0.0018587360594795538,,0.990706319702593
0,1,semantic_program_family,0.9801582796834518,pf_4074c5a1b044,-0.0018587360594795538,0.0,0.0018587360594795538,,0.990706319702593
0,1,semantic_program_family,0.9801582796834518,pf_40b2e87219d5,-0.0018587360594795538,0.0,0.0018587360594795538,,0.990706319702593
0,1,semantic_program_family,0.9801582796834518,pf_40ba37d931fc,-0.0018587360594795538,0.0,0.0018587360594795538,,0.990706319702593
0,1,semantic_program_family,0.9801582796834518,pf_40eb9ff6b21c,-0.0018587360594795538,0.0,0.0018587360594795538,,0.990706319702593
0,1,semantic_program_family,0.9801582796834518,pf_413ff1c07b4e,-0.0018587360594795538,0.0,0.0018587360594795538,,0.990706319702593
0,1,semantic_program_family,0.9801582796834518,pf_417fe00e2efe,-0.0018587360594795538,0.0,0.0018587360594795538,,0.990706319702593
0,1,semantic_program_family,0.9801582796834518,pf_418463a576e9,-0.0018587360594795538,0.0,0.0018587360594795538,,0.990706319702593
0,1,semantic_program_family,0.9801582796834518,pf_42e9a339a9de,-0.0018587360594795538,0.0,0.0018587360594795538,,0.990706319702593
0,1,semantic_program_family,0.9801582796834518,pf_43e6f51fdd70,-0.0018587360594795538,0.0,0.0018587360594795538,,0.990706319702593
0,1,semantic_program_family,0.9801582796834518,pf_44698d2d849b,-0.0018587360594795538,0.0,0.0018587360594795538,,0.990706319702593
0,1,semantic_program_family,0.9801582796834518,pf_44fa421f83cd,-0.0018587360594795538,0.0,0.0018587360594795538,,0.990706319702593
0,1,semantic_program_family,0.9801582796834518,pf_453de7a1fc87,-0.0018587360594795538,0.0,0.0018587360594795538,,0.990706319702593
0,1,semantic_program_family,0.9801582796834518,pf_466ac01d03d1,-0.0018587360594795538,0.0,0.0018587360594795538,,0.990706319702593
0,1,semantic_program_family,0.9801582796834518,pf_4687603abf8c,-0.0018587360594795538,0.0,0.0018587360594795538,,0.990706319702593
0,1,semantic_program_family,0.9801582796834518,pf_46908b3d0c48,-0.0018587360594795538,0.0,0.0018587360594795538,,0.990706319702593
1,0,semantic_program_family,0.9801582796834518,pf_481a060b3ede,0.016129032258064516,0.016129032258064516,0.0,,0.990706319702593
1,0,semantic_program_family,0.9801582796834518,pf_4858a83424db,0.016129032258064516,0.016129032258064516,0.0,,0.990706319702593
1,0,semantic_program_family,0.9801582796834518,pf_49e56790547e,0.016129032258064516,0.016129032258064516,0.0,,0.990706319702593
0,1,semantic_program_family,0.9801582796834518,pf_4a30d3fc6dc3,-0.0018587360594795538,0.0,0.0018587360594795538,,0.990706319702593
0,1,semantic_program_family,0.9801582796834518,pf_4a3b157a7a6d,-0.0018587360594795538,0.0,0.0018587360594795538,,0.990706319702593
0,1,semantic_program_family,0.9801582796834518,pf_4a3b82d9b4a7,-0.0018587360594795538,0.0,0.0018587360594795538,,0.990706319702593
1,0,semantic_program_family,0.9801582796834518,pf_4b087095a23e,0.016129032258064516,0.016129032258064516,0.0,,0.990706319702593
1,0,semantic_program_family,0.9801582796834518,pf_4b2960f4c21a,0.016129032258064516,0.016129032258064516,0.0,,0.990706319702593
0,1,semantic_program_family,0.9801582796834518,pf_4bc15e118b86,-0.0018587360594795538,0.0,0.0018587360594795538,,0.990706319702593
0,1,semantic_program_family,0.9801582796834518,pf_4c388608ac5b,-0.0018587360594795538,0.0,0.0018587360594795538,,0.990706319702593
1,0,semantic_program_family,0.9801582796834518,pf_4d21ab9bce24,0.016129032258064516,0.016129032258064516,0.0,,0.990706319702593
0,1,semantic_program_family,0.9801582796834518,pf_4d6946fe075b,-0.0018587360594795538,0.0,0.0018587360594795538,,0.990706319702593
0,1,semantic_program_family,0.9801582796834518,pf_4d6c5c96db67,-0.0018587360594795538,0.0,0.0018587360594795538,,0.990706319702593
1,0,semantic_program_family,0.9801582796834518,pf_4e61f7fef5cb,0.016129032258064516,0.016129032258064516,0.0,,0.990706319702593
0,1,semantic_program_family,0.9801582796834518,pf_4f1f7f40bd3b,-0.0018587360594795538,0.0,0.0018587360594795538,,0.990706319702593
1,2,semantic_program_family,0.9801582796834518,pf_4f6a2062a24b,0.012411560139105408,0.016129032258064516,0.0037174721189591076,,0.990706319702593
0,1,semantic_program_family,0.9801582796834518,pf_4fe247854ef2,-0.0018587360594795538,0.0,0.0018587360594795538,,0.990706319702593
1,0,semantic_program_family,0.9801582796834518,pf_4fecf69d4aac,0.016129032258064516,0.016129032258064516,0.0,,0.990706319702593
0,1,semantic_program_family,0.9801582796834518,pf_51865c726f26,-0.0018587360594795538,0.0,0.0018587360594795538,,0.990706319702593
0,1,semantic_program_family,0.9801582796834518,pf_520de215d069,-0.0018587360594795538,0.0,0.0018587360594795538,,0.990706319702593
0,1,semantic_program_family,0.9801582796834518,pf_5240c3db5eff,-0.0018587360594795538,0.0,0.0018587360594795538,,0.990706319702593
0,1,semantic_program_family,0.9801582796834518,pf_5294bda6e0cd,-0.0018587360594795538,0.0,0.0018587360594795538,,0.990706319702593
0,1,semantic_program_family,0.9801582796834518,pf_5383a43db29f,-0.0018587360594795538,0.0,0.0018587360594795538,,0.990706319702593
0,1,semantic_program_family,0.9801582796834518,pf_5543b9231e7a,-0.0018587360594795538,0.0,0.0018587360594795538,,0.990706319702593
0,1,semantic_program_family,0.9801582796834518,pf_5572301189eb,-0.0018587360594795538,0.0,0.0018587360594795538,,0.990706319702593
0,1,semantic_program_family,0.9801582796834518,pf_55d9666300b2,-0.0018587360594795538,0.0,0.0018587360594795538,,0.990706319702593
0,1,semantic_program_family,0.9801582796834518,pf_560d94a8e765,-0.0018587360594795538,0.0,0.0018587360594795538,,0.990706319702593
0,1,semantic_program_family,0.9801582796834518,pf_575f8fe83aeb,-0.0018587360594795538,0.0,0.0018587360594795538,,0.990706319702593
0,1,semantic_program_family,0.9801582796834518,pf_57849c65bceb,-0.0018587360594795538,0.0,0.0018587360594795538,,0.990706319702593
0,1,semantic_program_family,0.9801582796834518,pf_5793ad0a2706,-0.0018587360594795538,0.0,0.0018587360594795538,,0.990706319702593
1,0,semantic_program_family,0.9801582796834518,pf_57af375a057f,0.016129032258064516,0.016129032258064516,0.0,,0.990706319702593
0,1,semantic_program_family,0.9801582796834518,pf_57b220e4cf66,-0.0018587360594795538,0.0,0.0018587360594795538,,0.990706319702593
0,1,semantic_program_family,0.9801582796834518,pf_5873523b835d,-0.0018587360594795538,0.0,0.0018587360594795538,,0.990706319702593
0,1,semantic_program_family,0.9801582796834518,pf_590b89106995,-0.0018587360594795538,0.0,0.0018587360594795538,,0.990706319702593
0,1,semantic_program_family,0.9801582796834518,pf_5911c5d2c037,-0.0018587360594795538,0.0,0.0018587360594795538,,0.990706319702593
0,1,semantic_program_family,0.9801582796834518,pf_593f76d8b08a,-0.0018587360594795538,0.0,0.0018587360594795538,,0.990706319702593
0,1,semantic_program_family,0.9801582796834518,pf_598d59eb920b,-0.0018587360594795538,0.0,0.0018587360594795538,,0.990706319702593
0,1,semantic_program_family,0.9801582796834518,pf_59fbee98e9b8,-0.0018587360594795538,0.0,0.0018587360594795538,,0.990706319702593
0,1,semantic_program_family,0.9801582796834518,pf_5a08d5cbf8a1,-0.0018587360594795538,0.0,0.0018587360594795538,,0.990706319702593
1,0,semantic_program_family,0.9801582796834518,pf_5a141f26cfab,0.016129032258064516,0.016129032258064516,0.0,,0.990706319702593
0,1,semantic_program_family,0.9801582796834518,pf_5a3e687c5b4a,-0.0018587360594795538,0.0,0.0018587360594795538,,0.990706319702593
0,1,semantic_program_family,0.9801582796834518,pf_5a7347dd3041,-0.0018587360594795538,0.0,0.0018587360594795538,,0.990706319702593
0,1,semantic_program_family,0.9801582796834518,pf_5a951800626c,-0.0018587360594795538,0.0,0.0018587360594795538,,0.990706319702593
0,1,semantic_program_family,0.9801582796834518,pf_5c1e115f0384,-0.0018587360594795538,0.0,0.0018587360594795538,,0.990706319702593
0,1,semantic_program_family,0.9801582796834518,pf_5c99f6343aa6,-0.0018587360594795538,0.0,0.0018587360594795538,,0.990706319702593
0,1,semantic_program_family,0.9801582796834518,pf_5c9ede4dece1,-0.0018587360594795538,0.0,0.0018587360594795538,,0.990706319702593
0,3,semantic_program_family,0.9801582796834518,pf_5cf8fa30504f,-0.0055762081784386614,0.0,0.0055762081784386614,,0.990706319702593
0,1,semantic_program_family,0.9801582796834518,pf_5d003eefb750,-0.0018587360594795538,0.0,0.0018587360594795538,,0.990706319702593
0,1,semantic_program_family,0.9801582796834518,pf_5d1f08951da4,-0.0018587360594795538,0.0,0.0018587360594795538,,0.990706319702593
0,1,semantic_program_family,0.9801582796834518,pf_5ddd88095e07,-0.0018587360594795538,0.0,0.0018587360594795538,,0.990706319702593
0,1,semantic_program_family,0.9801582796834518,pf_5df489b1d041,-0.0018587360594795538,0.0,0.0018587360594795538,,0.990706319702593
0,1,semantic_program_family,0.9801582796834518,pf_5e01dd1d63bb,-0.0018587360594795538,0.0,0.0018587360594795538,,0.990706319702593
0,1,semantic_program_family,0.9801582796834518,pf_5e60eed20ddc,-0.0018587360594795538,0.0,0.0018587360594795538,,0.990706319702593
0,1,semantic_program_family,0.9801582796834518,pf_5fdc440b5c9a,-0.0018587360594795538,0.0,0.0018587360594795538,,0.990706319702593
0,1,semantic_program_family,0.9801582796834518,pf_600a7b6d3187,-0.0018587360594795538,0.0,0.0018587360594795538,,0.990706319702593
0,1,semantic_program_family,0.9801582796834518,pf_6068843a3a58,-0.0018587360594795538,0.0,0.0018587360594795538,,0.990706319702593
0,1,semantic_program_family,0.9801582796834518,pf_609a6a6fcec6,-0.0018587360594795538,0.0,0.0018587360594795538,,0.990706319702593
1,1,semantic_program_family,0.9801582796834518,pf_60a8fe446ad1,0.014270296198584963,0.016129032258064516,0.0018587360594795538,,0.990706319702593
0,1,semantic_program_family,0.9801582796834518,pf_612634a4a259,-0.0018587360594795538,0.0,0.0018587360594795538,,0.990706319702593
0,1,semantic_program_family,0.9801582796834518,pf_621e58670a8b,-0.0018587360594795538,0.0,0.0018587360594795538,,0.990706319702593
0,1,semantic_program_family,0.9801582796834518,pf_628926e6f8f7,-0.0018587360594795538,0.0,0.0018587360594795538,,0.990706319702593
0,1,semantic_program_family,0.9801582796834518,pf_637d039be886,-0.0018587360594795538,0.0,0.0018587360594795538,,0.990706319702593
0,1,semantic_program_family,0.9801582796834518,pf_63905ed7fe33,-0.0018587360594795538,0.0,0.0018587360594795538,,0.990706319702593
1,0,semantic_program_family,0.9801582796834518,pf_645dfcb088f9,0.016129032258064516,0.016129032258064516,0.0,,0.990706319702593
0,1,semantic_program_family,0.9801582796834518,pf_649b7a003e2e,-0.0018587360594795538,0.0,0.0018587360594795538,,0.990706319702593
0,1,semantic_program_family,0.9801582796834518,pf_64e7d5a41343,-0.0018587360594795538,0.0,0.0018587360594795538,,0.990706319702593
0,1,semantic_program_family,0.9801582796834518,pf_64eb49243d22,-0.0018587360594795538,0.0,0.0018587360594795538,,0.990706319702593
0,1,semantic_program_family,0.9801582796834518,pf_64fba3dce818,-0.0018587360594795538,0.0,0.0018587360594795538,,0.990706319702593
0,1,semantic_program_family,0.9801582796834518,pf_6511f338006b,-0.0018587360594795538,0.0,0.0018587360594795538,,0.990706319702593
0,1,semantic_program_family,0.9801582796834518,pf_666309bd3509,-0.0018587360594795538,0.0,0.0018587360594795538,,0.990706319702593
0,1,semantic_program_family,0.9801582796834518,pf_66e272356ade,-0.0018587360594795538,0.0,0.0018587360594795538,,0.990706319702593
0,1,semantic_program_family,0.9801582796834518,pf_670824098061,-0.0018587360594795538,0.0,0.0018587360594795538,,0.990706319702593
0,1,semantic_program_family,0.9801582796834518,pf_675032847e4e,-0.0018587360594795538,0.0,0.0018587360594795538,,0.990706319702593
0,1,semantic_program_family,0.9801582796834518,pf_67638a4a8c72,-0.0018587360594795538,0.0,0.0018587360594795538,,0.990706319702593
0,1,semantic_program_family,0.9801582796834518,pf_6787a704e13f,-0.0018587360594795538,0.0,0.0018587360594795538,,0.990706319702593
0,1,semantic_program_family,0.9801582796834518,pf_6843f5a6629f,-0.0018587360594795538,0.0,0.0018587360594795538,,0.990706319702593
1,0,semantic_program_family,0.9801582796834518,pf_6877fcf8f670,0.016129032258064516,0.016129032258064516,0.0,,0.990706319702593
0,1,semantic_program_family,0.9801582796834518,pf_689e2e73a2bf,-0.0018587360594795538,0.0,0.0018587360594795538,,0.990706319702593
0,1,semantic_program_family,0.9801582796834518,pf_68e6b5b1a492,-0.0018587360594795538,0.0,0.0018587360594795538,,0.990706319702593
0,1,semantic_program_family,0.9801582796834518,pf_6909d8b57a13,-0.0018587360594795538,0.0,0.0018587360594795538,,0.990706319702593
0,1,semantic_program_family,0.9801582796834518,pf_691b3ae3b1b7,-0.0018587360594795538,0.0,0.0018587360594795538,,0.990706319702593
0,1,semantic_program_family,0.9801582796834518,pf_6b1c1766f9ee,-0.0018587360594795538,0.0,0.0018587360594795538,,0.990706319702593
0,1,semantic_program_family,0.9801582796834518,pf_6b26525160f3,-0.0018587360594795538,0.0,0.0018587360594795538,,0.990706319702593
0,1,semantic_program_family,0.9801582796834518,pf_6bc79c938f9d,-0.0018587360594795538,0.0,0.0018587360594795538,,0.990706319702593
0,1,semantic_program_family,0.9801582796834518,pf_6bff1bd12479,-0.0018587360594795538,0.0,0.0018587360594795538,,0.990706319702593
0,1,semantic_program_family,0.9801582796834518,pf_6d11ae3b527c,-0.0018587360594795538,0.0,0.0018587360594795538,,0.990706319702593
0,1,semantic_program_family,0.9801582796834518,pf_6d3eab69ca85,-0.0018587360594795538,0.0,0.0018587360594795538,,0.990706319702593
0,1,semantic_program_family,0.9801582796834518,pf_6d5005238387,-0.0018587360594795538,0.0,0.0018587360594795538,,0.990706319702593
0,1,semantic_program_family,0.9801582796834518,pf_6e07b427c568,-0.0018587360594795538,0.0,0.0018587360594795538,,0.990706319702593
0,1,semantic_program_family,0.9801582796834518,pf_6e31e440ea2e,-0.0018587360594795538,0.0,0.0018587360594795538,,0.990706319702593
0,1,semantic_program_family,0.9801582796834518,pf_6e83fd7b9f6f,-0.0018587360594795538,0.0,0.0018587360594795538,,0.990706319702593
0,1,semantic_program_family,0.9801582796834518,pf_6e8bfd2c633c,-0.0018587360594795538,0.0,0.0018587360594795538,,0.990706319702593
0,1,semantic_program_family,0.9801582796834518,pf_6f7a855c2f89,-0.0018587360594795538,0.0,0.0018587360594795538,,0.990706319702593
0,1,semantic_program_family,0.9801582796834518,pf_6fd7c5760ff1,-0.0018587360594795538,0.0,0.0018587360594795538,,0.990706319702593
0,1,semantic_program_family,0.9801582796834518,pf_70a51764b444,-0.0018587360594795538,0.0,0.0018587360594795538,,0.990706319702593
0,1,semantic_program_family,0.9801582796834518,pf_71558ad6b63d,-0.0018587360594795538,0.0,0.0018587360594795538,,0.990706319702593
0,1,semantic_program_family,0.9801582796834518,pf_72587af0a412,-0.0018587360594795538,0.0,0.0018587360594795538,,0.990706319702593
0,1,semantic_program_family,0.9801582796834518,pf_7259ee6d013f,-0.0018587360594795538,0.0,0.0018587360594795538,,0.990706319702593
0,1,semantic_program_family,0.9801582796834518,pf_73a687ae5b25,-0.0018587360594795538,0.0,0.0018587360594795538,,0.990706319702593
0,1,semantic_program_family,0.9801582796834518,pf_73d65a7dfa03,-0.0018587360594795538,0.0,0.0018587360594795538,,0.990706319702593
0,1,semantic_program_family,0.9801582796834518,pf_73e0867ab39c,-0.0018587360594795538,0.0,0.0018587360594795538,,0.990706319702593
0,1,semantic_program_family,0.9801582796834518,pf_744594dd61ef,-0.0018587360594795538,0.0,0.0018587360594795538,,0.990706319702593
0,1,semantic_program_family,0.9801582796834518,pf_74b6dc7a0fe3,-0.0018587360594795538,0.0,0.0018587360594795538,,0.990706319702593
0,1,semantic_program_family,0.9801582796834518,pf_76118d6e8537,-0.0018587360594795538,0.0,0.0018587360594795538,,0.990706319702593
0,1,semantic_program_family,0.9801582796834518,pf_76b045b3513a,-0.0018587360594795538,0.0,0.0018587360594795538,,0.990706319702593
0,1,semantic_program_family,0.9801582796834518,pf_7709db511b41,-0.0018587360594795538,0.0,0.0018587360594795538,,0.990706319702593
0,1,semantic_program_family,0.9801582796834518,pf_77e006581229,-0.0018587360594795538,0.0,0.0018587360594795538,,0.990706319702593
0,1,semantic_program_family,0.9801582796834518,pf_78b9c57cc5c8,-0.0018587360594795538,0.0,0.0018587360594795538,,0.990706319702593
1,0,semantic_program_family,0.9801582796834518,pf_7a53b5c3ddf4,0.016129032258064516,0.016129032258064516,0.0,,0.990706319702593
0,1,semantic_program_family,0.9801582796834518,pf_7b7a316831f1,-0.0018587360594795538,0.0,0.0018587360594795538,,0.990706319702593
0,1,semantic_program_family,0.9801582796834518,pf_7e4277c1ef47,-0.0018587360594795538,0.0,0.0018587360594795538,,0.990706319702593
0,1,semantic_program_family,0.9801582796834518,pf_7e77ec82f9fa,-0.0018587360594795538,0.0,0.0018587360594795538,,0.990706319702593
1,0,semantic_program_family,0.9801582796834518,pf_7efa03c14e51,0.016129032258064516,0.016129032258064516,0.0,,0.990706319702593
0,1,semantic_program_family,0.9801582796834518,pf_7f53a9001507,-0.0018587360594795538,0.0,0.0018587360594795538,,0.990706319702593
0,1,semantic_program_family,0.9801582796834518,pf_7f815a810197,-0.0018587360594795538,0.0,0.0018587360594795538,,0.990706319702593
0,1,semantic_program_family,0.9801582796834518,pf_7f9825f04b75,-0.0018587360594795538,0.0,0.0018587360594795538,,0.990706319702593
0,1,semantic_program_family,0.9801582796834518,pf_7fb8564eb0c5,-0.0018587360594795538,0.0,0.0018587360594795538,,0.990706319702593
0,1,semantic_program_family,0.9801582796834518,pf_7fd5cfd80596,-0.0018587360594795538,0.0,0.0018587360594795538,,0.990706319702593
0,1,semantic_program_family,0.9801582796834518,pf_806624f664f0,-0.0018587360594795538,0.0,0.0018587360594795538,,0.990706319702593
0,1,semantic_program_family,0.9801582796834518,pf_80802af1c61c,-0.0018587360594795538,0.0,0.0018587360594795538,,0.990706319702593
0,1,semantic_program_family,0.9801582796834518,pf_80d3be241d6b,-0.0018587360594795538,0.0,0.0018587360594795538,,0.990706319702593
0,1,semantic_program_family,0.9801582796834518,pf_810bd5c5d333,-0.0018587360594795538,0.0,0.0018587360594795538,,0.990706319702593
0,1,semantic_program_family,0.9801582796834518,pf_816dcd791def,-0.0018587360594795538,0.0,0.0018587360594795538,,0.990706319702593
0,1,semantic_program_family,0.9801582796834518,pf_81a699ef42f0,-0.0018587360594795538,0.0,0.0018587360594795538,,0.990706319702593
0,1,semantic_program_family,0.9801582796834518,pf_81c6297012ad,-0.0018587360594795538,0.0,0.0018587360594795538,,0.990706319702593
0,1,semantic_program_family,0.9801582796834518,pf_82892bcffe2a,-0.0018587360594795538,0.0,0.0018587360594795538,,0.990706319702593
0,1,semantic_program_family,0.9801582796834518,pf_82d2ca4911f5,-0.0018587360594795538,0.0,0.0018587360594795538,,0.990706319702593
0,1,semantic_program_family,0.9801582796834518,pf_82ed8132f17f,-0.0018587360594795538,0.0,0.0018587360594795538,,0.990706319702593
0,1,semantic_program_family,0.9801582796834518,pf_832e797d0e26,-0.0018587360594795538,0.0,0.0018587360594795538,,0.990706319702593
1,0,semantic_program_family,0.9801582796834518,pf_837ca42db573,0.016129032258064516,0.016129032258064516,0.0,,0.990706319702593
0,1,semantic_program_family,0.9801582796834518,pf_84c68aee54b2,-0.0018587360594795538,0.0,0.0018587360594795538,,0.990706319702593
0,1,semantic_program_family,0.9801582796834518,pf_84d17332543a,-0.0018587360594795538,0.0,0.0018587360594795538,,0.990706319702593
0,1,semantic_program_family,0.9801582796834518,pf_84ececc4e322,-0.0018587360594795538,0.0,0.0018587360594795538,,0.990706319702593
0,1,semantic_program_family,0.9801582796834518,pf_851a46744f12,-0.0018587360594795538,0.0,0.0018587360594795538,,0.990706319702593
0,1,semantic_program_family,0.9801582796834518,pf_8539e2676c8b,-0.0018587360594795538,0.0,0.0018587360594795538,,0.990706319702593
0,1,semantic_program_family,0.9801582796834518,pf_860702190f33,-0.0018587360594795538,0.0,0.0018587360594795538,,0.990706319702593
0,1,semantic_program_family,0.9801582796834518,pf_864021b67ebd,-0.0018587360594795538,0.0,0.0018587360594795538,,0.990706319702593
0,1,semantic_program_family,0.9801582796834518,pf_869d94cf78ba,-0.0018587360594795538,0.0,0.0018587360594795538,,0.990706319702593
0,1,semantic_program_family,0.9801582796834518,pf_86a084622ea3,-0.0018587360594795538,0.0,0.0018587360594795538,,0.990706319702593
0,1,semantic_program_family,0.9801582796834518,pf_86dcb346aae7,-0.0018587360594795538,0.0,0.0018587360594795538,,0.990706319702593
0,1,semantic_program_family,0.9801582796834518,pf_87c9bf59d190,-0.0018587360594795538,0.0,0.0018587360594795538,,0.990706319702593
0,1,semantic_program_family,0.9801582796834518,pf_8862ceb0772b,-0.0018587360594795538,0.0,0.0018587360594795538,,0.990706319702593
0,1,semantic_program_family,0.9801582796834518,pf_88b4bf932a74,-0.0018587360594795538,0.0,0.0018587360594795538,,0.990706319702593
0,1,semantic_program_family,0.9801582796834518,pf_88ff753c0348,-0.0018587360594795538,0.0,0.0018587360594795538,,0.990706319702593
0,1,semantic_program_family,0.9801582796834518,pf_891f882a87f3,-0.0018587360594795538,0.0,0.0018587360594795538,,0.990706319702593
0,1,semantic_program_family,0.9801582796834518,pf_8983f8681db0,-0.0018587360594795538,0.0,0.0018587360594795538,,0.990706319702593
0,1,semantic_program_family,0.9801582796834518,pf_89d87450bd91,-0.0018587360594795538,0.0,0.0018587360594795538,,0.990706319702593
0,1,semantic_program_family,0.9801582796834518,pf_8a288dd02d5f,-0.0018587360594795538,0.0,0.0018587360594795538,,0.990706319702593
0,1,semantic_program_family,0.9801582796834518,pf_8a5deed6c97e,-0.0018587360594795538,0.0,0.0018587360594795538,,0.990706319702593
0,1,semantic_program_family,0.9801582796834518,pf_8a71eb46dc02,-0.0018587360594795538,0.0,0.0018587360594795538,,0.990706319702593
0,1,semantic_program_family,0.9801582796834518,pf_8adf3be2aa72,-0.0018587360594795538,0.0,0.0018587360594795538,,0.990706319702593
0,1,semantic_program_family,0.9801582796834518,pf_8af2a94a3ad7,-0.0018587360594795538,0.0,0.0018587360594795538,,0.990706319702593
0,1,semantic_program_family,0.9801582796834518,pf_8b57e587de1f,-0.0018587360594795538,0.0,0.0018587360594795538,,0.990706319702593
1,0,semantic_program_family,0.9801582796834518,pf_8baf8e6a54d3,0.016129032258064516,0.016129032258064516,0.0,,0.990706319702593
0,1,semantic_program_family,0.9801582796834518,pf_8bb32f0409ad,-0.0018587360594795538,0.0,0.0018587360594795538,,0.990706319702593
0,1,semantic_program_family,0.9801582796834518,pf_8c9c9e4b85f4,-0.0018587360594795538,0.0,0.0018587360594795538,,0.990706319702593
0,1,semantic_program_family,0.9801582796834518,pf_8d10664dd84f,-0.0018587360594795538,0.0,0.0018587360594795538,,0.990706319702593
0,1,semantic_program_family,0.9801582796834518,pf_8d3ea28c7c48,-0.0018587360594795538,0.0,0.0018587360594795538,,0.990706319702593
0,1,semantic_program_family,0.9801582796834518,pf_8def7060337e,-0.0018587360594795538,0.0,0.0018587360594795538,,0.990706319702593
0,1,semantic_program_family,0.9801582796834518,pf_8e2a6da16d2c,-0.0018587360594795538,0.0,0.0018587360594795538,,0.990706319702593
0,1,semantic_program_family,0.9801582796834518,pf_8e317811312d,-0.0018587360594795538,0.0,0.0018587360594795538,,0.990706319702593
0,1,semantic_program_family,0.9801582796834518,pf_8e847fabc02c,-0.0018587360594795538,0.0,0.0018587360594795538,,0.990706319702593
0,1,semantic_program_family,0.9801582796834518,pf_8eeeafcfbc7e,-0.0018587360594795538,0.0,0.0018587360594795538,,0.990706319702593
0,1,semantic_program_family,0.9801582796834518,pf_8f04a76aeb59,-0.0018587360594795538,0.0,0.0018587360594795538,,0.990706319702593
0,1,semantic_program_family,0.9801582796834518,pf_8f7d5e9b8348,-0.0018587360594795538,0.0,0.0018587360594795538,,0.990706319702593
0,1,semantic_program_family,0.9801582796834518,pf_8fc5011053dc,-0.0018587360594795538,0.0,0.0018587360594795538,,0.990706319702593
0,1,semantic_program_family,0.9801582796834518,pf_8feab6b8965d,-0.0018587360594795538,0.0,0.0018587360594795538,,0.990706319702593
0,1,semantic_program_family,0.9801582796834518,pf_909d7a8d9462,-0.0018587360594795538,0.0,0.0018587360594795538,,0.990706319702593
0,1,semantic_program_family,0.9801582796834518,pf_921434bcbe0f,-0.0018587360594795538,0.0,0.0018587360594795538,,0.990706319702593
0,1,semantic_program_family,0.9801582796834518,pf_9285b495281e,-0.0018587360594795538,0.0,0.0018587360594795538,,0.990706319702593
0,1,semantic_program_family,0.9801582796834518,pf_934b04b3add1,-0.0018587360594795538,0.0,0.0018587360594795538,,0.990706319702593
0,1,semantic_program_family,0.9801582796834518,pf_93aafb5bdbc8,-0.0018587360594795538,0.0,0.0018587360594795538,,0.990706319702593
0,1,semantic_program_family,0.9801582796834518,pf_9407ad6c7c8b,-0.0018587360594795538,0.0,0.0018587360594795538,,0.990706319702593
0,1,semantic_program_family,0.9801582796834518,pf_94634aeadc0b,-0.0018587360594795538,0.0,0.0018587360594795538,,0.990706319702593
0,1,semantic_program_family,0.9801582796834518,pf_94f3a3010c98,-0.0018587360594795538,0.0,0.0018587360594795538,,0.990706319702593
0,1,semantic_program_family,0.9801582796834518,pf_951942d5e891,-0.0018587360594795538,0.0,0.0018587360594795538,,0.990706319702593
0,1,semantic_program_family,0.9801582796834518,pf_9560641ad34f,-0.0018587360594795538,0.0,0.0018587360594795538,,0.990706319702593
0,1,semantic_program_family,0.9801582796834518,pf_957a930494fb,-0.0018587360594795538,0.0,0.0018587360594795538,,0.990706319702593
0,1,semantic_program_family,0.9801582796834518,pf_95ea08bc615c,-0.0018587360594795538,0.0,0.0018587360594795538,,0.990706319702593
0,1,semantic_program_family,0.9801582796834518,pf_965999fa209e,-0.0018587360594795538,0.0,0.0018587360594795538,,0.990706319702593
0,1,semantic_program_family,0.9801582796834518,pf_965f5e14f039,-0.0018587360594795538,0.0,0.0018587360594795538,,0.990706319702593
0,1,semantic_program_family,0.9801582796834518,pf_969038cb9497,-0.0018587360594795538,0.0,0.0018587360594795538,,0.990706319702593
0,1,semantic_program_family,0.9801582796834518,pf_9708bac38791,-0.0018587360594795538,0.0,0.0018587360594795538,,0.990706319702593
0,1,semantic_program_family,0.9801582796834518,pf_971bc5d92e4e,-0.0018587360594795538,0.0,0.0018587360594795538,,0.990706319702593
0,1,semantic_program_family,0.9801582796834518,pf_98ac9bcc4516,-0.0018587360594795538,0.0,0.0018587360594795538,,0.990706319702593
0,1,semantic_program_family,0.9801582796834518,pf_991403b7a818,-0.0018587360594795538,0.0,0.0018587360594795538,,0.990706319702593
0,1,semantic_program_family,0.9801582796834518,pf_9a08711eb392,-0.0018587360594795538,0.0,0.0018587360594795538,,0.990706319702593
0,1,semantic_program_family,0.9801582796834518,pf_9b285b6421a2,-0.0018587360594795538,0.0,0.0018587360594795538,,0.990706319702593
0,1,semantic_program_family,0.9801582796834518,pf_9b5259781bac,-0.0018587360594795538,0.0,0.0018587360594795538,,0.990706319702593
0,1,semantic_program_family,0.9801582796834518,pf_9b74a2874137,-0.0018587360594795538,0.0,0.0018587360594795538,,0.990706319702593
0,1,semantic_program_family,0.9801582796834518,pf_9bebbb29be80,-0.0018587360594795538,0.0,0.0018587360594795538,,0.990706319702593
0,2,semantic_program_family,0.9801582796834518,pf_9c406147b66a,-0.0037174721189591076,0.0,0.0037174721189591076,,0.990706319702593
0,1,semantic_program_family,0.9801582796834518,pf_9d1ca98ebad2,-0.0018587360594795538,0.0,0.0018587360594795538,,0.990706319702593
0,1,semantic_program_family,0.9801582796834518,pf_9d6a109fb58f,-0.0018587360594795538,0.0,0.0018587360594795538,,0.990706319702593
1,0,semantic_program_family,0.9801582796834518,pf_9df79eae7032,0.016129032258064516,0.016129032258064516,0.0,,0.990706319702593
0,1,semantic_program_family,0.9801582796834518,pf_9e66ada3cd0a,-0.0018587360594795538,0.0,0.0018587360594795538,,0.990706319702593
0,1,semantic_program_family,0.9801582796834518,pf_9e6a048f1c15,-0.0018587360594795538,0.0,0.0018587360594795538,,0.990706319702593
0,1,semantic_program_family,0.9801582796834518,pf_9f89b884f64d,-0.0018587360594795538,0.0,0.0018587360594795538,,0.990706319702593
0,1,semantic_program_family,0.9801582796834518,pf_9f8ea3a9629d,-0.0018587360594795538,0.0,0.0018587360594795538,,0.990706319702593
0,1,semantic_program_family,0.9801582796834518,pf_a1141f074219,-0.0018587360594795538,0.0,0.0018587360594795538,,0.990706319702593
1,0,semantic_program_family,0.9801582796834518,pf_a13757587852,0.016129032258064516,0.016129032258064516,0.0,,0.990706319702593
0,1,semantic_program_family,0.9801582796834518,pf_a23827ee105c,-0.0018587360594795538,0.0,0.0018587360594795538,,0.990706319702593
0,1,semantic_program_family,0.9801582796834518,pf_a2badaff8e06,-0.0018587360594795538,0.0,0.0018587360594795538,,0.990706319702593
0,1,semantic_program_family,0.9801582796834518,pf_a2e960f2681e,-0.0018587360594795538,0.0,0.0018587360594795538,,0.990706319702593
0,1,semantic_program_family,0.9801582796834518,pf_a37ddb789c77,-0.0018587360594795538,0.0,0.0018587360594795538,,0.990706319702593
0,2,semantic_program_family,0.9801582796834518,pf_a3c7b23db485,-0.0037174721189591076,0.0,0.0037174721189591076,,0.990706319702593
0,1,semantic_program_family,0.9801582796834518,pf_a416deb567f1,-0.0018587360594795538,0.0,0.0018587360594795538,,0.990706319702593
0,1,semantic_program_family,0.9801582796834518,pf_a460915489a2,-0.0018587360594795538,0.0,0.0018587360594795538,,0.990706319702593
1,0,semantic_program_family,0.9801582796834518,pf_a477cde89abf,0.016129032258064516,0.016129032258064516,0.0,,0.990706319702593
0,1,semantic_program_family,0.9801582796834518,pf_a56a41cdeb45,-0.0018587360594795538,0.0,0.0018587360594795538,,0.990706319702593
0,1,semantic_program_family,0.9801582796834518,pf_a5a2c93ddd26,-0.0018587360594795538,0.0,0.0018587360594795538,,0.990706319702593
0,1,semantic_program_family,0.9801582796834518,pf_a5fe14b1632c,-0.0018587360594795538,0.0,0.0018587360594795538,,0.990706319702593
0,1,semantic_program_family,0.9801582796834518,pf_a60b270dd774,-0.0018587360594795538,0.0,0.0018587360594795538,,0.990706319702593
1,0,semantic_program_family,0.9801582796834518,pf_a69c83b8fcb8,0.016129032258064516,0.016129032258064516,0.0,,0.990706319702593
0,1,semantic_program_family,0.9801582796834518,pf_a759a3caf163,-0.0018587360594795538,0.0,0.0018587360594795538,,0.990706319702593
0,1,semantic_program_family,0.9801582796834518,pf_a79d4be36844,-0.0018587360594795538,0.0,0.0018587360594795538,,0.990706319702593
1,0,semantic_program_family,0.9801582796834518,pf_a80c40d7b433,0.016129032258064516,0.016129032258064516,0.0,,0.990706319702593
1,0,semantic_program_family,0.9801582796834518,pf_a813b1a5d0b7,0.016129032258064516,0.016129032258064516,0.0,,0.990706319702593
0,1,semantic_program_family,0.9801582796834518,pf_a8ca89aadfc7,-0.0018587360594795538,0.0,0.0018587360594795538,,0.990706319702593
0,1,semantic_program_family,0.9801582796834518,pf_a8efbe078e59,-0.0018587360594795538,0.0,0.0018587360594795538,,0.990706319702593
0,1,semantic_program_family,0.9801582796834518,pf_a9773a1fdea2,-0.0018587360594795538,0.0,0.0018587360594795538,,0.990706319702593
0,1,semantic_program_family,0.9801582796834518,pf_a9854ae9b51e,-0.0018587360594795538,0.0,0.0018587360594795538,,0.990706319702593
0,1,semantic_program_family,0.9801582796834518,pf_a9bbc8eec755,-0.0018587360594795538,0.0,0.0018587360594795538,,0.990706319702593
0,1,semantic_program_family,0.9801582796834518,pf_aa27f4ee9a83,-0.0018587360594795538,0.0,0.0018587360594795538,,0.990706319702593
0,1,semantic_program_family,0.9801582796834518,pf_aac24f636c29,-0.0018587360594795538,0.0,0.0018587360594795538,,0.990706319702593
0,1,semantic_program_family,0.9801582796834518,pf_ab1e90e356d1,-0.0018587360594795538,0.0,0.0018587360594795538,,0.990706319702593
0,1,semantic_program_family,0.9801582796834518,pf_ab286a490beb,-0.0018587360594795538,0.0,0.0018587360594795538,,0.990706319702593
1,0,semantic_program_family,0.9801582796834518,pf_ab6ef6dc3848,0.016129032258064516,0.016129032258064516,0.0,,0.990706319702593
0,1,semantic_program_family,0.9801582796834518,pf_ab8a42950515,-0.0018587360594795538,0.0,0.0018587360594795538,,0.990706319702593
0,1,semantic_program_family,0.9801582796834518,pf_abb1cf9d6323,-0.0018587360594795538,0.0,0.0018587360594795538,,0.990706319702593
0,1,semantic_program_family,0.9801582796834518,pf_abc1e6531630,-0.0018587360594795538,0.0,0.0018587360594795538,,0.990706319702593
0,1,semantic_program_family,0.9801582796834518,pf_abd10acd3573,-0.0018587360594795538,0.0,0.0018587360594795538,,0.990706319702593
0,1,semantic_program_family,0.9801582796834518,pf_abdeb8360a3e,-0.0018587360594795538,0.0,0.0018587360594795538,,0.990706319702593
0,1,semantic_program_family,0.9801582796834518,pf_acaa553fada8,-0.0018587360594795538,0.0,0.0018587360594795538,,0.990706319702593
0,1,semantic_program_family,0.9801582796834518,pf_ad1e95a220fa,-0.0018587360594795538,0.0,0.0018587360594795538,,0.990706319702593
0,1,semantic_program_family,0.9801582796834518,pf_ad6663a0ba31,-0.0018587360594795538,0.0,0.0018587360594795538,,0.990706319702593
0,1,semantic_program_family,0.9801582796834518,pf_ae6e649c9c9a,-0.0018587360594795538,0.0,0.0018587360594795538,,0.990706319702593
0,1,semantic_program_family,0.9801582796834518,pf_b013d1926786,-0.0018587360594795538,0.0,0.0018587360594795538,,0.990706319702593
0,1,semantic_program_family,0.9801582796834518,pf_b05a6d952e6e,-0.0018587360594795538,0.0,0.0018587360594795538,,0.990706319702593
1,0,semantic_program_family,0.9801582796834518,pf_b164c3db1bba,0.016129032258064516,0.016129032258064516,0.0,,0.990706319702593
0,1,semantic_program_family,0.9801582796834518,pf_b1b6c3c80b3f,-0.0018587360594795538,0.0,0.0018587360594795538,,0.990706319702593
0,1,semantic_program_family,0.9801582796834518,pf_b202ea7a4fad,-0.0018587360594795538,0.0,0.0018587360594795538,,0.990706319702593
0,1,semantic_program_family,0.9801582796834518,pf_b42d740232c3,-0.0018587360594795538,0.0,0.0018587360594795538,,0.990706319702593
0,1,semantic_program_family,0.9801582796834518,pf_b43c1892c8ae,-0.0018587360594795538,0.0,0.0018587360594795538,,0.990706319702593
0,1,semantic_program_family,0.9801582796834518,pf_b44af1504a78,-0.0018587360594795538,0.0,0.0018587360594795538,,0.990706319702593
0,1,semantic_program_family,0.9801582796834518,pf_b49b21282f1f,-0.0018587360594795538,0.0,0.0018587360594795538,,0.990706319702593
0,1,semantic_program_family,0.9801582796834518,pf_b4e1f57c175e,-0.0018587360594795538,0.0,0.0018587360594795538,,0.990706319702593
0,1,semantic_program_family,0.9801582796834518,pf_b4e85fc21047,-0.0018587360594795538,0.0,0.0018587360594795538,,0.990706319702593
0,3,semantic_program_family,0.9801582796834518,pf_b4fcf5a0bac0,-0.0055762081784386614,0.0,0.0055762081784386614,,0.990706319702593
0,1,semantic_program_family,0.9801582796834518,pf_b58c6eed342f,-0.0018587360594795538,0.0,0.0018587360594795538,,0.990706319702593
1,0,semantic_program_family,0.9801582796834518,pf_b59fe7404644,0.016129032258064516,0.016129032258064516,0.0,,0.990706319702593
0,1,semantic_program_family,0.9801582796834518,pf_b615f82f3080,-0.0018587360594795538,0.0,0.0018587360594795538,,0.990706319702593
0,2,semantic_program_family,0.9801582796834518,pf_b62433ae0f53,-0.0037174721189591076,0.0,0.0037174721189591076,,0.990706319702593
0,1,semantic_program_family,0.9801582796834518,pf_b63d0213577b,-0.0018587360594795538,0.0,0.0018587360594795538,,0.990706319702593
0,1,semantic_program_family,0.9801582796834518,pf_b68927c61851,-0.0018587360594795538,0.0,0.0018587360594795538,,0.990706319702593
0,1,semantic_program_family,0.9801582796834518,pf_b6ac93711767,-0.0018587360594795538,0.0,0.0018587360594795538,,0.990706319702593
0,1,semantic_program_family,0.9801582796834518,pf_b70cf5f75494,-0.0018587360594795538,0.0,0.0018587360594795538,,0.990706319702593
0,1,semantic_program_family,0.9801582796834518,pf_b72aae104813,-0.0018587360594795538,0.0,0.0018587360594795538,,0.990706319702593
0,1,semantic_program_family,0.9801582796834518,pf_b7a5a9fa60ea,-0.0018587360594795538,0.0,0.0018587360594795538,,0.990706319702593
0,1,semantic_program_family,0.9801582796834518,pf_b7d4b8bc9e07,-0.0018587360594795538,0.0,0.0018587360594795538,,0.990706319702593
0,3,semantic_program_family,0.9801582796834518,pf_b8b72ab43a11,-0.0055762081784386614,0.0,0.0055762081784386614,,0.990706319702593
0,1,semantic_program_family,0.9801582796834518,pf_b8dd02347cff,-0.0018587360594795538,0.0,0.0018587360594795538,,0.990706319702593
0,1,semantic_program_family,0.9801582796834518,pf_b9d4735d8ba9,-0.0018587360594795538,0.0,0.0018587360594795538,,0.990706319702593
0,1,semantic_program_family,0.9801582796834518,pf_b9df05a9f13f,-0.0018587360594795538,0.0,0.0018587360594795538,,0.990706319702593
0,1,semantic_program_family,0.9801582796834518,pf_bab7383744ef,-0.0018587360594795538,0.0,0.0018587360594795538,,0.990706319702593
0,1,semantic_program_family,0.9801582796834518,pf_bacec9b5823d,-0.0018587360594795538,0.0,0.0018587360594795538,,0.990706319702593
0,1,semantic_program_family,0.9801582796834518,pf_bc4a531f9651,-0.0018587360594795538,0.0,0.0018587360594795538,,0.990706319702593
0,1,semantic_program_family,0.9801582796834518,pf_bc7f6e1d121c,-0.0018587360594795538,0.0,0.0018587360594795538,,0.990706319702593
0,1,semantic_program_family,0.9801582796834518,pf_bceacdf022a5,-0.0018587360594795538,0.0,0.0018587360594795538,,0.990706319702593
0,1,semantic_program_family,0.9801582796834518,pf_bd327667378d,-0.0018587360594795538,0.0,0.0018587360594795538,,0.990706319702593
0,1,semantic_program_family,0.9801582796834518,pf_bd9cc41592b1,-0.0018587360594795538,0.0,0.0018587360594795538,,0.990706319702593
0,1,semantic_program_family,0.9801582796834518,pf_bdf3606541cf,-0.0018587360594795538,0.0,0.0018587360594795538,,0.990706319702593
0,1,semantic_program_family,0.9801582796834518,pf_be7c496e46c7,-0.0018587360594795538,0.0,0.0018587360594795538,,0.990706319702593
0,1,semantic_program_family,0.9801582796834518,pf_bfb91935927f,-0.0018587360594795538,0.0,0.0018587360594795538,,0.990706319702593
0,1,semantic_program_family,0.9801582796834518,pf_c0018ac17e81,-0.0018587360594795538,0.0,0.0018587360594795538,,0.990706319702593
0,1,semantic_program_family,0.9801582796834518,pf_c03e2d02494d,-0.0018587360594795538,0.0,0.0018587360594795538,,0.990706319702593
0,1,semantic_program_family,0.9801582796834518,pf_c0498a6b5586,-0.0018587360594795538,0.0,0.0018587360594795538,,0.990706319702593
1,0,semantic_program_family,0.9801582796834518,pf_c0743005dbee,0.016129032258064516,0.016129032258064516,0.0,,0.990706319702593
0,1,semantic_program_family,0.9801582796834518,pf_c0a3fb969661,-0.0018587360594795538,0.0,0.0018587360594795538,,0.990706319702593
0,1,semantic_program_family,0.9801582796834518,pf_c0c216e45ee7,-0.0018587360594795538,0.0,0.0018587360594795538,,0.990706319702593
0,1,semantic_program_family,0.9801582796834518,pf_c0e13fb6efbb,-0.0018587360594795538,0.0,0.0018587360594795538,,0.990706319702593
1,0,semantic_program_family,0.9801582796834518,pf_c10bf5bbb79e,0.016129032258064516,0.016129032258064516,0.0,,0.990706319702593
0,1,semantic_program_family,0.9801582796834518,pf_c1b54f9bd597,-0.0018587360594795538,0.0,0.0018587360594795538,,0.990706319702593
0,1,semantic_program_family,0.9801582796834518,pf_c216d0bd7476,-0.0018587360594795538,0.0,0.0018587360594795538,,0.990706319702593
0,2,semantic_program_family,0.9801582796834518,pf_c218401edf38,-0.0037174721189591076,0.0,0.0037174721189591076,,0.990706319702593
0,1,semantic_program_family,0.9801582796834518,pf_c4b8dbd28544,-0.0018587360594795538,0.0,0.0018587360594795538,,0.990706319702593
0,1,semantic_program_family,0.9801582796834518,pf_c4cd5da4c49c,-0.0018587360594795538,0.0,0.0018587360594795538,,0.990706319702593
0,1,semantic_program_family,0.9801582796834518,pf_c4df088b4ffa,-0.0018587360594795538,0.0,0.0018587360594795538,,0.990706319702593
0,1,semantic_program_family,0.9801582796834518,pf_c50799b24f6f,-0.0018587360594795538,0.0,0.0018587360594795538,,0.990706319702593
0,1,semantic_program_family,0.9801582796834518,pf_c577c51cfed6,-0.0018587360594795538,0.0,0.0018587360594795538,,0.990706319702593
0,1,semantic_program_family,0.9801582796834518,pf_c5f2961b4c81,-0.0018587360594795538,0.0,0.0018587360594795538,,0.990706319702593
0,1,semantic_program_family,0.9801582796834518,pf_c60898b496c5,-0.0018587360594795538,0.0,0.0018587360594795538,,0.990706319702593
1,0,semantic_program_family,0.9801582796834518,pf_c70cbeffe26d,0.016129032258064516,0.016129032258064516,0.0,,0.990706319702593
1,0,semantic_program_family,0.9801582796834518,pf_c7821830b231,0.016129032258064516,0.016129032258064516,0.0,,0.990706319702593
0,1,semantic_program_family,0.9801582796834518,pf_c7be6271a117,-0.0018587360594795538,0.0,0.0018587360594795538,,0.990706319702593
0,1,semantic_program_family,0.9801582796834518,pf_c8b0475cdefc,-0.0018587360594795538,0.0,0.0018587360594795538,,0.990706319702593
0,1,semantic_program_family,0.9801582796834518,pf_c8f92db4f46d,-0.0018587360594795538,0.0,0.0018587360594795538,,0.990706319702593
0,1,semantic_program_family,0.9801582796834518,pf_c95830a0a4dc,-0.0018587360594795538,0.0,0.0018587360594795538,,0.990706319702593
0,1,semantic_program_family,0.9801582796834518,pf_ca4f871c5fc8,-0.0018587360594795538,0.0,0.0018587360594795538,,0.990706319702593
0,1,semantic_program_family,0.9801582796834518,pf_ca5813331a01,-0.0018587360594795538,0.0,0.0018587360594795538,,0.990706319702593
1,0,semantic_program_family,0.9801582796834518,pf_cab99a7511ba,0.016129032258064516,0.016129032258064516,0.0,,0.990706319702593
0,1,semantic_program_family,0.9801582796834518,pf_cb9fcd400114,-0.0018587360594795538,0.0,0.0018587360594795538,,0.990706319702593
0,1,semantic_program_family,0.9801582796834518,pf_cc0df5ea56c0,-0.0018587360594795538,0.0,0.0018587360594795538,,0.990706319702593
0,1,semantic_program_family,0.9801582796834518,pf_ccc891b8e9cc,-0.0018587360594795538,0.0,0.0018587360594795538,,0.990706319702593
0,1,semantic_program_family,0.9801582796834518,pf_ccfa2950fd16,-0.0018587360594795538,0.0,0.0018587360594795538,,0.990706319702593
0,1,semantic_program_family,0.9801582796834518,pf_cd2ba044761d,-0.0018587360594795538,0.0,0.0018587360594795538,,0.990706319702593
0,1,semantic_program_family,0.9801582796834518,pf_cd5ee2d3af51,-0.0018587360594795538,0.0,0.0018587360594795538,,0.990706319702593
0,1,semantic_program_family,0.9801582796834518,pf_cda3ed2f0f50,-0.0018587360594795538,0.0,0.0018587360594795538,,0.990706319702593
0,1,semantic_program_family,0.9801582796834518,pf_cdd96c839511,-0.0018587360594795538,0.0,0.0018587360594795538,,0.990706319702593
0,1,semantic_program_family,0.9801582796834518,pf_ce1654367ddd,-0.0018587360594795538,0.0,0.0018587360594795538,,0.990706319702593
0,1,semantic_program_family,0.9801582796834518,pf_cf4c67b20ae6,-0.0018587360594795538,0.0,0.0018587360594795538,,0.990706319702593
0,1,semantic_program_family,0.9801582796834518,pf_cf830cdb21b6,-0.0018587360594795538,0.0,0.0018587360594795538,,0.990706319702593
1,0,semantic_program_family,0.9801582796834518,pf_d0358b0b21c1,0.016129032258064516,0.016129032258064516,0.0,,0.990706319702593
0,1,semantic_program_family,0.9801582796834518,pf_d08ee651bed4,-0.0018587360594795538,0.0,0.0018587360594795538,,0.990706319702593
0,1,semantic_program_family,0.9801582796834518,pf_d20d4c3118f4,-0.0018587360594795538,0.0,0.0018587360594795538,,0.990706319702593
0,1,semantic_program_family,0.9801582796834518,pf_d23bf1af4358,-0.0018587360594795538,0.0,0.0018587360594795538,,0.990706319702593
0,1,semantic_program_family,0.9801582796834518,pf_d258bfe7e0bf,-0.0018587360594795538,0.0,0.0018587360594795538,,0.990706319702593
1,0,semantic_program_family,0.9801582796834518,pf_d2bbd13093ce,0.016129032258064516,0.016129032258064516,0.0,,0.990706319702593
0,1,semantic_program_family,0.9801582796834518,pf_d4095e48d545,-0.0018587360594795538,0.0,0.0018587360594795538,,0.990706319702593
0,1,semantic_program_family,0.9801582796834518,pf_d414f94c7df2,-0.0018587360594795538,0.0,0.0018587360594795538,,0.990706319702593
0,1,semantic_program_family,0.9801582796834518,pf_d422c2c7ecf4,-0.0018587360594795538,0.0,0.0018587360594795538,,0.990706319702593
0,1,semantic_program_family,0.9801582796834518,pf_d43bac0d8646,-0.0018587360594795538,0.0,0.0018587360594795538,,0.990706319702593
0,1,semantic_program_family,0.9801582796834518,pf_d4975547196e,-0.0018587360594795538,0.0,0.0018587360594795538,,0.990706319702593
0,1,semantic_program_family,0.9801582796834518,pf_d53ed11b9fb7,-0.0018587360594795538,0.0,0.0018587360594795538,,0.990706319702593
0,1,semantic_program_family,0.9801582796834518,pf_d58e052dc610,-0.0018587360594795538,0.0,0.0018587360594795538,,0.990706319702593
0,1,semantic_program_family,0.9801582796834518,pf_d5fe75ecfc96,-0.0018587360594795538,0.0,0.0018587360594795538,,0.990706319702593
0,1,semantic_program_family,0.9801582796834518,pf_d662e957b82f,-0.0018587360594795538,0.0,0.0018587360594795538,,0.990706319702593
0,1,semantic_program_family,0.9801582796834518,pf_d70cad0a9d92,-0.0018587360594795538,0.0,0.0018587360594795538,,0.990706319702593
1,0,semantic_program_family,0.9801582796834518,pf_d72c7dc1ac75,0.016129032258064516,0.016129032258064516,0.0,,0.990706319702593
0,1,semantic_program_family,0.9801582796834518,pf_d7cb7c814467,-0.0018587360594795538,0.0,0.0018587360594795538,,0.990706319702593
0,1,semantic_program_family,0.9801582796834518,pf_d8aecb5c6954,-0.0018587360594795538,0.0,0.0018587360594795538,,0.990706319702593
0,1,semantic_program_family,0.9801582796834518,pf_d8e65a55662e,-0.0018587360594795538,0.0,0.0018587360594795538,,0.990706319702593
0,1,semantic_program_family,0.9801582796834518,pf_d8f5cde9071d,-0.0018587360594795538,0.0,0.0018587360594795538,,0.990706319702593
0,2,semantic_program_family,0.9801582796834518,pf_da0c77b554a1,-0.0037174721189591076,0.0,0.0037174721189591076,,0.990706319702593
0,1,semantic_program_family,0.9801582796834518,pf_dbf3df71527a,-0.0018587360594795538,0.0,0.0018587360594795538,,0.990706319702593
0,1,semantic_program_family,0.9801582796834518,pf_dc27069a6c3f,-0.0018587360594795538,0.0,0.0018587360594795538,,0.990706319702593
0,1,semantic_program_family,0.9801582796834518,pf_dc5b669a400b,-0.0018587360594795538,0.0,0.0018587360594795538,,0.990706319702593
0,1,semantic_program_family,0.9801582796834518,pf_dccbbf4b2e72,-0.0018587360594795538,0.0,0.0018587360594795538,,0.990706319702593
0,1,semantic_program_family,0.9801582796834518,pf_dd1af6b564a0,-0.0018587360594795538,0.0,0.0018587360594795538,,0.990706319702593
0,1,semantic_program_family,0.9801582796834518,pf_dd41cc69c792,-0.0018587360594795538,0.0,0.0018587360594795538,,0.990706319702593
0,1,semantic_program_family,0.9801582796834518,pf_dd91c64be8a1,-0.0018587360594795538,0.0,0.0018587360594795538,,0.990706319702593
0,1,semantic_program_family,0.9801582796834518,pf_ddfef0be8e78,-0.0018587360594795538,0.0,0.0018587360594795538,,0.990706319702593
0,1,semantic_program_family,0.9801582796834518,pf_de2b9d1d61cc,-0.0018587360594795538,0.0,0.0018587360594795538,,0.990706319702593
1,0,semantic_program_family,0.9801582796834518,pf_de7667e6cd32,0.016129032258064516,0.016129032258064516,0.0,,0.990706319702593
0,1,semantic_program_family,0.9801582796834518,pf_df532c2b92c5,-0.0018587360594795538,0.0,0.0018587360594795538,,0.990706319702593
1,0,semantic_program_family,0.9801582796834518,pf_df73cfe89da3,0.016129032258064516,0.016129032258064516,0.0,,0.990706319702593
0,1,semantic_program_family,0.9801582796834518,pf_dfdbf917c414,-0.0018587360594795538,0.0,0.0018587360594795538,,0.990706319702593
0,1,semantic_program_family,0.9801582796834518,pf_e0e49313aa84,-0.0018587360594795538,0.0,0.0018587360594795538,,0.990706319702593
0,1,semantic_program_family,0.9801582796834518,pf_e0fedbe60b89,-0.0018587360594795538,0.0,0.0018587360594795538,,0.990706319702593
0,2,semantic_program_family,0.9801582796834518,pf_e21c7ecec690,-0.0037174721189591076,0.0,0.0037174721189591076,,0.990706319702593
0,1,semantic_program_family,0.9801582796834518,pf_e2fdf54f2083,-0.0018587360594795538,0.0,0.0018587360594795538,,0.990706319702593
0,1,semantic_program_family,0.9801582796834518,pf_e30ed60f1aaa,-0.0018587360594795538,0.0,0.0018587360594795538,,0.990706319702593
0,1,semantic_program_family,0.9801582796834518,pf_e38f2a409b08,-0.0018587360594795538,0.0,0.0018587360594795538,,0.990706319702593
0,1,semantic_program_family,0.9801582796834518,pf_e48e1c42ead9,-0.0018587360594795538,0.0,0.0018587360594795538,,0.990706319702593
0,1,semantic_program_family,0.9801582796834518,pf_e5bf074a8cd0,-0.0018587360594795538,0.0,0.0018587360594795538,,0.990706319702593
0,1,semantic_program_family,0.9801582796834518,pf_e61390eb4b1d,-0.0018587360594795538,0.0,0.0018587360594795538,,0.990706319702593
0,1,semantic_program_family,0.9801582796834518,pf_e66ade6790eb,-0.0018587360594795538,0.0,0.0018587360594795538,,0.990706319702593
0,1,semantic_program_family,0.9801582796834518,pf_e6c7e24a389e,-0.0018587360594795538,0.0,0.0018587360594795538,,0.990706319702593
0,1,semantic_program_family,0.9801582796834518,pf_e7d991af206d,-0.0018587360594795538,0.0,0.0018587360594795538,,0.990706319702593
0,1,semantic_program_family,0.9801582796834518,pf_e90ff06a912d,-0.0018587360594795538,0.0,0.0018587360594795538,,0.990706319702593
0,1,semantic_program_family,0.9801582796834518,pf_e935f583b0cd,-0.0018587360594795538,0.0,0.0018587360594795538,,0.990706319702593
0,1,semantic_program_family,0.9801582796834518,pf_e93e24332715,-0.0018587360594795538,0.0,0.0018587360594795538,,0.990706319702593
0,1,semantic_program_family,0.9801582796834518,pf_ea6021d0a9bc,-0.0018587360594795538,0.0,0.0018587360594795538,,0.990706319702593
0,1,semantic_program_family,0.9801582796834518,pf_eac4788b7307,-0.0018587360594795538,0.0,0.0018587360594795538,,0.990706319702593
0,1,semantic_program_family,0.9801582796834518,pf_eb0c96f6acaf,-0.0018587360594795538,0.0,0.0018587360594795538,,0.990706319702593
0,1,semantic_program_family,0.9801582796834518,pf_eb543ea0a660,-0.0018587360594795538,0.0,0.0018587360594795538,,0.990706319702593
0,1,semantic_program_family,0.9801582796834518,pf_ebde05d4ebe8,-0.0018587360594795538,0.0,0.0018587360594795538,,0.990706319702593
0,1,semantic_program_family,0.9801582796834518,pf_ebec2d906d03,-0.0018587360594795538,0.0,0.0018587360594795538,,0.990706319702593
0,1,semantic_program_family,0.9801582796834518,pf_ec4d6d297866,-0.0018587360594795538,0.0,0.0018587360594795538,,0.990706319702593
0,1,semantic_program_family,0.9801582796834518,pf_ece7746b4a56,-0.0018587360594795538,0.0,0.0018587360594795538,,0.990706319702593
0,1,semantic_program_family,0.9801582796834518,pf_edc00f347e86,-0.0018587360594795538,0.0,0.0018587360594795538,,0.990706319702593
0,1,semantic_program_family,0.9801582796834518,pf_ee231857cd9d,-0.0018587360594795538,0.0,0.0018587360594795538,,0.990706319702593
1,0,semantic_program_family,0.9801582796834518,pf_eeb21ef9c92a,0.016129032258064516,0.016129032258064516,0.0,,0.990706319702593
0,1,semantic_program_family,0.9801582796834518,pf_eed76ad88c32,-0.0018587360594795538,0.0,0.0018587360594795538,,0.990706319702593
0,1,semantic_program_family,0.9801582796834518,pf_ef2a35975c2c,-0.0018587360594795538,0.0,0.0018587360594795538,,0.990706319702593
0,1,semantic_program_family,0.9801582796834518,pf_ef982f1403fe,-0.0018587360594795538,0.0,0.0018587360594795538,,0.990706319702593
0,1,semantic_program_family,0.9801582796834518,pf_efb56e3b02fc,-0.0018587360594795538,0.0,0.0018587360594795538,,0.990706319702593
0,1,semantic_program_family,0.9801582796834518,pf_efef00534784,-0.0018587360594795538,0.0,0.0018587360594795538,,0.990706319702593
0,1,semantic_program_family,0.9801582796834518,pf_f06ff43b9f5d,-0.0018587360594795538,0.0,0.0018587360594795538,,0.990706319702593
0,1,semantic_program_family,0.9801582796834518,pf_f0f6a80ee26f,-0.0018587360594795538,0.0,0.0018587360594795538,,0.990706319702593
0,1,semantic_program_family,0.9801582796834518,pf_f28ed6a6c535,-0.0018587360594795538,0.0,0.0018587360594795538,,0.990706319702593
0,1,semantic_program_family,0.9801582796834518,pf_f2a3b5ee88bc,-0.0018587360594795538,0.0,0.0018587360594795538,,0.990706319702593
0,4,semantic_program_family,0.9801582796834518,pf_f2f1f9deb112,-0.007434944237918215,0.0,0.007434944237918215,,0.990706319702593
0,1,semantic_program_family,0.9801582796834518,pf_f3795af4a5bc,-0.0018587360594795538,0.0,0.0018587360594795538,,0.990706319702593
0,1,semantic_program_family,0.9801582796834518,pf_f4951d42d604,-0.0018587360594795538,0.0,0.0018587360594795538,,0.990706319702593
0,1,semantic_program_family,0.9801582796834518,pf_f4a4247582cc,-0.0018587360594795538,0.0,0.0018587360594795538,,0.990706319702593
0,1,semantic_program_family,0.9801582796834518,pf_f4d2caff55f4,-0.0018587360594795538,0.0,0.0018587360594795538,,0.990706319702593
1,0,semantic_program_family,0.9801582796834518,pf_f4d5446a2056,0.016129032258064516,0.016129032258064516,0.0,,0.990706319702593
0,1,semantic_program_family,0.9801582796834518,pf_f5ee05f13022,-0.0018587360594795538,0.0,0.0018587360594795538,,0.990706319702593
0,1,semantic_program_family,0.9801582796834518,pf_f6cc4009a5db,-0.0018587360594795538,0.0,0.0018587360594795538,,0.990706319702593
0,1,semantic_program_family,0.9801582796834518,pf_f7500bf3dfdb,-0.0018587360594795538,0.0,0.0018587360594795538,,0.990706319702593
0,1,semantic_program_family,0.9801582796834518,pf_f7ba35f0cf76,-0.0018587360594795538,0.0,0.0018587360594795538,,0.990706319702593
1,0,semantic_program_family,0.9801582796834518,pf_f8349436ce7e,0.016129032258064516,0.016129032258064516,0.0,,0.990706319702593
0,1,semantic_program_family,0.9801582796834518,pf_f83578738223,-0.0018587360594795538,0.0,0.0018587360594795538,,0.990706319702593
1,0,semantic_program_family,0.9801582796834518,pf_f83c3a3e3337,0.016129032258064516,0.016129032258064516,0.0,,0.990706319702593
0,1,semantic_program_family,0.9801582796834518,pf_f84dbf8538cc,-0.0018587360594795538,0.0,0.0018587360594795538,,0.990706319702593
1,0,semantic_program_family,0.9801582796834518,pf_f880e4e9621d,0.016129032258064516,0.016129032258064516,0.0,,0.990706319702593
0,1,semantic_program_family,0.9801582796834518,pf_f93c354838ca,-0.0018587360594795538,0.0,0.0018587360594795538,,0.990706319702593
0,1,semantic_program_family,0.9801582796834518,pf_f93e66f79700,-0.0018587360594795538,0.0,0.0018587360594795538,,0.990706319702593
0,1,semantic_program_family,0.9801582796834518,pf_f99ee4f408af,-0.0018587360594795538,0.0,0.0018587360594795538,,0.990706319702593
0,1,semantic_program_family,0.9801582796834518,pf_fa287e513c22,-0.0018587360594795538,0.0,0.0018587360594795538,,0.990706319702593
0,1,semantic_program_family,0.9801582796834518,pf_fa4f575e0dd4,-0.0018587360594795538,0.0,0.0018587360594795538,,0.990706319702593
0,1,semantic_program_family,0.9801582796834518,pf_fa6195e54a94,-0.0018587360594795538,0.0,0.0018587360594795538,,0.990706319702593
0,1,semantic_program_family,0.9801582796834518,pf_fad32e5ff086,-0.0018587360594795538,0.0,0.0018587360594795538,,0.990706319702593
0,1,semantic_program_family,0.9801582796834518,pf_fad4f943af44,-0.0018587360594795538,0.0,0.0018587360594795538,,0.990706319702593
0,1,semantic_program_family,0.9801582796834518,pf_fb1adbd40f8e,-0.0018587360594795538,0.0,0.0018587360594795538,,0.990706319702593
0,1,semantic_program_family,0.9801582796834518,pf_fb464e4123c1,-0.0018587360594795538,0.0,0.0018587360594795538,,0.990706319702593
0,1,semantic_program_family,0.9801582796834518,pf_fb6202ae4462,-0.0018587360594795538,0.0,0.0018587360594795538,,0.990706319702593
0,1,semantic_program_family,0.9801582796834518,pf_fcbbd03c5a80,-0.0018587360594795538,0.0,0.0018587360594795538,,0.990706319702593
1,0,semantic_program_family,0.9801582796834518,pf_fd0ee31cadbc,0.016129032258064516,0.016129032258064516,0.0,,0.990706319702593
0,1,semantic_program_family,0.9801582796834518,pf_fd85a5352d26,-0.0018587360594795538,0.0,0.0018587360594795538,,0.990706319702593
0,1,semantic_program_family,0.9801582796834518,pf_fd8c70042b4f,-0.0018587360594795538,0.0,0.0018587360594795538,,0.990706319702593
1,0,semantic_program_family,0.9801582796834518,pf_fdaaa5e043d8,0.016129032258064516,0.016129032258064516,0.0,,0.990706319702593
0,1,semantic_program_family,0.9801582796834518,pf_fe1a6e703ac9,-0.0018587360594795538,0.0,0.0018587360594795538,,0.990706319702593
0,1,semantic_program_family,0.9801582796834518,pf_ffeb1feb021a,-0.0018587360594795538,0.0,0.0018587360594795538,,0.990706319702593
0,1,graph_template_id,0.5840613588789012,gt_021688c6b6d8,-0.0018587360594795538,0.0,0.0018587360594795538,,0.7106367669984384
0,1,graph_template_id,0.5840613588789012,gt_029caefeeb1f,-0.0018587360594795538,0.0,0.0018587360594795538,,0.7106367669984384
0,1,graph_template_id,0.5840613588789012,gt_02f5779f6be6,-0.0018587360594795538,0.0,0.0018587360594795538,,0.7106367669984384
0,1,graph_template_id,0.5840613588789012,gt_0328570fed9d,-0.0018587360594795538,0.0,0.0018587360594795538,,0.7106367669984384
0,1,graph_template_id,0.5840613588789012,gt_04af9765b80f,-0.0018587360594795538,0.0,0.0018587360594795538,,0.7106367669984384
0,1,graph_template_id,0.5840613588789012,gt_04b094469b63,-0.0018587360594795538,0.0,0.0018587360594795538,,0.7106367669984384
0,1,graph_template_id,0.5840613588789012,gt_06a09aab4dcd,-0.0018587360594795538,0.0,0.0018587360594795538,,0.7106367669984384
0,1,graph_template_id,0.5840613588789012,gt_06a33d674f10,-0.0018587360594795538,0.0,0.0018587360594795538,,0.7106367669984384
0,1,graph_template_id,0.5840613588789012,gt_07ed8d36120c,-0.0018587360594795538,0.0,0.0018587360594795538,,0.7106367669984384
0,1,graph_template_id,0.5840613588789012,gt_0dd0b7c27f18,-0.0018587360594795538,0.0,0.0018587360594795538,,0.7106367669984384
0,1,graph_template_id,0.5840613588789012,gt_0fd44555362a,-0.0018587360594795538,0.0,0.0018587360594795538,,0.7106367669984384
0,1,graph_template_id,0.5840613588789012,gt_1104e5ff28c3,-0.0018587360594795538,0.0,0.0018587360594795538,,0.7106367669984384
0,4,graph_template_id,0.5840613588789012,gt_11daffb663b0,-0.007434944237918215,0.0,0.007434944237918215,,0.7106367669984384
0,1,graph_template_id,0.5840613588789012,gt_12b0c1ef9c1e,-0.0018587360594795538,0.0,0.0018587360594795538,,0.7106367669984384
1,0,graph_template_id,0.5840613588789012,gt_16d5c8fda571,0.016129032258064516,0.016129032258064516,0.0,,0.7106367669984384
0,1,graph_template_id,0.5840613588789012,gt_16d71d72dc22,-0.0018587360594795538,0.0,0.0018587360594795538,,0.7106367669984384
0,1,graph_template_id,0.5840613588789012,gt_1a0c1c58d7eb,-0.0018587360594795538,0.0,0.0018587360594795538,,0.7106367669984384
0,1,graph_template_id,0.5840613588789012,gt_1a97244f4dc2,-0.0018587360594795538,0.0,0.0018587360594795538,,0.7106367669984384
3,0,graph_template_id,0.5840613588789012,gt_1ae4a196c464,0.04838709677419355,0.04838709677419355,0.0,,0.7106367669984384
1,3,graph_template_id,0.5840613588789012,gt_1c7a67f6f240,0.010552824079625853,0.016129032258064516,0.0055762081784386614,,0.7106367669984384
0,2,graph_template_id,0.5840613588789012,gt_1cf6fce18158,-0.0037174721189591076,0.0,0.0037174721189591076,,0.7106367669984384
0,3,graph_template_id,0.5840613588789012,gt_1f56afb38289,-0.0055762081784386614,0.0,0.0055762081784386614,,0.7106367669984384
0,1,graph_template_id,0.5840613588789012,gt_2016ce8a40dd,-0.0018587360594795538,0.0,0.0018587360594795538,,0.7106367669984384
1,0,graph_template_id,0.5840613588789012,gt_25b831c94c1f,0.016129032258064516,0.016129032258064516,0.0,,0.7106367669984384
0,1,graph_template_id,0.5840613588789012,gt_25f60c4f1df1,-0.0018587360594795538,0.0,0.0018587360594795538,,0.7106367669984384
0,1,graph_template_id,0.5840613588789012,gt_261d5c94dc7c,-0.0018587360594795538,0.0,0.0018587360594795538,,0.7106367669984384
0,1,graph_template_id,0.5840613588789012,gt_27257366624b,-0.0018587360594795538,0.0,0.0018587360594795538,,0.7106367669984384
0,3,graph_template_id,0.5840613588789012,gt_279c127e6cab,-0.0055762081784386614,0.0,0.0055762081784386614,,0.7106367669984384
0,1,graph_template_id,0.5840613588789012,gt_27e317388214,-0.0018587360594795538,0.0,0.0018587360594795538,,0.7106367669984384
0,30,graph_template_id,0.5840613588789012,gt_29243c224d3b,-0.055762081784386616,0.0,0.055762081784386616,,0.7106367669984384
0,2,graph_template_id,0.5840613588789012,gt_292f32da389a,-0.0037174721189591076,0.0,0.0037174721189591076,,0.7106367669984384
0,1,graph_template_id,0.5840613588789012,gt_2a2d781c8c50,-0.0018587360594795538,0.0,0.0018587360594795538,,0.7106367669984384
0,3,graph_template_id,0.5840613588789012,gt_2a6c66db3c2e,-0.0055762081784386614,0.0,0.0055762081784386614,,0.7106367669984384
0,1,graph_template_id,0.5840613588789012,gt_2aa664d2faa6,-0.0018587360594795538,0.0,0.0018587360594795538,,0.7106367669984384
0,1,graph_template_id,0.5840613588789012,gt_2aaf1b13293d,-0.0018587360594795538,0.0,0.0018587360594795538,,0.7106367669984384
0,1,graph_template_id,0.5840613588789012,gt_30535502c304,-0.0018587360594795538,0.0,0.0018587360594795538,,0.7106367669984384
0,1,graph_template_id,0.5840613588789012,gt_31c7414cfac0,-0.0018587360594795538,0.0,0.0018587360594795538,,0.7106367669984384
2,13,graph_template_id,0.5840613588789012,gt_322b5979bec6,0.00809449574289483,0.03225806451612903,0.024163568773234202,,0.7106367669984384
0,1,graph_template_id,0.5840613588789012,gt_335ba577ea9d,-0.0018587360594795538,0.0,0.0018587360594795538,,0.7106367669984384
0,2,graph_template_id,0.5840613588789012,gt_3386c867355d,-0.0037174721189591076,0.0,0.0037174721189591076,,0.7106367669984384
0,1,graph_template_id,0.5840613588789012,gt_36071eed936b,-0.0018587360594795538,0.0,0.0018587360594795538,,0.7106367669984384
0,1,graph_template_id,0.5840613588789012,gt_362022aeec4b,-0.0018587360594795538,0.0,0.0018587360594795538,,0.7106367669984384
0,2,graph_template_id,0.5840613588789012,gt_3a0a7504323c,-0.0037174721189591076,0.0,0.0037174721189591076,,0.7106367669984384
0,1,graph_template_id,0.5840613588789012,gt_3ae50f3f31fa,-0.0018587360594795538,0.0,0.0018587360594795538,,0.7106367669984384
0,1,graph_template_id,0.5840613588789012,gt_3bdab3f1e85a,-0.0018587360594795538,0.0,0.0018587360594795538,,0.7106367669984384
0,1,graph_template_id,0.5840613588789012,gt_3d502196e773,-0.0018587360594795538,0.0,0.0018587360594795538,,0.7106367669984384
1,1,graph_template_id,0.5840613588789012,gt_3eb290d11184,0.014270296198584963,0.016129032258064516,0.0018587360594795538,,0.7106367669984384
0,1,graph_template_id,0.5840613588789012,gt_3ebf8cf078b6,-0.0018587360594795538,0.0,0.0018587360594795538,,0.7106367669984384
2,0,graph_template_id,0.5840613588789012,gt_3ed5d7ce794c,0.03225806451612903,0.03225806451612903,0.0,,0.7106367669984384
0,1,graph_template_id,0.5840613588789012,gt_3efe77e8cda8,-0.0018587360594795538,0.0,0.0018587360594795538,,0.7106367669984384
0,1,graph_template_id,0.5840613588789012,gt_41354af1032d,-0.0018587360594795538,0.0,0.0018587360594795538,,0.7106367669984384
0,3,graph_template_id,0.5840613588789012,gt_4160f2a687be,-0.0055762081784386614,0.0,0.0055762081784386614,,0.7106367669984384
0,3,graph_template_id,0.5840613588789012,gt_43754ffdf548,-0.0055762081784386614,0.0,0.0055762081784386614,,0.7106367669984384
4,7,graph_template_id,0.5840613588789012,gt_475bbf724df0,0.051504976615901185,0.06451612903225806,0.013011152416356878,,0.7106367669984384
0,1,graph_template_id,0.5840613588789012,gt_484ebda52620,-0.0018587360594795538,0.0,0.0018587360594795538,,0.7106367669984384
0,1,graph_template_id,0.5840613588789012,gt_49dd8e94005d,-0.0018587360594795538,0.0,0.0018587360594795538,,0.7106367669984384
1,0,graph_template_id,0.5840613588789012,gt_4c4b533dca6d,0.016129032258064516,0.016129032258064516,0.0,,0.7106367669984384
0,1,graph_template_id,0.5840613588789012,gt_4ca8d1211263,-0.0018587360594795538,0.0,0.0018587360594795538,,0.7106367669984384
0,1,graph_template_id,0.5840613588789012,gt_4d3236a196b0,-0.0018587360594795538,0.0,0.0018587360594795538,,0.7106367669984384
0,3,graph_template_id,0.5840613588789012,gt_4e098561eda2,-0.0055762081784386614,0.0,0.0055762081784386614,,0.7106367669984384
0,1,graph_template_id,0.5840613588789012,gt_4e2315991500,-0.0018587360594795538,0.0,0.0018587360594795538,,0.7106367669984384
0,1,graph_template_id,0.5840613588789012,gt_4edaf068cde5,-0.0018587360594795538,0.0,0.0018587360594795538,,0.7106367669984384
0,1,graph_template_id,0.5840613588789012,gt_4f31bc1fb911,-0.0018587360594795538,0.0,0.0018587360594795538,,0.7106367669984384
0,1,graph_template_id,0.5840613588789012,gt_50d90e036692,-0.0018587360594795538,0.0,0.0018587360594795538,,0.7106367669984384
0,1,graph_template_id,0.5840613588789012,gt_513175a71920,-0.0018587360594795538,0.0,0.0018587360594795538,,0.7106367669984384
0,1,graph_template_id,0.5840613588789012,gt_52cc37627d31,-0.0018587360594795538,0.0,0.0018587360594795538,,0.7106367669984384
0,1,graph_template_id,0.5840613588789012,gt_537100fc2b9a,-0.0018587360594795538,0.0,0.0018587360594795538,,0.7106367669984384
0,1,graph_template_id,0.5840613588789012,gt_53faab2631f8,-0.0018587360594795538,0.0,0.0018587360594795538,,0.7106367669984384
1,0,graph_template_id,0.5840613588789012,gt_54146c19f33f,0.016129032258064516,0.016129032258064516,0.0,,0.7106367669984384
0,1,graph_template_id,0.5840613588789012,gt_5526feb7ace9,-0.0018587360594795538,0.0,0.0018587360594795538,,0.7106367669984384
3,2,graph_template_id,0.5840613588789012,gt_55ebfde00b33,0.04466962465523444,0.04838709677419355,0.0037174721189591076,,0.7106367669984384
0,1,graph_template_id,0.5840613588789012,gt_56c5ff5f51f1,-0.0018587360594795538,0.0,0.0018587360594795538,,0.7106367669984384
7,29,graph_template_id,0.5840613588789012,gt_593776dcf098,0.058999880081544546,0.11290322580645161,0.05390334572490706,,0.7106367669984384
0,1,graph_template_id,0.5840613588789012,gt_596ac4bee0fe,-0.0018587360594795538,0.0,0.0018587360594795538,,0.7106367669984384
0,1,graph_template_id,0.5840613588789012,gt_59728c93ba89,-0.0018587360594795538,0.0,0.0018587360594795538,,0.7106367669984384
0,1,graph_template_id,0.5840613588789012,gt_5d77273b9a07,-0.0018587360594795538,0.0,0.0018587360594795538,,0.7106367669984384
0,1,graph_template_id,0.5840613588789012,gt_5f6bb4444675,-0.0018587360594795538,0.0,0.0018587360594795538,,0.7106367669984384
0,1,graph_template_id,0.5840613588789012,gt_5fd09a74359b,-0.0018587360594795538,0.0,0.0018587360594795538,,0.7106367669984384
0,3,graph_template_id,0.5840613588789012,gt_600bab68eaed,-0.0055762081784386614,0.0,0.0055762081784386614,,0.7106367669984384
3,4,graph_template_id,0.5840613588789012,gt_622753e34781,0.040952152536275335,0.04838709677419355,0.007434944237918215,,0.7106367669984384
0,1,graph_template_id,0.5840613588789012,gt_622aab3fc6e4,-0.0018587360594795538,0.0,0.0018587360594795538,,0.7106367669984384
0,1,graph_template_id,0.5840613588789012,gt_6572a1fd0fe4,-0.0018587360594795538,0.0,0.0018587360594795538,,0.7106367669984384
0,1,graph_template_id,0.5840613588789012,gt_65e56ab34cf3,-0.0018587360594795538,0.0,0.0018587360594795538,,0.7106367669984384
1,0,graph_template_id,0.5840613588789012,gt_683fbba89f9d,0.016129032258064516,0.016129032258064516,0.0,,0.7106367669984384
0,1,graph_template_id,0.5840613588789012,gt_6870b626116e,-0.0018587360594795538,0.0,0.0018587360594795538,,0.7106367669984384
0,2,graph_template_id,0.5840613588789012,gt_69e1c4a0e8d7,-0.0037174721189591076,0.0,0.0037174721189591076,,0.7106367669984384
0,2,graph_template_id,0.5840613588789012,gt_6c9452811fe6,-0.0037174721189591076,0.0,0.0037174721189591076,,0.7106367669984384
0,2,graph_template_id,0.5840613588789012,gt_6dbae343a6a9,-0.0037174721189591076,0.0,0.0037174721189591076,,0.7106367669984384
0,6,graph_template_id,0.5840613588789012,gt_6ed567ce6a09,-0.011152416356877323,0.0,0.011152416356877323,,0.7106367669984384
0,1,graph_template_id,0.5840613588789012,gt_705c4c286254,-0.0018587360594795538,0.0,0.0018587360594795538,,0.7106367669984384
0,7,graph_template_id,0.5840613588789012,gt_70da2107b403,-0.013011152416356878,0.0,0.013011152416356878,,0.7106367669984384
0,1,graph_template_id,0.5840613588789012,gt_745c0fff2b04,-0.0018587360594795538,0.0,0.0018587360594795538,,0.7106367669984384
0,2,graph_template_id,0.5840613588789012,gt_74c9dc008082,-0.0037174721189591076,0.0,0.0037174721189591076,,0.7106367669984384
0,1,graph_template_id,0.5840613588789012,gt_74fd997d07a3,-0.0018587360594795538,0.0,0.0018587360594795538,,0.7106367669984384
0,1,graph_template_id,0.5840613588789012,gt_75ef021515c3,-0.0018587360594795538,0.0,0.0018587360594795538,,0.7106367669984384
0,1,graph_template_id,0.5840613588789012,gt_76628b8274a7,-0.0018587360594795538,0.0,0.0018587360594795538,,0.7106367669984384
0,1,graph_template_id,0.5840613588789012,gt_77f95f815570,-0.0018587360594795538,0.0,0.0018587360594795538,,0.7106367669984384
0,3,graph_template_id,0.5840613588789012,gt_7a517ecf51c9,-0.0055762081784386614,0.0,0.0055762081784386614,,0.7106367669984384
0,6,graph_template_id,0.5840613588789012,gt_7b94a482d728,-0.011152416356877323,0.0,0.011152416356877323,,0.7106367669984384
0,1,graph_template_id,0.5840613588789012,gt_7b998d2a167f,-0.0018587360594795538,0.0,0.0018587360594795538,,0.7106367669984384
0,1,graph_template_id,0.5840613588789012,gt_7c8d39cdac25,-0.0018587360594795538,0.0,0.0018587360594795538,,0.7106367669984384
0,3,graph_template_id,0.5840613588789012,gt_7e461036a9a4,-0.0055762081784386614,0.0,0.0055762081784386614,,0.7106367669984384
0,1,graph_template_id,0.5840613588789012,gt_81dfc0657d2b,-0.0018587360594795538,0.0,0.0018587360594795538,,0.7106367669984384
0,1,graph_template_id,0.5840613588789012,gt_844b63bfd528,-0.0018587360594795538,0.0,0.0018587360594795538,,0.7106367669984384
0,1,graph_template_id,0.5840613588789012,gt_84a75a85dbd6,-0.0018587360594795538,0.0,0.0018587360594795538,,0.7106367669984384
8,46,graph_template_id,0.5840613588789012,gt_84f219ac023d,0.04353039932845665,0.12903225806451613,0.08550185873605948,,0.7106367669984384
0,1,graph_template_id,0.5840613588789012,gt_85901b69ab3a,-0.0018587360594795538,0.0,0.0018587360594795538,,0.7106367669984384
0,1,graph_template_id,0.5840613588789012,gt_860bb5cd540f,-0.0018587360594795538,0.0,0.0018587360594795538,,0.7106367669984384
0,1,graph_template_id,0.5840613588789012,gt_86639e3fba62,-0.0018587360594795538,0.0,0.0018587360594795538,,0.7106367669984384
0,1,graph_template_id,0.5840613588789012,gt_87dc0bcdb789,-0.0018587360594795538,0.0,0.0018587360594795538,,0.7106367669984384
0,1,graph_template_id,0.5840613588789012,gt_88973fa9389a,-0.0018587360594795538,0.0,0.0018587360594795538,,0.7106367669984384
0,2,graph_template_id,0.5840613588789012,gt_89a7497a4947,-0.0037174721189591076,0.0,0.0037174721189591076,,0.7106367669984384
0,4,graph_template_id,0.5840613588789012,gt_89c6ea20c1ef,-0.007434944237918215,0.0,0.007434944237918215,,0.7106367669984384
0,1,graph_template_id,0.5840613588789012,gt_8ad5589a1db9,-0.0018587360594795538,0.0,0.0018587360594795538,,0.7106367669984384
0,1,graph_template_id,0.5840613588789012,gt_8af02c5d7568,-0.0018587360594795538,0.0,0.0018587360594795538,,0.7106367669984384
1,1,graph_template_id,0.5840613588789012,gt_8bb2183cdfb4,0.014270296198584963,0.016129032258064516,0.0018587360594795538,,0.7106367669984384
0,1,graph_template_id,0.5840613588789012,gt_8dc068fdca5c,-0.0018587360594795538,0.0,0.0018587360594795538,,0.7106367669984384
0,5,graph_template_id,0.5840613588789012,gt_8ecebd80a694,-0.00929368029739777,0.0,0.00929368029739777,,0.7106367669984384
0,1,graph_template_id,0.5840613588789012,gt_8f2c65da4710,-0.0018587360594795538,0.0,0.0018587360594795538,,0.7106367669984384
0,2,graph_template_id,0.5840613588789012,gt_90771f796e58,-0.0037174721189591076,0.0,0.0037174721189591076,,0.7106367669984384
1,2,graph_template_id,0.5840613588789012,gt_90872a8d2737,0.012411560139105408,0.016129032258064516,0.0037174721189591076,,0.7106367669984384
0,2,graph_template_id,0.5840613588789012,gt_9226ad9690e2,-0.0037174721189591076,0.0,0.0037174721189591076,,0.7106367669984384
0,11,graph_template_id,0.5840613588789012,gt_927afb02c09f,-0.020446096654275093,0.0,0.020446096654275093,,0.7106367669984384
0,1,graph_template_id,0.5840613588789012,gt_92f6727aab73,-0.0018587360594795538,0.0,0.0018587360594795538,,0.7106367669984384
0,1,graph_template_id,0.5840613588789012,gt_949ab08c8eba,-0.0018587360594795538,0.0,0.0018587360594795538,,0.7106367669984384
0,2,graph_template_id,0.5840613588789012,gt_95075756bc72,-0.0037174721189591076,0.0,0.0037174721189591076,,0.7106367669984384
0,1,graph_template_id,0.5840613588789012,gt_9577c50f1443,-0.0018587360594795538,0.0,0.0018587360594795538,,0.7106367669984384
0,4,graph_template_id,0.5840613588789012,gt_965b5b3626ac,-0.007434944237918215,0.0,0.007434944237918215,,0.7106367669984384
0,1,graph_template_id,0.5840613588789012,gt_97832233bc3d,-0.0018587360594795538,0.0,0.0018587360594795538,,0.7106367669984384
0,1,graph_template_id,0.5840613588789012,gt_9b03ce49d81a,-0.0018587360594795538,0.0,0.0018587360594795538,,0.7106367669984384
0,1,graph_template_id,0.5840613588789012,gt_9b52b04d27f5,-0.0018587360594795538,0.0,0.0018587360594795538,,0.7106367669984384
0,1,graph_template_id,0.5840613588789012,gt_9c471ab3eff0,-0.0018587360594795538,0.0,0.0018587360594795538,,0.7106367669984384
0,1,graph_template_id,0.5840613588789012,gt_9d37e16dd9c0,-0.0018587360594795538,0.0,0.0018587360594795538,,0.7106367669984384
1,5,graph_template_id,0.5840613588789012,gt_9def4274cf86,0.006835351960666746,0.016129032258064516,0.00929368029739777,,0.7106367669984384
0,1,graph_template_id,0.5840613588789012,gt_9ebddb12318e,-0.0018587360594795538,0.0,0.0018587360594795538,,0.7106367669984384
0,1,graph_template_id,0.5840613588789012,gt_9f392e153981,-0.0018587360594795538,0.0,0.0018587360594795538,,0.7106367669984384
0,1,graph_template_id,0.5840613588789012,gt_9fc236dfe025,-0.0018587360594795538,0.0,0.0018587360594795538,,0.7106367669984384
0,1,graph_template_id,0.5840613588789012,gt_a0f4243f0fbb,-0.0018587360594795538,0.0,0.0018587360594795538,,0.7106367669984384
0,2,graph_template_id,0.5840613588789012,gt_a4185d3e22d3,-0.0037174721189591076,0.0,0.0037174721189591076,,0.7106367669984384
0,2,graph_template_id,0.5840613588789012,gt_a5440c863cba,-0.0037174721189591076,0.0,0.0037174721189591076,,0.7106367669984384
0,2,graph_template_id,0.5840613588789012,gt_a552820081fd,-0.0037174721189591076,0.0,0.0037174721189591076,,0.7106367669984384
0,1,graph_template_id,0.5840613588789012,gt_a59be43161d8,-0.0018587360594795538,0.0,0.0018587360594795538,,0.7106367669984384
0,1,graph_template_id,0.5840613588789012,gt_a65c41c815c3,-0.0018587360594795538,0.0,0.0018587360594795538,,0.7106367669984384
1,13,graph_template_id,0.5840613588789012,gt_a6e9c4cb12b3,-0.008034536515169687,0.016129032258064516,0.024163568773234202,,0.7106367669984384
0,1,graph_template_id,0.5840613588789012,gt_a99ca7b10d69,-0.0018587360594795538,0.0,0.0018587360594795538,,0.7106367669984384
0,1,graph_template_id,0.5840613588789012,gt_a9d03cd7a2e1,-0.0018587360594795538,0.0,0.0018587360594795538,,0.7106367669984384
0,2,graph_template_id,0.5840613588789012,gt_a9d7c8a8e6f8,-0.0037174721189591076,0.0,0.0037174721189591076,,0.7106367669984384
0,1,graph_template_id,0.5840613588789012,gt_ab4038577057,-0.0018587360594795538,0.0,0.0018587360594795538,,0.7106367669984384
0,2,graph_template_id,0.5840613588789012,gt_ae731f234686,-0.0037174721189591076,0.0,0.0037174721189591076,,0.7106367669984384
0,1,graph_template_id,0.5840613588789012,gt_aed110714cfb,-0.0018587360594795538,0.0,0.0018587360594795538,,0.7106367669984384
0,2,graph_template_id,0.5840613588789012,gt_af6417a8226d,-0.0037174721189591076,0.0,0.0037174721189591076,,0.7106367669984384
1,1,graph_template_id,0.5840613588789012,gt_affbdab3e455,0.014270296198584963,0.016129032258064516,0.0018587360594795538,,0.7106367669984384
0,1,graph_template_id,0.5840613588789012,gt_b1b55cc43f73,-0.0018587360594795538,0.0,0.0018587360594795538,,0.7106367669984384
0,1,graph_template_id,0.5840613588789012,gt_b303a3dfa343,-0.0018587360594795538,0.0,0.0018587360594795538,,0.7106367669984384
0,1,graph_template_id,0.5840613588789012,gt_b57993daca9d,-0.0018587360594795538,0.0,0.0018587360594795538,,0.7106367669984384
0,1,graph_template_id,0.5840613588789012,gt_b5b494b50e40,-0.0018587360594795538,0.0,0.0018587360594795538,,0.7106367669984384
0,1,graph_template_id,0.5840613588789012,gt_b6b5decea23b,-0.0018587360594795538,0.0,0.0018587360594795538,,0.7106367669984384
0,2,graph_template_id,0.5840613588789012,gt_b937126909f8,-0.0037174721189591076,0.0,0.0037174721189591076,,0.7106367669984384
0,1,graph_template_id,0.5840613588789012,gt_ba6576fa5fc0,-0.0018587360594795538,0.0,0.0018587360594795538,,0.7106367669984384
0,1,graph_template_id,0.5840613588789012,gt_babf786fccdb,-0.0018587360594795538,0.0,0.0018587360594795538,,0.7106367669984384
0,1,graph_template_id,0.5840613588789012,gt_baec23929701,-0.0018587360594795538,0.0,0.0018587360594795538,,0.7106367669984384
0,27,graph_template_id,0.5840613588789012,gt_bbba29a85d8d,-0.05018587360594796,0.0,0.05018587360594796,,0.7106367669984384
1,0,graph_template_id,0.5840613588789012,gt_bc75e07ff79e,0.016129032258064516,0.016129032258064516,0.0,,0.7106367669984384
0,1,graph_template_id,0.5840613588789012,gt_bc9a8f439206,-0.0018587360594795538,0.0,0.0018587360594795538,,0.7106367669984384
0,3,graph_template_id,0.5840613588789012,gt_bd100021976a,-0.0055762081784386614,0.0,0.0055762081784386614,,0.7106367669984384
0,1,graph_template_id,0.5840613588789012,gt_bd476a1a9704,-0.0018587360594795538,0.0,0.0018587360594795538,,0.7106367669984384
1,3,graph_template_id,0.5840613588789012,gt_bdd7cf5827de,0.010552824079625853,0.016129032258064516,0.0055762081784386614,,0.7106367669984384
0,1,graph_template_id,0.5840613588789012,gt_c0b5d9a42d35,-0.0018587360594795538,0.0,0.0018587360594795538,,0.7106367669984384
0,3,graph_template_id,0.5840613588789012,gt_c18486c0632c,-0.0055762081784386614,0.0,0.0055762081784386614,,0.7106367669984384
0,4,graph_template_id,0.5840613588789012,gt_c1dc6b1ff5a6,-0.007434944237918215,0.0,0.007434944237918215,,0.7106367669984384
2,5,graph_template_id,0.5840613588789012,gt_c3d71141b1a5,0.02296438421873126,0.03225806451612903,0.00929368029739777,,0.7106367669984384
0,3,graph_template_id,0.5840613588789012,gt_c4e3f06e7391,-0.0055762081784386614,0.0,0.0055762081784386614,,0.7106367669984384
0,7,graph_template_id,0.5840613588789012,gt_c58e80dc1644,-0.013011152416356878,0.0,0.013011152416356878,,0.7106367669984384
0,1,graph_template_id,0.5840613588789012,gt_c68930db02c7,-0.0018587360594795538,0.0,0.0018587360594795538,,0.7106367669984384
0,1,graph_template_id,0.5840613588789012,gt_c79d4fb34e57,-0.0018587360594795538,0.0,0.0018587360594795538,,0.7106367669984384
0,2,graph_template_id,0.5840613588789012,gt_c858c1c92113,-0.0037174721189591076,0.0,0.0037174721189591076,,0.7106367669984384
1,0,graph_template_id,0.5840613588789012,gt_c8d4aaa97703,0.016129032258064516,0.016129032258064516,0.0,,0.7106367669984384
4,18,graph_template_id,0.5840613588789012,gt_cb9ed77a2f5f,0.031058879961626096,0.06451612903225806,0.03345724907063197,,0.7106367669984384
0,2,graph_template_id,0.5840613588789012,gt_cbdc100a6c5e,-0.0037174721189591076,0.0,0.0037174721189591076,,0.7106367669984384
0,1,graph_template_id,0.5840613588789012,gt_ccae87e17f3e,-0.0018587360594795538,0.0,0.0018587360594795538,,0.7106367669984384
0,1,graph_template_id,0.5840613588789012,gt_cdd052be4b31,-0.0018587360594795538,0.0,0.0018587360594795538,,0.7106367669984384
0,2,graph_template_id,0.5840613588789012,gt_cdd53dfc48a6,-0.0037174721189591076,0.0,0.0037174721189591076,,0.7106367669984384
0,2,graph_template_id,0.5840613588789012,gt_ce6834288815,-0.0037174721189591076,0.0,0.0037174721189591076,,0.7106367669984384
0,1,graph_template_id,0.5840613588789012,gt_cf0334e22695,-0.0018587360594795538,0.0,0.0018587360594795538,,0.7106367669984384
0,2,graph_template_id,0.5840613588789012,gt_d02f201f599b,-0.0037174721189591076,0.0,0.0037174721189591076,,0.7106367669984384
0,3,graph_template_id,0.5840613588789012,gt_d1e5c48710f8,-0.0055762081784386614,0.0,0.0055762081784386614,,0.7106367669984384
0,4,graph_template_id,0.5840613588789012,gt_d1eb3fafc1dd,-0.007434944237918215,0.0,0.007434944237918215,,0.7106367669984384
0,1,graph_template_id,0.5840613588789012,gt_d264ca435080,-0.0018587360594795538,0.0,0.0018587360594795538,,0.7106367669984384
0,1,graph_template_id,0.5840613588789012,gt_d2c23682349f,-0.0018587360594795538,0.0,0.0018587360594795538,,0.7106367669984384
0,1,graph_template_id,0.5840613588789012,gt_d2e39ea74343,-0.0018587360594795538,0.0,0.0018587360594795538,,0.7106367669984384
0,2,graph_template_id,0.5840613588789012,gt_d3fad14f2846,-0.0037174721189591076,0.0,0.0037174721189591076,,0.7106367669984384
0,1,graph_template_id,0.5840613588789012,gt_d463f252c2ba,-0.0018587360594795538,0.0,0.0018587360594795538,,0.7106367669984384
0,3,graph_template_id,0.5840613588789012,gt_d6f6b268badd,-0.0055762081784386614,0.0,0.0055762081784386614,,0.7106367669984384
1,0,graph_template_id,0.5840613588789012,gt_d8adfdfa9f35,0.016129032258064516,0.016129032258064516,0.0,,0.7106367669984384
0,1,graph_template_id,0.5840613588789012,gt_d936453a16f1,-0.0018587360594795538,0.0,0.0018587360594795538,,0.7106367669984384
0,1,graph_template_id,0.5840613588789012,gt_d987f2bbf309,-0.0018587360594795538,0.0,0.0018587360594795538,,0.7106367669984384
0,1,graph_template_id,0.5840613588789012,gt_db9416c6f45d,-0.0018587360594795538,0.0,0.0018587360594795538,,0.7106367669984384
0,1,graph_template_id,0.5840613588789012,gt_dc8a2e7dfa7f,-0.0018587360594795538,0.0,0.0018587360594795538,,0.7106367669984384
0,1,graph_template_id,0.5840613588789012,gt_dd318ec3b618,-0.0018587360594795538,0.0,0.0018587360594795538,,0.7106367669984384
0,1,graph_template_id,0.5840613588789012,gt_dd5f0076717f,-0.0018587360594795538,0.0,0.0018587360594795538,,0.7106367669984384
0,1,graph_template_id,0.5840613588789012,gt_de0bd3b58ecf,-0.0018587360594795538,0.0,0.0018587360594795538,,0.7106367669984384
0,1,graph_template_id,0.5840613588789012,gt_df92d5c18bf3,-0.0018587360594795538,0.0,0.0018587360594795538,,0.7106367669984384
3,4,graph_template_id,0.5840613588789012,gt_dfaf3c6d7b7a,0.040952152536275335,0.04838709677419355,0.007434944237918215,,0.7106367669984384
1,1,graph_template_id,0.5840613588789012,gt_e1062e5e3248,0.014270296198584963,0.016129032258064516,0.0018587360594795538,,0.7106367669984384
0,1,graph_template_id,0.5840613588789012,gt_e1f72189604e,-0.0018587360594795538,0.0,0.0018587360594795538,,0.7106367669984384
0,2,graph_template_id,0.5840613588789012,gt_e29791571eb3,-0.0037174721189591076,0.0,0.0037174721189591076,,0.7106367669984384
0,3,graph_template_id,0.5840613588789012,gt_e2a33812b999,-0.0055762081784386614,0.0,0.0055762081784386614,,0.7106367669984384
0,1,graph_template_id,0.5840613588789012,gt_e4373431b601,-0.0018587360594795538,0.0,0.0018587360594795538,,0.7106367669984384
0,1,graph_template_id,0.5840613588789012,gt_e6e573b83e5c,-0.0018587360594795538,0.0,0.0018587360594795538,,0.7106367669984384
1,2,graph_template_id,0.5840613588789012,gt_e7394a0072bd,0.012411560139105408,0.016129032258064516,0.0037174721189591076,,0.7106367669984384
1,0,graph_template_id,0.5840613588789012,gt_ea26242e3c2b,0.016129032258064516,0.016129032258064516,0.0,,0.7106367669984384
0,1,graph_template_id,0.5840613588789012,gt_eb51ff27d91a,-0.0018587360594795538,0.0,0.0018587360594795538,,0.7106367669984384
0,2,graph_template_id,0.5840613588789012,gt_ec4969e97aa1,-0.0037174721189591076,0.0,0.0037174721189591076,,0.7106367669984384
1,0,graph_template_id,0.5840613588789012,gt_edccb8ca3501,0.016129032258064516,0.016129032258064516,0.0,,0.7106367669984384
0,6,graph_template_id,0.5840613588789012,gt_ee50cf4db2b7,-0.011152416356877323,0.0,0.011152416356877323,,0.7106367669984384
0,1,graph_template_id,0.5840613588789012,gt_eee51783d190,-0.0018587360594795538,0.0,0.0018587360594795538,,0.7106367669984384
0,1,graph_template_id,0.5840613588789012,gt_f0272001cbf7,-0.0018587360594795538,0.0,0.0018587360594795538,,0.7106367669984384
0,1,graph_template_id,0.5840613588789012,gt_f5a691585599,-0.0018587360594795538,0.0,0.0018587360594795538,,0.7106367669984384
0,1,graph_template_id,0.5840613588789012,gt_f5b057f9c7c3,-0.0018587360594795538,0.0,0.0018587360594795538,,0.7106367669984384
0,1,graph_template_id,0.5840613588789012,gt_f5b07060b99a,-0.0018587360594795538,0.0,0.0018587360594795538,,0.7106367669984384
0,1,graph_template_id,0.5840613588789012,gt_f5d221a34d32,-0.0018587360594795538,0.0,0.0018587360594795538,,0.7106367669984384
0,1,graph_template_id,0.5840613588789012,gt_f5fd7ebcb97e,-0.0018587360594795538,0.0,0.0018587360594795538,,0.7106367669984384
0,1,graph_template_id,0.5840613588789012,gt_f5fdb7b71f15,-0.0018587360594795538,0.0,0.0018587360594795538,,0.7106367669984384
0,3,graph_template_id,0.5840613588789012,gt_f6645da0ee29,-0.0055762081784386614,0.0,0.0055762081784386614,,0.7106367669984384
0,1,graph_template_id,0.5840613588789012,gt_f6be656cb6c1,-0.0018587360594795538,0.0,0.0018587360594795538,,0.7106367669984384
0,1,graph_template_id,0.5840613588789012,gt_f87902b8c844,-0.0018587360594795538,0.0,0.0018587360594795538,,0.7106367669984384
0,1,graph_template_id,0.5840613588789012,gt_f8c5e233c643,-0.0018587360594795538,0.0,0.0018587360594795538,,0.7106367669984384
1,0,graph_template_id,0.5840613588789012,gt_f8cf53b0e471,0.016129032258064516,0.016129032258064516,0.0,,0.7106367669984384
0,1,graph_template_id,0.5840613588789012,gt_fadd982970c6,-0.0018587360594795538,0.0,0.0018587360594795538,,0.7106367669984384
0,1,graph_template_id,0.5840613588789012,gt_faf8699f7507,-0.0018587360594795538,0.0,0.0018587360594795538,,0.7106367669984384
0,2,graph_template_id,0.5840613588789012,gt_fb7f76b21f66,-0.0037174721189591076,0.0,0.0037174721189591076,,0.7106367669984384
0,2,graph_template_id,0.5840613588789012,gt_fba26dbd1e8c,-0.0037174721189591076,0.0,0.0037174721189591076,,0.7106367669984384
0,1,graph_template_id,0.5840613588789012,gt_fc87cf6ec69d,-0.0018587360594795538,0.0,0.0018587360594795538,,0.7106367669984384
0,1,graph_template_id,0.5840613588789012,gt_fd4636aa7dbf,-0.0018587360594795538,0.0,0.0018587360594795538,,0.7106367669984384
0,1,graph_template_id,0.5840613588789012,gt_fd4bd2e94d1e,-0.0018587360594795538,0.0,0.0018587360594795538,,0.7106367669984384
0,1,graph_template_id,0.5840613588789012,gt_fddf215437a8,-0.0018587360594795538,0.0,0.0018587360594795538,,0.7106367669984384
0,1,graph_template_id,0.5840613588789012,gt_fec25278417d,-0.0018587360594795538,0.0,0.0018587360594795538,,0.7106367669984384
0,1,graph_template_id,0.5840613588789012,gt_ff03641e2f6b,-0.0018587360594795538,0.0,0.0018587360594795538,,0.7106367669984384
5,27,answer_type,0.006761772597732956,bool,0.03045928768437462,0.08064516129032258,0.05018587360594796,,0.0665547427749131
41,371,answer_type,0.006761772597732956,float,-0.028300755486269424,0.6612903225806451,0.6895910780669146,,0.0665547427749131
4,43,answer_type,0.006761772597732956,int,-0.015409521525362749,0.06451612903225806,0.07992565055762081,,0.0665547427749131
4,47,answer_type,0.006761772597732956,list,-0.022844465763280974,0.06451612903225806,0.08736059479553904,,0.0665547427749131
3,19,answer_type,0.006761772597732956,numeric_string,0.01307111164408202,0.04838709677419355,0.03531598513011153,,0.0665547427749131
5,31,answer_type,0.006761772597732956,string,0.02302434344645641,0.08064516129032258,0.05762081784386617,,0.0665547427749131
62,538,paraphrase_status,0.0,unknown,0.0,1.0,1.0,,0.0
62,538,call_count,,__numeric__,-0.4968221609305674,3.564516129032258,4.061338289962825,-0.2624107182562558,
62,538,depth,,__numeric__,-0.2347403765439502,3.064516129032258,3.299256505576208,-0.14850528014709413,
62,538,reference_density,,__numeric__,-0.018273313167047667,0.36636927419354837,0.38464258736059603,-0.16430590159824704,
62,538,offered_tool_count,,__numeric__,-0.883379302074589,10.612903225806452,11.496282527881041,-0.33280242701476787,
62,538,distractor_hardness,,__numeric__,-0.0036396990046768107,0.027962903225806447,0.03160260223048326,-0.132500151537486,
