c0_executable,c0_execution_error_category,c0_final_answer_pass,c0_n_calls,c0_official_win,c0_parse_valid,c0_pred_answer,c0_stop_reason,c0_tool_seq,d1_executable,d1_execution_error_category,d1_final_answer_pass,d1_n_calls,d1_official_win,d1_parse_valid,d1_pred_answer,d1_stop_reason,d1_tool_seq,description,divergence_category,first_divergent_turn,outcome,sample_id
True,none,True,3,True,True,17.0,terminal,"[""add"", ""add"", ""divide""]",True,none,True,3,True,True,17.0,terminal,"[""add"", ""add"", ""divide""]","IDENTICAL_TEXT; tools C0=['add', 'add', 'divide'] D1=['add', 'add', 'divide']; stop C0=terminal D1=terminal; exec C0=True/none D1=True/none; ans_pass C0=True D1=True",IDENTICAL_TEXT,-1,win_to_win,000b6bed-2a29-4199-a359-0e107922a1ff
False,executor_other,True,2,False,True,,terminal,"[""find_negative"", ""format_number""]",False,executor_other,True,2,False,True,,terminal,"[""find_negative"", ""format_number""]","IDENTICAL_CALLS_DIFFERENT_TEXT; tools C0=['find_negative', 'format_number'] D1=['find_negative', 'format_number']; stop C0=terminal D1=terminal; exec C0=False/executor_other D1=False/executor_other; ans_pass C0=True D1=True",IDENTICAL_CALLS_DIFFERENT_TEXT,0,loss_to_loss,01e1c208-31dc-4ae6-89ae-da9efb73c7e3
False,executor_other,False,0,False,True,,terminal,[],False,executor_other,False,0,False,True,,terminal,[],IDENTICAL_CALLS_DIFFERENT_TEXT; tools C0=[] D1=[]; stop C0=terminal D1=terminal; exec C0=False/executor_other D1=False/executor_other; ans_pass C0=False D1=False,IDENTICAL_CALLS_DIFFERENT_TEXT,0,loss_to_loss,0214b225-23ae-4a8f-bb93-8fbaec94831c
True,none,True,2,True,True,130,terminal,"[""round_to_ceiling"", ""multiply_without_star""]",False,executor_other,True,2,False,True,,terminal,"[""round_to_ceiling"", ""multiply_without_star""]","REFERENCE_DIFFERENCE; tools C0=['round_to_ceiling', 'multiply_without_star'] D1=['round_to_ceiling', 'multiply_without_star']; stop C0=terminal D1=terminal; exec C0=True/none D1=False/executor_other; ans_pass C0=True D1=True",REFERENCE_DIFFERENCE,0,win_to_loss,0219f9a1-ced9-4e6d-9b99-1570e1178b66
True,none,False,2,False,True,1200,terminal,"[""subtract"", ""multiply""]",True,none,False,2,False,True,1200,terminal,"[""subtract"", ""multiply""]","IDENTICAL_CALLS_DIFFERENT_TEXT; tools C0=['subtract', 'multiply'] D1=['subtract', 'multiply']; stop C0=terminal D1=terminal; exec C0=True/none D1=True/none; ans_pass C0=False D1=False",IDENTICAL_CALLS_DIFFERENT_TEXT,0,loss_to_loss,037ab7a7-2503-4a04-9bde-f2d81c184790
True,none,False,1,False,True,28,terminal,"[""multiply""]",True,none,False,1,False,True,28,terminal,"[""multiply""]",IDENTICAL_CALLS_DIFFERENT_TEXT; tools C0=['multiply'] D1=['multiply']; stop C0=terminal D1=terminal; exec C0=True/none D1=True/none; ans_pass C0=False D1=False,IDENTICAL_CALLS_DIFFERENT_TEXT,0,loss_to_loss,038f3d86-b97b-49e6-b878-1b80c73fb744
True,none,False,2,False,True,1.8888666666666665,terminal,"[""multiply"", ""divide""]",True,none,False,2,False,True,1.8888666666666665,terminal,"[""multiply"", ""divide""]","IDENTICAL_CALLS_DIFFERENT_TEXT; tools C0=['multiply', 'divide'] D1=['multiply', 'divide']; stop C0=terminal D1=terminal; exec C0=True/none D1=True/none; ans_pass C0=False D1=False",IDENTICAL_CALLS_DIFFERENT_TEXT,2,loss_to_loss,047fb639-ca36-4a73-9407-507b8c3b4c5d
True,none,True,1,True,True,10.0,terminal,"[""divide""]",True,none,False,4,False,True,180.0,max_turns,"[""multiply"", ""multiply"", ""add"", ""divide""]","DIFFERENT_FIRST_TOOL; tools C0=['divide'] D1=['multiply', 'multiply', 'add', 'divide']; stop C0=terminal D1=max_turns; exec C0=True/none D1=True/none; ans_pass C0=True D1=False",DIFFERENT_FIRST_TOOL,0,win_to_loss,04bd68f8-3e77-4cda-b43f-c42616d95d33
False,executor_other,False,0,False,True,,terminal,[],False,executor_other,False,0,False,True,,terminal,[],IDENTICAL_TEXT; tools C0=[] D1=[]; stop C0=terminal D1=terminal; exec C0=False/executor_other D1=False/executor_other; ans_pass C0=False D1=False,IDENTICAL_TEXT,-1,loss_to_loss,04d81d58-98bf-4665-87aa-6eed765ce6f0
True,none,True,2,True,True,0.98125,terminal,"[""divide"", ""subtract""]",True,none,True,2,True,True,0.98125,terminal,"[""divide"", ""subtract""]","IDENTICAL_TEXT; tools C0=['divide', 'subtract'] D1=['divide', 'subtract']; stop C0=terminal D1=terminal; exec C0=True/none D1=True/none; ans_pass C0=True D1=True",IDENTICAL_TEXT,-1,win_to_win,05b1bdbd-de3f-4773-b867-990b6006aef2
True,none,True,2,True,True,100.0,terminal,"[""divide"", ""multiply""]",True,none,True,2,True,True,100.0,terminal,"[""divide"", ""multiply""]","IDENTICAL_TEXT; tools C0=['divide', 'multiply'] D1=['divide', 'multiply']; stop C0=terminal D1=terminal; exec C0=True/none D1=True/none; ans_pass C0=True D1=True",IDENTICAL_TEXT,-1,win_to_win,05ec87ae-0659-42c3-82e8-a0645c4a70df
True,none,True,2,True,True,True,terminal,"[""replace_title"", ""evaluate_boolean_expression""]",True,none,True,2,True,True,True,terminal,"[""replace_title"", ""evaluate_boolean_expression""]","IDENTICAL_CALLS_DIFFERENT_TEXT; tools C0=['replace_title', 'evaluate_boolean_expression'] D1=['replace_title', 'evaluate_boolean_expression']; stop C0=terminal D1=terminal; exec C0=True/none D1=True/none; ans_pass C0=True D1=True",IDENTICAL_CALLS_DIFFERENT_TEXT,1,win_to_win,06706b83-4657-4e2c-b372-af1d826f1b6e
True,none,False,2,False,True,455,terminal,"[""multiply"", ""add""]",True,none,False,2,False,True,455,terminal,"[""multiply"", ""add""]","IDENTICAL_CALLS_DIFFERENT_TEXT; tools C0=['multiply', 'add'] D1=['multiply', 'add']; stop C0=terminal D1=terminal; exec C0=True/none D1=True/none; ans_pass C0=False D1=False",IDENTICAL_CALLS_DIFFERENT_TEXT,0,loss_to_loss,07df2ad6-7ac0-4c6a-b79a-0b02782d0235
False,executor_other,False,0,False,True,,terminal,[],False,executor_other,False,0,False,True,,terminal,[],IDENTICAL_TEXT; tools C0=[] D1=[]; stop C0=terminal D1=terminal; exec C0=False/executor_other D1=False/executor_other; ans_pass C0=False D1=False,IDENTICAL_TEXT,-1,loss_to_loss,081ad64a-4bb8-4a0c-b2df-c21b7bc8cc35
True,other,True,2,False,True,apple,terminal,"[""madlib_transformer"", ""string_replace""]",True,other,True,2,False,True,apple,terminal,"[""madlib_transformer"", ""string_replace""]","IDENTICAL_TEXT; tools C0=['madlib_transformer', 'string_replace'] D1=['madlib_transformer', 'string_replace']; stop C0=terminal D1=terminal; exec C0=True/other D1=True/other; ans_pass C0=True D1=True",IDENTICAL_TEXT,-1,loss_to_loss,091b5d2a-206a-4ac4-81df-754ec6393b92
False,executor_other,False,0,False,True,,terminal,[],False,executor_other,False,0,False,True,,terminal,[],IDENTICAL_TEXT; tools C0=[] D1=[]; stop C0=terminal D1=terminal; exec C0=False/executor_other D1=False/executor_other; ans_pass C0=False D1=False,IDENTICAL_TEXT,-1,loss_to_loss,0a126d0d-6cfc-4370-b0e1-765cae294529
True,other,False,3,False,True,0.4,parse_fail,"[""divide"", ""divide"", ""add""]",True,none,True,2,True,True,40.0,terminal,"[""divide"", ""multiply""]","TOOL_COUNT_DIFFERENCE; tools C0=['divide', 'divide', 'add'] D1=['divide', 'multiply']; stop C0=parse_fail D1=terminal; exec C0=True/other D1=True/none; ans_pass C0=False D1=True",TOOL_COUNT_DIFFERENCE,0,loss_to_win,0a78c579-29ef-4c96-918c-e8df417194dc
True,none,True,3,True,True,0.39999999999999997,terminal,"[""divide"", ""divide"", ""subtract""]",True,none,True,3,True,True,0.39999999999999997,terminal,"[""divide"", ""divide"", ""subtract""]","IDENTICAL_CALLS_DIFFERENT_TEXT; tools C0=['divide', 'divide', 'subtract'] D1=['divide', 'divide', 'subtract']; stop C0=terminal D1=terminal; exec C0=True/none D1=True/none; ans_pass C0=True D1=True",IDENTICAL_CALLS_DIFFERENT_TEXT,0,win_to_win,0af2696a-9970-4e55-ad31-57e14ca65f20
True,none,True,3,True,True,21.0,terminal,"[""divide"", ""multiply"", ""add""]",True,none,True,3,True,True,21.0,terminal,"[""divide"", ""multiply"", ""add""]","REFERENCE_DIFFERENCE; tools C0=['divide', 'multiply', 'add'] D1=['divide', 'multiply', 'add']; stop C0=terminal D1=terminal; exec C0=True/none D1=True/none; ans_pass C0=True D1=True",REFERENCE_DIFFERENCE,0,win_to_win,0b84b61f-8ee3-443f-a2f6-120462682951
True,none,False,3,False,True,7.666666666666667,terminal,"[""multiply"", ""multiply"", ""divide""]",False,argument,False,2,False,True,,executor_error,"[""multiply"", ""divide""]","TOOL_COUNT_DIFFERENCE; tools C0=['multiply', 'multiply', 'divide'] D1=['multiply', 'divide']; stop C0=terminal D1=executor_error; exec C0=True/none D1=False/argument; ans_pass C0=False D1=False",TOOL_COUNT_DIFFERENCE,0,loss_to_loss,0b8c39be-fcda-4d8c-b2d9-710a48d8d955
True,none,True,1,True,True,44.0,terminal,"[""divide""]",True,none,True,1,True,True,44.0,terminal,"[""divide""]",IDENTICAL_CALLS_DIFFERENT_TEXT; tools C0=['divide'] D1=['divide']; stop C0=terminal D1=terminal; exec C0=True/none D1=True/none; ans_pass C0=True D1=True,IDENTICAL_CALLS_DIFFERENT_TEXT,1,win_to_win,0baca5f1-6810-42b0-a9b4-051f76316bf1
False,executor_other,True,2,False,True,,terminal,"[""create_list"", ""find_integers""]",False,executor_other,True,2,False,True,,terminal,"[""create_list"", ""find_integers""]","IDENTICAL_TEXT; tools C0=['create_list', 'find_integers'] D1=['create_list', 'find_integers']; stop C0=terminal D1=terminal; exec C0=False/executor_other D1=False/executor_other; ans_pass C0=True D1=True",IDENTICAL_TEXT,-1,loss_to_loss,0bb06ff9-8b0e-4eba-ae38-7dbab0ccc741
True,none,True,2,True,True,50.0,terminal,"[""add"", ""divide""]",True,none,True,2,True,True,50.0,terminal,"[""add"", ""divide""]","IDENTICAL_CALLS_DIFFERENT_TEXT; tools C0=['add', 'divide'] D1=['add', 'divide']; stop C0=terminal D1=terminal; exec C0=True/none D1=True/none; ans_pass C0=True D1=True",IDENTICAL_CALLS_DIFFERENT_TEXT,0,win_to_win,0c3f5a6d-1aec-4d52-9310-c0e0ab651fef
True,none,True,2,True,True,19.0,terminal,"[""divide"", ""subtract""]",True,none,True,2,True,True,19.0,terminal,"[""divide"", ""subtract""]","IDENTICAL_CALLS_DIFFERENT_TEXT; tools C0=['divide', 'subtract'] D1=['divide', 'subtract']; stop C0=terminal D1=terminal; exec C0=True/none D1=True/none; ans_pass C0=True D1=True",IDENTICAL_CALLS_DIFFERENT_TEXT,0,win_to_win,0c5881b2-9556-42dd-8922-00d35a26becd
False,argument,False,2,False,True,,executor_error,"[""repeat_str"", ""convert_to_opposite_case""]",False,argument,False,2,False,True,,executor_error,"[""repeat_str"", ""convert_to_opposite_case""]","IDENTICAL_TEXT; tools C0=['repeat_str', 'convert_to_opposite_case'] D1=['repeat_str', 'convert_to_opposite_case']; stop C0=executor_error D1=executor_error; exec C0=False/argument D1=False/argument; ans_pass C0=False D1=False",IDENTICAL_TEXT,-1,loss_to_loss,0cea3214-8bbb-443a-943e-de9038f8b5f9
False,executor_other,True,2,False,True,,terminal,"[""find_substrings"", ""concatenate_with_commas""]",False,executor_other,True,2,False,True,,terminal,"[""find_substrings"", ""concatenate_with_commas""]","IDENTICAL_TEXT; tools C0=['find_substrings', 'concatenate_with_commas'] D1=['find_substrings', 'concatenate_with_commas']; stop C0=terminal D1=terminal; exec C0=False/executor_other D1=False/executor_other; ans_pass C0=True D1=True",IDENTICAL_TEXT,-1,loss_to_loss,0d77d7ab-46ff-419f-882f-a34511651f6a
True,other,False,1,False,True,0.05,clipped,"[""speed""]",False,executor_other,False,0,False,True,,clipped,[],TOOL_COUNT_DIFFERENCE; tools C0=['speed'] D1=[]; stop C0=clipped D1=clipped; exec C0=True/other D1=False/executor_other; ans_pass C0=False D1=False,TOOL_COUNT_DIFFERENCE,0,loss_to_loss,0e370f74-67af-4218-a65f-8f39d4562c48
True,none,False,4,False,True,16.0,terminal,"[""multiply"", ""divide"", ""multiply"", ""divide""]",False,executor_other,False,0,False,True,,terminal,[],"TOOL_COUNT_DIFFERENCE; tools C0=['multiply', 'divide', 'multiply', 'divide'] D1=[]; stop C0=terminal D1=terminal; exec C0=True/none D1=False/executor_other; ans_pass C0=False D1=False",TOOL_COUNT_DIFFERENCE,0,loss_to_loss,0edcb8a5-990e-4830-b55e-f920ac2ec474
True,none,False,1,False,True,235.0,terminal,"[""multiply""]",True,none,False,1,False,True,235.0,terminal,"[""multiply""]",IDENTICAL_TEXT; tools C0=['multiply'] D1=['multiply']; stop C0=terminal D1=terminal; exec C0=True/none D1=True/none; ans_pass C0=False D1=False,IDENTICAL_TEXT,-1,loss_to_loss,0ef8ad41-e5ac-47dc-bc73-3ff7e647aa7e
True,none,False,3,False,True,5,max_turns,"[""sqrt_rounded"", ""fib"", ""fib""]",True,none,True,2,True,True,3,terminal,"[""sqrt_rounded"", ""fib""]","TOOL_COUNT_DIFFERENCE; tools C0=['sqrt_rounded', 'fib', 'fib'] D1=['sqrt_rounded', 'fib']; stop C0=max_turns D1=terminal; exec C0=True/none D1=True/none; ans_pass C0=False D1=True",TOOL_COUNT_DIFFERENCE,0,loss_to_win,0f0a365f-d57e-4682-891b-b43b9d244d33
False,argument,False,3,False,True,,executor_error,"[""add"", ""add"", ""divide""]",False,argument,False,3,False,True,,executor_error,"[""add"", ""add"", ""divide""]","IDENTICAL_TEXT; tools C0=['add', 'add', 'divide'] D1=['add', 'add', 'divide']; stop C0=executor_error D1=executor_error; exec C0=False/argument D1=False/argument; ans_pass C0=False D1=False",IDENTICAL_TEXT,-1,loss_to_loss,0f1d3aca-4e40-45a9-b1e8-9ef76e1e1cd2
True,none,True,3,True,True,15.0,terminal,"[""speed"", ""speed"", ""divide""]",True,none,True,3,True,True,15.0,terminal,"[""speed"", ""speed"", ""divide""]","IDENTICAL_TEXT; tools C0=['speed', 'speed', 'divide'] D1=['speed', 'speed', 'divide']; stop C0=terminal D1=terminal; exec C0=True/none D1=True/none; ans_pass C0=True D1=True",IDENTICAL_TEXT,-1,win_to_win,0f4234c1-7508-46d2-85b3-6f659be4a9e5
True,none,True,1,True,True,28,terminal,"[""subtract""]",True,none,True,1,True,True,28,terminal,"[""subtract""]",IDENTICAL_CALLS_DIFFERENT_TEXT; tools C0=['subtract'] D1=['subtract']; stop C0=terminal D1=terminal; exec C0=True/none D1=True/none; ans_pass C0=True D1=True,IDENTICAL_CALLS_DIFFERENT_TEXT,1,win_to_win,0fcd0f80-2059-4e14-ba8f-04a89cb13ec8
True,none,True,4,True,True,14.0,max_turns,"[""divide"", ""multiply"", ""multiply"", ""inverse""]",True,none,True,4,True,True,14.0,max_turns,"[""divide"", ""multiply"", ""multiply"", ""inverse""]","REFERENCE_DIFFERENCE; tools C0=['divide', 'multiply', 'multiply', 'inverse'] D1=['divide', 'multiply', 'multiply', 'inverse']; stop C0=max_turns D1=max_turns; exec C0=True/none D1=True/none; ans_pass C0=True D1=True",REFERENCE_DIFFERENCE,0,win_to_win,100cb8c9-03ec-428f-ad0c-75e2fc296aaa
True,none,False,2,True,True,12.272727272727273,terminal,"[""multiply"", ""divide""]",True,none,False,2,True,True,12.272727272727273,terminal,"[""multiply"", ""divide""]","IDENTICAL_CALLS_DIFFERENT_TEXT; tools C0=['multiply', 'divide'] D1=['multiply', 'divide']; stop C0=terminal D1=terminal; exec C0=True/none D1=True/none; ans_pass C0=False D1=False",IDENTICAL_CALLS_DIFFERENT_TEXT,0,win_to_win,10994d45-1097-43fa-965c-6cbdd1f7a2a0
True,none,False,3,True,True,30.68181818181818,terminal,"[""divide"", ""divide"", ""multiply""]",True,none,False,3,True,True,30.68181818181818,terminal,"[""divide"", ""divide"", ""multiply""]","IDENTICAL_TEXT; tools C0=['divide', 'divide', 'multiply'] D1=['divide', 'divide', 'multiply']; stop C0=terminal D1=terminal; exec C0=True/none D1=True/none; ans_pass C0=False D1=False",IDENTICAL_TEXT,-1,win_to_win,115e0164-7c78-42bc-9fd9-9ef06892325b
True,none,False,2,True,True,2.1438953488372094,terminal,"[""divide"", ""multiply""]",True,none,False,5,True,True,2.1438953488372094,terminal,"[""multiply"", ""multiply"", ""multiply"", ""divide"", ""multiply""]","DIFFERENT_FIRST_TOOL; tools C0=['divide', 'multiply'] D1=['multiply', 'multiply', 'multiply', 'divide', 'multiply']; stop C0=terminal D1=terminal; exec C0=True/none D1=True/none; ans_pass C0=False D1=False",DIFFERENT_FIRST_TOOL,0,win_to_win,1163aa42-d931-4ae3-a9af-3800e1200319
True,none,True,3,True,True,70,terminal,"[""sqrt"", ""multiply"", ""subtract""]",True,none,True,3,True,True,70,terminal,"[""sqrt"", ""multiply"", ""subtract""]","REFERENCE_DIFFERENCE; tools C0=['sqrt', 'multiply', 'subtract'] D1=['sqrt', 'multiply', 'subtract']; stop C0=terminal D1=terminal; exec C0=True/none D1=True/none; ans_pass C0=True D1=True",REFERENCE_DIFFERENCE,0,win_to_win,123ce206-69a4-4901-93c1-ec1089eb8660
True,none,True,5,True,True,0.358,terminal,"[""divide"", ""divide"", ""divide"", ""add"", ""add""]",True,none,True,5,True,True,0.358,terminal,"[""divide"", ""divide"", ""divide"", ""add"", ""add""]","REFERENCE_DIFFERENCE; tools C0=['divide', 'divide', 'divide', 'add', 'add'] D1=['divide', 'divide', 'divide', 'add', 'add']; stop C0=terminal D1=terminal; exec C0=True/none D1=True/none; ans_pass C0=True D1=True",REFERENCE_DIFFERENCE,0,win_to_win,127a6fdd-24ca-4bfb-841c-3e1d9605dc1e
True,none,False,1,False,True,0.6400000000000001,terminal,"[""multiply""]",True,none,False,1,False,True,0.6400000000000001,terminal,"[""multiply""]",IDENTICAL_CALLS_DIFFERENT_TEXT; tools C0=['multiply'] D1=['multiply']; stop C0=terminal D1=terminal; exec C0=True/none D1=True/none; ans_pass C0=False D1=False,IDENTICAL_CALLS_DIFFERENT_TEXT,0,loss_to_loss,12b16d2a-7804-4be3-b278-86320411678e
True,none,False,6,False,True,0.578125,terminal,"[""multiply"", ""multiply"", ""divide"", ""subtract"", ""divide"", ""subtract""]",True,none,False,8,False,True,0.31640625,terminal,"[""multiply"", ""divide"", ""multiply"", ""multiply"", ""add"", ""add"", ""multiply"", ""subtract""]","TOOL_COUNT_DIFFERENCE; tools C0=['multiply', 'multiply', 'divide', 'subtract', 'divide', 'subtract'] D1=['multiply', 'divide', 'multiply', 'multiply', 'add', 'add', 'multiply', 'subtract']; stop C0=terminal D1=terminal; exec C0=True/none D1=True/none; ans_pass C0=False D1=False",TOOL_COUNT_DIFFERENCE,0,loss_to_loss,12dc2f74-7b39-4722-a840-bca49488c27e
True,none,True,1,True,True,1296,terminal,"[""multiply""]",True,none,True,1,True,True,1296,terminal,"[""multiply""]",IDENTICAL_TEXT; tools C0=['multiply'] D1=['multiply']; stop C0=terminal D1=terminal; exec C0=True/none D1=True/none; ans_pass C0=True D1=True,IDENTICAL_TEXT,-1,win_to_win,1310e585-1996-4df5-93f4-9f0b5a0838fd
False,executor_other,False,0,False,True,,terminal,[],False,executor_other,False,0,False,True,,terminal,[],IDENTICAL_TEXT; tools C0=[] D1=[]; stop C0=terminal D1=terminal; exec C0=False/executor_other D1=False/executor_other; ans_pass C0=False D1=False,IDENTICAL_TEXT,-1,loss_to_loss,139b3427-bcac-4e67-aa20-de8bd3ad996b
True,none,True,2,True,True,50,terminal,"[""multiply"", ""subtract""]",True,none,True,2,True,True,50,terminal,"[""multiply"", ""subtract""]","IDENTICAL_CALLS_DIFFERENT_TEXT; tools C0=['multiply', 'subtract'] D1=['multiply', 'subtract']; stop C0=terminal D1=terminal; exec C0=True/none D1=True/none; ans_pass C0=True D1=True",IDENTICAL_CALLS_DIFFERENT_TEXT,0,win_to_win,13cbad3d-d768-4d4d-bfce-542b6af4c28c
True,none,False,3,False,True,639128961,max_turns,"[""multiply"", ""add"", ""square_area""]",True,none,False,3,False,True,39942400,max_turns,"[""multiply"", ""divide"", ""square_area""]","DIFFERENT_LATER_TOOL; tools C0=['multiply', 'add', 'square_area'] D1=['multiply', 'divide', 'square_area']; stop C0=max_turns D1=max_turns; exec C0=True/none D1=True/none; ans_pass C0=False D1=False",DIFFERENT_LATER_TOOL,0,loss_to_loss,141c02ac-0e10-4b84-8fee-d2c6d9878ff1
False,executor_other,False,0,False,True,,terminal,[],False,executor_other,False,0,False,True,,terminal,[],IDENTICAL_TEXT; tools C0=[] D1=[]; stop C0=terminal D1=terminal; exec C0=False/executor_other D1=False/executor_other; ans_pass C0=False D1=False,IDENTICAL_TEXT,-1,loss_to_loss,147ffda7-4f8d-49e7-b4d7-799e4e43d10a
False,executor_other,True,2,False,True,,terminal,"[""convert_from_srm_to_rgb"", ""matrix_scale_multiply""]",False,executor_other,True,2,False,True,,terminal,"[""convert_from_srm_to_rgb"", ""matrix_scale_multiply""]","IDENTICAL_CALLS_DIFFERENT_TEXT; tools C0=['convert_from_srm_to_rgb', 'matrix_scale_multiply'] D1=['convert_from_srm_to_rgb', 'matrix_scale_multiply']; stop C0=terminal D1=terminal; exec C0=False/executor_other D1=False/executor_other; ans_pass C0=True D1=True",IDENTICAL_CALLS_DIFFERENT_TEXT,0,loss_to_loss,14dcf34c-1e76-4163-ae1e-b5d073ab2e30
True,none,True,3,True,True,500.0,terminal,"[""add"", ""multiply"", ""divide""]",True,none,True,3,True,True,500.0,terminal,"[""add"", ""multiply"", ""divide""]","IDENTICAL_TEXT; tools C0=['add', 'multiply', 'divide'] D1=['add', 'multiply', 'divide']; stop C0=terminal D1=terminal; exec C0=True/none D1=True/none; ans_pass C0=True D1=True",IDENTICAL_TEXT,-1,win_to_win,15475c99-4877-45c2-acb6-82b1b8fda842
True,none,False,2,False,True,6000.0,terminal,"[""multiply"", ""multiply""]",True,none,False,2,False,True,6000.0,terminal,"[""multiply"", ""multiply""]","IDENTICAL_CALLS_DIFFERENT_TEXT; tools C0=['multiply', 'multiply'] D1=['multiply', 'multiply']; stop C0=terminal D1=terminal; exec C0=True/none D1=True/none; ans_pass C0=False D1=False",IDENTICAL_CALLS_DIFFERENT_TEXT,0,loss_to_loss,15c44ed2-3566-4319-b273-97c4c86fee73
False,argument,False,1,False,True,,executor_error,"[""subtract""]",False,argument,False,1,False,True,,executor_error,"[""subtract""]",IDENTICAL_TEXT; tools C0=['subtract'] D1=['subtract']; stop C0=executor_error D1=executor_error; exec C0=False/argument D1=False/argument; ans_pass C0=False D1=False,IDENTICAL_TEXT,-1,loss_to_loss,162bc9d2-4ec9-4bed-9e0b-4e9353dd8a93
True,none,False,3,False,True,275.0,terminal,"[""square_edge_by_area"", ""divide"", ""rectangle_area""]",True,none,False,3,False,True,275.0,terminal,"[""square_edge_by_area"", ""divide"", ""rectangle_area""]","IDENTICAL_CALLS_DIFFERENT_TEXT; tools C0=['square_edge_by_area', 'divide', 'rectangle_area'] D1=['square_edge_by_area', 'divide', 'rectangle_area']; stop C0=terminal D1=terminal; exec C0=True/none D1=True/none; ans_pass C0=False D1=False",IDENTICAL_CALLS_DIFFERENT_TEXT,0,loss_to_loss,168257a8-a944-4dbc-8ae6-9b183edb9018
True,none,False,3,False,True,0.04,terminal,"[""multiply"", ""multiply"", ""divide""]",True,none,False,2,False,True,104.0,terminal,"[""multiply"", ""multiply""]","TOOL_COUNT_DIFFERENCE; tools C0=['multiply', 'multiply', 'divide'] D1=['multiply', 'multiply']; stop C0=terminal D1=terminal; exec C0=True/none D1=True/none; ans_pass C0=False D1=False",TOOL_COUNT_DIFFERENCE,2,loss_to_loss,1687e9c2-fcd0-43f9-9cd4-ffbcdb497c48
True,none,False,1,False,True,0.0045,terminal,"[""multiply""]",True,none,False,1,False,True,0.0045,terminal,"[""multiply""]",IDENTICAL_TEXT; tools C0=['multiply'] D1=['multiply']; stop C0=terminal D1=terminal; exec C0=True/none D1=True/none; ans_pass C0=False D1=False,IDENTICAL_TEXT,-1,loss_to_loss,1717147f-edc7-419b-9f2d-5f7fd6e2314b
True,none,False,1,False,True,1.5625,terminal,"[""power""]",True,none,True,3,True,True,56.25,terminal,"[""multiply"", ""subtract"", ""multiply""]","DIFFERENT_FIRST_TOOL; tools C0=['power'] D1=['multiply', 'subtract', 'multiply']; stop C0=terminal D1=terminal; exec C0=True/none D1=True/none; ans_pass C0=False D1=True",DIFFERENT_FIRST_TOOL,0,loss_to_win,174a02ed-7ae5-4508-9754-d9408a886790
True,none,False,2,False,True,13.333333333333334,terminal,"[""divide"", ""divide""]",True,none,False,1,False,True,13.333333333333334,terminal,"[""divide""]","TOOL_COUNT_DIFFERENCE; tools C0=['divide', 'divide'] D1=['divide']; stop C0=terminal D1=terminal; exec C0=True/none D1=True/none; ans_pass C0=False D1=False",TOOL_COUNT_DIFFERENCE,0,loss_to_loss,1810cf06-7295-4bcb-aafb-ae1e0b6244cf
True,none,False,2,False,True,251.0,terminal,"[""divide"", ""add""]",True,none,False,2,False,True,251.0,terminal,"[""divide"", ""add""]","IDENTICAL_CALLS_DIFFERENT_TEXT; tools C0=['divide', 'add'] D1=['divide', 'add']; stop C0=terminal D1=terminal; exec C0=True/none D1=True/none; ans_pass C0=False D1=False",IDENTICAL_CALLS_DIFFERENT_TEXT,0,loss_to_loss,185a7140-1b85-41cf-bcf2-ae8025282e07
True,none,False,2,False,True,121,terminal,"[""find_interval_distance"", ""int_to_base_n""]",True,none,False,2,False,True,121,terminal,"[""find_interval_distance"", ""int_to_base_n""]","IDENTICAL_CALLS_DIFFERENT_TEXT; tools C0=['find_interval_distance', 'int_to_base_n'] D1=['find_interval_distance', 'int_to_base_n']; stop C0=terminal D1=terminal; exec C0=True/none D1=True/none; ans_pass C0=False D1=False",IDENTICAL_CALLS_DIFFERENT_TEXT,0,loss_to_loss,18c1e7de-838f-402c-b0eb-92740963761e
False,argument,False,2,False,True,,executor_error,"[""multiply"", ""divide""]",False,argument,False,2,False,True,,executor_error,"[""multiply"", ""divide""]","IDENTICAL_TEXT; tools C0=['multiply', 'divide'] D1=['multiply', 'divide']; stop C0=executor_error D1=executor_error; exec C0=False/argument D1=False/argument; ans_pass C0=False D1=False",IDENTICAL_TEXT,-1,loss_to_loss,18f2119a-53e9-4e04-bd1a-2b88f2e68919
True,none,True,1,True,True,32500.0,terminal,"[""divide""]",True,none,True,1,True,True,32500.0,terminal,"[""divide""]",IDENTICAL_TEXT; tools C0=['divide'] D1=['divide']; stop C0=terminal D1=terminal; exec C0=True/none D1=True/none; ans_pass C0=True D1=True,IDENTICAL_TEXT,-1,win_to_win,19dd3e9b-c499-4369-a5ba-c81c8c76f165
True,none,True,2,True,True,"apple, banana, and cherry",terminal,"[""string_list"", ""modify_text""]",True,none,True,2,True,True,"apple, banana, and cherry",terminal,"[""string_list"", ""modify_text""]","IDENTICAL_TEXT; tools C0=['string_list', 'modify_text'] D1=['string_list', 'modify_text']; stop C0=terminal D1=terminal; exec C0=True/none D1=True/none; ans_pass C0=True D1=True",IDENTICAL_TEXT,-1,win_to_win,1a23d01d-1bf7-4680-bcfc-784c194f031c
True,none,False,3,False,True,15840.0,terminal,"[""multiply"", ""add"", ""subtract""]",True,none,False,3,False,True,15840.0,terminal,"[""multiply"", ""add"", ""subtract""]","IDENTICAL_CALLS_DIFFERENT_TEXT; tools C0=['multiply', 'add', 'subtract'] D1=['multiply', 'add', 'subtract']; stop C0=terminal D1=terminal; exec C0=True/none D1=True/none; ans_pass C0=False D1=False",IDENTICAL_CALLS_DIFFERENT_TEXT,3,loss_to_loss,1a95ac9a-3832-4f34-9b24-c5b7f210d666
True,none,False,3,False,True,289,terminal,"[""multiply"", ""add"", ""add""]",True,none,False,4,False,True,300.0,terminal,"[""multiply"", ""divide"", ""add"", ""add""]","TOOL_COUNT_DIFFERENCE; tools C0=['multiply', 'add', 'add'] D1=['multiply', 'divide', 'add', 'add']; stop C0=terminal D1=terminal; exec C0=True/none D1=True/none; ans_pass C0=False D1=False",TOOL_COUNT_DIFFERENCE,0,loss_to_loss,1b676365-4461-4b1a-b034-1e3f7906cb26
True,none,True,3,True,True,10.0,terminal,"[""multiply"", ""divide"", ""divide""]",True,none,True,3,True,True,10.0,terminal,"[""multiply"", ""divide"", ""divide""]","IDENTICAL_CALLS_DIFFERENT_TEXT; tools C0=['multiply', 'divide', 'divide'] D1=['multiply', 'divide', 'divide']; stop C0=terminal D1=terminal; exec C0=True/none D1=True/none; ans_pass C0=True D1=True",IDENTICAL_CALLS_DIFFERENT_TEXT,3,win_to_win,1c055a2e-5491-46d7-aa89-b52d6c44c2d4
True,none,False,2,False,True,string,terminal,"[""generate_and_encode"", ""get_variable_type""]",True,none,False,2,False,True,string,terminal,"[""generate_and_encode"", ""get_variable_type""]","SAME_TOOLS_DIFFERENT_ARGUMENTS; tools C0=['generate_and_encode', 'get_variable_type'] D1=['generate_and_encode', 'get_variable_type']; stop C0=terminal D1=terminal; exec C0=True/none D1=True/none; ans_pass C0=False D1=False",SAME_TOOLS_DIFFERENT_ARGUMENTS,0,loss_to_loss,1c5f421d-82a1-41ee-82f1-44efc7f013ff
True,none,False,1,False,True,1000000.0,terminal,"[""divide""]",True,none,False,1,False,True,1000000.0,terminal,"[""divide""]",IDENTICAL_TEXT; tools C0=['divide'] D1=['divide']; stop C0=terminal D1=terminal; exec C0=True/none D1=True/none; ans_pass C0=False D1=False,IDENTICAL_TEXT,-1,loss_to_loss,1d7544df-ed8c-43e9-abb0-f7bc6228e485
True,none,False,1,False,True,56,terminal,"[""multiply""]",True,none,False,1,False,True,56,terminal,"[""multiply""]",IDENTICAL_TEXT; tools C0=['multiply'] D1=['multiply']; stop C0=terminal D1=terminal; exec C0=True/none D1=True/none; ans_pass C0=False D1=False,IDENTICAL_TEXT,-1,loss_to_loss,1dcdbf2f-b7ae-4293-ba08-46491c9a32eb
True,none,False,6,False,True,300,max_turns,"[""divide"", ""divide"", ""multiply"", ""multiply"", ""multiply"", ""multiply""]",True,none,True,5,True,True,33,terminal,"[""multiply"", ""divide"", ""multiply"", ""divide"", ""subtract""]","DIFFERENT_FIRST_TOOL; tools C0=['divide', 'divide', 'multiply', 'multiply', 'multiply', 'multiply'] D1=['multiply', 'divide', 'multiply', 'divide', 'subtract']; stop C0=max_turns D1=terminal; exec C0=True/none D1=True/none; ans_pass C0=False D1=True",DIFFERENT_FIRST_TOOL,0,loss_to_win,1ddeac74-83ee-4119-9100-83133001b0f5
True,none,True,4,True,True,26250.0,terminal,"[""multiply"", ""multiply"", ""multiply"", ""divide""]",True,none,True,4,True,True,26250.0,terminal,"[""multiply"", ""multiply"", ""multiply"", ""divide""]","IDENTICAL_CALLS_DIFFERENT_TEXT; tools C0=['multiply', 'multiply', 'multiply', 'divide'] D1=['multiply', 'multiply', 'multiply', 'divide']; stop C0=terminal D1=terminal; exec C0=True/none D1=True/none; ans_pass C0=True D1=True",IDENTICAL_CALLS_DIFFERENT_TEXT,0,win_to_win,1ed76362-d447-432f-8693-6b77e9b03e61
True,none,False,3,True,True,0.704,terminal,"[""multiply"", ""multiply"", ""add""]",True,none,False,3,True,True,0.704,terminal,"[""multiply"", ""multiply"", ""add""]","IDENTICAL_CALLS_DIFFERENT_TEXT; tools C0=['multiply', 'multiply', 'add'] D1=['multiply', 'multiply', 'add']; stop C0=terminal D1=terminal; exec C0=True/none D1=True/none; ans_pass C0=False D1=False",IDENTICAL_CALLS_DIFFERENT_TEXT,0,win_to_win,1fdcc183-f3ca-49ca-b7d9-2a8466034136
True,none,True,4,True,True,83,terminal,"[""multiply"", ""subtract"", ""subtract"", ""subtract""]",True,none,True,4,True,True,83,terminal,"[""multiply"", ""subtract"", ""subtract"", ""subtract""]","IDENTICAL_CALLS_DIFFERENT_TEXT; tools C0=['multiply', 'subtract', 'subtract', 'subtract'] D1=['multiply', 'subtract', 'subtract', 'subtract']; stop C0=terminal D1=terminal; exec C0=True/none D1=True/none; ans_pass C0=True D1=True",IDENTICAL_CALLS_DIFFERENT_TEXT,0,win_to_win,1ff34864-aaf4-45ad-9132-b96cc6de3c63
True,none,False,5,False,True,1.0,terminal,"[""multiply"", ""power"", ""divide"", ""power"", ""divide""]",True,none,False,5,False,True,1.0,terminal,"[""multiply"", ""power"", ""divide"", ""power"", ""divide""]","IDENTICAL_CALLS_DIFFERENT_TEXT; tools C0=['multiply', 'power', 'divide', 'power', 'divide'] D1=['multiply', 'power', 'divide', 'power', 'divide']; stop C0=terminal D1=terminal; exec C0=True/none D1=True/none; ans_pass C0=False D1=False",IDENTICAL_CALLS_DIFFERENT_TEXT,4,loss_to_loss,203ee03e-405f-4fed-9322-30d5b03a0364
True,none,True,3,True,True,40.0,terminal,"[""add"", ""divide"", ""divide""]",True,none,True,3,True,True,40.0,terminal,"[""add"", ""divide"", ""divide""]","IDENTICAL_TEXT; tools C0=['add', 'divide', 'divide'] D1=['add', 'divide', 'divide']; stop C0=terminal D1=terminal; exec C0=True/none D1=True/none; ans_pass C0=True D1=True",IDENTICAL_TEXT,-1,win_to_win,2074df88-ff97-47f7-824b-f0dea1f34aa8
True,none,True,3,True,True,450.0,terminal,"[""multiply"", ""multiply"", ""divide""]",True,none,True,2,True,True,450.0,terminal,"[""multiply"", ""divide""]","TOOL_COUNT_DIFFERENCE; tools C0=['multiply', 'multiply', 'divide'] D1=['multiply', 'divide']; stop C0=terminal D1=terminal; exec C0=True/none D1=True/none; ans_pass C0=True D1=True",TOOL_COUNT_DIFFERENCE,0,win_to_win,2092563a-202f-4984-b18b-d971f42a0f6e
False,executor_other,False,0,False,True,,terminal,[],False,executor_other,False,0,False,True,,terminal,[],IDENTICAL_CALLS_DIFFERENT_TEXT; tools C0=[] D1=[]; stop C0=terminal D1=terminal; exec C0=False/executor_other D1=False/executor_other; ans_pass C0=False D1=False,IDENTICAL_CALLS_DIFFERENT_TEXT,0,loss_to_loss,2137514c-b124-42a1-a902-7b903792d2c7
False,executor_other,True,2,False,True,,terminal,"[""pad_buffer"", ""search_min_max""]",False,executor_other,True,2,False,True,,terminal,"[""pad_buffer"", ""search_min_max""]","IDENTICAL_TEXT; tools C0=['pad_buffer', 'search_min_max'] D1=['pad_buffer', 'search_min_max']; stop C0=terminal D1=terminal; exec C0=False/executor_other D1=False/executor_other; ans_pass C0=True D1=True",IDENTICAL_TEXT,-1,loss_to_loss,2140a918-5ea0-4afb-bf9c-a6eaf5f74a1e
False,argument,False,4,False,True,,executor_error,"[""power"", ""power"", ""multiply"", ""divide""]",False,argument,False,4,False,True,,executor_error,"[""power"", ""power"", ""multiply"", ""divide""]","IDENTICAL_CALLS_DIFFERENT_TEXT; tools C0=['power', 'power', 'multiply', 'divide'] D1=['power', 'power', 'multiply', 'divide']; stop C0=executor_error D1=executor_error; exec C0=False/argument D1=False/argument; ans_pass C0=False D1=False",IDENTICAL_CALLS_DIFFERENT_TEXT,1,loss_to_loss,215a654f-549a-47c1-b1ce-772fc2910045
True,none,False,4,False,True,11,max_turns,"[""subtract"", ""add"", ""add"", ""subtract""]",True,none,False,3,False,True,18,terminal,"[""subtract"", ""subtract"", ""add""]","TOOL_COUNT_DIFFERENCE; tools C0=['subtract', 'add', 'add', 'subtract'] D1=['subtract', 'subtract', 'add']; stop C0=max_turns D1=terminal; exec C0=True/none D1=True/none; ans_pass C0=False D1=False",TOOL_COUNT_DIFFERENCE,0,loss_to_loss,21611a3d-1312-4ca5-a55d-53ac907b8b95
True,none,False,3,False,True,"{'a': ['apple'], 'b': ['banana'], 'c': ['cherry'], 'd': ['date'], 'e': ['elderberry']}",max_turns,"[""group_by_first_char"", ""sort_by_len_and_lex"", ""group_by_first_char""]",True,none,True,3,True,True,"['a', 'b', 'c', 'd', 'e']",max_turns,"[""group_by_first_char"", ""sort_by_len_and_lex"", ""sort_by_len_and_lex""]","DIFFERENT_LATER_TOOL; tools C0=['group_by_first_char', 'sort_by_len_and_lex', 'group_by_first_char'] D1=['group_by_first_char', 'sort_by_len_and_lex', 'sort_by_len_and_lex']; stop C0=max_turns D1=max_turns; exec C0=True/none D1=True/none; ans_pass C0=False D1=True",DIFFERENT_LATER_TOOL,2,loss_to_win,21d13279-bf86-4ffe-92fd-c65f65389f43
False,executor_other,False,0,False,True,,terminal,[],False,executor_other,False,0,False,True,,terminal,[],IDENTICAL_TEXT; tools C0=[] D1=[]; stop C0=terminal D1=terminal; exec C0=False/executor_other D1=False/executor_other; ans_pass C0=False D1=False,IDENTICAL_TEXT,-1,loss_to_loss,22040b6d-3b03-4762-a3bb-9688fac0fd97
True,none,True,1,True,True,78.0,terminal,"[""divide""]",True,none,True,1,True,True,78.0,terminal,"[""divide""]",IDENTICAL_TEXT; tools C0=['divide'] D1=['divide']; stop C0=terminal D1=terminal; exec C0=True/none D1=True/none; ans_pass C0=True D1=True,IDENTICAL_TEXT,-1,win_to_win,22e261c5-6873-4bf8-9ad4-59bb993bed31
True,none,True,3,True,True,7700,terminal,"[""multiply"", ""multiply"", ""subtract""]",True,none,True,3,True,True,7700,terminal,"[""multiply"", ""multiply"", ""subtract""]","IDENTICAL_TEXT; tools C0=['multiply', 'multiply', 'subtract'] D1=['multiply', 'multiply', 'subtract']; stop C0=terminal D1=terminal; exec C0=True/none D1=True/none; ans_pass C0=True D1=True",IDENTICAL_TEXT,-1,win_to_win,236b5116-b02d-45f2-9a4e-18c83a35e11b
True,none,False,2,False,True,30.0,terminal,"[""multiply"", ""divide""]",True,none,False,2,False,True,29.999999999999996,terminal,"[""multiply"", ""divide""]","SAME_TOOLS_DIFFERENT_ARGUMENTS; tools C0=['multiply', 'divide'] D1=['multiply', 'divide']; stop C0=terminal D1=terminal; exec C0=True/none D1=True/none; ans_pass C0=False D1=False",SAME_TOOLS_DIFFERENT_ARGUMENTS,0,loss_to_loss,23fb2017-6788-4dc2-a28a-403c6b473adb
False,argument,False,3,False,True,,executor_error,"[""multiply"", ""add"", ""divide""]",True,none,True,5,True,True,98.0,max_turns,"[""multiply"", ""add"", ""subtract"", ""add"", ""divide""]","TOOL_COUNT_DIFFERENCE; tools C0=['multiply', 'add', 'divide'] D1=['multiply', 'add', 'subtract', 'add', 'divide']; stop C0=executor_error D1=max_turns; exec C0=False/argument D1=True/none; ans_pass C0=False D1=True",TOOL_COUNT_DIFFERENCE,0,loss_to_win,24a1101f-819c-4ca7-a4e4-e7dee741c4f6
True,none,True,2,True,True,param1_param2_param3,terminal,"[""generate_method_name"", ""escape_reserved_keywords""]",True,none,True,2,True,True,param1_param2_param3,terminal,"[""generate_method_name"", ""escape_reserved_keywords""]","IDENTICAL_CALLS_DIFFERENT_TEXT; tools C0=['generate_method_name', 'escape_reserved_keywords'] D1=['generate_method_name', 'escape_reserved_keywords']; stop C0=terminal D1=terminal; exec C0=True/none D1=True/none; ans_pass C0=True D1=True",IDENTICAL_CALLS_DIFFERENT_TEXT,0,win_to_win,24ae4dc9-6d14-426d-8a74-b148e2546e4d
True,none,True,1,True,True,7.5,terminal,"[""multiply""]",True,none,True,1,True,True,7.5,terminal,"[""multiply""]",IDENTICAL_TEXT; tools C0=['multiply'] D1=['multiply']; stop C0=terminal D1=terminal; exec C0=True/none D1=True/none; ans_pass C0=True D1=True,IDENTICAL_TEXT,-1,win_to_win,25558ef9-4c6d-4de8-b3a4-a1f4bf6eb7b9
True,none,True,3,True,True,60.0,terminal,"[""divide"", ""multiply"", ""multiply""]",True,none,True,3,True,True,60.0,terminal,"[""divide"", ""multiply"", ""multiply""]","IDENTICAL_TEXT; tools C0=['divide', 'multiply', 'multiply'] D1=['divide', 'multiply', 'multiply']; stop C0=terminal D1=terminal; exec C0=True/none D1=True/none; ans_pass C0=True D1=True",IDENTICAL_TEXT,-1,win_to_win,25632e5c-db71-4cc7-a47b-b41c35a1d514
True,none,True,2,True,True,440,terminal,"[""multiply"", ""multiply""]",True,none,True,3,True,True,440.0,terminal,"[""multiply"", ""subtract"", ""multiply""]","TOOL_COUNT_DIFFERENCE; tools C0=['multiply', 'multiply'] D1=['multiply', 'subtract', 'multiply']; stop C0=terminal D1=terminal; exec C0=True/none D1=True/none; ans_pass C0=True D1=True",TOOL_COUNT_DIFFERENCE,0,win_to_win,2570300a-af5a-4e4c-baa7-a5da634ac67c
True,none,True,2,True,True,3,terminal,"[""last_occurrence"", ""get_digit_sum""]",True,none,True,2,True,True,3,terminal,"[""last_occurrence"", ""get_digit_sum""]","IDENTICAL_TEXT; tools C0=['last_occurrence', 'get_digit_sum'] D1=['last_occurrence', 'get_digit_sum']; stop C0=terminal D1=terminal; exec C0=True/none D1=True/none; ans_pass C0=True D1=True",IDENTICAL_TEXT,-1,win_to_win,266ec704-de4a-42a9-b0fe-5bded7b4ed40
True,none,True,3,True,True,65,terminal,"[""choose"", ""choose"", ""subtract""]",True,none,True,3,True,True,65,terminal,"[""choose"", ""choose"", ""subtract""]","IDENTICAL_CALLS_DIFFERENT_TEXT; tools C0=['choose', 'choose', 'subtract'] D1=['choose', 'choose', 'subtract']; stop C0=terminal D1=terminal; exec C0=True/none D1=True/none; ans_pass C0=True D1=True",IDENTICAL_CALLS_DIFFERENT_TEXT,3,win_to_win,27468e82-a565-4ac8-861b-13a7170839e9
True,none,True,4,True,True,9.0,terminal,"[""multiply"", ""multiply"", ""add"", ""divide""]",True,none,True,3,True,True,9.0,terminal,"[""multiply"", ""multiply"", ""divide""]","TOOL_COUNT_DIFFERENCE; tools C0=['multiply', 'multiply', 'add', 'divide'] D1=['multiply', 'multiply', 'divide']; stop C0=terminal D1=terminal; exec C0=True/none D1=True/none; ans_pass C0=True D1=True",TOOL_COUNT_DIFFERENCE,2,win_to_win,2829663a-a30b-420d-a777-ba7c289924c8
True,none,False,3,True,True,12.004801920768308,terminal,"[""subtract"", ""subtract"", ""inverse""]",True,none,False,3,True,True,12.004801920768308,terminal,"[""subtract"", ""subtract"", ""inverse""]","SAME_TOOLS_DIFFERENT_ARGUMENTS; tools C0=['subtract', 'subtract', 'inverse'] D1=['subtract', 'subtract', 'inverse']; stop C0=terminal D1=terminal; exec C0=True/none D1=True/none; ans_pass C0=False D1=False",SAME_TOOLS_DIFFERENT_ARGUMENTS,0,win_to_win,2866f717-aa3b-44b8-b672-a0593d2207a3
False,unknown_tool,False,2,False,True,,executor_error,"[""add"", ""gcd""]",False,unknown_tool,False,2,False,True,,executor_error,"[""add"", ""gcd""]","IDENTICAL_TEXT; tools C0=['add', 'gcd'] D1=['add', 'gcd']; stop C0=executor_error D1=executor_error; exec C0=False/unknown_tool D1=False/unknown_tool; ans_pass C0=False D1=False",IDENTICAL_TEXT,-1,loss_to_loss,28cc5dca-3281-4afc-949b-f41784c210a4
True,none,False,3,False,True,3,max_turns,"[""multiply"", ""multiply"", ""add""]",True,none,False,3,False,True,33,max_turns,"[""add"", ""add"", ""add""]","DIFFERENT_FIRST_TOOL; tools C0=['multiply', 'multiply', 'add'] D1=['add', 'add', 'add']; stop C0=max_turns D1=max_turns; exec C0=True/none D1=True/none; ans_pass C0=False D1=False",DIFFERENT_FIRST_TOOL,0,loss_to_loss,2a22dbc6-0db5-454d-9f51-08ae20dc6d47
False,argument,False,1,False,True,,executor_error,"[""divide""]",True,none,True,4,True,True,12,terminal,"[""power"", ""power"", ""subtract"", ""sqrt""]","DIFFERENT_FIRST_TOOL; tools C0=['divide'] D1=['power', 'power', 'subtract', 'sqrt']; stop C0=executor_error D1=terminal; exec C0=False/argument D1=True/none; ans_pass C0=False D1=True",DIFFERENT_FIRST_TOOL,0,loss_to_win,2b2c1931-a5c2-44a9-8283-08a4067256c2
True,none,True,3,True,True,3500,terminal,"[""multiply"", ""multiply"", ""subtract""]",True,none,True,3,True,True,3500,terminal,"[""multiply"", ""multiply"", ""subtract""]","IDENTICAL_CALLS_DIFFERENT_TEXT; tools C0=['multiply', 'multiply', 'subtract'] D1=['multiply', 'multiply', 'subtract']; stop C0=terminal D1=terminal; exec C0=True/none D1=True/none; ans_pass C0=True D1=True",IDENTICAL_CALLS_DIFFERENT_TEXT,0,win_to_win,2b51319c-9997-4760-9111-50cec120c41c
True,none,True,3,True,True,1,terminal,"[""power"", ""divide"", ""subtract""]",True,none,True,3,True,True,1,terminal,"[""power"", ""divide"", ""subtract""]","IDENTICAL_CALLS_DIFFERENT_TEXT; tools C0=['power', 'divide', 'subtract'] D1=['power', 'divide', 'subtract']; stop C0=terminal D1=terminal; exec C0=True/none D1=True/none; ans_pass C0=True D1=True",IDENTICAL_CALLS_DIFFERENT_TEXT,0,win_to_win,2b820d2a-4e43-433b-939c-69e6e8719c57
True,none,True,2,True,True,">a/<MBI>""moc.mbi.www//:sptth""=ferh a< is long",terminal,"[""generate_hyperlink"", ""reversed_string_with_message""]",True,none,True,2,True,True,">a/<MBI>""moc.mbi.www//:sptth""=ferh a< is long",terminal,"[""generate_hyperlink"", ""reversed_string_with_message""]","IDENTICAL_TEXT; tools C0=['generate_hyperlink', 'reversed_string_with_message'] D1=['generate_hyperlink', 'reversed_string_with_message']; stop C0=terminal D1=terminal; exec C0=True/none D1=True/none; ans_pass C0=True D1=True",IDENTICAL_TEXT,-1,win_to_win,2b837d55-e28b-4101-aba9-0f5bb4a2bfdf
True,none,False,2,False,True,3,terminal,"[""index_of_min"", ""evaluate_instruction""]",True,none,False,2,False,True,3,terminal,"[""index_of_min"", ""evaluate_instruction""]","IDENTICAL_CALLS_DIFFERENT_TEXT; tools C0=['index_of_min', 'evaluate_instruction'] D1=['index_of_min', 'evaluate_instruction']; stop C0=terminal D1=terminal; exec C0=True/none D1=True/none; ans_pass C0=False D1=False",IDENTICAL_CALLS_DIFFERENT_TEXT,0,loss_to_loss,2bb28af9-3cd9-4287-bfe3-c43b74cc6675
True,none,True,1,False,True,0.888888888888889,terminal,"[""divide""]",True,none,True,1,False,True,0.888888888888889,terminal,"[""divide""]",IDENTICAL_TEXT; tools C0=['divide'] D1=['divide']; stop C0=terminal D1=terminal; exec C0=True/none D1=True/none; ans_pass C0=True D1=True,IDENTICAL_TEXT,-1,loss_to_loss,2c4dad3c-1c93-456b-a172-846d887fe793
True,none,False,2,False,True,3.0,terminal,"[""add"", ""divide""]",True,none,False,2,False,True,3.0,terminal,"[""add"", ""divide""]","IDENTICAL_CALLS_DIFFERENT_TEXT; tools C0=['add', 'divide'] D1=['add', 'divide']; stop C0=terminal D1=terminal; exec C0=True/none D1=True/none; ans_pass C0=False D1=False",IDENTICAL_CALLS_DIFFERENT_TEXT,0,loss_to_loss,2c787f80-62fe-4cd5-8205-930bb711b22a
True,none,True,1,True,True,45,terminal,"[""multiply""]",True,none,True,2,True,True,45.0,terminal,"[""divide"", ""multiply""]","DIFFERENT_FIRST_TOOL; tools C0=['multiply'] D1=['divide', 'multiply']; stop C0=terminal D1=terminal; exec C0=True/none D1=True/none; ans_pass C0=True D1=True",DIFFERENT_FIRST_TOOL,0,win_to_win,2d151251-59a4-4470-a5ce-2b961771cce9
True,none,True,1,True,True,310.0,terminal,"[""divide""]",True,none,True,1,True,True,310.0,terminal,"[""divide""]",IDENTICAL_TEXT; tools C0=['divide'] D1=['divide']; stop C0=terminal D1=terminal; exec C0=True/none D1=True/none; ans_pass C0=True D1=True,IDENTICAL_TEXT,-1,win_to_win,2d87c2a9-119e-4dca-a137-bad72526368e
True,none,True,1,True,True,126.0,terminal,"[""divide""]",True,none,True,1,True,True,126.0,terminal,"[""divide""]",IDENTICAL_CALLS_DIFFERENT_TEXT; tools C0=['divide'] D1=['divide']; stop C0=terminal D1=terminal; exec C0=True/none D1=True/none; ans_pass C0=True D1=True,IDENTICAL_CALLS_DIFFERENT_TEXT,0,win_to_win,2de63c8e-4a0e-418c-a608-998e6157ba44
True,none,True,2,True,True,39,terminal,"[""subtract"", ""add""]",True,none,True,2,True,True,39,terminal,"[""subtract"", ""add""]","IDENTICAL_CALLS_DIFFERENT_TEXT; tools C0=['subtract', 'add'] D1=['subtract', 'add']; stop C0=terminal D1=terminal; exec C0=True/none D1=True/none; ans_pass C0=True D1=True",IDENTICAL_CALLS_DIFFERENT_TEXT,0,win_to_win,2e458b03-c3d8-4794-8fc6-25f505ecbdc1
False,executor_other,False,0,False,True,,terminal,[],False,executor_other,False,0,False,True,,terminal,[],IDENTICAL_TEXT; tools C0=[] D1=[]; stop C0=terminal D1=terminal; exec C0=False/executor_other D1=False/executor_other; ans_pass C0=False D1=False,IDENTICAL_TEXT,-1,loss_to_loss,2e70b1d4-a123-4c7a-b4a7-3e31ac5cb464
True,none,False,2,False,True,20.0,terminal,"[""divide"", ""multiply""]",True,none,False,2,False,True,20.0,terminal,"[""divide"", ""multiply""]","IDENTICAL_TEXT; tools C0=['divide', 'multiply'] D1=['divide', 'multiply']; stop C0=terminal D1=terminal; exec C0=True/none D1=True/none; ans_pass C0=False D1=False",IDENTICAL_TEXT,-1,loss_to_loss,2e76a708-23a4-4091-bbd5-1ac893b3f389
True,none,False,1,True,True,28.444444444444443,terminal,"[""divide""]",True,none,False,1,True,True,28.444444444444443,terminal,"[""divide""]",IDENTICAL_CALLS_DIFFERENT_TEXT; tools C0=['divide'] D1=['divide']; stop C0=terminal D1=terminal; exec C0=True/none D1=True/none; ans_pass C0=False D1=False,IDENTICAL_CALLS_DIFFERENT_TEXT,0,win_to_win,2effd81d-6cc7-4291-a06f-ad803a993312
True,none,True,3,True,True,54000,terminal,"[""multiply"", ""divide"", ""add""]",True,none,True,3,True,True,54000,terminal,"[""multiply"", ""divide"", ""add""]","IDENTICAL_CALLS_DIFFERENT_TEXT; tools C0=['multiply', 'divide', 'add'] D1=['multiply', 'divide', 'add']; stop C0=terminal D1=terminal; exec C0=True/none D1=True/none; ans_pass C0=True D1=True",IDENTICAL_CALLS_DIFFERENT_TEXT,0,win_to_win,2fda8d65-cacf-41a7-ac58-3f96be3fdc8b
True,none,True,6,True,True,65.8,terminal,"[""subtract"", ""multiply"", ""multiply"", ""add"", ""divide"", ""multiply""]",True,none,True,6,True,True,65.8,terminal,"[""subtract"", ""multiply"", ""multiply"", ""add"", ""divide"", ""multiply""]","IDENTICAL_TEXT; tools C0=['subtract', 'multiply', 'multiply', 'add', 'divide', 'multiply'] D1=['subtract', 'multiply', 'multiply', 'add', 'divide', 'multiply']; stop C0=terminal D1=terminal; exec C0=True/none D1=True/none; ans_pass C0=True D1=True",IDENTICAL_TEXT,-1,win_to_win,30559c69-6370-4eb4-82e8-724968e008b3
True,none,True,2,True,True,10.017874927409903,terminal,"[""average_value"", ""sinh""]",True,none,True,2,True,True,10.017874927409903,terminal,"[""average_value"", ""sinh""]","IDENTICAL_TEXT; tools C0=['average_value', 'sinh'] D1=['average_value', 'sinh']; stop C0=terminal D1=terminal; exec C0=True/none D1=True/none; ans_pass C0=True D1=True",IDENTICAL_TEXT,-1,win_to_win,309caad0-09b3-4ebf-8ea8-2456d45ec64c
True,none,True,3,True,True,2160.0,terminal,"[""multiply"", ""multiply"", ""divide""]",True,none,True,3,True,True,2160.0,terminal,"[""multiply"", ""multiply"", ""divide""]","IDENTICAL_TEXT; tools C0=['multiply', 'multiply', 'divide'] D1=['multiply', 'multiply', 'divide']; stop C0=terminal D1=terminal; exec C0=True/none D1=True/none; ans_pass C0=True D1=True",IDENTICAL_TEXT,-1,win_to_win,3129f9c0-c62b-4e2e-a3a5-11e8398b8403
False,executor_other,True,3,False,True,,terminal,"[""find_nth_smallest"", ""zeroes_to_binary"", ""count_leading_and_trailing_spaces""]",False,executor_other,True,3,False,True,,terminal,"[""find_nth_smallest"", ""zeroes_to_binary"", ""count_leading_and_trailing_spaces""]","IDENTICAL_TEXT; tools C0=['find_nth_smallest', 'zeroes_to_binary', 'count_leading_and_trailing_spaces'] D1=['find_nth_smallest', 'zeroes_to_binary', 'count_leading_and_trailing_spaces']; stop C0=terminal D1=terminal; exec C0=False/executor_other D1=False/executor_other; ans_pass C0=True D1=True",IDENTICAL_TEXT,-1,loss_to_loss,3171c089-3152-48db-90be-f576f555dfd6
True,none,True,2,True,True,1.0,terminal,"[""divide"", ""multiply""]",True,none,True,2,True,True,1.0,terminal,"[""divide"", ""multiply""]","IDENTICAL_TEXT; tools C0=['divide', 'multiply'] D1=['divide', 'multiply']; stop C0=terminal D1=terminal; exec C0=True/none D1=True/none; ans_pass C0=True D1=True",IDENTICAL_TEXT,-1,win_to_win,320629df-4548-4c22-984d-6ca08f47f331
False,argument,False,1,False,True,,executor_error,"[""divide""]",False,argument,False,1,False,True,,executor_error,"[""divide""]",IDENTICAL_TEXT; tools C0=['divide'] D1=['divide']; stop C0=executor_error D1=executor_error; exec C0=False/argument D1=False/argument; ans_pass C0=False D1=False,IDENTICAL_TEXT,-1,loss_to_loss,32881593-1d74-40fd-9d4e-9ea812030a17
True,none,False,1,False,True,770,terminal,"[""multiply""]",True,none,False,1,False,True,700.0,terminal,"[""divide""]",DIFFERENT_FIRST_TOOL; tools C0=['multiply'] D1=['divide']; stop C0=terminal D1=terminal; exec C0=True/none D1=True/none; ans_pass C0=False D1=False,DIFFERENT_FIRST_TOOL,0,loss_to_loss,335daef0-edbe-4bb7-ae22-e68e0d60c81d
True,none,True,3,True,True,384.0,terminal,"[""multiply"", ""subtract"", ""multiply""]",True,none,True,3,True,True,384.0,terminal,"[""multiply"", ""subtract"", ""multiply""]","IDENTICAL_CALLS_DIFFERENT_TEXT; tools C0=['multiply', 'subtract', 'multiply'] D1=['multiply', 'subtract', 'multiply']; stop C0=terminal D1=terminal; exec C0=True/none D1=True/none; ans_pass C0=True D1=True",IDENTICAL_CALLS_DIFFERENT_TEXT,0,win_to_win,338fc6ec-f0b9-4659-8fad-cffa199b9b14
True,none,True,4,True,True,3,terminal,"[""power"", ""add"", ""divide"", ""subtract""]",True,none,False,3,False,True,3.25,terminal,"[""multiply"", ""add"", ""divide""]","DIFFERENT_FIRST_TOOL; tools C0=['power', 'add', 'divide', 'subtract'] D1=['multiply', 'add', 'divide']; stop C0=terminal D1=terminal; exec C0=True/none D1=True/none; ans_pass C0=True D1=False",DIFFERENT_FIRST_TOOL,0,win_to_loss,35adf4ad-dada-47dd-8c92-1af9100d6a8a
True,none,True,1,True,True,2700.0,terminal,"[""divide""]",True,none,True,1,True,True,2700.0,terminal,"[""divide""]",IDENTICAL_CALLS_DIFFERENT_TEXT; tools C0=['divide'] D1=['divide']; stop C0=terminal D1=terminal; exec C0=True/none D1=True/none; ans_pass C0=True D1=True,IDENTICAL_CALLS_DIFFERENT_TEXT,0,win_to_win,35fc7be7-e78c-4c96-9cf6-a78a9b542ffe
False,executor_other,False,0,False,True,,terminal,[],True,none,False,1,False,True,40,terminal,"[""multiply""]",TOOL_COUNT_DIFFERENCE; tools C0=[] D1=['multiply']; stop C0=terminal D1=terminal; exec C0=False/executor_other D1=True/none; ans_pass C0=False D1=False,TOOL_COUNT_DIFFERENCE,0,loss_to_loss,368861a1-8382-4f9e-8574-1f9d7ad05f3e
True,none,True,5,True,True,90.0,terminal,"[""divide"", ""subtract"", ""divide"", ""divide"", ""multiply""]",True,none,True,5,True,True,90.0,terminal,"[""divide"", ""subtract"", ""divide"", ""divide"", ""multiply""]","IDENTICAL_CALLS_DIFFERENT_TEXT; tools C0=['divide', 'subtract', 'divide', 'divide', 'multiply'] D1=['divide', 'subtract', 'divide', 'divide', 'multiply']; stop C0=terminal D1=terminal; exec C0=True/none D1=True/none; ans_pass C0=True D1=True",IDENTICAL_CALLS_DIFFERENT_TEXT,0,win_to_win,36ac0316-5e89-40e1-b85a-3dfc02daf78e
True,none,True,5,True,True,74.99999999999999,max_turns,"[""divide"", ""divide"", ""subtract"", ""divide"", ""multiply""]",True,none,True,5,True,True,74.99999999999999,max_turns,"[""divide"", ""divide"", ""subtract"", ""divide"", ""multiply""]","IDENTICAL_CALLS_DIFFERENT_TEXT; tools C0=['divide', 'divide', 'subtract', 'divide', 'multiply'] D1=['divide', 'divide', 'subtract', 'divide', 'multiply']; stop C0=max_turns D1=max_turns; exec C0=True/none D1=True/none; ans_pass C0=True D1=True",IDENTICAL_CALLS_DIFFERENT_TEXT,0,win_to_win,36ba10c3-3023-4b26-b449-84787b535d77
True,none,True,1,True,True,0.3076923076923077,terminal,"[""divide""]",True,none,True,1,True,True,0.3076923076923077,terminal,"[""divide""]",IDENTICAL_TEXT; tools C0=['divide'] D1=['divide']; stop C0=terminal D1=terminal; exec C0=True/none D1=True/none; ans_pass C0=True D1=True,IDENTICAL_TEXT,-1,win_to_win,370cba6c-f86f-4d80-a269-2c26578acd1a
False,executor_other,False,0,False,True,,terminal,[],False,executor_other,False,0,False,True,,terminal,[],IDENTICAL_CALLS_DIFFERENT_TEXT; tools C0=[] D1=[]; stop C0=terminal D1=terminal; exec C0=False/executor_other D1=False/executor_other; ans_pass C0=False D1=False,IDENTICAL_CALLS_DIFFERENT_TEXT,0,loss_to_loss,383d4437-b8f5-42dc-b2f9-ccb05d1c595d
False,executor_other,False,0,False,True,,terminal,[],True,none,True,2,True,True,19.0,terminal,"[""subtract"", ""divide""]","TOOL_COUNT_DIFFERENCE; tools C0=[] D1=['subtract', 'divide']; stop C0=terminal D1=terminal; exec C0=False/executor_other D1=True/none; ans_pass C0=False D1=True",TOOL_COUNT_DIFFERENCE,0,loss_to_win,38e7c22f-c209-4f49-8bbd-08bc3cb08203
True,none,False,3,False,True,0.4,terminal,"[""multiply"", ""add"", ""divide""]",True,none,False,3,False,True,0.4,terminal,"[""multiply"", ""add"", ""divide""]","IDENTICAL_CALLS_DIFFERENT_TEXT; tools C0=['multiply', 'add', 'divide'] D1=['multiply', 'add', 'divide']; stop C0=terminal D1=terminal; exec C0=True/none D1=True/none; ans_pass C0=False D1=False",IDENTICAL_CALLS_DIFFERENT_TEXT,2,loss_to_loss,3a4b7b77-f0a1-4537-8623-432023f545bb
False,executor_other,False,0,False,True,,parse_fail,[],True,none,False,5,False,True,10.0,max_turns,"[""multiply"", ""multiply"", ""divide"", ""divide"", ""add""]","TOOL_COUNT_DIFFERENCE; tools C0=[] D1=['multiply', 'multiply', 'divide', 'divide', 'add']; stop C0=parse_fail D1=max_turns; exec C0=False/executor_other D1=True/none; ans_pass C0=False D1=False",TOOL_COUNT_DIFFERENCE,0,loss_to_loss,3b98a2de-9a2c-46d8-8a0a-3bdb46a33559
True,none,True,3,True,True,24.0,terminal,"[""divide"", ""multiply"", ""subtract""]",True,none,True,3,True,True,24.0,terminal,"[""divide"", ""multiply"", ""subtract""]","IDENTICAL_CALLS_DIFFERENT_TEXT; tools C0=['divide', 'multiply', 'subtract'] D1=['divide', 'multiply', 'subtract']; stop C0=terminal D1=terminal; exec C0=True/none D1=True/none; ans_pass C0=True D1=True",IDENTICAL_CALLS_DIFFERENT_TEXT,0,win_to_win,3baf684d-f14a-4696-b90f-0191b1df884b
True,none,True,2,True,True,"[[1, 3], [4, 6], [7, 9]]",terminal,"[""select_first_and_last"", ""sort_and_add""]",True,none,True,2,True,True,"[[1, 3], [4, 6], [7, 9]]",terminal,"[""select_first_and_last"", ""sort_and_add""]","IDENTICAL_CALLS_DIFFERENT_TEXT; tools C0=['select_first_and_last', 'sort_and_add'] D1=['select_first_and_last', 'sort_and_add']; stop C0=terminal D1=terminal; exec C0=True/none D1=True/none; ans_pass C0=True D1=True",IDENTICAL_CALLS_DIFFERENT_TEXT,0,win_to_win,3ca6bc7f-564f-40d0-ac57-c818298f26d5
True,none,False,1,False,True,0.37499999999999994,terminal,"[""divide""]",True,none,False,1,False,True,0.37499999999999994,terminal,"[""divide""]",IDENTICAL_CALLS_DIFFERENT_TEXT; tools C0=['divide'] D1=['divide']; stop C0=terminal D1=terminal; exec C0=True/none D1=True/none; ans_pass C0=False D1=False,IDENTICAL_CALLS_DIFFERENT_TEXT,0,loss_to_loss,3ccc5de6-a0ef-4ef2-90b5-bd9bbf562ec1
True,none,True,4,True,True,8,terminal,"[""multiply"", ""multiply"", ""add"", ""subtract""]",True,none,True,4,True,True,8,terminal,"[""multiply"", ""multiply"", ""add"", ""subtract""]","REFERENCE_DIFFERENCE; tools C0=['multiply', 'multiply', 'add', 'subtract'] D1=['multiply', 'multiply', 'add', 'subtract']; stop C0=terminal D1=terminal; exec C0=True/none D1=True/none; ans_pass C0=True D1=True",REFERENCE_DIFFERENCE,2,win_to_win,3dc09ed5-bf3e-4aaf-827b-597690c8b7c5
True,none,True,2,True,True,122.99999999999999,terminal,"[""divide"", ""multiply""]",True,none,True,2,True,True,122.99999999999999,terminal,"[""divide"", ""multiply""]","IDENTICAL_TEXT; tools C0=['divide', 'multiply'] D1=['divide', 'multiply']; stop C0=terminal D1=terminal; exec C0=True/none D1=True/none; ans_pass C0=True D1=True",IDENTICAL_TEXT,-1,win_to_win,3df11343-0943-44cd-9caa-7191dea7d6be
True,none,False,5,False,True,8.995882890550828,terminal,"[""volume_cube"", ""volume_cube"", ""volume_cube"", ""add"", ""cube_edge_by_volume""]",True,none,False,5,False,True,8.995882890550828,terminal,"[""volume_cube"", ""volume_cube"", ""volume_cube"", ""add"", ""cube_edge_by_volume""]","IDENTICAL_TEXT; tools C0=['volume_cube', 'volume_cube', 'volume_cube', 'add', 'cube_edge_by_volume'] D1=['volume_cube', 'volume_cube', 'volume_cube', 'add', 'cube_edge_by_volume']; stop C0=terminal D1=terminal; exec C0=True/none D1=True/none; ans_pass C0=False D1=False",IDENTICAL_TEXT,-1,loss_to_loss,3e23d38f-95ac-4ec8-842e-f7ab9f1be7d0
False,executor_other,False,0,False,True,,terminal,[],False,executor_other,False,0,False,True,,terminal,[],IDENTICAL_TEXT; tools C0=[] D1=[]; stop C0=terminal D1=terminal; exec C0=False/executor_other D1=False/executor_other; ans_pass C0=False D1=False,IDENTICAL_TEXT,-1,loss_to_loss,3e45d5f1-f141-4cec-b2a5-a53cd05ddb0c
True,none,True,1,True,True,229.99999999999997,terminal,"[""divide""]",True,none,True,1,True,True,229.99999999999997,terminal,"[""divide""]",IDENTICAL_TEXT; tools C0=['divide'] D1=['divide']; stop C0=terminal D1=terminal; exec C0=True/none D1=True/none; ans_pass C0=True D1=True,IDENTICAL_TEXT,-1,win_to_win,3ef15f18-9bfb-404e-9fca-fe7b88f5e633
True,none,False,2,False,True,25.0,terminal,"[""divide"", ""multiply""]",True,none,False,2,False,True,25.0,terminal,"[""divide"", ""multiply""]","IDENTICAL_TEXT; tools C0=['divide', 'multiply'] D1=['divide', 'multiply']; stop C0=terminal D1=terminal; exec C0=True/none D1=True/none; ans_pass C0=False D1=False",IDENTICAL_TEXT,-1,loss_to_loss,3f2bc63d-be93-4575-8013-1eb180ddfbb5
True,none,False,1,False,True,30.0,terminal,"[""divide""]",True,none,False,1,False,True,30.0,terminal,"[""divide""]",IDENTICAL_TEXT; tools C0=['divide'] D1=['divide']; stop C0=terminal D1=terminal; exec C0=True/none D1=True/none; ans_pass C0=False D1=False,IDENTICAL_TEXT,-1,loss_to_loss,3f50ec13-757f-4270-80cd-1fd2b0b1b89d
False,executor_other,False,0,False,True,,terminal,[],True,none,False,3,False,True,8,max_turns,"[""add"", ""add"", ""add""]","TOOL_COUNT_DIFFERENCE; tools C0=[] D1=['add', 'add', 'add']; stop C0=terminal D1=max_turns; exec C0=False/executor_other D1=True/none; ans_pass C0=False D1=False",TOOL_COUNT_DIFFERENCE,0,loss_to_loss,3f5153aa-ea03-4045-94b3-523fd229373f
True,none,True,1,True,True,8100.0,terminal,"[""divide""]",True,none,True,2,True,True,8100.0,terminal,"[""divide"", ""multiply""]","TOOL_COUNT_DIFFERENCE; tools C0=['divide'] D1=['divide', 'multiply']; stop C0=terminal D1=terminal; exec C0=True/none D1=True/none; ans_pass C0=True D1=True",TOOL_COUNT_DIFFERENCE,0,win_to_win,3f62db24-5089-4f1c-a461-837f1498207a
True,none,False,1,False,True,219.78021978021977,terminal,"[""calculate_elastic_modulus""]",True,none,False,1,False,True,219.78021978021977,terminal,"[""calculate_elastic_modulus""]",IDENTICAL_CALLS_DIFFERENT_TEXT; tools C0=['calculate_elastic_modulus'] D1=['calculate_elastic_modulus']; stop C0=terminal D1=terminal; exec C0=True/none D1=True/none; ans_pass C0=False D1=False,IDENTICAL_CALLS_DIFFERENT_TEXT,0,loss_to_loss,3fbf0c1d-ef09-4354-a9e0-207deb35c439
True,none,True,3,True,True,20.0,terminal,"[""subtract"", ""divide"", ""multiply""]",True,none,True,3,True,True,20.0,terminal,"[""subtract"", ""divide"", ""multiply""]","IDENTICAL_CALLS_DIFFERENT_TEXT; tools C0=['subtract', 'divide', 'multiply'] D1=['subtract', 'divide', 'multiply']; stop C0=terminal D1=terminal; exec C0=True/none D1=True/none; ans_pass C0=True D1=True",IDENTICAL_CALLS_DIFFERENT_TEXT,0,win_to_win,406d0c79-b87a-4a04-885d-81ac834107e9
False,executor_other,False,0,False,True,,terminal,[],True,none,True,2,False,True,0.16666666666666669,terminal,"[""divide"", ""divide""]","TOOL_COUNT_DIFFERENCE; tools C0=[] D1=['divide', 'divide']; stop C0=terminal D1=terminal; exec C0=False/executor_other D1=True/none; ans_pass C0=False D1=True",TOOL_COUNT_DIFFERENCE,0,loss_to_loss,4181facd-49ba-4f9d-8ced-f01adcdd8782
False,executor_other,False,0,False,True,,terminal,[],False,executor_other,False,0,False,True,,terminal,[],IDENTICAL_CALLS_DIFFERENT_TEXT; tools C0=[] D1=[]; stop C0=terminal D1=terminal; exec C0=False/executor_other D1=False/executor_other; ans_pass C0=False D1=False,IDENTICAL_CALLS_DIFFERENT_TEXT,0,loss_to_loss,41b60c1c-6d88-4a34-9242-2aacf2837738
False,executor_other,False,0,False,True,,terminal,[],True,none,True,1,True,True,0.625,terminal,"[""divide""]",TOOL_COUNT_DIFFERENCE; tools C0=[] D1=['divide']; stop C0=terminal D1=terminal; exec C0=False/executor_other D1=True/none; ans_pass C0=False D1=True,TOOL_COUNT_DIFFERENCE,0,loss_to_win,42143b4c-1a3d-4f30-a3a6-c5e10facc1fe
True,none,True,3,True,True,405.0,terminal,"[""multiply"", ""divide"", ""multiply""]",True,none,True,3,True,True,405.0,terminal,"[""multiply"", ""divide"", ""multiply""]","IDENTICAL_CALLS_DIFFERENT_TEXT; tools C0=['multiply', 'divide', 'multiply'] D1=['multiply', 'divide', 'multiply']; stop C0=terminal D1=terminal; exec C0=True/none D1=True/none; ans_pass C0=True D1=True",IDENTICAL_CALLS_DIFFERENT_TEXT,0,win_to_win,42c97dd0-2684-4c6a-a6cb-91c85788531d
True,none,True,2,True,True,1.2,terminal,"[""multiply"", ""multiply""]",True,none,True,2,True,True,1.2,terminal,"[""multiply"", ""multiply""]","IDENTICAL_TEXT; tools C0=['multiply', 'multiply'] D1=['multiply', 'multiply']; stop C0=terminal D1=terminal; exec C0=True/none D1=True/none; ans_pass C0=True D1=True",IDENTICAL_TEXT,-1,win_to_win,43928d2f-402c-46bd-9e94-2994f3163b69
True,none,True,5,True,True,10.0,max_turns,"[""subtract"", ""inverse"", ""inverse"", ""subtract"", ""inverse""]",True,none,True,2,True,True,10.0,terminal,"[""subtract"", ""inverse""]","TOOL_COUNT_DIFFERENCE; tools C0=['subtract', 'inverse', 'inverse', 'subtract', 'inverse'] D1=['subtract', 'inverse']; stop C0=max_turns D1=terminal; exec C0=True/none D1=True/none; ans_pass C0=True D1=True",TOOL_COUNT_DIFFERENCE,0,win_to_win,449a8672-1f24-4e89-9e8d-70661d89a8eb
True,none,True,5,True,True,120,terminal,"[""multiply"", ""multiply"", ""subtract"", ""sqrt"", ""multiply""]",True,none,True,5,True,True,120,terminal,"[""multiply"", ""multiply"", ""subtract"", ""sqrt"", ""rectangle_area""]","DIFFERENT_LATER_TOOL; tools C0=['multiply', 'multiply', 'subtract', 'sqrt', 'multiply'] D1=['multiply', 'multiply', 'subtract', 'sqrt', 'rectangle_area']; stop C0=terminal D1=terminal; exec C0=True/none D1=True/none; ans_pass C0=True D1=True",DIFFERENT_LATER_TOOL,0,win_to_win,44fa9fda-8603-41e1-94ae-67ba830613cf
True,none,True,2,True,True,2.0,terminal,"[""moving_average"", ""extract_first_value""]",True,none,True,2,True,True,2.0,terminal,"[""moving_average"", ""extract_first_value""]","IDENTICAL_TEXT; tools C0=['moving_average', 'extract_first_value'] D1=['moving_average', 'extract_first_value']; stop C0=terminal D1=terminal; exec C0=True/none D1=True/none; ans_pass C0=True D1=True",IDENTICAL_TEXT,-1,win_to_win,4511ccb4-e31c-4cc8-b585-04dda07d21cf
True,none,True,2,True,True,510,terminal,"[""multiply"", ""add""]",True,none,True,2,True,True,510,terminal,"[""multiply"", ""add""]","IDENTICAL_CALLS_DIFFERENT_TEXT; tools C0=['multiply', 'add'] D1=['multiply', 'add']; stop C0=terminal D1=terminal; exec C0=True/none D1=True/none; ans_pass C0=True D1=True",IDENTICAL_CALLS_DIFFERENT_TEXT,0,win_to_win,453e02e3-d928-41c4-b059-9b6aee990044
False,executor_other,False,0,False,True,,terminal,[],True,none,False,3,False,True,140,max_turns,"[""divide"", ""subtract"", ""multiply""]","TOOL_COUNT_DIFFERENCE; tools C0=[] D1=['divide', 'subtract', 'multiply']; stop C0=terminal D1=max_turns; exec C0=False/executor_other D1=True/none; ans_pass C0=False D1=False",TOOL_COUNT_DIFFERENCE,0,loss_to_loss,47342c39-7c8d-4583-8135-cfd39372a0ff
True,none,True,4,True,True,6.0,terminal,"[""divide"", ""add"", ""add"", ""divide""]",True,none,True,4,True,True,6.0,terminal,"[""divide"", ""add"", ""add"", ""divide""]","IDENTICAL_CALLS_DIFFERENT_TEXT; tools C0=['divide', 'add', 'add', 'divide'] D1=['divide', 'add', 'add', 'divide']; stop C0=terminal D1=terminal; exec C0=True/none D1=True/none; ans_pass C0=True D1=True",IDENTICAL_CALLS_DIFFERENT_TEXT,0,win_to_win,47c68fdc-38e9-492e-b5f2-118a3d68088b
True,none,True,2,True,True,30.0,terminal,"[""multiply"", ""multiply""]",True,none,True,2,True,True,30.0,terminal,"[""multiply"", ""multiply""]","IDENTICAL_TEXT; tools C0=['multiply', 'multiply'] D1=['multiply', 'multiply']; stop C0=terminal D1=terminal; exec C0=True/none D1=True/none; ans_pass C0=True D1=True",IDENTICAL_TEXT,-1,win_to_win,47fbefed-c16e-4a5c-a88a-ac17e2d5c863
True,none,True,2,True,True,8.0,terminal,"[""divide"", ""divide""]",True,none,True,2,True,True,8.0,terminal,"[""multiply"", ""divide""]","DIFFERENT_FIRST_TOOL; tools C0=['divide', 'divide'] D1=['multiply', 'divide']; stop C0=terminal D1=terminal; exec C0=True/none D1=True/none; ans_pass C0=True D1=True",DIFFERENT_FIRST_TOOL,0,win_to_win,4812e166-3663-4ebe-9671-daa88afb4e1d
True,none,False,2,False,True,1.6,terminal,"[""add"", ""multiply""]",True,none,False,1,False,True,1.6,terminal,"[""divide""]","DIFFERENT_FIRST_TOOL; tools C0=['add', 'multiply'] D1=['divide']; stop C0=terminal D1=terminal; exec C0=True/none D1=True/none; ans_pass C0=False D1=False",DIFFERENT_FIRST_TOOL,0,loss_to_loss,4a6b0fd5-d75b-47c0-8130-ff584963f6c4
True,none,True,5,True,True,220060,terminal,"[""add"", ""subtract"", ""multiply"", ""multiply"", ""add""]",True,none,True,5,True,True,220060,terminal,"[""add"", ""subtract"", ""multiply"", ""multiply"", ""add""]","IDENTICAL_CALLS_DIFFERENT_TEXT; tools C0=['add', 'subtract', 'multiply', 'multiply', 'add'] D1=['add', 'subtract', 'multiply', 'multiply', 'add']; stop C0=terminal D1=terminal; exec C0=True/none D1=True/none; ans_pass C0=True D1=True",IDENTICAL_CALLS_DIFFERENT_TEXT,3,win_to_win,4a6ee89a-2122-4e68-81d0-a52608c90f25
True,none,True,4,True,True,32.00000000000001,terminal,"[""divide"", ""divide"", ""multiply"", ""inverse""]",True,none,True,4,True,True,32.00000000000001,terminal,"[""divide"", ""divide"", ""multiply"", ""inverse""]","REFERENCE_DIFFERENCE; tools C0=['divide', 'divide', 'multiply', 'inverse'] D1=['divide', 'divide', 'multiply', 'inverse']; stop C0=terminal D1=terminal; exec C0=True/none D1=True/none; ans_pass C0=True D1=True",REFERENCE_DIFFERENCE,0,win_to_win,4b17cac8-6e1c-479c-9f0c-541a50964d92
True,none,True,3,True,True,6.0,terminal,"[""multiply"", ""multiply"", ""divide""]",True,none,False,1,False,True,0.166667,terminal,"[""subtract""]","DIFFERENT_FIRST_TOOL; tools C0=['multiply', 'multiply', 'divide'] D1=['subtract']; stop C0=terminal D1=terminal; exec C0=True/none D1=True/none; ans_pass C0=True D1=False",DIFFERENT_FIRST_TOOL,0,win_to_loss,4b54ac08-7d24-4d16-b63d-c4d07aaccd80
False,executor_other,False,0,False,True,,terminal,[],False,executor_other,False,0,False,True,,terminal,[],IDENTICAL_CALLS_DIFFERENT_TEXT; tools C0=[] D1=[]; stop C0=terminal D1=terminal; exec C0=False/executor_other D1=False/executor_other; ans_pass C0=False D1=False,IDENTICAL_CALLS_DIFFERENT_TEXT,0,loss_to_loss,4b755960-987b-447a-a680-dbcd6c465ed5
True,none,True,1,True,True,4.8,terminal,"[""divide""]",True,none,True,1,True,True,4.8,terminal,"[""divide""]",IDENTICAL_TEXT; tools C0=['divide'] D1=['divide']; stop C0=terminal D1=terminal; exec C0=True/none D1=True/none; ans_pass C0=True D1=True,IDENTICAL_TEXT,-1,win_to_win,4c733cb3-3e30-46f4-9570-225aabee657f
False,argument,False,1,False,True,,executor_error,"[""subtract""]",False,executor_other,False,0,False,True,,terminal,[],TOOL_COUNT_DIFFERENCE; tools C0=['subtract'] D1=[]; stop C0=executor_error D1=terminal; exec C0=False/argument D1=False/executor_other; ans_pass C0=False D1=False,TOOL_COUNT_DIFFERENCE,0,loss_to_loss,4e462942-5adc-44e4-9771-749e1759751a
True,none,False,4,False,True,0.24,terminal,"[""subtract"", ""subtract"", ""multiply"", ""subtract""]",True,none,False,1,False,True,0.16000000000000003,terminal,"[""multiply""]","DIFFERENT_FIRST_TOOL; tools C0=['subtract', 'subtract', 'multiply', 'subtract'] D1=['multiply']; stop C0=terminal D1=terminal; exec C0=True/none D1=True/none; ans_pass C0=False D1=False",DIFFERENT_FIRST_TOOL,0,loss_to_loss,4f7d0836-34fa-4d6d-8956-3bd8d62dc577
False,executor_other,True,2,False,True,,terminal,"[""get_positive_integer_index"", ""pad_number_to_length""]",False,executor_other,True,2,False,True,,terminal,"[""get_positive_integer_index"", ""pad_number_to_length""]","IDENTICAL_TEXT; tools C0=['get_positive_integer_index', 'pad_number_to_length'] D1=['get_positive_integer_index', 'pad_number_to_length']; stop C0=terminal D1=terminal; exec C0=False/executor_other D1=False/executor_other; ans_pass C0=True D1=True",IDENTICAL_TEXT,-1,loss_to_loss,50b9c98d-fcb8-43bb-ae56-e6b61d607f7c
True,none,False,2,True,True,295.45454545454544,terminal,"[""inverse"", ""multiply""]",True,none,False,2,True,True,295.45454545454544,terminal,"[""inverse"", ""multiply""]","IDENTICAL_TEXT; tools C0=['inverse', 'multiply'] D1=['inverse', 'multiply']; stop C0=terminal D1=terminal; exec C0=True/none D1=True/none; ans_pass C0=False D1=False",IDENTICAL_TEXT,-1,win_to_win,51cbe578-e2fa-447e-8352-3ee8990283f3
True,none,True,4,True,True,23.999999999999996,terminal,"[""inverse"", ""inverse"", ""add"", ""inverse""]",True,none,True,4,True,True,23.999999999999996,terminal,"[""inverse"", ""inverse"", ""add"", ""inverse""]","IDENTICAL_TEXT; tools C0=['inverse', 'inverse', 'add', 'inverse'] D1=['inverse', 'inverse', 'add', 'inverse']; stop C0=terminal D1=terminal; exec C0=True/none D1=True/none; ans_pass C0=True D1=True",IDENTICAL_TEXT,-1,win_to_win,52136fd0-87d3-4086-968b-fa7b8523c333
False,unknown_tool,False,1,False,True,,executor_error,"[""gcd""]",False,unknown_tool,False,1,False,True,,executor_error,"[""gcd""]",IDENTICAL_CALLS_DIFFERENT_TEXT; tools C0=['gcd'] D1=['gcd']; stop C0=executor_error D1=executor_error; exec C0=False/unknown_tool D1=False/unknown_tool; ans_pass C0=False D1=False,IDENTICAL_CALLS_DIFFERENT_TEXT,0,loss_to_loss,522157eb-3858-46ea-9052-f0b2e73bf024
True,none,True,3,True,True,8000,max_turns,"[""bitwise_left_shift"", ""power_without_pow"", ""power_without_pow""]",True,none,False,2,False,True,8,terminal,"[""bitwise_left_shift"", ""power_without_pow""]","TOOL_COUNT_DIFFERENCE; tools C0=['bitwise_left_shift', 'power_without_pow', 'power_without_pow'] D1=['bitwise_left_shift', 'power_without_pow']; stop C0=max_turns D1=terminal; exec C0=True/none D1=True/none; ans_pass C0=True D1=False",TOOL_COUNT_DIFFERENCE,2,win_to_loss,52373c4f-e3e9-49cc-ada0-260f70efa0d3
True,none,True,5,True,True,46,terminal,"[""multiply"", ""multiply"", ""multiply"", ""add"", ""subtract""]",True,none,True,5,True,True,46,terminal,"[""multiply"", ""multiply"", ""multiply"", ""add"", ""subtract""]","REFERENCE_DIFFERENCE; tools C0=['multiply', 'multiply', 'multiply', 'add', 'subtract'] D1=['multiply', 'multiply', 'multiply', 'add', 'subtract']; stop C0=terminal D1=terminal; exec C0=True/none D1=True/none; ans_pass C0=True D1=True",REFERENCE_DIFFERENCE,0,win_to_win,527e54a6-fd36-4274-b93c-a57e88c04eb6
True,none,True,3,True,True,18.0,terminal,"[""multiply"", ""subtract"", ""divide""]",True,none,True,3,True,True,18.0,terminal,"[""multiply"", ""subtract"", ""divide""]","IDENTICAL_TEXT; tools C0=['multiply', 'subtract', 'divide'] D1=['multiply', 'subtract', 'divide']; stop C0=terminal D1=terminal; exec C0=True/none D1=True/none; ans_pass C0=True D1=True",IDENTICAL_TEXT,-1,win_to_win,52f03f10-d69f-4d1b-bae6-961f4f39d975
True,none,True,1,True,True,1920.0,terminal,"[""multiply""]",True,none,True,1,True,True,1920.0,terminal,"[""multiply""]",IDENTICAL_TEXT; tools C0=['multiply'] D1=['multiply']; stop C0=terminal D1=terminal; exec C0=True/none D1=True/none; ans_pass C0=True D1=True,IDENTICAL_TEXT,-1,win_to_win,53276548-b18e-49cc-aac4-30ba51dfba76
False,executor_other,False,0,False,True,,terminal,[],False,executor_other,False,0,False,True,,terminal,[],IDENTICAL_TEXT; tools C0=[] D1=[]; stop C0=terminal D1=terminal; exec C0=False/executor_other D1=False/executor_other; ans_pass C0=False D1=False,IDENTICAL_TEXT,-1,loss_to_loss,535072fe-c1ab-4eda-adbf-feeb2bf4d808
False,executor_other,False,0,False,True,,parse_fail,[],False,executor_other,False,0,False,True,,parse_fail,[],IDENTICAL_TEXT; tools C0=[] D1=[]; stop C0=parse_fail D1=parse_fail; exec C0=False/executor_other D1=False/executor_other; ans_pass C0=False D1=False,IDENTICAL_TEXT,-1,loss_to_loss,537aefe1-0523-46ff-a08c-e6657a622fa5
True,none,True,2,True,True,True,terminal,"[""my_sqrt"", ""check_in_range""]",True,none,True,2,True,True,True,terminal,"[""my_sqrt"", ""check_in_range""]","IDENTICAL_CALLS_DIFFERENT_TEXT; tools C0=['my_sqrt', 'check_in_range'] D1=['my_sqrt', 'check_in_range']; stop C0=terminal D1=terminal; exec C0=True/none D1=True/none; ans_pass C0=True D1=True",IDENTICAL_CALLS_DIFFERENT_TEXT,1,win_to_win,53a4529b-b5be-4be5-9daf-fdb735bea3eb
True,none,True,3,True,True,10.0,terminal,"[""divide"", ""multiply"", ""divide""]",True,none,True,3,True,True,10.0,terminal,"[""divide"", ""multiply"", ""divide""]","IDENTICAL_CALLS_DIFFERENT_TEXT; tools C0=['divide', 'multiply', 'divide'] D1=['divide', 'multiply', 'divide']; stop C0=terminal D1=terminal; exec C0=True/none D1=True/none; ans_pass C0=True D1=True",IDENTICAL_CALLS_DIFFERENT_TEXT,0,win_to_win,53be30fe-7e4c-4ff3-ac84-f26073bbe1d2
False,executor_other,False,0,False,True,,terminal,[],False,executor_other,False,0,False,True,,terminal,[],IDENTICAL_CALLS_DIFFERENT_TEXT; tools C0=[] D1=[]; stop C0=terminal D1=terminal; exec C0=False/executor_other D1=False/executor_other; ans_pass C0=False D1=False,IDENTICAL_CALLS_DIFFERENT_TEXT,0,loss_to_loss,5467bbb8-42c8-4997-b46f-5bf9bbc96f76
True,none,True,4,True,True,61.0,terminal,"[""subtract"", ""divide"", ""subtract"", ""add""]",True,none,True,4,True,True,61.0,terminal,"[""subtract"", ""divide"", ""subtract"", ""add""]","IDENTICAL_TEXT; tools C0=['subtract', 'divide', 'subtract', 'add'] D1=['subtract', 'divide', 'subtract', 'add']; stop C0=terminal D1=terminal; exec C0=True/none D1=True/none; ans_pass C0=True D1=True",IDENTICAL_TEXT,-1,win_to_win,55927c49-9d82-41ca-8402-4272bac69678
True,none,False,2,False,True,44.0,terminal,"[""divide"", ""subtract""]",True,none,False,2,False,True,44.0,terminal,"[""divide"", ""subtract""]","IDENTICAL_TEXT; tools C0=['divide', 'subtract'] D1=['divide', 'subtract']; stop C0=terminal D1=terminal; exec C0=True/none D1=True/none; ans_pass C0=False D1=False",IDENTICAL_TEXT,-1,loss_to_loss,56a1c574-6d93-4367-a3df-128fecbda809
True,none,True,2,True,True,44.0,terminal,"[""divide"", ""multiply""]",True,none,True,2,True,True,44.0,terminal,"[""divide"", ""multiply""]","IDENTICAL_TEXT; tools C0=['divide', 'multiply'] D1=['divide', 'multiply']; stop C0=terminal D1=terminal; exec C0=True/none D1=True/none; ans_pass C0=True D1=True",IDENTICAL_TEXT,-1,win_to_win,56ae2af3-97e8-47a4-8510-7a3af9dd3177
True,none,True,2,True,True,e36bc5c21bed131588b612426185ef0f,terminal,"[""reverse_vowels"", ""create_md5_hash""]",True,none,True,2,True,True,e36bc5c21bed131588b612426185ef0f,terminal,"[""reverse_vowels"", ""create_md5_hash""]","IDENTICAL_CALLS_DIFFERENT_TEXT; tools C0=['reverse_vowels', 'create_md5_hash'] D1=['reverse_vowels', 'create_md5_hash']; stop C0=terminal D1=terminal; exec C0=True/none D1=True/none; ans_pass C0=True D1=True",IDENTICAL_CALLS_DIFFERENT_TEXT,0,win_to_win,577a4547-9566-49d5-a1f9-8ec7720aa38a
True,none,True,3,True,True,144.0,terminal,"[""multiply"", ""divide"", ""multiply""]",True,none,True,2,True,True,144,terminal,"[""multiply"", ""multiply""]","TOOL_COUNT_DIFFERENCE; tools C0=['multiply', 'divide', 'multiply'] D1=['multiply', 'multiply']; stop C0=terminal D1=terminal; exec C0=True/none D1=True/none; ans_pass C0=True D1=True",TOOL_COUNT_DIFFERENCE,0,win_to_win,5830f67e-aed1-4252-a279-f107ab8d15bb
False,executor_other,False,0,False,True,,terminal,[],True,none,True,1,True,True,40.0,terminal,"[""divide""]",TOOL_COUNT_DIFFERENCE; tools C0=[] D1=['divide']; stop C0=terminal D1=terminal; exec C0=False/executor_other D1=True/none; ans_pass C0=False D1=True,TOOL_COUNT_DIFFERENCE,0,loss_to_win,58f0da42-f029-4773-86a1-dc7548859054
True,none,False,2,False,True,-4,terminal,"[""date_format"", ""difference_calculator""]",True,none,False,2,False,True,-4,terminal,"[""date_format"", ""difference_calculator""]","IDENTICAL_TEXT; tools C0=['date_format', 'difference_calculator'] D1=['date_format', 'difference_calculator']; stop C0=terminal D1=terminal; exec C0=True/none D1=True/none; ans_pass C0=False D1=False",IDENTICAL_TEXT,-1,loss_to_loss,59212b7c-319b-47b5-b45c-2e375e846970
True,none,True,3,True,True,2432902008176640000,terminal,"[""get_sum_of_squares_of_evens"", ""count_distinct_integers"", ""factorial_bitwise""]",True,none,True,3,True,True,2432902008176640000,terminal,"[""get_sum_of_squares_of_evens"", ""count_distinct_integers"", ""factorial_bitwise""]","IDENTICAL_TEXT; tools C0=['get_sum_of_squares_of_evens', 'count_distinct_integers', 'factorial_bitwise'] D1=['get_sum_of_squares_of_evens', 'count_distinct_integers', 'factorial_bitwise']; stop C0=terminal D1=terminal; exec C0=True/none D1=True/none; ans_pass C0=True D1=True",IDENTICAL_TEXT,-1,win_to_win,5bbe0356-c4f3-40f1-ba56-bbf37156213a
True,argument,False,1,True,True,"[1.2, 3.4, 5.6, 7.8, 9.0]",executor_error,"[""parse_string_to_floats""]",True,argument,False,1,True,True,"[1.2, 3.4, 5.6, 7.8, 9.0]",executor_error,"[""parse_string_to_floats""]",IDENTICAL_CALLS_DIFFERENT_TEXT; tools C0=['parse_string_to_floats'] D1=['parse_string_to_floats']; stop C0=executor_error D1=executor_error; exec C0=True/argument D1=True/argument; ans_pass C0=False D1=False,IDENTICAL_CALLS_DIFFERENT_TEXT,0,win_to_win,5c1b3296-9e7c-4627-acb3-13704d18bd95
False,executor_other,True,5,False,True,,max_turns,"[""add"", ""inverse"", ""inverse"", ""add"", ""divide""]",False,reference,False,1,False,True,,executor_error,"[""add""]","TOOL_COUNT_DIFFERENCE; tools C0=['add', 'inverse', 'inverse', 'add', 'divide'] D1=['add']; stop C0=max_turns D1=executor_error; exec C0=False/executor_other D1=False/reference; ans_pass C0=True D1=False",TOOL_COUNT_DIFFERENCE,0,loss_to_loss,5cca94f3-e9c1-41b2-8119-20c0ddbee477
True,none,True,4,True,True,20.0,terminal,"[""multiply"", ""add"", ""sqrt"", ""divide""]",True,none,True,4,True,True,20.0,terminal,"[""multiply"", ""add"", ""sqrt"", ""divide""]","IDENTICAL_TEXT; tools C0=['multiply', 'add', 'sqrt', 'divide'] D1=['multiply', 'add', 'sqrt', 'divide']; stop C0=terminal D1=terminal; exec C0=True/none D1=True/none; ans_pass C0=True D1=True",IDENTICAL_TEXT,-1,win_to_win,5da516a1-715a-4249-9f59-3b3d30e1b82d
True,none,True,2,True,True,35.0,terminal,"[""divide"", ""multiply""]",True,none,True,2,True,True,35.0,terminal,"[""divide"", ""multiply""]","IDENTICAL_CALLS_DIFFERENT_TEXT; tools C0=['divide', 'multiply'] D1=['divide', 'multiply']; stop C0=terminal D1=terminal; exec C0=True/none D1=True/none; ans_pass C0=True D1=True",IDENTICAL_CALLS_DIFFERENT_TEXT,0,win_to_win,5ece6f80-a4fb-48a9-95cd-8c8c2a49ab08
False,argument,False,1,False,True,,executor_error,"[""divide""]",False,argument,False,1,False,True,,executor_error,"[""divide""]",IDENTICAL_CALLS_DIFFERENT_TEXT; tools C0=['divide'] D1=['divide']; stop C0=executor_error D1=executor_error; exec C0=False/argument D1=False/argument; ans_pass C0=False D1=False,IDENTICAL_CALLS_DIFFERENT_TEXT,0,loss_to_loss,5f2689b9-c33d-4981-bb29-c52e7b2ce153
True,none,False,3,False,True,"	Hello
	World",terminal,"[""polygon"", ""beta_value"", ""add_tab""]",True,none,False,3,False,True,"	Hello
	World",terminal,"[""polygon"", ""beta_value"", ""add_tab""]","IDENTICAL_TEXT; tools C0=['polygon', 'beta_value', 'add_tab'] D1=['polygon', 'beta_value', 'add_tab']; stop C0=terminal D1=terminal; exec C0=True/none D1=True/none; ans_pass C0=False D1=False",IDENTICAL_TEXT,-1,loss_to_loss,5fa7ff50-c123-4abc-be8a-6113e3dfafa7
True,none,False,1,False,True,2627.25,terminal,"[""multiply""]",True,none,False,1,False,True,2627.25,terminal,"[""multiply""]",IDENTICAL_CALLS_DIFFERENT_TEXT; tools C0=['multiply'] D1=['multiply']; stop C0=terminal D1=terminal; exec C0=True/none D1=True/none; ans_pass C0=False D1=False,IDENTICAL_CALLS_DIFFERENT_TEXT,0,loss_to_loss,600a9f10-9c69-4fa2-803a-c43737d4e42d
True,none,False,7,False,True,32400.0,terminal,"[""divide"", ""multiply"", ""divide"", ""multiply"", ""subtract"", ""subtract"", ""add""]",True,none,True,6,True,True,10000.0,terminal,"[""divide"", ""multiply"", ""subtract"", ""divide"", ""multiply"", ""add""]","TOOL_COUNT_DIFFERENCE; tools C0=['divide', 'multiply', 'divide', 'multiply', 'subtract', 'subtract', 'add'] D1=['divide', 'multiply', 'subtract', 'divide', 'multiply', 'add']; stop C0=terminal D1=terminal; exec C0=True/none D1=True/none; ans_pass C0=False D1=True",TOOL_COUNT_DIFFERENCE,2,loss_to_win,603b4a8b-a4dc-4b16-bb35-ab167c6c45c7
False,executor_other,False,0,False,True,,terminal,[],False,executor_other,False,0,False,True,,terminal,[],IDENTICAL_CALLS_DIFFERENT_TEXT; tools C0=[] D1=[]; stop C0=terminal D1=terminal; exec C0=False/executor_other D1=False/executor_other; ans_pass C0=False D1=False,IDENTICAL_CALLS_DIFFERENT_TEXT,0,loss_to_loss,60b0664f-1f02-4484-9101-def1ca77fd1a
True,none,True,3,True,True,8,terminal,"[""add"", ""subtract"", ""subtract""]",True,none,True,3,True,True,8,terminal,"[""add"", ""subtract"", ""subtract""]","IDENTICAL_CALLS_DIFFERENT_TEXT; tools C0=['add', 'subtract', 'subtract'] D1=['add', 'subtract', 'subtract']; stop C0=terminal D1=terminal; exec C0=True/none D1=True/none; ans_pass C0=True D1=True",IDENTICAL_CALLS_DIFFERENT_TEXT,0,win_to_win,61cbd84c-a854-43b2-a962-3ed64fa2bea5
True,none,True,2,True,True,[1010],terminal,"[""int_to_bit_string"", ""extract_numeric_values""]",True,none,True,2,True,True,[1010],terminal,"[""int_to_bit_string"", ""extract_numeric_values""]","IDENTICAL_CALLS_DIFFERENT_TEXT; tools C0=['int_to_bit_string', 'extract_numeric_values'] D1=['int_to_bit_string', 'extract_numeric_values']; stop C0=terminal D1=terminal; exec C0=True/none D1=True/none; ans_pass C0=True D1=True",IDENTICAL_CALLS_DIFFERENT_TEXT,1,win_to_win,61fc2914-10f0-405d-af90-8e5cbe65909a
True,none,True,2,True,True,"[4.0, 3.0, 2.0, 1.0, 0.0]",terminal,"[""scale_linearly"", ""calc_vector_distances""]",True,none,True,2,True,True,"[4.0, 3.0, 2.0, 1.0, 0.0]",terminal,"[""scale_linearly"", ""calc_vector_distances""]","IDENTICAL_TEXT; tools C0=['scale_linearly', 'calc_vector_distances'] D1=['scale_linearly', 'calc_vector_distances']; stop C0=terminal D1=terminal; exec C0=True/none D1=True/none; ans_pass C0=True D1=True",IDENTICAL_TEXT,-1,win_to_win,620e82cc-c653-4faf-953b-510000552cd0
True,none,True,5,True,True,2.4000000000000004,terminal,"[""add"", ""inverse"", ""inverse"", ""add"", ""divide""]",True,none,True,3,True,True,2.4000960038401535,terminal,"[""add"", ""add"", ""divide""]","TOOL_COUNT_DIFFERENCE; tools C0=['add', 'inverse', 'inverse', 'add', 'divide'] D1=['add', 'add', 'divide']; stop C0=terminal D1=terminal; exec C0=True/none D1=True/none; ans_pass C0=True D1=True",TOOL_COUNT_DIFFERENCE,0,win_to_win,623b1c5a-4ee6-4845-9f6f-d41129369bcc
True,none,True,2,True,True,True,terminal,"[""division_floor"", ""is_member_of_coset""]",True,none,True,2,True,True,True,terminal,"[""division_floor"", ""is_member_of_coset""]","IDENTICAL_CALLS_DIFFERENT_TEXT; tools C0=['division_floor', 'is_member_of_coset'] D1=['division_floor', 'is_member_of_coset']; stop C0=terminal D1=terminal; exec C0=True/none D1=True/none; ans_pass C0=True D1=True",IDENTICAL_CALLS_DIFFERENT_TEXT,0,win_to_win,62ab7c42-6aad-4d9c-9012-eb52fb01a82b
True,none,True,2,True,True,7.0710678118654755,terminal,"[""scale_to_zero_mean_and_unit_variance"", ""product_of_vectors""]",True,none,True,2,True,True,7.0710678118654755,terminal,"[""scale_to_zero_mean_and_unit_variance"", ""product_of_vectors""]","IDENTICAL_CALLS_DIFFERENT_TEXT; tools C0=['scale_to_zero_mean_and_unit_variance', 'product_of_vectors'] D1=['scale_to_zero_mean_and_unit_variance', 'product_of_vectors']; stop C0=terminal D1=terminal; exec C0=True/none D1=True/none; ans_pass C0=True D1=True",IDENTICAL_CALLS_DIFFERENT_TEXT,0,win_to_win,63854dc5-cf6e-40bd-94e9-f4f930165cb7
True,none,False,2,False,True,1 minute ago,terminal,"[""get_param_value"", ""format_diff_minutes""]",True,none,False,2,False,True,1 minute ago,terminal,"[""get_param_value"", ""format_diff_minutes""]","IDENTICAL_CALLS_DIFFERENT_TEXT; tools C0=['get_param_value', 'format_diff_minutes'] D1=['get_param_value', 'format_diff_minutes']; stop C0=terminal D1=terminal; exec C0=True/none D1=True/none; ans_pass C0=False D1=False",IDENTICAL_CALLS_DIFFERENT_TEXT,0,loss_to_loss,63a86d01-04f7-43e6-a8c9-e8ac53331b71
True,none,True,2,True,True,158.0,terminal,"[""divide"", ""divide""]",True,none,True,2,True,True,158.0,terminal,"[""divide"", ""divide""]","IDENTICAL_TEXT; tools C0=['divide', 'divide'] D1=['divide', 'divide']; stop C0=terminal D1=terminal; exec C0=True/none D1=True/none; ans_pass C0=True D1=True",IDENTICAL_TEXT,-1,win_to_win,63decc75-1337-4064-a0f1-abd398d5985e
False,argument,False,2,False,True,,executor_error,"[""multiply"", ""divide""]",True,none,False,4,False,True,6.0,terminal,"[""multiply"", ""multiply"", ""divide"", ""subtract""]","TOOL_COUNT_DIFFERENCE; tools C0=['multiply', 'divide'] D1=['multiply', 'multiply', 'divide', 'subtract']; stop C0=executor_error D1=terminal; exec C0=False/argument D1=True/none; ans_pass C0=False D1=False",TOOL_COUNT_DIFFERENCE,0,loss_to_loss,65148711-a63a-4d3f-98f7-192c73c15ac1
True,none,False,4,False,True,4,max_turns,"[""multiply"", ""add"", ""subtract"", ""add""]",True,other,False,2,False,True,497,parse_fail,"[""multiply"", ""add""]","TOOL_COUNT_DIFFERENCE; tools C0=['multiply', 'add', 'subtract', 'add'] D1=['multiply', 'add']; stop C0=max_turns D1=parse_fail; exec C0=True/none D1=True/other; ans_pass C0=False D1=False",TOOL_COUNT_DIFFERENCE,0,loss_to_loss,654ce42c-5be5-4e84-838a-38364d7ec723
False,executor_other,True,2,False,True,,terminal,"[""select_first_element_of_each_list"", ""create_bulleted_list""]",False,executor_other,True,2,False,True,,terminal,"[""select_first_element_of_each_list"", ""create_bulleted_list""]","IDENTICAL_TEXT; tools C0=['select_first_element_of_each_list', 'create_bulleted_list'] D1=['select_first_element_of_each_list', 'create_bulleted_list']; stop C0=terminal D1=terminal; exec C0=False/executor_other D1=False/executor_other; ans_pass C0=True D1=True",IDENTICAL_TEXT,-1,loss_to_loss,66312c55-87f2-4eb8-9ba2-f5158c1db300
True,none,True,3,True,True,150,terminal,"[""choose"", ""multiply"", ""add""]",True,none,True,3,True,True,150,terminal,"[""choose"", ""multiply"", ""add""]","IDENTICAL_CALLS_DIFFERENT_TEXT; tools C0=['choose', 'multiply', 'add'] D1=['choose', 'multiply', 'add']; stop C0=terminal D1=terminal; exec C0=True/none D1=True/none; ans_pass C0=True D1=True",IDENTICAL_CALLS_DIFFERENT_TEXT,0,win_to_win,664a9ab5-d49e-4c80-9ce8-0b867ef97777
True,none,True,3,True,True,10.0,terminal,"[""subtract"", ""divide"", ""multiply""]",True,none,True,2,True,True,10.0,terminal,"[""divide"", ""multiply""]","DIFFERENT_FIRST_TOOL; tools C0=['subtract', 'divide', 'multiply'] D1=['divide', 'multiply']; stop C0=terminal D1=terminal; exec C0=True/none D1=True/none; ans_pass C0=True D1=True",DIFFERENT_FIRST_TOOL,0,win_to_win,665f96da-1bc5-4429-bc38-58046cdfd1c2
True,none,True,4,True,True,10.0,max_turns,"[""add"", ""add"", ""add"", ""divide""]",True,none,True,4,True,True,10.0,max_turns,"[""add"", ""add"", ""add"", ""divide""]","IDENTICAL_TEXT; tools C0=['add', 'add', 'add', 'divide'] D1=['add', 'add', 'add', 'divide']; stop C0=max_turns D1=max_turns; exec C0=True/none D1=True/none; ans_pass C0=True D1=True",IDENTICAL_TEXT,-1,win_to_win,6661b550-224b-4330-9109-59404e7b811a
True,none,True,1,True,True,7500.0,terminal,"[""divide""]",True,none,True,1,True,True,7500.0,terminal,"[""divide""]",IDENTICAL_TEXT; tools C0=['divide'] D1=['divide']; stop C0=terminal D1=terminal; exec C0=True/none D1=True/none; ans_pass C0=True D1=True,IDENTICAL_TEXT,-1,win_to_win,6895651a-8731-47bc-bef3-42a4944392c9
True,other,False,3,False,True,0.02361111111111111,parse_fail,"[""add"", ""add"", ""divide""]",True,other,False,2,False,True,1/801/801/801/801/801/801/801/801/801/801/801/801/801/801/801/801/801/801/801/801/801/801/801/801/801/801/801/801/801/801/801/801/801/801/801/801/801/801/801/801/801/801/801/801/801/80,parse_fail,"[""add"", ""multiply""]","TOOL_COUNT_DIFFERENCE; tools C0=['add', 'add', 'divide'] D1=['add', 'multiply']; stop C0=parse_fail D1=parse_fail; exec C0=True/other D1=True/other; ans_pass C0=False D1=False",TOOL_COUNT_DIFFERENCE,0,loss_to_loss,68bb325d-be6c-4a56-a70b-be023b8f068b
False,executor_other,False,0,False,True,,terminal,[],False,executor_other,False,0,False,True,,terminal,[],IDENTICAL_CALLS_DIFFERENT_TEXT; tools C0=[] D1=[]; stop C0=terminal D1=terminal; exec C0=False/executor_other D1=False/executor_other; ans_pass C0=False D1=False,IDENTICAL_CALLS_DIFFERENT_TEXT,0,loss_to_loss,69bacfb5-3461-450d-bee0-3311e75bf7aa
False,executor_other,False,0,False,True,,terminal,[],False,executor_other,False,0,False,True,,terminal,[],IDENTICAL_TEXT; tools C0=[] D1=[]; stop C0=terminal D1=terminal; exec C0=False/executor_other D1=False/executor_other; ans_pass C0=False D1=False,IDENTICAL_TEXT,-1,loss_to_loss,6a001923-6ece-46ae-9e4e-ae2308bad269
True,none,False,3,False,True,200.0,terminal,"[""divide"", ""multiply"", ""add""]",True,none,False,3,False,True,200.0,terminal,"[""divide"", ""multiply"", ""add""]","IDENTICAL_CALLS_DIFFERENT_TEXT; tools C0=['divide', 'multiply', 'add'] D1=['divide', 'multiply', 'add']; stop C0=terminal D1=terminal; exec C0=True/none D1=True/none; ans_pass C0=False D1=False",IDENTICAL_CALLS_DIFFERENT_TEXT,0,loss_to_loss,6a069715-af16-4353-b530-2c68b1045702
True,none,True,5,True,True,2000,terminal,"[""multiply"", ""divide"", ""multiply"", ""multiply"", ""subtract""]",False,unknown_tool,False,1,False,True,,executor_error,"[""sum_even_numbers""]","DIFFERENT_FIRST_TOOL; tools C0=['multiply', 'divide', 'multiply', 'multiply', 'subtract'] D1=['sum_even_numbers']; stop C0=terminal D1=executor_error; exec C0=True/none D1=False/unknown_tool; ans_pass C0=True D1=False",DIFFERENT_FIRST_TOOL,0,win_to_loss,6a42f278-ce39-4b47-ae02-60f80782c2c6
True,none,False,2,True,True,91.66666666666666,terminal,"[""divide"", ""multiply""]",True,none,False,2,True,True,91.66666666666666,terminal,"[""divide"", ""multiply""]","IDENTICAL_CALLS_DIFFERENT_TEXT; tools C0=['divide', 'multiply'] D1=['divide', 'multiply']; stop C0=terminal D1=terminal; exec C0=True/none D1=True/none; ans_pass C0=False D1=False",IDENTICAL_CALLS_DIFFERENT_TEXT,0,win_to_win,6a580394-2cd8-4a80-bac8-d81c88244059
True,none,False,3,False,True,[],max_turns,"[""convert_to_url_path"", ""make_lists"", ""parse_list_of_numbers""]",True,none,False,3,False,True,[],max_turns,"[""convert_to_url_path"", ""make_lists"", ""parse_list_of_numbers""]","IDENTICAL_TEXT; tools C0=['convert_to_url_path', 'make_lists', 'parse_list_of_numbers'] D1=['convert_to_url_path', 'make_lists', 'parse_list_of_numbers']; stop C0=max_turns D1=max_turns; exec C0=True/none D1=True/none; ans_pass C0=False D1=False",IDENTICAL_TEXT,-1,loss_to_loss,6a8f3121-3467-477e-9f28-26b4632178cc
True,none,True,4,True,True,28.0,terminal,"[""multiply"", ""multiply"", ""subtract"", ""divide""]",True,none,True,4,True,True,28.0,terminal,"[""multiply"", ""multiply"", ""subtract"", ""divide""]","IDENTICAL_CALLS_DIFFERENT_TEXT; tools C0=['multiply', 'multiply', 'subtract', 'divide'] D1=['multiply', 'multiply', 'subtract', 'divide']; stop C0=terminal D1=terminal; exec C0=True/none D1=True/none; ans_pass C0=True D1=True",IDENTICAL_CALLS_DIFFERENT_TEXT,4,win_to_win,6accc733-a657-438c-97a2-d9b11b97edb8
True,none,True,5,True,True,300.0,terminal,"[""add"", ""divide"", ""divide"", ""add"", ""multiply""]",True,none,True,5,True,True,300.0,terminal,"[""add"", ""divide"", ""divide"", ""add"", ""multiply""]","IDENTICAL_CALLS_DIFFERENT_TEXT; tools C0=['add', 'divide', 'divide', 'add', 'multiply'] D1=['add', 'divide', 'divide', 'add', 'multiply']; stop C0=terminal D1=terminal; exec C0=True/none D1=True/none; ans_pass C0=True D1=True",IDENTICAL_CALLS_DIFFERENT_TEXT,4,win_to_win,6b3f28d1-703c-4a21-b432-d84505bf42f1
True,none,True,1,True,True,0.04,terminal,"[""divide""]",True,none,True,1,True,True,0.04,terminal,"[""divide""]",IDENTICAL_CALLS_DIFFERENT_TEXT; tools C0=['divide'] D1=['divide']; stop C0=terminal D1=terminal; exec C0=True/none D1=True/none; ans_pass C0=True D1=True,IDENTICAL_CALLS_DIFFERENT_TEXT,0,win_to_win,6b6884c6-f22a-4f7a-8fc4-73036ab9a0c3
True,none,True,2,True,True,['example:test'],terminal,"[""generate_ns_uuid"", ""tokenize_line""]",True,none,True,2,True,True,['example:test'],terminal,"[""generate_ns_uuid"", ""tokenize_line""]","IDENTICAL_CALLS_DIFFERENT_TEXT; tools C0=['generate_ns_uuid', 'tokenize_line'] D1=['generate_ns_uuid', 'tokenize_line']; stop C0=terminal D1=terminal; exec C0=True/none D1=True/none; ans_pass C0=True D1=True",IDENTICAL_CALLS_DIFFERENT_TEXT,0,win_to_win,6b6c601e-23fc-49f8-ad28-e62718aa3852
True,none,True,5,True,True,43,terminal,"[""multiply"", ""multiply"", ""multiply"", ""add"", ""subtract""]",False,executor_other,False,0,False,True,,terminal,[],"TOOL_COUNT_DIFFERENCE; tools C0=['multiply', 'multiply', 'multiply', 'add', 'subtract'] D1=[]; stop C0=terminal D1=terminal; exec C0=True/none D1=False/executor_other; ans_pass C0=True D1=False",TOOL_COUNT_DIFFERENCE,0,win_to_loss,6bcc90ed-8253-46d4-86a6-ebc1c8550f7a
True,none,False,2,False,True,0.25,terminal,"[""subtract"", ""divide""]",True,none,True,2,True,True,25.0,terminal,"[""divide"", ""multiply""]","DIFFERENT_FIRST_TOOL; tools C0=['subtract', 'divide'] D1=['divide', 'multiply']; stop C0=terminal D1=terminal; exec C0=True/none D1=True/none; ans_pass C0=False D1=True",DIFFERENT_FIRST_TOOL,0,loss_to_win,6c0d717a-af97-47db-ad9d-45255f829e0d
False,argument,False,5,False,True,,executor_error,"[""add"", ""inverse"", ""inverse"", ""add"", ""inverse""]",True,none,False,2,False,True,600,terminal,"[""add"", ""multiply""]","TOOL_COUNT_DIFFERENCE; tools C0=['add', 'inverse', 'inverse', 'add', 'inverse'] D1=['add', 'multiply']; stop C0=executor_error D1=terminal; exec C0=False/argument D1=True/none; ans_pass C0=False D1=False",TOOL_COUNT_DIFFERENCE,1,loss_to_loss,6c5bf32e-9b63-4950-a348-72e08943a6d5
True,none,True,3,True,True,12.0,terminal,"[""multiply"", ""multiply"", ""divide""]",True,none,False,2,False,True,720,terminal,"[""divide"", ""multiply""]","DIFFERENT_FIRST_TOOL; tools C0=['multiply', 'multiply', 'divide'] D1=['divide', 'multiply']; stop C0=terminal D1=terminal; exec C0=True/none D1=True/none; ans_pass C0=True D1=False",DIFFERENT_FIRST_TOOL,0,win_to_loss,6c668a48-30d8-46ba-a9ac-8e0c58f9d9f0
True,none,False,2,False,True,720,terminal,"[""multiply"", ""multiply""]",True,none,False,2,False,True,720,terminal,"[""multiply"", ""multiply""]","IDENTICAL_TEXT; tools C0=['multiply', 'multiply'] D1=['multiply', 'multiply']; stop C0=terminal D1=terminal; exec C0=True/none D1=True/none; ans_pass C0=False D1=False",IDENTICAL_TEXT,-1,loss_to_loss,6d2f296f-b21b-4c5d-9a0c-1a4bb82df7bc
True,none,True,1,True,True,6.0,terminal,"[""divide""]",True,none,True,1,True,True,6.0,terminal,"[""divide""]",IDENTICAL_TEXT; tools C0=['divide'] D1=['divide']; stop C0=terminal D1=terminal; exec C0=True/none D1=True/none; ans_pass C0=True D1=True,IDENTICAL_TEXT,-1,win_to_win,6dc00645-b34d-4f6b-a00e-046b14a8ece5
True,none,False,3,False,True,-1.0,max_turns,"[""get_substrings_after_api"", ""convert_string_to_float"", ""convert_string_to_float""]",True,other,True,1,False,True,"['data', 'file.json']",terminal,"[""get_substrings_after_api""]","TOOL_COUNT_DIFFERENCE; tools C0=['get_substrings_after_api', 'convert_string_to_float', 'convert_string_to_float'] D1=['get_substrings_after_api']; stop C0=max_turns D1=terminal; exec C0=True/none D1=True/other; ans_pass C0=False D1=True",TOOL_COUNT_DIFFERENCE,1,loss_to_loss,6e091b41-13a2-4a4a-b4d9-105cf1b9ef85
True,none,True,5,True,True,243.0,terminal,"[""multiply"", ""add"", ""multiply"", ""divide"", ""multiply""]",True,none,True,3,True,True,243.0,terminal,"[""multiply"", ""divide"", ""multiply""]","TOOL_COUNT_DIFFERENCE; tools C0=['multiply', 'add', 'multiply', 'divide', 'multiply'] D1=['multiply', 'divide', 'multiply']; stop C0=terminal D1=terminal; exec C0=True/none D1=True/none; ans_pass C0=True D1=True",TOOL_COUNT_DIFFERENCE,0,win_to_win,6e46d58b-4319-430e-b6ca-72689e56a189
True,none,True,1,True,True,50000.0,terminal,"[""divide""]",True,none,True,1,True,True,50000.0,terminal,"[""divide""]",IDENTICAL_CALLS_DIFFERENT_TEXT; tools C0=['divide'] D1=['divide']; stop C0=terminal D1=terminal; exec C0=True/none D1=True/none; ans_pass C0=True D1=True,IDENTICAL_CALLS_DIFFERENT_TEXT,0,win_to_win,6e91a284-bb94-4086-85c0-179782989414
True,none,False,1,False,True,0.028301886792452827,terminal,"[""divide""]",True,none,False,1,False,True,0.028301886792452827,terminal,"[""divide""]",IDENTICAL_CALLS_DIFFERENT_TEXT; tools C0=['divide'] D1=['divide']; stop C0=terminal D1=terminal; exec C0=True/none D1=True/none; ans_pass C0=False D1=False,IDENTICAL_CALLS_DIFFERENT_TEXT,1,loss_to_loss,6ea6a1a9-f0e3-43ea-925a-4c627fce8951
True,none,True,5,True,True,150,terminal,"[""divide"", ""divide"", ""divide"", ""multiply"", ""multiply""]",True,none,True,5,True,True,150,terminal,"[""divide"", ""divide"", ""divide"", ""multiply"", ""multiply""]","REFERENCE_DIFFERENCE; tools C0=['divide', 'divide', 'divide', 'multiply', 'multiply'] D1=['divide', 'divide', 'divide', 'multiply', 'multiply']; stop C0=terminal D1=terminal; exec C0=True/none D1=True/none; ans_pass C0=True D1=True",REFERENCE_DIFFERENCE,0,win_to_win,6fb9747f-205d-4057-98a9-bebfa690d3fe
True,none,True,3,True,True,510.0,terminal,"[""multiply"", ""multiply"", ""divide""]",True,none,True,3,True,True,510.0,terminal,"[""multiply"", ""multiply"", ""divide""]","SAME_TOOLS_DIFFERENT_ARGUMENTS; tools C0=['multiply', 'multiply', 'divide'] D1=['multiply', 'multiply', 'divide']; stop C0=terminal D1=terminal; exec C0=True/none D1=True/none; ans_pass C0=True D1=True",SAME_TOOLS_DIFFERENT_ARGUMENTS,0,win_to_win,702881c1-d5ba-4b90-aa65-8a17d9a3a5a6
True,none,True,2,True,True,274.0,terminal,"[""subtract"", ""divide""]",True,none,True,2,True,True,274.0,terminal,"[""subtract"", ""divide""]","IDENTICAL_TEXT; tools C0=['subtract', 'divide'] D1=['subtract', 'divide']; stop C0=terminal D1=terminal; exec C0=True/none D1=True/none; ans_pass C0=True D1=True",IDENTICAL_TEXT,-1,win_to_win,71425aa1-18ff-4f04-a644-a91a2052e572
True,none,True,3,True,True,25.0,terminal,"[""subtract"", ""divide"", ""multiply""]",True,none,True,3,True,True,25.0,terminal,"[""subtract"", ""divide"", ""multiply""]","IDENTICAL_CALLS_DIFFERENT_TEXT; tools C0=['subtract', 'divide', 'multiply'] D1=['subtract', 'divide', 'multiply']; stop C0=terminal D1=terminal; exec C0=True/none D1=True/none; ans_pass C0=True D1=True",IDENTICAL_CALLS_DIFFERENT_TEXT,0,win_to_win,714d3faf-b9d9-42a7-95b5-610d47e43332
True,none,False,1,False,True,25.0,terminal,"[""divide""]",True,none,False,1,False,True,25.0,terminal,"[""divide""]",IDENTICAL_CALLS_DIFFERENT_TEXT; tools C0=['divide'] D1=['divide']; stop C0=terminal D1=terminal; exec C0=True/none D1=True/none; ans_pass C0=False D1=False,IDENTICAL_CALLS_DIFFERENT_TEXT,1,loss_to_loss,71d06959-7b76-48fb-906f-16f634884bf2
True,none,True,2,True,True,2,terminal,"[""add"", ""multiply""]",True,none,True,2,True,True,2,terminal,"[""add"", ""multiply""]","IDENTICAL_CALLS_DIFFERENT_TEXT; tools C0=['add', 'multiply'] D1=['add', 'multiply']; stop C0=terminal D1=terminal; exec C0=True/none D1=True/none; ans_pass C0=True D1=True",IDENTICAL_CALLS_DIFFERENT_TEXT,2,win_to_win,73456b3f-d04d-4746-ae18-622952722f11
True,none,True,2,True,True,7.0,terminal,"[""divide"", ""divide""]",True,none,True,2,True,True,7.0,terminal,"[""divide"", ""divide""]","IDENTICAL_TEXT; tools C0=['divide', 'divide'] D1=['divide', 'divide']; stop C0=terminal D1=terminal; exec C0=True/none D1=True/none; ans_pass C0=True D1=True",IDENTICAL_TEXT,-1,win_to_win,73d62322-04e8-4039-866f-787dc05fda19
True,none,True,3,True,True,21.0,terminal,"[""multiply"", ""multiply"", ""divide""]",True,none,True,3,True,True,21.0,terminal,"[""multiply"", ""multiply"", ""divide""]","SAME_TOOLS_DIFFERENT_ARGUMENTS; tools C0=['multiply', 'multiply', 'divide'] D1=['multiply', 'multiply', 'divide']; stop C0=terminal D1=terminal; exec C0=True/none D1=True/none; ans_pass C0=True D1=True",SAME_TOOLS_DIFFERENT_ARGUMENTS,1,win_to_win,746c4d4f-e28a-483b-a0d7-b63e766dc071
False,executor_other,False,0,False,True,,parse_fail,[],False,executor_other,False,0,False,True,,parse_fail,[],IDENTICAL_TEXT; tools C0=[] D1=[]; stop C0=parse_fail D1=parse_fail; exec C0=False/executor_other D1=False/executor_other; ans_pass C0=False D1=False,IDENTICAL_TEXT,-1,loss_to_loss,76446ae7-0565-4df5-bff6-bddcaf386d0f
True,none,True,1,True,True,160,terminal,"[""multiply""]",False,executor_other,False,0,False,True,,clipped,[],TOOL_COUNT_DIFFERENCE; tools C0=['multiply'] D1=[]; stop C0=terminal D1=clipped; exec C0=True/none D1=False/executor_other; ans_pass C0=True D1=False,TOOL_COUNT_DIFFERENCE,0,win_to_loss,766a4d29-1adf-4c1b-ae0b-bda50257dfb3
True,none,False,1,False,True,400.0,terminal,"[""divide""]",True,none,False,1,False,True,80.0,terminal,"[""multiply""]",DIFFERENT_FIRST_TOOL; tools C0=['divide'] D1=['multiply']; stop C0=terminal D1=terminal; exec C0=True/none D1=True/none; ans_pass C0=False D1=False,DIFFERENT_FIRST_TOOL,0,loss_to_loss,767452b7-f09a-4ccc-ab2d-674c207f7a5e
True,none,False,1,False,True,20.0,terminal,"[""divide""]",True,none,False,2,False,True,20.0,terminal,"[""multiply"", ""divide""]","DIFFERENT_FIRST_TOOL; tools C0=['divide'] D1=['multiply', 'divide']; stop C0=terminal D1=terminal; exec C0=True/none D1=True/none; ans_pass C0=False D1=False",DIFFERENT_FIRST_TOOL,0,loss_to_loss,77a1ae43-b83e-4a6c-81a6-fa95a2cc6d1a
True,none,True,3,True,True,022-01-01T00:00:00,terminal,"[""find_intervals"", ""strip_timezone_info"", ""skip_first""]",True,none,True,3,True,True,022-01-01T00:00:00,terminal,"[""find_intervals"", ""strip_timezone_info"", ""skip_first""]","IDENTICAL_TEXT; tools C0=['find_intervals', 'strip_timezone_info', 'skip_first'] D1=['find_intervals', 'strip_timezone_info', 'skip_first']; stop C0=terminal D1=terminal; exec C0=True/none D1=True/none; ans_pass C0=True D1=True",IDENTICAL_TEXT,-1,win_to_win,77bb5969-f300-4f68-99d4-179bcd9ba304
True,other,False,1,False,True,1/601/180,parse_fail,"[""add""]",True,other,False,1,False,True,1/601/180,parse_fail,"[""add""]",IDENTICAL_CALLS_DIFFERENT_TEXT; tools C0=['add'] D1=['add']; stop C0=parse_fail D1=parse_fail; exec C0=True/other D1=True/other; ans_pass C0=False D1=False,IDENTICAL_CALLS_DIFFERENT_TEXT,0,loss_to_loss,79548961-64d6-432c-aac2-5846fd124032
True,none,True,1,True,True,40,terminal,"[""add""]",True,none,True,1,True,True,40,terminal,"[""add""]",IDENTICAL_TEXT; tools C0=['add'] D1=['add']; stop C0=terminal D1=terminal; exec C0=True/none D1=True/none; ans_pass C0=True D1=True,IDENTICAL_TEXT,-1,win_to_win,79f31629-56a4-4e40-8a4d-c1619abcda9b
True,none,True,4,True,True,5,terminal,"[""power"", ""add"", ""divide"", ""subtract""]",True,none,True,4,True,True,5,terminal,"[""power"", ""add"", ""divide"", ""subtract""]","IDENTICAL_CALLS_DIFFERENT_TEXT; tools C0=['power', 'add', 'divide', 'subtract'] D1=['power', 'add', 'divide', 'subtract']; stop C0=terminal D1=terminal; exec C0=True/none D1=True/none; ans_pass C0=True D1=True",IDENTICAL_CALLS_DIFFERENT_TEXT,0,win_to_win,7a8717da-4b2a-4cc4-86a8-c03bfeab7c6c
True,none,False,3,False,True,0.8200000000000001,terminal,"[""divide"", ""subtract"", ""divide""]",True,none,False,3,False,True,0.3000000000000001,terminal,"[""divide"", ""subtract"", ""divide""]","REFERENCE_DIFFERENCE; tools C0=['divide', 'subtract', 'divide'] D1=['divide', 'subtract', 'divide']; stop C0=terminal D1=terminal; exec C0=True/none D1=True/none; ans_pass C0=False D1=False",REFERENCE_DIFFERENCE,0,loss_to_loss,7b7f782d-2389-49ad-b393-3367a22a8bcd
True,none,True,2,True,True,4,terminal,"[""gcd"", ""gcd""]",True,none,True,2,True,True,4,terminal,"[""gcd"", ""gcd""]","IDENTICAL_TEXT; tools C0=['gcd', 'gcd'] D1=['gcd', 'gcd']; stop C0=terminal D1=terminal; exec C0=True/none D1=True/none; ans_pass C0=True D1=True",IDENTICAL_TEXT,-1,win_to_win,7baf91da-a05b-42ae-b79f-6b0b5ef45fb7
True,none,True,3,True,True,25.0,terminal,"[""divide"", ""subtract"", ""multiply""]",True,none,False,1,False,True,1.25,terminal,"[""divide""]","TOOL_COUNT_DIFFERENCE; tools C0=['divide', 'subtract', 'multiply'] D1=['divide']; stop C0=terminal D1=terminal; exec C0=True/none D1=True/none; ans_pass C0=True D1=False",TOOL_COUNT_DIFFERENCE,0,win_to_loss,7bdd0e4f-6c99-4f49-b9e8-2afc9546891b
True,none,True,1,True,True,25.0,terminal,"[""divide""]",True,none,True,1,True,True,25.0,terminal,"[""divide""]",IDENTICAL_CALLS_DIFFERENT_TEXT; tools C0=['divide'] D1=['divide']; stop C0=terminal D1=terminal; exec C0=True/none D1=True/none; ans_pass C0=True D1=True,IDENTICAL_CALLS_DIFFERENT_TEXT,0,win_to_win,7d0d1b23-f8ba-474b-84fd-e78eaaf967e2
False,argument,False,1,False,True,,executor_error,"[""subtract""]",True,none,False,4,True,True,12.004801920768308,terminal,"[""subtract"", ""divide"", ""divide"", ""inverse""]","TOOL_COUNT_DIFFERENCE; tools C0=['subtract'] D1=['subtract', 'divide', 'divide', 'inverse']; stop C0=executor_error D1=terminal; exec C0=False/argument D1=True/none; ans_pass C0=False D1=False",TOOL_COUNT_DIFFERENCE,0,loss_to_win,7da0f6e7-2a24-4fa8-b48d-cc84cae3e578
True,none,True,2,True,True,309400.0,terminal,"[""multiply"", ""multiply""]",True,none,True,2,True,True,309400.0,terminal,"[""multiply"", ""multiply""]","IDENTICAL_TEXT; tools C0=['multiply', 'multiply'] D1=['multiply', 'multiply']; stop C0=terminal D1=terminal; exec C0=True/none D1=True/none; ans_pass C0=True D1=True",IDENTICAL_TEXT,-1,win_to_win,7f38a354-d596-4f17-b24b-028e4c29b99b
True,none,True,1,True,True,240.0,terminal,"[""divide""]",True,none,True,1,True,True,240.0,terminal,"[""divide""]",IDENTICAL_TEXT; tools C0=['divide'] D1=['divide']; stop C0=terminal D1=terminal; exec C0=True/none D1=True/none; ans_pass C0=True D1=True,IDENTICAL_TEXT,-1,win_to_win,7f651bd9-4bf0-42ee-9102-106f475f86ed
True,none,True,3,True,True,10.0,terminal,"[""multiply"", ""multiply"", ""multiply""]",True,none,True,3,True,True,10.0,terminal,"[""multiply"", ""multiply"", ""multiply""]","IDENTICAL_CALLS_DIFFERENT_TEXT; tools C0=['multiply', 'multiply', 'multiply'] D1=['multiply', 'multiply', 'multiply']; stop C0=terminal D1=terminal; exec C0=True/none D1=True/none; ans_pass C0=True D1=True",IDENTICAL_CALLS_DIFFERENT_TEXT,0,win_to_win,800b2e64-e7fb-43b5-a258-9e19828e1db1
True,none,True,1,True,True,5.5,terminal,"[""divide""]",True,none,True,2,True,True,5.5,terminal,"[""add"", ""divide""]","DIFFERENT_FIRST_TOOL; tools C0=['divide'] D1=['add', 'divide']; stop C0=terminal D1=terminal; exec C0=True/none D1=True/none; ans_pass C0=True D1=True",DIFFERENT_FIRST_TOOL,0,win_to_win,80906cae-8547-47ad-863b-9db070fd41ae
True,none,False,3,False,True,rv5iflbcbf,terminal,"[""generate_random_string_of_length"", ""split_and_title"", ""most_common_word""]",True,none,False,3,False,True,rv5iflbcbf,terminal,"[""generate_random_string_of_length"", ""split_and_title"", ""most_common_word""]","IDENTICAL_TEXT; tools C0=['generate_random_string_of_length', 'split_and_title', 'most_common_word'] D1=['generate_random_string_of_length', 'split_and_title', 'most_common_word']; stop C0=terminal D1=terminal; exec C0=True/none D1=True/none; ans_pass C0=False D1=False",IDENTICAL_TEXT,-1,loss_to_loss,8298a332-f803-4f19-97d3-b0b12607538f
True,none,False,3,False,True,"[0, 2]",max_turns,"[""is_all_even"", ""convert_bits"", ""convert_bits""]",True,none,False,3,False,True,"[0, 0, 4]",max_turns,"[""is_all_even"", ""convert_bits"", ""convert_bits""]","SAME_TOOLS_DIFFERENT_ARGUMENTS; tools C0=['is_all_even', 'convert_bits', 'convert_bits'] D1=['is_all_even', 'convert_bits', 'convert_bits']; stop C0=max_turns D1=max_turns; exec C0=True/none D1=True/none; ans_pass C0=False D1=False",SAME_TOOLS_DIFFERENT_ARGUMENTS,2,loss_to_loss,837f59f5-0d19-4246-993f-061525bd8d67
True,none,True,2,True,True,3200.0000001599997,terminal,"[""multiply"", ""multiply""]",True,none,True,4,True,True,3200.0,terminal,"[""multiply"", ""divide"", ""multiply"", ""divide""]","TOOL_COUNT_DIFFERENCE; tools C0=['multiply', 'multiply'] D1=['multiply', 'divide', 'multiply', 'divide']; stop C0=terminal D1=terminal; exec C0=True/none D1=True/none; ans_pass C0=True D1=True",TOOL_COUNT_DIFFERENCE,0,win_to_win,83e87247-0e5d-4f60-a88f-8aa6069ce66c
False,argument,False,2,False,True,,executor_error,"[""add"", ""inverse""]",False,argument,False,2,False,True,,executor_error,"[""add"", ""inverse""]","IDENTICAL_TEXT; tools C0=['add', 'inverse'] D1=['add', 'inverse']; stop C0=executor_error D1=executor_error; exec C0=False/argument D1=False/argument; ans_pass C0=False D1=False",IDENTICAL_TEXT,-1,loss_to_loss,844ce8e2-be74-4db0-8541-132f5bebeb1b
True,none,False,3,False,True,"[0, 0, 0, 0, 0]",max_turns,"[""calculate_ab_error"", ""sort_sequence"", ""sort_sequence""]",True,other,True,2,False,True,"[-0.1, -0.2, -0.3, -0.4, -0.5]",terminal,"[""calculate_ab_error"", ""sort_sequence""]","TOOL_COUNT_DIFFERENCE; tools C0=['calculate_ab_error', 'sort_sequence', 'sort_sequence'] D1=['calculate_ab_error', 'sort_sequence']; stop C0=max_turns D1=terminal; exec C0=True/none D1=True/other; ans_pass C0=False D1=True",TOOL_COUNT_DIFFERENCE,0,loss_to_loss,84d4c1eb-d7c3-40c2-abda-780dded290ee
True,none,False,2,False,True,1860.0,terminal,"[""divide"", ""multiply""]",True,none,False,2,False,True,1860.0,terminal,"[""divide"", ""multiply""]","IDENTICAL_TEXT; tools C0=['divide', 'multiply'] D1=['divide', 'multiply']; stop C0=terminal D1=terminal; exec C0=True/none D1=True/none; ans_pass C0=False D1=False",IDENTICAL_TEXT,-1,loss_to_loss,856f6b32-e3a3-42e7-adad-f6b3802a6772
True,none,True,1,True,True,15000.0,terminal,"[""divide""]",True,none,True,1,True,True,15000.0,terminal,"[""divide""]",IDENTICAL_CALLS_DIFFERENT_TEXT; tools C0=['divide'] D1=['divide']; stop C0=terminal D1=terminal; exec C0=True/none D1=True/none; ans_pass C0=True D1=True,IDENTICAL_CALLS_DIFFERENT_TEXT,0,win_to_win,85deb9a0-ca7b-440c-a975-553cc92ff009
True,none,True,4,True,True,28.0,terminal,"[""multiply"", ""multiply"", ""add"", ""divide""]",True,none,True,4,True,True,28.0,terminal,"[""multiply"", ""multiply"", ""add"", ""divide""]","REFERENCE_DIFFERENCE; tools C0=['multiply', 'multiply', 'add', 'divide'] D1=['multiply', 'multiply', 'add', 'divide']; stop C0=terminal D1=terminal; exec C0=True/none D1=True/none; ans_pass C0=True D1=True",REFERENCE_DIFFERENCE,0,win_to_win,85ee192d-9b18-47b8-8f8f-e99639042c19
True,none,True,2,True,True,[1],terminal,"[""min_gap"", ""factor""]",True,none,True,2,True,True,[1],terminal,"[""min_gap"", ""factor""]","IDENTICAL_CALLS_DIFFERENT_TEXT; tools C0=['min_gap', 'factor'] D1=['min_gap', 'factor']; stop C0=terminal D1=terminal; exec C0=True/none D1=True/none; ans_pass C0=True D1=True",IDENTICAL_CALLS_DIFFERENT_TEXT,1,win_to_win,87282615-28ca-4fe6-bfd8-dc80f913307a
True,none,True,3,True,True,30,terminal,"[""power"", ""power"", ""multiply""]",True,none,True,3,True,True,30,terminal,"[""power"", ""power"", ""multiply""]","SAME_TOOLS_DIFFERENT_ARGUMENTS; tools C0=['power', 'power', 'multiply'] D1=['power', 'power', 'multiply']; stop C0=terminal D1=terminal; exec C0=True/none D1=True/none; ans_pass C0=True D1=True",SAME_TOOLS_DIFFERENT_ARGUMENTS,0,win_to_win,87481cd4-e4d1-4eb7-ad02-0c29677ddb8c
True,none,True,4,True,True,40.5,terminal,"[""multiply"", ""multiply"", ""subtract"", ""divide""]",True,none,True,4,True,True,40.5,terminal,"[""multiply"", ""multiply"", ""subtract"", ""divide""]","IDENTICAL_TEXT; tools C0=['multiply', 'multiply', 'subtract', 'divide'] D1=['multiply', 'multiply', 'subtract', 'divide']; stop C0=terminal D1=terminal; exec C0=True/none D1=True/none; ans_pass C0=True D1=True",IDENTICAL_TEXT,-1,win_to_win,88659452-fa94-4511-b6c2-f44d1d792cfe
True,none,True,3,True,True,12.0,terminal,"[""multiply"", ""multiply"", ""multiply""]",True,none,True,3,True,True,12.0,terminal,"[""divide"", ""multiply"", ""multiply""]","DIFFERENT_FIRST_TOOL; tools C0=['multiply', 'multiply', 'multiply'] D1=['divide', 'multiply', 'multiply']; stop C0=terminal D1=terminal; exec C0=True/none D1=True/none; ans_pass C0=True D1=True",DIFFERENT_FIRST_TOOL,0,win_to_win,887b6d7e-5fb5-4523-9b28-f7ab29cf7636
True,none,True,3,True,True,a is greater than b,terminal,"[""sum_of_consecutive_numbers"", ""max_minus_min"", ""compare_variables""]",True,none,True,3,True,True,a is greater than b,terminal,"[""sum_of_consecutive_numbers"", ""max_minus_min"", ""compare_variables""]","IDENTICAL_CALLS_DIFFERENT_TEXT; tools C0=['sum_of_consecutive_numbers', 'max_minus_min', 'compare_variables'] D1=['sum_of_consecutive_numbers', 'max_minus_min', 'compare_variables']; stop C0=terminal D1=terminal; exec C0=True/none D1=True/none; ans_pass C0=True D1=True",IDENTICAL_CALLS_DIFFERENT_TEXT,3,win_to_win,88b88263-a647-4da2-9c9a-329970a6aa3a
True,none,True,5,True,True,110,terminal,"[""multiply"", ""multiply"", ""multiply"", ""add"", ""subtract""]",True,none,True,5,True,True,110,terminal,"[""multiply"", ""multiply"", ""multiply"", ""add"", ""subtract""]","IDENTICAL_TEXT; tools C0=['multiply', 'multiply', 'multiply', 'add', 'subtract'] D1=['multiply', 'multiply', 'multiply', 'add', 'subtract']; stop C0=terminal D1=terminal; exec C0=True/none D1=True/none; ans_pass C0=True D1=True",IDENTICAL_TEXT,-1,win_to_win,8917020a-8354-4100-8b7a-6c06c6428b57
True,none,True,4,True,True,45.00000000000001,terminal,"[""divide"", ""divide"", ""subtract"", ""inverse""]",True,none,True,4,True,True,45.00000000000001,terminal,"[""inverse"", ""inverse"", ""subtract"", ""inverse""]","DIFFERENT_FIRST_TOOL; tools C0=['divide', 'divide', 'subtract', 'inverse'] D1=['inverse', 'inverse', 'subtract', 'inverse']; stop C0=terminal D1=terminal; exec C0=True/none D1=True/none; ans_pass C0=True D1=True",DIFFERENT_FIRST_TOOL,0,win_to_win,894ae2ce-c653-4e07-9bc9-296ea3f12aef
True,none,False,2,False,True,0.18,terminal,"[""subtract"", ""divide""]",True,none,False,2,False,True,0.18,terminal,"[""subtract"", ""divide""]","IDENTICAL_CALLS_DIFFERENT_TEXT; tools C0=['subtract', 'divide'] D1=['subtract', 'divide']; stop C0=terminal D1=terminal; exec C0=True/none D1=True/none; ans_pass C0=False D1=False",IDENTICAL_CALLS_DIFFERENT_TEXT,0,loss_to_loss,8954bf4e-0de5-4497-8b91-09e6e039d6b6
True,none,True,2,True,True,2200.0,terminal,"[""multiply"", ""divide""]",True,none,True,2,True,True,2200.0,terminal,"[""multiply"", ""divide""]","IDENTICAL_CALLS_DIFFERENT_TEXT; tools C0=['multiply', 'divide'] D1=['multiply', 'divide']; stop C0=terminal D1=terminal; exec C0=True/none D1=True/none; ans_pass C0=True D1=True",IDENTICAL_CALLS_DIFFERENT_TEXT,0,win_to_win,8a74c126-ba35-450d-a992-1b2f69197bf4
True,none,False,6,False,True,387.69230769230774,terminal,"[""multiply"", ""multiply"", ""multiply"", ""multiply"", ""divide"", ""multiply""]",True,none,True,7,True,True,240.0,terminal,"[""multiply"", ""multiply"", ""multiply"", ""multiply"", ""add"", ""divide"", ""multiply""]","TOOL_COUNT_DIFFERENCE; tools C0=['multiply', 'multiply', 'multiply', 'multiply', 'divide', 'multiply'] D1=['multiply', 'multiply', 'multiply', 'multiply', 'add', 'divide', 'multiply']; stop C0=terminal D1=terminal; exec C0=True/none D1=True/none; ans_pass C0=False D1=True",TOOL_COUNT_DIFFERENCE,1,loss_to_win,8ab9d4d5-0011-4e49-85cb-ee24f852f350
True,none,False,1,False,True,1.1236000000000002,terminal,"[""multiply""]",True,none,False,1,False,True,1.1236000000000002,terminal,"[""multiply""]",IDENTICAL_TEXT; tools C0=['multiply'] D1=['multiply']; stop C0=terminal D1=terminal; exec C0=True/none D1=True/none; ans_pass C0=False D1=False,IDENTICAL_TEXT,-1,loss_to_loss,8abb3f96-fd86-4948-b034-3a404caaf078
True,none,False,3,False,True,12,terminal,"[""subtract"", ""subtract"", ""add""]",True,none,False,4,False,True,7,max_turns,"[""subtract"", ""add"", ""add"", ""subtract""]","TOOL_COUNT_DIFFERENCE; tools C0=['subtract', 'subtract', 'add'] D1=['subtract', 'add', 'add', 'subtract']; stop C0=terminal D1=max_turns; exec C0=True/none D1=True/none; ans_pass C0=False D1=False",TOOL_COUNT_DIFFERENCE,1,loss_to_loss,8b135424-72ba-47d7-818e-5d13b21334db
True,none,True,2,True,True,1000.0,terminal,"[""divide"", ""divide""]",True,none,True,2,True,True,1000.0,terminal,"[""divide"", ""divide""]","REFERENCE_DIFFERENCE; tools C0=['divide', 'divide'] D1=['divide', 'divide']; stop C0=terminal D1=terminal; exec C0=True/none D1=True/none; ans_pass C0=True D1=True",REFERENCE_DIFFERENCE,0,win_to_win,8b3a28e9-ba64-44cd-bfe2-d7094471b5d7
True,none,True,3,True,True,227.04000000000002,terminal,"[""divide"", ""multiply"", ""multiply""]",True,none,True,2,True,True,227.04,terminal,"[""multiply"", ""divide""]","DIFFERENT_FIRST_TOOL; tools C0=['divide', 'multiply', 'multiply'] D1=['multiply', 'divide']; stop C0=terminal D1=terminal; exec C0=True/none D1=True/none; ans_pass C0=True D1=True",DIFFERENT_FIRST_TOOL,0,win_to_win,8b77968f-aa3b-443c-a226-7a628b611fb1
True,none,True,2,True,True,9000.0,terminal,"[""multiply"", ""divide""]",True,none,True,2,True,True,9000.0,terminal,"[""multiply"", ""divide""]","IDENTICAL_CALLS_DIFFERENT_TEXT; tools C0=['multiply', 'divide'] D1=['multiply', 'divide']; stop C0=terminal D1=terminal; exec C0=True/none D1=True/none; ans_pass C0=True D1=True",IDENTICAL_CALLS_DIFFERENT_TEXT,0,win_to_win,8d50fe89-d76a-4b2d-8e61-b805e25170a5
True,none,True,2,True,True,20.0,terminal,"[""divide"", ""multiply""]",True,none,True,2,True,True,20.0,terminal,"[""divide"", ""multiply""]","SAME_TOOLS_DIFFERENT_ARGUMENTS; tools C0=['divide', 'multiply'] D1=['divide', 'multiply']; stop C0=terminal D1=terminal; exec C0=True/none D1=True/none; ans_pass C0=True D1=True",SAME_TOOLS_DIFFERENT_ARGUMENTS,0,win_to_win,8d963cd2-0004-45db-9312-d295f0367c1c
True,none,True,2,True,True,True,terminal,"[""sentence_to_words"", ""is_alphabetically_sorted""]",True,none,True,2,True,True,True,terminal,"[""sentence_to_words"", ""is_alphabetically_sorted""]","IDENTICAL_TEXT; tools C0=['sentence_to_words', 'is_alphabetically_sorted'] D1=['sentence_to_words', 'is_alphabetically_sorted']; stop C0=terminal D1=terminal; exec C0=True/none D1=True/none; ans_pass C0=True D1=True",IDENTICAL_TEXT,-1,win_to_win,8de7580b-2f9f-4516-a3bd-4b5933ca1e2e
False,argument,False,1,False,True,,executor_error,"[""add""]",True,none,True,2,True,True,20,terminal,"[""multiply"", ""subtract""]","DIFFERENT_FIRST_TOOL; tools C0=['add'] D1=['multiply', 'subtract']; stop C0=executor_error D1=terminal; exec C0=False/argument D1=True/none; ans_pass C0=False D1=True",DIFFERENT_FIRST_TOOL,0,loss_to_win,8ee1d3b2-4632-4455-b3b1-7a165383c55b
True,none,True,4,True,True,14.0,terminal,"[""multiply"", ""divide"", ""multiply"", ""subtract""]",True,none,True,5,True,True,14.0,terminal,"[""multiply"", ""divide"", ""multiply"", ""divide"", ""subtract""]","TOOL_COUNT_DIFFERENCE; tools C0=['multiply', 'divide', 'multiply', 'subtract'] D1=['multiply', 'divide', 'multiply', 'divide', 'subtract']; stop C0=terminal D1=terminal; exec C0=True/none D1=True/none; ans_pass C0=True D1=True",TOOL_COUNT_DIFFERENCE,1,win_to_win,8f239e7b-b2e5-4165-8b67-9103c60d155b
True,none,True,1,True,True,1299.9999999999998,terminal,"[""divide""]",True,none,True,1,True,True,1299.9999999999998,terminal,"[""divide""]",IDENTICAL_TEXT; tools C0=['divide'] D1=['divide']; stop C0=terminal D1=terminal; exec C0=True/none D1=True/none; ans_pass C0=True D1=True,IDENTICAL_TEXT,-1,win_to_win,8f5235bc-6703-4af2-a441-ec906357889e
True,none,True,2,True,True,12.5,terminal,"[""multiply"", ""multiply""]",True,none,True,2,True,True,12.5,terminal,"[""multiply"", ""multiply""]","IDENTICAL_TEXT; tools C0=['multiply', 'multiply'] D1=['multiply', 'multiply']; stop C0=terminal D1=terminal; exec C0=True/none D1=True/none; ans_pass C0=True D1=True",IDENTICAL_TEXT,-1,win_to_win,9169ba71-aeda-4b8f-99a4-c5772cf2efb8
True,none,False,2,False,True,3.75,terminal,"[""multiply"", ""divide""]",False,argument,False,2,False,True,,executor_error,"[""multiply"", ""divide""]","SAME_TOOLS_DIFFERENT_ARGUMENTS; tools C0=['multiply', 'divide'] D1=['multiply', 'divide']; stop C0=terminal D1=executor_error; exec C0=True/none D1=False/argument; ans_pass C0=False D1=False",SAME_TOOLS_DIFFERENT_ARGUMENTS,0,loss_to_loss,916b2049-ac2d-4d32-b022-e9182f258024
True,none,True,3,True,True,44.0,terminal,"[""add"", ""divide"", ""divide""]",True,none,True,3,True,True,44.0,terminal,"[""add"", ""divide"", ""divide""]","IDENTICAL_CALLS_DIFFERENT_TEXT; tools C0=['add', 'divide', 'divide'] D1=['add', 'divide', 'divide']; stop C0=terminal D1=terminal; exec C0=True/none D1=True/none; ans_pass C0=True D1=True",IDENTICAL_CALLS_DIFFERENT_TEXT,0,win_to_win,92366bd5-f065-4719-91a2-c44123746ce6
True,none,True,2,True,True,00:00:04,terminal,"[""max_change"", ""convert_seconds""]",True,none,True,2,True,True,00:00:04,terminal,"[""max_change"", ""convert_seconds""]","IDENTICAL_CALLS_DIFFERENT_TEXT; tools C0=['max_change', 'convert_seconds'] D1=['max_change', 'convert_seconds']; stop C0=terminal D1=terminal; exec C0=True/none D1=True/none; ans_pass C0=True D1=True",IDENTICAL_CALLS_DIFFERENT_TEXT,2,win_to_win,925e5a42-be49-45d0-ae48-9f76fbe1a0a2
True,none,False,2,False,True,0.35,terminal,"[""subtract"", ""divide""]",True,none,False,2,False,True,0.35,terminal,"[""subtract"", ""divide""]","IDENTICAL_TEXT; tools C0=['subtract', 'divide'] D1=['subtract', 'divide']; stop C0=terminal D1=terminal; exec C0=True/none D1=True/none; ans_pass C0=False D1=False",IDENTICAL_TEXT,-1,loss_to_loss,927a732c-c4df-4035-830a-e635368d29d7
True,none,True,3,True,True,7.0,terminal,"[""power"", ""subtract"", ""divide""]",True,none,True,3,True,True,7.0,terminal,"[""power"", ""subtract"", ""divide""]","IDENTICAL_CALLS_DIFFERENT_TEXT; tools C0=['power', 'subtract', 'divide'] D1=['power', 'subtract', 'divide']; stop C0=terminal D1=terminal; exec C0=True/none D1=True/none; ans_pass C0=True D1=True",IDENTICAL_CALLS_DIFFERENT_TEXT,0,win_to_win,92b6a1d2-d0d7-4915-a3ea-9361f588979a
True,none,True,1,True,True,225.0,terminal,"[""multiply""]",True,none,True,1,True,True,225.0,terminal,"[""multiply""]",IDENTICAL_TEXT; tools C0=['multiply'] D1=['multiply']; stop C0=terminal D1=terminal; exec C0=True/none D1=True/none; ans_pass C0=True D1=True,IDENTICAL_TEXT,-1,win_to_win,9305c8b4-aa65-4648-9332-329619fbbb48
True,none,True,2,True,True,True,terminal,"[""insert_into_dict"", ""check_nested_dicts""]",True,none,True,2,True,True,True,terminal,"[""insert_into_dict"", ""check_nested_dicts""]","IDENTICAL_TEXT; tools C0=['insert_into_dict', 'check_nested_dicts'] D1=['insert_into_dict', 'check_nested_dicts']; stop C0=terminal D1=terminal; exec C0=True/none D1=True/none; ans_pass C0=True D1=True",IDENTICAL_TEXT,-1,win_to_win,93a99349-900a-4d49-8964-8e944e49ff25
True,none,False,3,False,True,-480,max_turns,"[""multiply"", ""multiply"", ""multiply""]",True,none,False,3,False,True,480,max_turns,"[""multiply"", ""multiply"", ""multiply""]","SAME_TOOLS_DIFFERENT_ARGUMENTS; tools C0=['multiply', 'multiply', 'multiply'] D1=['multiply', 'multiply', 'multiply']; stop C0=max_turns D1=max_turns; exec C0=True/none D1=True/none; ans_pass C0=False D1=False",SAME_TOOLS_DIFFERENT_ARGUMENTS,0,loss_to_loss,93d702d6-5124-4500-a02f-78d32c9c26c4
True,none,True,4,True,True,15.0,terminal,"[""multiply"", ""subtract"", ""add"", ""divide""]",True,none,True,3,True,True,15.0,terminal,"[""multiply"", ""add"", ""divide""]","TOOL_COUNT_DIFFERENCE; tools C0=['multiply', 'subtract', 'add', 'divide'] D1=['multiply', 'add', 'divide']; stop C0=terminal D1=terminal; exec C0=True/none D1=True/none; ans_pass C0=True D1=True",TOOL_COUNT_DIFFERENCE,0,win_to_win,93dcf0b5-0d95-4bc6-be39-0eb316ee8721
True,none,False,2,False,True,0.022727272727272728,terminal,"[""add"", ""multiply""]",True,none,False,2,False,True,0.022727272727272728,terminal,"[""add"", ""multiply""]","IDENTICAL_CALLS_DIFFERENT_TEXT; tools C0=['add', 'multiply'] D1=['add', 'multiply']; stop C0=terminal D1=terminal; exec C0=True/none D1=True/none; ans_pass C0=False D1=False",IDENTICAL_CALLS_DIFFERENT_TEXT,0,loss_to_loss,95ba5a83-de0c-4ec2-a53c-05c00643cb34
False,executor_other,False,0,False,True,,terminal,[],False,executor_other,False,0,False,True,,terminal,[],IDENTICAL_CALLS_DIFFERENT_TEXT; tools C0=[] D1=[]; stop C0=terminal D1=terminal; exec C0=False/executor_other D1=False/executor_other; ans_pass C0=False D1=False,IDENTICAL_CALLS_DIFFERENT_TEXT,0,loss_to_loss,96b0ed5c-cf47-4b92-9cf5-0d69f7a864a9
True,none,False,2,False,True,6240.0,terminal,"[""multiply"", ""divide""]",True,none,True,4,True,True,9360.0,terminal,"[""multiply"", ""multiply"", ""multiply"", ""divide""]","TOOL_COUNT_DIFFERENCE; tools C0=['multiply', 'divide'] D1=['multiply', 'multiply', 'multiply', 'divide']; stop C0=terminal D1=terminal; exec C0=True/none D1=True/none; ans_pass C0=False D1=True",TOOL_COUNT_DIFFERENCE,0,loss_to_win,9855f520-4ad7-4658-85fc-b66003e186bb
True,none,True,2,True,True,202cb962ac59075b964b07152d234b70,terminal,"[""gid2name"", ""string_to_md5""]",True,none,True,2,True,True,202cb962ac59075b964b07152d234b70,terminal,"[""gid2name"", ""string_to_md5""]","IDENTICAL_TEXT; tools C0=['gid2name', 'string_to_md5'] D1=['gid2name', 'string_to_md5']; stop C0=terminal D1=terminal; exec C0=True/none D1=True/none; ans_pass C0=True D1=True",IDENTICAL_TEXT,-1,win_to_win,98780c7e-93fa-496c-b2a4-5ed84b9cd8ee
False,executor_other,False,2,False,True,,terminal,"[""hypotenuse_length"", ""ode_model""]",False,executor_other,False,2,False,True,,terminal,"[""hypotenuse_length"", ""ode_model""]","IDENTICAL_TEXT; tools C0=['hypotenuse_length', 'ode_model'] D1=['hypotenuse_length', 'ode_model']; stop C0=terminal D1=terminal; exec C0=False/executor_other D1=False/executor_other; ans_pass C0=False D1=False",IDENTICAL_TEXT,-1,loss_to_loss,98cad833-bb80-4583-9158-b9d1984eec6e
True,none,False,2,False,True,0.2857142857142857,terminal,"[""multiply"", ""divide""]",True,none,False,3,True,True,28.57142857142857,terminal,"[""multiply"", ""divide"", ""multiply""]","TOOL_COUNT_DIFFERENCE; tools C0=['multiply', 'divide'] D1=['multiply', 'divide', 'multiply']; stop C0=terminal D1=terminal; exec C0=True/none D1=True/none; ans_pass C0=False D1=False",TOOL_COUNT_DIFFERENCE,0,loss_to_win,99501e17-529b-42b7-ae83-e98b576c8019
True,other,True,1,False,True,5.0,terminal,"[""cube_density""]",True,other,True,1,False,True,5.0,terminal,"[""cube_density""]",IDENTICAL_TEXT; tools C0=['cube_density'] D1=['cube_density']; stop C0=terminal D1=terminal; exec C0=True/other D1=True/other; ans_pass C0=True D1=True,IDENTICAL_TEXT,-1,loss_to_loss,9a10a5a0-8ece-4a88-be4b-8d88099d5266
True,none,True,6,True,True,576.0,terminal,"[""multiply"", ""subtract"", ""multiply"", ""multiply"", ""add"", ""divide""]",True,none,True,6,True,True,576.0,terminal,"[""multiply"", ""subtract"", ""multiply"", ""multiply"", ""add"", ""divide""]","IDENTICAL_CALLS_DIFFERENT_TEXT; tools C0=['multiply', 'subtract', 'multiply', 'multiply', 'add', 'divide'] D1=['multiply', 'subtract', 'multiply', 'multiply', 'add', 'divide']; stop C0=terminal D1=terminal; exec C0=True/none D1=True/none; ans_pass C0=True D1=True",IDENTICAL_CALLS_DIFFERENT_TEXT,0,win_to_win,9a23a3ec-0f70-4acf-867f-1a82c0ca5b17
True,none,True,3,True,True,-1,terminal,"[""count_empty_strings"", ""generate_random_integer"", ""sum_less_than_n""]",True,none,True,3,True,True,-1,terminal,"[""count_empty_strings"", ""generate_random_integer"", ""sum_less_than_n""]","IDENTICAL_CALLS_DIFFERENT_TEXT; tools C0=['count_empty_strings', 'generate_random_integer', 'sum_less_than_n'] D1=['count_empty_strings', 'generate_random_integer', 'sum_less_than_n']; stop C0=terminal D1=terminal; exec C0=True/none D1=True/none; ans_pass C0=True D1=True",IDENTICAL_CALLS_DIFFERENT_TEXT,0,win_to_win,9a752e1c-dffb-4c71-84d5-687970836ce7
True,none,True,2,True,True,180.0,terminal,"[""divide"", ""subtract""]",True,none,True,2,True,True,180.0,terminal,"[""divide"", ""subtract""]","IDENTICAL_CALLS_DIFFERENT_TEXT; tools C0=['divide', 'subtract'] D1=['divide', 'subtract']; stop C0=terminal D1=terminal; exec C0=True/none D1=True/none; ans_pass C0=True D1=True",IDENTICAL_CALLS_DIFFERENT_TEXT,0,win_to_win,9adb7a75-2ecb-406d-8a46-542b79eb6e32
True,none,True,2,True,True,1.0,terminal,"[""multiply"", ""divide""]",True,none,True,2,True,True,1.0,terminal,"[""multiply"", ""divide""]","IDENTICAL_CALLS_DIFFERENT_TEXT; tools C0=['multiply', 'divide'] D1=['multiply', 'divide']; stop C0=terminal D1=terminal; exec C0=True/none D1=True/none; ans_pass C0=True D1=True",IDENTICAL_CALLS_DIFFERENT_TEXT,0,win_to_win,9bb69164-80c4-4c4e-a9d2-fa3fa8bee4e3
True,none,True,5,True,True,189.0,terminal,"[""multiply"", ""multiply"", ""add"", ""divide"", ""multiply""]",True,none,True,5,True,True,189.0,terminal,"[""multiply"", ""multiply"", ""add"", ""divide"", ""multiply""]","IDENTICAL_CALLS_DIFFERENT_TEXT; tools C0=['multiply', 'multiply', 'add', 'divide', 'multiply'] D1=['multiply', 'multiply', 'add', 'divide', 'multiply']; stop C0=terminal D1=terminal; exec C0=True/none D1=True/none; ans_pass C0=True D1=True",IDENTICAL_CALLS_DIFFERENT_TEXT,0,win_to_win,9c4c6a80-d210-46e3-bb30-8ab2ca8e8f3a
True,none,False,5,False,True,2.3076923076923075,terminal,"[""add"", ""inverse"", ""multiply"", ""inverse"", ""divide""]",True,none,False,5,False,True,1.5384615384615383,terminal,"[""add"", ""inverse"", ""multiply"", ""add"", ""inverse""]","DIFFERENT_LATER_TOOL; tools C0=['add', 'inverse', 'multiply', 'inverse', 'divide'] D1=['add', 'inverse', 'multiply', 'add', 'inverse']; stop C0=terminal D1=terminal; exec C0=True/none D1=True/none; ans_pass C0=False D1=False",DIFFERENT_LATER_TOOL,2,loss_to_loss,9cbda69c-2a36-4f07-87cb-e0fa23cebf60
True,none,False,4,True,True,36.92307692307692,terminal,"[""divide"", ""divide"", ""add"", ""divide""]",True,none,False,3,True,True,36.92307692307692,terminal,"[""divide"", ""divide"", ""divide""]","TOOL_COUNT_DIFFERENCE; tools C0=['divide', 'divide', 'add', 'divide'] D1=['divide', 'divide', 'divide']; stop C0=terminal D1=terminal; exec C0=True/none D1=True/none; ans_pass C0=False D1=False",TOOL_COUNT_DIFFERENCE,0,win_to_win,9d6d1fcc-912d-4543-ba01-900bc1bc60d2
True,none,True,4,True,True,0.0125,terminal,"[""multiply"", ""divide"", ""sqrt"", ""divide""]",True,none,True,3,True,True,0.0125,terminal,"[""divide"", ""sqrt"", ""divide""]","DIFFERENT_FIRST_TOOL; tools C0=['multiply', 'divide', 'sqrt', 'divide'] D1=['divide', 'sqrt', 'divide']; stop C0=terminal D1=terminal; exec C0=True/none D1=True/none; ans_pass C0=True D1=True",DIFFERENT_FIRST_TOOL,0,win_to_win,9e473074-b414-4c07-9d2b-8d2512055475
True,none,True,4,True,True,1200.0,terminal,"[""multiply"", ""multiply"", ""subtract"", ""divide""]",True,none,True,3,True,True,1200.0,terminal,"[""multiply"", ""multiply"", ""divide""]","TOOL_COUNT_DIFFERENCE; tools C0=['multiply', 'multiply', 'subtract', 'divide'] D1=['multiply', 'multiply', 'divide']; stop C0=terminal D1=terminal; exec C0=True/none D1=True/none; ans_pass C0=True D1=True",TOOL_COUNT_DIFFERENCE,0,win_to_win,9ecefde1-85a5-4e50-948e-ee9c2bbf414f
True,none,True,4,True,True,427.5,terminal,"[""multiply"", ""subtract"", ""multiply"", ""subtract""]",True,none,True,4,True,True,427.5,terminal,"[""multiply"", ""subtract"", ""multiply"", ""subtract""]","IDENTICAL_CALLS_DIFFERENT_TEXT; tools C0=['multiply', 'subtract', 'multiply', 'subtract'] D1=['multiply', 'subtract', 'multiply', 'subtract']; stop C0=terminal D1=terminal; exec C0=True/none D1=True/none; ans_pass C0=True D1=True",IDENTICAL_CALLS_DIFFERENT_TEXT,0,win_to_win,9ee13b1f-14b3-4e54-b629-7a77a03e4262
True,other,False,2,False,True,67.5,parse_fail,"[""multiply"", ""multiply""]",True,none,True,3,True,True,32.5,terminal,"[""multiply"", ""multiply"", ""subtract""]","TOOL_COUNT_DIFFERENCE; tools C0=['multiply', 'multiply'] D1=['multiply', 'multiply', 'subtract']; stop C0=parse_fail D1=terminal; exec C0=True/other D1=True/none; ans_pass C0=False D1=True",TOOL_COUNT_DIFFERENCE,0,loss_to_win,9f02bfaf-4adb-40b5-837c-aac1bc3fac30
True,none,True,3,True,True,18.0,terminal,"[""subtract"", ""multiply"", ""divide""]",True,none,True,3,True,True,18.0,terminal,"[""subtract"", ""divide"", ""multiply""]","DIFFERENT_LATER_TOOL; tools C0=['subtract', 'multiply', 'divide'] D1=['subtract', 'divide', 'multiply']; stop C0=terminal D1=terminal; exec C0=True/none D1=True/none; ans_pass C0=True D1=True",DIFFERENT_LATER_TOOL,0,win_to_win,a1d8cfc2-84b1-49dd-8ddc-6b51b110038a
True,none,True,3,True,True,1250.0,terminal,"[""divide"", ""multiply"", ""multiply""]",True,none,True,3,True,True,1250.0,terminal,"[""divide"", ""multiply"", ""multiply""]","IDENTICAL_TEXT; tools C0=['divide', 'multiply', 'multiply'] D1=['divide', 'multiply', 'multiply']; stop C0=terminal D1=terminal; exec C0=True/none D1=True/none; ans_pass C0=True D1=True",IDENTICAL_TEXT,-1,win_to_win,a2172da9-3fb2-4aca-b2d5-20a4579d2266
True,none,True,2,True,True,1000.0,terminal,"[""multiply"", ""divide""]",True,none,True,2,True,True,1000.0,terminal,"[""multiply"", ""divide""]","IDENTICAL_CALLS_DIFFERENT_TEXT; tools C0=['multiply', 'divide'] D1=['multiply', 'divide']; stop C0=terminal D1=terminal; exec C0=True/none D1=True/none; ans_pass C0=True D1=True",IDENTICAL_CALLS_DIFFERENT_TEXT,0,win_to_win,a30048e8-000d-4e5a-addc-0e6c6e5c6fb8
True,none,True,4,True,True,1000.0,max_turns,"[""divide"", ""multiply"", ""multiply"", ""subtract""]",True,none,True,4,True,True,1000.0,max_turns,"[""divide"", ""multiply"", ""multiply"", ""subtract""]","IDENTICAL_CALLS_DIFFERENT_TEXT; tools C0=['divide', 'multiply', 'multiply', 'subtract'] D1=['divide', 'multiply', 'multiply', 'subtract']; stop C0=max_turns D1=max_turns; exec C0=True/none D1=True/none; ans_pass C0=True D1=True",IDENTICAL_CALLS_DIFFERENT_TEXT,0,win_to_win,a330bb9e-a3eb-456a-87c3-63caf6822fad
True,none,True,4,True,True,7.199999999999999,terminal,"[""inverse"", ""inverse"", ""subtract"", ""inverse""]",True,none,True,4,True,True,7.199999999999999,terminal,"[""inverse"", ""inverse"", ""subtract"", ""inverse""]","IDENTICAL_TEXT; tools C0=['inverse', 'inverse', 'subtract', 'inverse'] D1=['inverse', 'inverse', 'subtract', 'inverse']; stop C0=terminal D1=terminal; exec C0=True/none D1=True/none; ans_pass C0=True D1=True",IDENTICAL_TEXT,-1,win_to_win,a44c74fd-b0bf-4f35-a8f0-b0a888135fee
True,none,False,3,False,True,4.761904761904762,terminal,"[""add"", ""divide"", ""multiply""]",True,none,False,3,False,True,4.761904761904762,terminal,"[""add"", ""divide"", ""multiply""]","IDENTICAL_CALLS_DIFFERENT_TEXT; tools C0=['add', 'divide', 'multiply'] D1=['add', 'divide', 'multiply']; stop C0=terminal D1=terminal; exec C0=True/none D1=True/none; ans_pass C0=False D1=False",IDENTICAL_CALLS_DIFFERENT_TEXT,0,loss_to_loss,a5446ce3-edec-4898-b802-cc9b4c5864b6
True,none,False,4,False,True,48.99559039686428,terminal,"[""divide"", ""log"", ""divide"", ""inverse""]",True,none,False,4,False,True,0,terminal,"[""divide"", ""log"", ""log"", ""log""]","DIFFERENT_LATER_TOOL; tools C0=['divide', 'log', 'divide', 'inverse'] D1=['divide', 'log', 'log', 'log']; stop C0=terminal D1=terminal; exec C0=True/none D1=True/none; ans_pass C0=False D1=False",DIFFERENT_LATER_TOOL,0,loss_to_loss,a5562121-119c-4737-adbe-0ce66cab3f20
True,none,True,2,True,True,-986,terminal,"[""calculate_gcd"", ""calculate_profit""]",True,none,True,2,True,True,-986,terminal,"[""calculate_gcd"", ""calculate_profit""]","IDENTICAL_CALLS_DIFFERENT_TEXT; tools C0=['calculate_gcd', 'calculate_profit'] D1=['calculate_gcd', 'calculate_profit']; stop C0=terminal D1=terminal; exec C0=True/none D1=True/none; ans_pass C0=True D1=True",IDENTICAL_CALLS_DIFFERENT_TEXT,0,win_to_win,a58be90a-b73e-4d45-a4e2-2ba9db73e912
True,other,True,2,False,True,"['[1, 2, 3, 4, 5', ', 6, 7, 8, 9]']",terminal,"[""extract_matrix_elements"", ""split_into_parts""]",True,other,True,2,False,True,"['[1, 2, 3, 4, 5', ', 6, 7, 8, 9]']",terminal,"[""extract_matrix_elements"", ""split_into_parts""]","IDENTICAL_CALLS_DIFFERENT_TEXT; tools C0=['extract_matrix_elements', 'split_into_parts'] D1=['extract_matrix_elements', 'split_into_parts']; stop C0=terminal D1=terminal; exec C0=True/other D1=True/other; ans_pass C0=True D1=True",IDENTICAL_CALLS_DIFFERENT_TEXT,0,loss_to_loss,a7d0c985-3d04-47c8-a063-8276616af274
False,executor_other,False,0,False,True,,terminal,[],True,none,False,1,False,True,0.16666666666666666,terminal,"[""divide""]",TOOL_COUNT_DIFFERENCE; tools C0=[] D1=['divide']; stop C0=terminal D1=terminal; exec C0=False/executor_other D1=True/none; ans_pass C0=False D1=False,TOOL_COUNT_DIFFERENCE,0,loss_to_loss,a7f3e2d8-d639-488d-97c5-2e51f42ad83e
True,none,True,2,True,True,150,terminal,"[""add"", ""subtract""]",True,none,True,2,True,True,150,terminal,"[""add"", ""subtract""]","IDENTICAL_TEXT; tools C0=['add', 'subtract'] D1=['add', 'subtract']; stop C0=terminal D1=terminal; exec C0=True/none D1=True/none; ans_pass C0=True D1=True",IDENTICAL_TEXT,-1,win_to_win,a845fa23-f94d-436b-b550-86cb6f3da886
True,none,True,5,True,True,900,terminal,"[""multiply"", ""multiply"", ""multiply"", ""add"", ""add""]",True,none,True,5,True,True,900,terminal,"[""multiply"", ""multiply"", ""multiply"", ""add"", ""add""]","IDENTICAL_CALLS_DIFFERENT_TEXT; tools C0=['multiply', 'multiply', 'multiply', 'add', 'add'] D1=['multiply', 'multiply', 'multiply', 'add', 'add']; stop C0=terminal D1=terminal; exec C0=True/none D1=True/none; ans_pass C0=True D1=True",IDENTICAL_CALLS_DIFFERENT_TEXT,0,win_to_win,a90adb78-71aa-4125-b7c4-6151ed659a80
True,none,True,1,True,True,2.75,terminal,"[""multiply""]",True,none,True,1,True,True,2.75,terminal,"[""multiply""]",IDENTICAL_CALLS_DIFFERENT_TEXT; tools C0=['multiply'] D1=['multiply']; stop C0=terminal D1=terminal; exec C0=True/none D1=True/none; ans_pass C0=True D1=True,IDENTICAL_CALLS_DIFFERENT_TEXT,0,win_to_win,aa1ea1ba-bf16-4e55-a707-c3a3aa6ab0d6
False,executor_other,False,0,False,True,,terminal,[],False,executor_other,False,0,False,True,,terminal,[],IDENTICAL_CALLS_DIFFERENT_TEXT; tools C0=[] D1=[]; stop C0=terminal D1=terminal; exec C0=False/executor_other D1=False/executor_other; ans_pass C0=False D1=False,IDENTICAL_CALLS_DIFFERENT_TEXT,0,loss_to_loss,aa8adc5d-1f45-46ca-9c85-3819910c0296
False,argument,False,1,False,True,,executor_error,"[""divide""]",False,argument,False,1,False,True,,executor_error,"[""divide""]",IDENTICAL_CALLS_DIFFERENT_TEXT; tools C0=['divide'] D1=['divide']; stop C0=executor_error D1=executor_error; exec C0=False/argument D1=False/argument; ans_pass C0=False D1=False,IDENTICAL_CALLS_DIFFERENT_TEXT,0,loss_to_loss,aaece8ba-0384-4d94-a479-fe00d0eb94e0
True,none,True,3,True,True,7.9992,terminal,"[""divide"", ""multiply"", ""multiply""]",True,none,True,3,True,True,7.9992,terminal,"[""divide"", ""multiply"", ""multiply""]","IDENTICAL_TEXT; tools C0=['divide', 'multiply', 'multiply'] D1=['divide', 'multiply', 'multiply']; stop C0=terminal D1=terminal; exec C0=True/none D1=True/none; ans_pass C0=True D1=True",IDENTICAL_TEXT,-1,win_to_win,abb922e2-ecb4-444d-8602-41700a00639b
True,other,False,3,False,True,101.745,parse_fail,"[""multiply"", ""multiply"", ""multiply""]",True,other,False,3,False,True,101.745,parse_fail,"[""multiply"", ""multiply"", ""multiply""]","IDENTICAL_TEXT; tools C0=['multiply', 'multiply', 'multiply'] D1=['multiply', 'multiply', 'multiply']; stop C0=parse_fail D1=parse_fail; exec C0=True/other D1=True/other; ans_pass C0=False D1=False",IDENTICAL_TEXT,-1,loss_to_loss,ac43d21d-8330-4f5d-9a90-85756af20656
True,none,False,2,False,True,66,terminal,"[""add"", ""multiply""]",True,none,False,3,False,True,66.0,terminal,"[""add"", ""multiply"", ""divide""]","TOOL_COUNT_DIFFERENCE; tools C0=['add', 'multiply'] D1=['add', 'multiply', 'divide']; stop C0=terminal D1=terminal; exec C0=True/none D1=True/none; ans_pass C0=False D1=False",TOOL_COUNT_DIFFERENCE,0,loss_to_loss,ac7f18f4-b4e7-424c-bb4e-b81a8a7e507c
True,none,False,4,False,True,0.01666666666666667,terminal,"[""divide"", ""divide"", ""subtract"", ""divide""]",True,none,False,4,False,True,0.01666666666666667,terminal,"[""divide"", ""divide"", ""subtract"", ""divide""]","IDENTICAL_TEXT; tools C0=['divide', 'divide', 'subtract', 'divide'] D1=['divide', 'divide', 'subtract', 'divide']; stop C0=terminal D1=terminal; exec C0=True/none D1=True/none; ans_pass C0=False D1=False",IDENTICAL_TEXT,-1,loss_to_loss,ac7ff9ba-5f9b-45db-ac99-a27751c32a2f
False,executor_other,False,0,False,True,,terminal,[],True,none,False,3,False,True,24,max_turns,"[""multiply"", ""subtract"", ""add""]","TOOL_COUNT_DIFFERENCE; tools C0=[] D1=['multiply', 'subtract', 'add']; stop C0=terminal D1=max_turns; exec C0=False/executor_other D1=True/none; ans_pass C0=False D1=False",TOOL_COUNT_DIFFERENCE,0,loss_to_loss,aca13c04-25c4-452c-8ce5-f9ac7668a980
False,argument,False,3,False,True,,executor_error,"[""multiply"", ""subtract"", ""divide""]",False,argument,False,3,False,True,,executor_error,"[""multiply"", ""subtract"", ""divide""]","SAME_TOOLS_DIFFERENT_ARGUMENTS; tools C0=['multiply', 'subtract', 'divide'] D1=['multiply', 'subtract', 'divide']; stop C0=executor_error D1=executor_error; exec C0=False/argument D1=False/argument; ans_pass C0=False D1=False",SAME_TOOLS_DIFFERENT_ARGUMENTS,0,loss_to_loss,acb996d1-a48e-47b8-b370-8cf14d0db3a7
True,none,False,2,False,True,900.0,terminal,"[""divide"", ""multiply""]",True,none,False,2,False,True,900.0,terminal,"[""divide"", ""multiply""]","IDENTICAL_CALLS_DIFFERENT_TEXT; tools C0=['divide', 'multiply'] D1=['divide', 'multiply']; stop C0=terminal D1=terminal; exec C0=True/none D1=True/none; ans_pass C0=False D1=False",IDENTICAL_CALLS_DIFFERENT_TEXT,1,loss_to_loss,ace2a45d-4588-4ddc-bfe9-f98c2cff0427
True,none,False,2,False,True,2.0,terminal,"[""divide"", ""multiply""]",True,none,False,2,False,True,2.0,terminal,"[""divide"", ""multiply""]","IDENTICAL_TEXT; tools C0=['divide', 'multiply'] D1=['divide', 'multiply']; stop C0=terminal D1=terminal; exec C0=True/none D1=True/none; ans_pass C0=False D1=False",IDENTICAL_TEXT,-1,loss_to_loss,ad9fe842-7db1-4922-a922-d011caecdb6f
True,other,True,2,False,True,"[0.812374370341019, False]",terminal,"[""compute_entropy"", ""calculate_ratio_and_compare""]",True,other,True,2,False,True,"[0.812374370341019, False]",terminal,"[""compute_entropy"", ""calculate_ratio_and_compare""]","IDENTICAL_CALLS_DIFFERENT_TEXT; tools C0=['compute_entropy', 'calculate_ratio_and_compare'] D1=['compute_entropy', 'calculate_ratio_and_compare']; stop C0=terminal D1=terminal; exec C0=True/other D1=True/other; ans_pass C0=True D1=True",IDENTICAL_CALLS_DIFFERENT_TEXT,0,loss_to_loss,ae2442dc-f285-4963-a108-fef08dffe49a
False,executor_other,False,0,False,True,,terminal,[],False,executor_other,False,0,False,True,,terminal,[],IDENTICAL_CALLS_DIFFERENT_TEXT; tools C0=[] D1=[]; stop C0=terminal D1=terminal; exec C0=False/executor_other D1=False/executor_other; ans_pass C0=False D1=False,IDENTICAL_CALLS_DIFFERENT_TEXT,0,loss_to_loss,ae7cc681-a44c-4143-8bf2-a2a9680acf0d
True,none,True,3,True,True,1.0101010101010102,terminal,"[""subtract"", ""divide"", ""multiply""]",True,none,True,3,True,True,1.0101010101010102,terminal,"[""subtract"", ""divide"", ""multiply""]","IDENTICAL_TEXT; tools C0=['subtract', 'divide', 'multiply'] D1=['subtract', 'divide', 'multiply']; stop C0=terminal D1=terminal; exec C0=True/none D1=True/none; ans_pass C0=True D1=True",IDENTICAL_TEXT,-1,win_to_win,aed65d8f-b112-4cd6-ab82-07ae242a8947
True,none,True,3,True,True,8.0,terminal,"[""multiply"", ""multiply"", ""subtract""]",True,none,True,3,True,True,8.0,terminal,"[""multiply"", ""multiply"", ""subtract""]","IDENTICAL_CALLS_DIFFERENT_TEXT; tools C0=['multiply', 'multiply', 'subtract'] D1=['multiply', 'multiply', 'subtract']; stop C0=terminal D1=terminal; exec C0=True/none D1=True/none; ans_pass C0=True D1=True",IDENTICAL_CALLS_DIFFERENT_TEXT,0,win_to_win,af2e5ab1-979e-48ac-af4f-d35487975b62
True,none,True,3,True,True,45.6,terminal,"[""divide"", ""multiply"", ""add""]",True,none,True,3,True,True,45.6,terminal,"[""divide"", ""multiply"", ""add""]","IDENTICAL_CALLS_DIFFERENT_TEXT; tools C0=['divide', 'multiply', 'add'] D1=['divide', 'multiply', 'add']; stop C0=terminal D1=terminal; exec C0=True/none D1=True/none; ans_pass C0=True D1=True",IDENTICAL_CALLS_DIFFERENT_TEXT,0,win_to_win,b0062a20-23f1-4af6-bdf3-6441af3aacca
True,none,True,2,True,True,"[': \n\n[Click here]()', ': \n\n[Click here]()', ': \n\n[Click here]()']",terminal,"[""dict_to_list_of_dicts"", ""generate_slack_message""]",True,none,True,2,True,True,"[': \n\n[Click here]()', ': \n\n[Click here]()', ': \n\n[Click here]()']",terminal,"[""dict_to_list_of_dicts"", ""generate_slack_message""]","IDENTICAL_TEXT; tools C0=['dict_to_list_of_dicts', 'generate_slack_message'] D1=['dict_to_list_of_dicts', 'generate_slack_message']; stop C0=terminal D1=terminal; exec C0=True/none D1=True/none; ans_pass C0=True D1=True",IDENTICAL_TEXT,-1,win_to_win,b0643ded-c098-4051-958b-db37c7b2aa00
True,none,False,1,False,True,10.0,terminal,"[""multiply""]",True,none,False,1,False,True,10.0,terminal,"[""multiply""]",IDENTICAL_TEXT; tools C0=['multiply'] D1=['multiply']; stop C0=terminal D1=terminal; exec C0=True/none D1=True/none; ans_pass C0=False D1=False,IDENTICAL_TEXT,-1,loss_to_loss,b0ec8b50-3b10-47e9-a151-fe2085d45c5d
True,none,True,3,True,True,95,terminal,"[""multiply"", ""multiply"", ""subtract""]",True,none,True,3,True,True,95,terminal,"[""multiply"", ""multiply"", ""subtract""]","IDENTICAL_CALLS_DIFFERENT_TEXT; tools C0=['multiply', 'multiply', 'subtract'] D1=['multiply', 'multiply', 'subtract']; stop C0=terminal D1=terminal; exec C0=True/none D1=True/none; ans_pass C0=True D1=True",IDENTICAL_CALLS_DIFFERENT_TEXT,0,win_to_win,b169f0ea-3a25-4627-9795-9d390379e73f
True,none,False,3,False,True,144.0,terminal,"[""multiply"", ""multiply"", ""multiply""]",True,other,False,3,False,True,144.0,parse_fail,"[""multiply"", ""multiply"", ""multiply""]","IDENTICAL_CALLS_DIFFERENT_TEXT; tools C0=['multiply', 'multiply', 'multiply'] D1=['multiply', 'multiply', 'multiply']; stop C0=terminal D1=parse_fail; exec C0=True/none D1=True/other; ans_pass C0=False D1=False",IDENTICAL_CALLS_DIFFERENT_TEXT,2,loss_to_loss,b1706900-e187-49c5-ace6-8cbfc5fbd566
True,none,True,3,True,True,15.0,terminal,"[""multiply"", ""multiply"", ""divide""]",True,none,True,3,True,True,15.0,terminal,"[""multiply"", ""multiply"", ""divide""]","REFERENCE_DIFFERENCE; tools C0=['multiply', 'multiply', 'divide'] D1=['multiply', 'multiply', 'divide']; stop C0=terminal D1=terminal; exec C0=True/none D1=True/none; ans_pass C0=True D1=True",REFERENCE_DIFFERENCE,0,win_to_win,b170ed97-4af8-4589-8a83-7509c597837c
True,none,True,2,True,True,72,terminal,"[""divide"", ""subtract""]",True,none,True,2,True,True,72,terminal,"[""divide"", ""subtract""]","IDENTICAL_CALLS_DIFFERENT_TEXT; tools C0=['divide', 'subtract'] D1=['divide', 'subtract']; stop C0=terminal D1=terminal; exec C0=True/none D1=True/none; ans_pass C0=True D1=True",IDENTICAL_CALLS_DIFFERENT_TEXT,1,win_to_win,b174255f-9249-4dc5-a214-1bfed5112330
True,none,False,1,False,True,1.35,terminal,"[""divide""]",True,none,False,1,False,True,1.35,terminal,"[""divide""]",IDENTICAL_TEXT; tools C0=['divide'] D1=['divide']; stop C0=terminal D1=terminal; exec C0=True/none D1=True/none; ans_pass C0=False D1=False,IDENTICAL_TEXT,-1,loss_to_loss,b17fe079-7816-4882-98fd-ba692caae2e3
True,none,True,2,True,True,140.0,terminal,"[""divide"", ""multiply""]",True,none,True,2,True,True,140.0,terminal,"[""divide"", ""multiply""]","IDENTICAL_TEXT; tools C0=['divide', 'multiply'] D1=['divide', 'multiply']; stop C0=terminal D1=terminal; exec C0=True/none D1=True/none; ans_pass C0=True D1=True",IDENTICAL_TEXT,-1,win_to_win,b19cf53c-de8d-45ec-a1f1-812364690f45
True,none,True,3,True,True,1800.0,terminal,"[""divide"", ""multiply"", ""multiply""]",True,none,True,3,True,True,1800,terminal,"[""divide"", ""multiply"", ""multiply""]","REFERENCE_DIFFERENCE; tools C0=['divide', 'multiply', 'multiply'] D1=['divide', 'multiply', 'multiply']; stop C0=terminal D1=terminal; exec C0=True/none D1=True/none; ans_pass C0=True D1=True",REFERENCE_DIFFERENCE,0,win_to_win,b2861b15-913e-4b89-a37e-16a3468170a6
True,none,True,3,True,True,75.0,terminal,"[""subtract"", ""divide"", ""multiply""]",True,none,True,3,True,True,75.0,terminal,"[""subtract"", ""divide"", ""multiply""]","IDENTICAL_TEXT; tools C0=['subtract', 'divide', 'multiply'] D1=['subtract', 'divide', 'multiply']; stop C0=terminal D1=terminal; exec C0=True/none D1=True/none; ans_pass C0=True D1=True",IDENTICAL_TEXT,-1,win_to_win,b33d1976-3a2d-46a9-bf8b-2c72336683eb
True,none,True,4,True,True,184.0,terminal,"[""multiply"", ""multiply"", ""subtract"", ""divide""]",True,none,False,4,False,True,134.0,terminal,"[""multiply"", ""multiply"", ""add"", ""divide""]","DIFFERENT_LATER_TOOL; tools C0=['multiply', 'multiply', 'subtract', 'divide'] D1=['multiply', 'multiply', 'add', 'divide']; stop C0=terminal D1=terminal; exec C0=True/none D1=True/none; ans_pass C0=True D1=False",DIFFERENT_LATER_TOOL,2,win_to_loss,b370d25b-a241-486b-9630-7dbd523312c2
True,none,False,3,False,True,7600.0,terminal,"[""multiply"", ""subtract"", ""multiply""]",True,none,False,3,False,True,7600.0,terminal,"[""multiply"", ""subtract"", ""multiply""]","SAME_TOOLS_DIFFERENT_ARGUMENTS; tools C0=['multiply', 'subtract', 'multiply'] D1=['multiply', 'subtract', 'multiply']; stop C0=terminal D1=terminal; exec C0=True/none D1=True/none; ans_pass C0=False D1=False",SAME_TOOLS_DIFFERENT_ARGUMENTS,0,loss_to_loss,b39c0196-4991-47b9-b5b4-18d53615fd00
False,executor_other,False,0,False,True,,parse_fail,[],False,executor_other,False,0,False,True,,parse_fail,[],IDENTICAL_TEXT; tools C0=[] D1=[]; stop C0=parse_fail D1=parse_fail; exec C0=False/executor_other D1=False/executor_other; ans_pass C0=False D1=False,IDENTICAL_TEXT,-1,loss_to_loss,b3bc6c17-de42-43cf-8c68-4c0f8b5465f2
False,argument,False,2,False,True,,executor_error,"[""add"", ""multiply""]",True,none,True,5,True,True,6.0,terminal,"[""divide"", ""multiply"", ""inverse"", ""add"", ""inverse""]","DIFFERENT_FIRST_TOOL; tools C0=['add', 'multiply'] D1=['divide', 'multiply', 'inverse', 'add', 'inverse']; stop C0=executor_error D1=terminal; exec C0=False/argument D1=True/none; ans_pass C0=False D1=True",DIFFERENT_FIRST_TOOL,0,loss_to_win,b3e268c9-2465-41d5-ba04-adfe860d791f
True,none,False,3,False,True,856,max_turns,"[""multiply"", ""multiply"", ""multiply""]",True,none,False,3,False,True,856,max_turns,"[""multiply"", ""multiply"", ""multiply""]","IDENTICAL_CALLS_DIFFERENT_TEXT; tools C0=['multiply', 'multiply', 'multiply'] D1=['multiply', 'multiply', 'multiply']; stop C0=max_turns D1=max_turns; exec C0=True/none D1=True/none; ans_pass C0=False D1=False",IDENTICAL_CALLS_DIFFERENT_TEXT,0,loss_to_loss,b3ec3724-bfb1-40be-b92e-9e28cabf8a68
True,none,False,1,False,True,11.25,terminal,"[""divide""]",True,none,False,1,False,True,11.25,terminal,"[""divide""]",IDENTICAL_TEXT; tools C0=['divide'] D1=['divide']; stop C0=terminal D1=terminal; exec C0=True/none D1=True/none; ans_pass C0=False D1=False,IDENTICAL_TEXT,-1,loss_to_loss,b4bb577d-08f8-4f80-9502-1a65c664048a
True,none,True,2,True,True,0.36,terminal,"[""power"", ""divide""]",True,none,True,2,True,True,0.36,terminal,"[""power"", ""divide""]","IDENTICAL_TEXT; tools C0=['power', 'divide'] D1=['power', 'divide']; stop C0=terminal D1=terminal; exec C0=True/none D1=True/none; ans_pass C0=True D1=True",IDENTICAL_TEXT,-1,win_to_win,b5e08c7a-e09e-4302-a09d-be4395a38a3e
True,none,False,6,False,True,0.67619,max_turns,"[""add"", ""inverse"", ""inverse"", ""inverse"", ""add"", ""add""]",True,none,False,6,False,True,0.67619,max_turns,"[""add"", ""inverse"", ""inverse"", ""inverse"", ""add"", ""add""]","IDENTICAL_TEXT; tools C0=['add', 'inverse', 'inverse', 'inverse', 'add', 'add'] D1=['add', 'inverse', 'inverse', 'inverse', 'add', 'add']; stop C0=max_turns D1=max_turns; exec C0=True/none D1=True/none; ans_pass C0=False D1=False",IDENTICAL_TEXT,-1,loss_to_loss,b6014609-5bd3-4f6a-8f09-1df7d9477c98
True,none,False,2,False,True,147.0,terminal,"[""reminder"", ""divide""]",True,none,False,2,False,True,147.0,terminal,"[""reminder"", ""divide""]","IDENTICAL_CALLS_DIFFERENT_TEXT; tools C0=['reminder', 'divide'] D1=['reminder', 'divide']; stop C0=terminal D1=terminal; exec C0=True/none D1=True/none; ans_pass C0=False D1=False",IDENTICAL_CALLS_DIFFERENT_TEXT,0,loss_to_loss,b7a49346-8333-4c96-9ed8-9dca8f299089
True,none,True,1,True,True,57.5,terminal,"[""divide""]",True,none,True,1,True,True,57.5,terminal,"[""divide""]",IDENTICAL_CALLS_DIFFERENT_TEXT; tools C0=['divide'] D1=['divide']; stop C0=terminal D1=terminal; exec C0=True/none D1=True/none; ans_pass C0=True D1=True,IDENTICAL_CALLS_DIFFERENT_TEXT,1,win_to_win,b840daf0-a3b9-4324-a06f-03c6b44595f4
False,executor_other,False,0,False,True,,terminal,[],False,executor_other,False,0,False,True,,terminal,[],IDENTICAL_CALLS_DIFFERENT_TEXT; tools C0=[] D1=[]; stop C0=terminal D1=terminal; exec C0=False/executor_other D1=False/executor_other; ans_pass C0=False D1=False,IDENTICAL_CALLS_DIFFERENT_TEXT,0,loss_to_loss,b89b5c12-ccc2-4109-bc87-24857dd99e40
True,none,True,2,True,True,00:00:15,terminal,"[""find_sum_of_numbers_in_string"", ""seconds_to_time_string""]",True,none,True,2,True,True,00:00:15,terminal,"[""find_sum_of_numbers_in_string"", ""seconds_to_time_string""]","IDENTICAL_CALLS_DIFFERENT_TEXT; tools C0=['find_sum_of_numbers_in_string', 'seconds_to_time_string'] D1=['find_sum_of_numbers_in_string', 'seconds_to_time_string']; stop C0=terminal D1=terminal; exec C0=True/none D1=True/none; ans_pass C0=True D1=True",IDENTICAL_CALLS_DIFFERENT_TEXT,0,win_to_win,b930b196-c49a-4b90-9772-7b9b22f5d83a
True,none,True,1,True,True,176.0,terminal,"[""divide""]",True,none,True,1,True,True,176.0,terminal,"[""divide""]",IDENTICAL_TEXT; tools C0=['divide'] D1=['divide']; stop C0=terminal D1=terminal; exec C0=True/none D1=True/none; ans_pass C0=True D1=True,IDENTICAL_TEXT,-1,win_to_win,bc894a80-53b4-4831-a5c6-cf982a369283
True,none,True,2,True,True,80.0,terminal,"[""divide"", ""multiply""]",True,none,True,2,True,True,80.0,terminal,"[""multiply"", ""divide""]","DIFFERENT_FIRST_TOOL; tools C0=['divide', 'multiply'] D1=['multiply', 'divide']; stop C0=terminal D1=terminal; exec C0=True/none D1=True/none; ans_pass C0=True D1=True",DIFFERENT_FIRST_TOOL,0,win_to_win,bef72027-79fd-4e32-8407-b6fab9c37847
True,none,True,4,True,True,17.0,max_turns,"[""multiply"", ""subtract"", ""add"", ""divide""]",True,none,True,4,True,True,17.0,max_turns,"[""multiply"", ""subtract"", ""add"", ""divide""]","IDENTICAL_CALLS_DIFFERENT_TEXT; tools C0=['multiply', 'subtract', 'add', 'divide'] D1=['multiply', 'subtract', 'add', 'divide']; stop C0=max_turns D1=max_turns; exec C0=True/none D1=True/none; ans_pass C0=True D1=True",IDENTICAL_CALLS_DIFFERENT_TEXT,1,win_to_win,bf63e869-1ed2-4bd3-9f1a-bfd48e7084db
True,none,False,2,False,True,15.0,terminal,"[""divide"", ""subtract""]",True,none,False,2,False,True,15.0,terminal,"[""divide"", ""subtract""]","IDENTICAL_CALLS_DIFFERENT_TEXT; tools C0=['divide', 'subtract'] D1=['divide', 'subtract']; stop C0=terminal D1=terminal; exec C0=True/none D1=True/none; ans_pass C0=False D1=False",IDENTICAL_CALLS_DIFFERENT_TEXT,2,loss_to_loss,bff28333-e7e5-483f-ae1b-2ad95bedc37d
True,none,False,6,False,True,13.0,max_turns,"[""divide"", ""divide"", ""divide"", ""add"", ""divide"", ""divide""]",True,none,False,6,False,True,13.0,max_turns,"[""divide"", ""divide"", ""divide"", ""add"", ""divide"", ""divide""]","IDENTICAL_TEXT; tools C0=['divide', 'divide', 'divide', 'add', 'divide', 'divide'] D1=['divide', 'divide', 'divide', 'add', 'divide', 'divide']; stop C0=max_turns D1=max_turns; exec C0=True/none D1=True/none; ans_pass C0=False D1=False",IDENTICAL_TEXT,-1,loss_to_loss,c034b3cd-f436-40e6-9aea-87b2e1f363f3
True,none,True,1,True,True,2068,terminal,"[""add""]",True,none,True,2,True,True,2068,terminal,"[""add"", ""add""]","TOOL_COUNT_DIFFERENCE; tools C0=['add'] D1=['add', 'add']; stop C0=terminal D1=terminal; exec C0=True/none D1=True/none; ans_pass C0=True D1=True",TOOL_COUNT_DIFFERENCE,0,win_to_win,c0aa6d66-e540-49d5-b7ef-89d6e5fd57df
True,none,False,6,False,True,225.0,max_turns,"[""multiply"", ""multiply"", ""add"", ""multiply"", ""subtract"", ""divide""]",True,none,False,6,False,True,225.0,max_turns,"[""multiply"", ""multiply"", ""add"", ""multiply"", ""subtract"", ""divide""]","IDENTICAL_CALLS_DIFFERENT_TEXT; tools C0=['multiply', 'multiply', 'add', 'multiply', 'subtract', 'divide'] D1=['multiply', 'multiply', 'add', 'multiply', 'subtract', 'divide']; stop C0=max_turns D1=max_turns; exec C0=True/none D1=True/none; ans_pass C0=False D1=False",IDENTICAL_CALLS_DIFFERENT_TEXT,5,loss_to_loss,c0d6a53d-874b-48fd-b352-d21a35f2ab58
True,none,True,2,True,True,35.0,terminal,"[""subtract"", ""divide""]",True,none,True,2,True,True,35.0,terminal,"[""subtract"", ""divide""]","IDENTICAL_TEXT; tools C0=['subtract', 'divide'] D1=['subtract', 'divide']; stop C0=terminal D1=terminal; exec C0=True/none D1=True/none; ans_pass C0=True D1=True",IDENTICAL_TEXT,-1,win_to_win,c2145e21-7a24-4dbb-a9b1-c8948147f0d9
True,none,True,4,True,True,115.0,terminal,"[""divide"", ""multiply"", ""subtract"", ""multiply""]",False,argument,False,2,False,True,,executor_error,"[""divide"", ""multiply""]","TOOL_COUNT_DIFFERENCE; tools C0=['divide', 'multiply', 'subtract', 'multiply'] D1=['divide', 'multiply']; stop C0=terminal D1=executor_error; exec C0=True/none D1=False/argument; ans_pass C0=True D1=False",TOOL_COUNT_DIFFERENCE,1,win_to_loss,c28f3807-67fa-4513-8fdc-7802409d49d9
True,none,False,5,False,True,-96.0,terminal,"[""multiply"", ""divide"", ""subtract"", ""divide"", ""multiply""]",True,none,False,5,False,True,-96.0,terminal,"[""multiply"", ""divide"", ""subtract"", ""divide"", ""multiply""]","IDENTICAL_CALLS_DIFFERENT_TEXT; tools C0=['multiply', 'divide', 'subtract', 'divide', 'multiply'] D1=['multiply', 'divide', 'subtract', 'divide', 'multiply']; stop C0=terminal D1=terminal; exec C0=True/none D1=True/none; ans_pass C0=False D1=False",IDENTICAL_CALLS_DIFFERENT_TEXT,0,loss_to_loss,c35dfbfd-76ae-45d3-a7b2-7a46c10936df
True,none,True,2,True,True,8.0,terminal,"[""subtract"", ""divide""]",True,none,True,2,True,True,8.0,terminal,"[""subtract"", ""divide""]","IDENTICAL_CALLS_DIFFERENT_TEXT; tools C0=['subtract', 'divide'] D1=['subtract', 'divide']; stop C0=terminal D1=terminal; exec C0=True/none D1=True/none; ans_pass C0=True D1=True",IDENTICAL_CALLS_DIFFERENT_TEXT,0,win_to_win,c38329a3-eaab-4596-9096-47e80ad97843
True,none,False,3,True,True,16.032000000000096,terminal,"[""multiply"", ""multiply"", ""subtract""]",True,none,False,3,True,True,16.003199999999993,terminal,"[""multiply"", ""multiply"", ""subtract""]","REFERENCE_DIFFERENCE; tools C0=['multiply', 'multiply', 'subtract'] D1=['multiply', 'multiply', 'subtract']; stop C0=terminal D1=terminal; exec C0=True/none D1=True/none; ans_pass C0=False D1=False",REFERENCE_DIFFERENCE,0,win_to_win,c3a4c2c9-0453-4b32-a1b1-440de236f8ce
True,none,False,1,False,True,23.333333333333332,terminal,"[""divide""]",True,none,False,1,False,True,23.333333333333332,terminal,"[""divide""]",IDENTICAL_TEXT; tools C0=['divide'] D1=['divide']; stop C0=terminal D1=terminal; exec C0=True/none D1=True/none; ans_pass C0=False D1=False,IDENTICAL_TEXT,-1,loss_to_loss,c48c671c-3759-4d22-9625-a53f947af6a4
False,executor_other,True,2,False,True,,terminal,"[""square_root_approx"", ""convert_to_int_or_none""]",False,executor_other,True,2,False,True,,terminal,"[""square_root_approx"", ""convert_to_int_or_none""]","IDENTICAL_CALLS_DIFFERENT_TEXT; tools C0=['square_root_approx', 'convert_to_int_or_none'] D1=['square_root_approx', 'convert_to_int_or_none']; stop C0=terminal D1=terminal; exec C0=False/executor_other D1=False/executor_other; ans_pass C0=True D1=True",IDENTICAL_CALLS_DIFFERENT_TEXT,0,loss_to_loss,c4cd0862-234b-459c-805c-14099acf49d8
False,executor_other,False,2,False,True,,executor_error,"[""arithmetic_list"", ""reverse_str""]",False,executor_other,False,2,False,True,,executor_error,"[""arithmetic_list"", ""reverse_str""]","IDENTICAL_TEXT; tools C0=['arithmetic_list', 'reverse_str'] D1=['arithmetic_list', 'reverse_str']; stop C0=executor_error D1=executor_error; exec C0=False/executor_other D1=False/executor_other; ans_pass C0=False D1=False",IDENTICAL_TEXT,-1,loss_to_loss,c549eed3-2aa2-4baf-ace6-9a250dbf4924
True,none,True,3,True,True,2.0,terminal,"[""multiply"", ""multiply"", ""divide""]",True,none,True,3,True,True,2.0,terminal,"[""multiply"", ""multiply"", ""divide""]","IDENTICAL_TEXT; tools C0=['multiply', 'multiply', 'divide'] D1=['multiply', 'multiply', 'divide']; stop C0=terminal D1=terminal; exec C0=True/none D1=True/none; ans_pass C0=True D1=True",IDENTICAL_TEXT,-1,win_to_win,c5f39bd0-95b9-4db8-b487-739ff47c120c
False,executor_other,False,0,False,True,,terminal,[],False,executor_other,False,0,False,True,,terminal,[],IDENTICAL_CALLS_DIFFERENT_TEXT; tools C0=[] D1=[]; stop C0=terminal D1=terminal; exec C0=False/executor_other D1=False/executor_other; ans_pass C0=False D1=False,IDENTICAL_CALLS_DIFFERENT_TEXT,0,loss_to_loss,c5fbeefb-86ff-46b9-adb3-c8f4cd4adba1
True,none,True,3,True,True,0.5,terminal,"[""divide"", ""divide"", ""subtract""]",True,none,True,3,True,True,0.5,terminal,"[""divide"", ""divide"", ""subtract""]","IDENTICAL_TEXT; tools C0=['divide', 'divide', 'subtract'] D1=['divide', 'divide', 'subtract']; stop C0=terminal D1=terminal; exec C0=True/none D1=True/none; ans_pass C0=True D1=True",IDENTICAL_TEXT,-1,win_to_win,c74a3ed2-40ab-4106-a64f-a221e039b517
True,none,True,2,True,True,432,terminal,"[""add"", ""subtract""]",True,none,True,2,True,True,432,terminal,"[""add"", ""subtract""]","IDENTICAL_CALLS_DIFFERENT_TEXT; tools C0=['add', 'subtract'] D1=['add', 'subtract']; stop C0=terminal D1=terminal; exec C0=True/none D1=True/none; ans_pass C0=True D1=True",IDENTICAL_CALLS_DIFFERENT_TEXT,0,win_to_win,c74f7663-6aa1-4f96-8333-8a2a2129a547
True,none,True,3,True,True,71,terminal,"[""multiply"", ""add"", ""subtract""]",True,none,True,3,True,True,71,terminal,"[""multiply"", ""add"", ""subtract""]","IDENTICAL_CALLS_DIFFERENT_TEXT; tools C0=['multiply', 'add', 'subtract'] D1=['multiply', 'add', 'subtract']; stop C0=terminal D1=terminal; exec C0=True/none D1=True/none; ans_pass C0=True D1=True",IDENTICAL_CALLS_DIFFERENT_TEXT,0,win_to_win,c7b272cc-11fe-4633-a9e2-de51f80b8451
True,none,True,1,True,True,625,terminal,"[""multiply""]",True,none,True,1,True,True,625,terminal,"[""multiply""]",IDENTICAL_CALLS_DIFFERENT_TEXT; tools C0=['multiply'] D1=['multiply']; stop C0=terminal D1=terminal; exec C0=True/none D1=True/none; ans_pass C0=True D1=True,IDENTICAL_CALLS_DIFFERENT_TEXT,0,win_to_win,c8266f26-e536-4db5-b0d6-382bfd0a91d3
True,none,True,2,True,True,10.0,terminal,"[""divide"", ""divide""]",True,none,True,2,True,True,10.0,terminal,"[""divide"", ""divide""]","IDENTICAL_CALLS_DIFFERENT_TEXT; tools C0=['divide', 'divide'] D1=['divide', 'divide']; stop C0=terminal D1=terminal; exec C0=True/none D1=True/none; ans_pass C0=True D1=True",IDENTICAL_CALLS_DIFFERENT_TEXT,0,win_to_win,c870a3f6-2c45-4bec-a40b-f74ecd268bec
True,none,True,1,True,True,900.0,terminal,"[""divide""]",True,none,True,1,True,True,900.0,terminal,"[""divide""]",IDENTICAL_TEXT; tools C0=['divide'] D1=['divide']; stop C0=terminal D1=terminal; exec C0=True/none D1=True/none; ans_pass C0=True D1=True,IDENTICAL_TEXT,-1,win_to_win,c8832b6f-c67b-4a49-8e7e-bfe4d6e8a8d8
False,executor_other,True,2,False,True,,terminal,"[""calculate_average_speed"", ""lookup_symmetric_table""]",False,executor_other,True,2,False,True,,terminal,"[""calculate_average_speed"", ""lookup_symmetric_table""]","IDENTICAL_TEXT; tools C0=['calculate_average_speed', 'lookup_symmetric_table'] D1=['calculate_average_speed', 'lookup_symmetric_table']; stop C0=terminal D1=terminal; exec C0=False/executor_other D1=False/executor_other; ans_pass C0=True D1=True",IDENTICAL_TEXT,-1,loss_to_loss,c89ea41f-51cc-44d0-a095-087c2d39285d
True,none,True,1,True,True,120.00000000000001,terminal,"[""divide""]",True,none,True,1,True,True,120.00000000000001,terminal,"[""divide""]",IDENTICAL_CALLS_DIFFERENT_TEXT; tools C0=['divide'] D1=['divide']; stop C0=terminal D1=terminal; exec C0=True/none D1=True/none; ans_pass C0=True D1=True,IDENTICAL_CALLS_DIFFERENT_TEXT,1,win_to_win,c8ae8811-ce45-4165-afd2-65f9720e5c03
True,none,True,2,True,True,5.0,terminal,"[""divide"", ""multiply""]",True,none,True,2,True,True,5.0,terminal,"[""divide"", ""multiply""]","IDENTICAL_TEXT; tools C0=['divide', 'multiply'] D1=['divide', 'multiply']; stop C0=terminal D1=terminal; exec C0=True/none D1=True/none; ans_pass C0=True D1=True",IDENTICAL_TEXT,-1,win_to_win,c8d82893-19ba-40ae-bb44-fe06ff67cdcc
True,none,False,2,False,True,561.0,terminal,"[""multiply"", ""divide""]",True,none,False,2,False,True,561.0,terminal,"[""multiply"", ""divide""]","IDENTICAL_TEXT; tools C0=['multiply', 'divide'] D1=['multiply', 'divide']; stop C0=terminal D1=terminal; exec C0=True/none D1=True/none; ans_pass C0=False D1=False",IDENTICAL_TEXT,-1,loss_to_loss,c8fe1b79-5601-4660-a8ea-16c6fff9c744
True,none,True,5,True,True,80.0,max_turns,"[""divide"", ""divide"", ""subtract"", ""divide"", ""multiply""]",True,none,True,5,True,True,80.0,max_turns,"[""divide"", ""divide"", ""subtract"", ""divide"", ""multiply""]","IDENTICAL_TEXT; tools C0=['divide', 'divide', 'subtract', 'divide', 'multiply'] D1=['divide', 'divide', 'subtract', 'divide', 'multiply']; stop C0=max_turns D1=max_turns; exec C0=True/none D1=True/none; ans_pass C0=True D1=True",IDENTICAL_TEXT,-1,win_to_win,c922d80c-b8ba-4680-9cbe-dc73c0f6eab3
True,none,False,3,False,True,0.5499999999999999,terminal,"[""multiply"", ""multiply"", ""add""]",True,none,False,3,False,True,0.5499999999999999,terminal,"[""multiply"", ""multiply"", ""add""]","IDENTICAL_TEXT; tools C0=['multiply', 'multiply', 'add'] D1=['multiply', 'multiply', 'add']; stop C0=terminal D1=terminal; exec C0=True/none D1=True/none; ans_pass C0=False D1=False",IDENTICAL_TEXT,-1,loss_to_loss,c9bd9463-a78f-4d8f-83e9-7e5d14f6994b
True,none,True,3,True,True,420,terminal,"[""multiply"", ""divide"", ""multiply""]",True,none,True,3,True,True,420,terminal,"[""multiply"", ""divide"", ""multiply""]","SAME_TOOLS_DIFFERENT_ARGUMENTS; tools C0=['multiply', 'divide', 'multiply'] D1=['multiply', 'divide', 'multiply']; stop C0=terminal D1=terminal; exec C0=True/none D1=True/none; ans_pass C0=True D1=True",SAME_TOOLS_DIFFERENT_ARGUMENTS,0,win_to_win,ca30039f-334d-4462-8912-ff7996912bb9
True,none,True,2,True,True,True,terminal,"[""hexa2dec"", ""is_even_and_more_than_zero""]",True,none,True,2,True,True,True,terminal,"[""hexa2dec"", ""is_even_and_more_than_zero""]","IDENTICAL_TEXT; tools C0=['hexa2dec', 'is_even_and_more_than_zero'] D1=['hexa2dec', 'is_even_and_more_than_zero']; stop C0=terminal D1=terminal; exec C0=True/none D1=True/none; ans_pass C0=True D1=True",IDENTICAL_TEXT,-1,win_to_win,ca85531d-bc1d-40e8-8769-438c3e886fe2
True,none,False,5,False,True,7.756232686980609,terminal,"[""multiply"", ""add"", ""add"", ""divide"", ""multiply""]",True,none,False,5,False,True,7.756232686980609,terminal,"[""multiply"", ""add"", ""add"", ""divide"", ""multiply""]","IDENTICAL_CALLS_DIFFERENT_TEXT; tools C0=['multiply', 'add', 'add', 'divide', 'multiply'] D1=['multiply', 'add', 'add', 'divide', 'multiply']; stop C0=terminal D1=terminal; exec C0=True/none D1=True/none; ans_pass C0=False D1=False",IDENTICAL_CALLS_DIFFERENT_TEXT,1,loss_to_loss,cb292a5a-b3fa-4310-b4f8-7532f24792a6
False,executor_other,True,2,False,True,,terminal,"[""multiples_of_n"", ""percentiles""]",False,executor_other,True,2,False,True,,terminal,"[""multiples_of_n"", ""percentiles""]","IDENTICAL_CALLS_DIFFERENT_TEXT; tools C0=['multiples_of_n', 'percentiles'] D1=['multiples_of_n', 'percentiles']; stop C0=terminal D1=terminal; exec C0=False/executor_other D1=False/executor_other; ans_pass C0=True D1=True",IDENTICAL_CALLS_DIFFERENT_TEXT,0,loss_to_loss,cb993fec-f656-4b15-904b-084c311bd7e2
True,none,True,2,True,True,77,terminal,"[""add"", ""add""]",True,none,True,2,True,True,77,terminal,"[""add"", ""add""]","IDENTICAL_TEXT; tools C0=['add', 'add'] D1=['add', 'add']; stop C0=terminal D1=terminal; exec C0=True/none D1=True/none; ans_pass C0=True D1=True",IDENTICAL_TEXT,-1,win_to_win,cbc30b4f-03b3-47ff-a914-e801e5717d55
True,none,True,4,True,True,7.0,terminal,"[""divide"", ""divide"", ""add"", ""divide""]",True,none,True,4,True,True,7.0,terminal,"[""divide"", ""divide"", ""add"", ""divide""]","IDENTICAL_TEXT; tools C0=['divide', 'divide', 'add', 'divide'] D1=['divide', 'divide', 'add', 'divide']; stop C0=terminal D1=terminal; exec C0=True/none D1=True/none; ans_pass C0=True D1=True",IDENTICAL_TEXT,-1,win_to_win,cc2a8330-c94f-4949-a2d7-f4bc71c1138c
False,executor_other,False,0,False,True,,parse_fail,[],False,executor_other,False,0,False,True,,parse_fail,[],IDENTICAL_CALLS_DIFFERENT_TEXT; tools C0=[] D1=[]; stop C0=parse_fail D1=parse_fail; exec C0=False/executor_other D1=False/executor_other; ans_pass C0=False D1=False,IDENTICAL_CALLS_DIFFERENT_TEXT,0,loss_to_loss,ccb458fa-d81d-49cc-a872-78e6f78891d2
True,none,True,4,True,True,576,terminal,"[""multiply"", ""multiply"", ""multiply"", ""subtract""]",True,none,True,4,True,True,576,terminal,"[""multiply"", ""multiply"", ""multiply"", ""subtract""]","IDENTICAL_CALLS_DIFFERENT_TEXT; tools C0=['multiply', 'multiply', 'multiply', 'subtract'] D1=['multiply', 'multiply', 'multiply', 'subtract']; stop C0=terminal D1=terminal; exec C0=True/none D1=True/none; ans_pass C0=True D1=True",IDENTICAL_CALLS_DIFFERENT_TEXT,0,win_to_win,ccf24406-7e65-4813-b8a4-64bd142b13e7
True,none,False,2,True,True,47.36842105263158,terminal,"[""divide"", ""multiply""]",True,none,False,2,True,True,47.36842105263158,terminal,"[""divide"", ""multiply""]","IDENTICAL_CALLS_DIFFERENT_TEXT; tools C0=['divide', 'multiply'] D1=['divide', 'multiply']; stop C0=terminal D1=terminal; exec C0=True/none D1=True/none; ans_pass C0=False D1=False",IDENTICAL_CALLS_DIFFERENT_TEXT,2,win_to_win,cd2c11f9-7d61-4b5b-8292-304878bc8f34
True,none,False,2,False,True,435.0,terminal,"[""multiply"", ""divide""]",True,none,False,2,False,True,435.0,terminal,"[""multiply"", ""divide""]","IDENTICAL_CALLS_DIFFERENT_TEXT; tools C0=['multiply', 'divide'] D1=['multiply', 'divide']; stop C0=terminal D1=terminal; exec C0=True/none D1=True/none; ans_pass C0=False D1=False",IDENTICAL_CALLS_DIFFERENT_TEXT,0,loss_to_loss,cd504733-bb25-4995-9fcc-2c786689fd98
True,none,False,7,True,True,24.001745581496838,terminal,"[""divide"", ""divide"", ""multiply"", ""multiply"", ""divide"", ""subtract"", ""inverse""]",True,none,True,7,True,True,23.999808001535985,terminal,"[""divide"", ""divide"", ""multiply"", ""multiply"", ""divide"", ""subtract"", ""inverse""]","REFERENCE_DIFFERENCE; tools C0=['divide', 'divide', 'multiply', 'multiply', 'divide', 'subtract', 'inverse'] D1=['divide', 'divide', 'multiply', 'multiply', 'divide', 'subtract', 'inverse']; stop C0=terminal D1=terminal; exec C0=True/none D1=True/none; ans_pass C0=False D1=True",REFERENCE_DIFFERENCE,0,win_to_win,cd6b81c1-5157-4920-93ec-3ed00b01621b
True,none,True,5,True,True,552.0,terminal,"[""multiply"", ""multiply"", ""add"", ""divide"", ""multiply""]",True,none,True,5,True,True,552.0,terminal,"[""multiply"", ""multiply"", ""add"", ""divide"", ""multiply""]","IDENTICAL_CALLS_DIFFERENT_TEXT; tools C0=['multiply', 'multiply', 'add', 'divide', 'multiply'] D1=['multiply', 'multiply', 'add', 'divide', 'multiply']; stop C0=terminal D1=terminal; exec C0=True/none D1=True/none; ans_pass C0=True D1=True",IDENTICAL_CALLS_DIFFERENT_TEXT,0,win_to_win,cdadfe2d-be7f-4395-8d5c-765e99d0815d
True,none,False,11,True,True,21.4468085106383,terminal,"[""add"", ""inverse"", ""inverse"", ""inverse"", ""add"", ""divide"", ""subtract"", ""add"", ""subtract"", ""divide"", ""inverse""]",True,none,False,9,True,True,21.4468085106383,terminal,"[""add"", ""inverse"", ""inverse"", ""inverse"", ""add"", ""add"", ""multiply"", ""subtract"", ""inverse""]","TOOL_COUNT_DIFFERENCE; tools C0=['add', 'inverse', 'inverse', 'inverse', 'add', 'divide', 'subtract', 'add', 'subtract', 'divide', 'inverse'] D1=['add', 'inverse', 'inverse', 'inverse', 'add', 'add', 'multiply', 'subtract', 'inverse']; stop C0=terminal D1=terminal; exec C0=True/none D1=True/none; ans_pass C0=False D1=False",TOOL_COUNT_DIFFERENCE,0,win_to_win,cdfc6ae1-e182-443e-b66e-1162b3d38a03
True,none,True,1,True,True,24,terminal,"[""sqrt""]",True,none,True,1,True,True,24,terminal,"[""sqrt""]",IDENTICAL_TEXT; tools C0=['sqrt'] D1=['sqrt']; stop C0=terminal D1=terminal; exec C0=True/none D1=True/none; ans_pass C0=True D1=True,IDENTICAL_TEXT,-1,win_to_win,ced97929-b113-413a-a5be-c01d4b59c073
True,none,True,1,True,True,500.0,terminal,"[""divide""]",True,none,True,1,True,True,500.0,terminal,"[""divide""]",IDENTICAL_TEXT; tools C0=['divide'] D1=['divide']; stop C0=terminal D1=terminal; exec C0=True/none D1=True/none; ans_pass C0=True D1=True,IDENTICAL_TEXT,-1,win_to_win,cffae660-6fc6-4c48-8bfc-51be4385eb41
True,none,True,2,True,True,60000.0,terminal,"[""multiply"", ""divide""]",True,none,True,2,True,True,60000.0,terminal,"[""multiply"", ""divide""]","IDENTICAL_CALLS_DIFFERENT_TEXT; tools C0=['multiply', 'divide'] D1=['multiply', 'divide']; stop C0=terminal D1=terminal; exec C0=True/none D1=True/none; ans_pass C0=True D1=True",IDENTICAL_CALLS_DIFFERENT_TEXT,1,win_to_win,d010385a-4346-45ae-baaf-5eb5ff4a0071
True,none,True,3,True,True,84.0,terminal,"[""divide"", ""multiply"", ""multiply""]",True,none,True,3,True,True,84.0,terminal,"[""divide"", ""multiply"", ""multiply""]","IDENTICAL_TEXT; tools C0=['divide', 'multiply', 'multiply'] D1=['divide', 'multiply', 'multiply']; stop C0=terminal D1=terminal; exec C0=True/none D1=True/none; ans_pass C0=True D1=True",IDENTICAL_TEXT,-1,win_to_win,d0b81e07-1120-4d16-bb30-210922380178
True,none,True,2,True,True,20.0,terminal,"[""divide"", ""multiply""]",True,none,True,2,True,True,20.0,terminal,"[""divide"", ""multiply""]","IDENTICAL_CALLS_DIFFERENT_TEXT; tools C0=['divide', 'multiply'] D1=['divide', 'multiply']; stop C0=terminal D1=terminal; exec C0=True/none D1=True/none; ans_pass C0=True D1=True",IDENTICAL_CALLS_DIFFERENT_TEXT,0,win_to_win,d0e4ce58-0809-48bf-bc0f-af4904c1b6f7
True,none,True,5,True,True,220010,terminal,"[""add"", ""subtract"", ""multiply"", ""multiply"", ""add""]",True,none,True,5,True,True,220010,terminal,"[""add"", ""subtract"", ""multiply"", ""multiply"", ""add""]","IDENTICAL_TEXT; tools C0=['add', 'subtract', 'multiply', 'multiply', 'add'] D1=['add', 'subtract', 'multiply', 'multiply', 'add']; stop C0=terminal D1=terminal; exec C0=True/none D1=True/none; ans_pass C0=True D1=True",IDENTICAL_TEXT,-1,win_to_win,d13b28e8-59e7-4b1d-bcf8-efd26d9e8de3
True,none,True,4,True,True,5.0,terminal,"[""divide"", ""divide"", ""multiply"", ""divide""]",True,none,True,4,True,True,5.0,terminal,"[""divide"", ""divide"", ""multiply"", ""inverse""]","DIFFERENT_LATER_TOOL; tools C0=['divide', 'divide', 'multiply', 'divide'] D1=['divide', 'divide', 'multiply', 'inverse']; stop C0=terminal D1=terminal; exec C0=True/none D1=True/none; ans_pass C0=True D1=True",DIFFERENT_LATER_TOOL,0,win_to_win,d15de72b-e688-459e-bf1d-fc9c79c5aab0
True,none,False,4,False,True,139.0,terminal,"[""multiply"", ""multiply"", ""add"", ""divide""]",False,argument,False,4,False,True,,executor_error,"[""multiply"", ""multiply"", ""add"", ""divide""]","REFERENCE_DIFFERENCE; tools C0=['multiply', 'multiply', 'add', 'divide'] D1=['multiply', 'multiply', 'add', 'divide']; stop C0=terminal D1=executor_error; exec C0=True/none D1=False/argument; ans_pass C0=False D1=False",REFERENCE_DIFFERENCE,0,loss_to_loss,d1c052b8-7b8f-4276-b609-102af3933429
True,none,True,3,True,True,18,terminal,"[""square_area"", ""sqrt"", ""multiply""]",True,none,True,3,True,True,18,terminal,"[""square_area"", ""sqrt"", ""multiply""]","IDENTICAL_CALLS_DIFFERENT_TEXT; tools C0=['square_area', 'sqrt', 'multiply'] D1=['square_area', 'sqrt', 'multiply']; stop C0=terminal D1=terminal; exec C0=True/none D1=True/none; ans_pass C0=True D1=True",IDENTICAL_CALLS_DIFFERENT_TEXT,1,win_to_win,d1f08f46-390b-49ea-9534-ee1639221aec
True,none,False,2,False,True,25,terminal,"[""multiply"", ""multiply""]",True,none,False,2,False,True,25,terminal,"[""multiply"", ""multiply""]","IDENTICAL_CALLS_DIFFERENT_TEXT; tools C0=['multiply', 'multiply'] D1=['multiply', 'multiply']; stop C0=terminal D1=terminal; exec C0=True/none D1=True/none; ans_pass C0=False D1=False",IDENTICAL_CALLS_DIFFERENT_TEXT,0,loss_to_loss,d20d683a-d14b-4108-8b0b-20d2dde2ad44
True,none,True,3,True,True,275.0,terminal,"[""multiply"", ""divide"", ""multiply""]",False,executor_other,False,0,False,True,,parse_fail,[],"TOOL_COUNT_DIFFERENCE; tools C0=['multiply', 'divide', 'multiply'] D1=[]; stop C0=terminal D1=parse_fail; exec C0=True/none D1=False/executor_other; ans_pass C0=True D1=False",TOOL_COUNT_DIFFERENCE,0,win_to_loss,d27d13fd-1d87-4878-bb12-c9910d53a134
True,none,True,4,True,True,64.0,terminal,"[""divide"", ""multiply"", ""divide"", ""add""]",True,none,True,4,True,True,64.0,terminal,"[""divide"", ""multiply"", ""divide"", ""add""]","IDENTICAL_TEXT; tools C0=['divide', 'multiply', 'divide', 'add'] D1=['divide', 'multiply', 'divide', 'add']; stop C0=terminal D1=terminal; exec C0=True/none D1=True/none; ans_pass C0=True D1=True",IDENTICAL_TEXT,-1,win_to_win,d2f60c36-a1dd-449c-820f-7ef26e8db0ce
True,none,False,3,False,True,0.2,terminal,"[""multiply"", ""multiply"", ""add""]",True,none,False,3,False,True,0.2,terminal,"[""multiply"", ""multiply"", ""add""]","IDENTICAL_CALLS_DIFFERENT_TEXT; tools C0=['multiply', 'multiply', 'add'] D1=['multiply', 'multiply', 'add']; stop C0=terminal D1=terminal; exec C0=True/none D1=True/none; ans_pass C0=False D1=False",IDENTICAL_CALLS_DIFFERENT_TEXT,0,loss_to_loss,d35cd697-07ba-43bb-9035-05f045395df0
True,none,False,2,False,True,1.07,terminal,"[""subtract"", ""divide""]",True,none,False,1,False,True,0.07,terminal,"[""divide""]","DIFFERENT_FIRST_TOOL; tools C0=['subtract', 'divide'] D1=['divide']; stop C0=terminal D1=terminal; exec C0=True/none D1=True/none; ans_pass C0=False D1=False",DIFFERENT_FIRST_TOOL,0,loss_to_loss,d36a7acb-7a01-4eb1-9d6c-1d7436854b25
True,none,False,1,False,True,162.5,terminal,"[""multiply""]",True,none,False,1,False,True,162.5,terminal,"[""multiply""]",IDENTICAL_CALLS_DIFFERENT_TEXT; tools C0=['multiply'] D1=['multiply']; stop C0=terminal D1=terminal; exec C0=True/none D1=True/none; ans_pass C0=False D1=False,IDENTICAL_CALLS_DIFFERENT_TEXT,0,loss_to_loss,d3b2541d-f260-4cf7-bdb7-5d75178f80f3
True,none,True,1,True,True,600.0,terminal,"[""divide""]",True,none,True,1,True,True,600.0,terminal,"[""divide""]",IDENTICAL_CALLS_DIFFERENT_TEXT; tools C0=['divide'] D1=['divide']; stop C0=terminal D1=terminal; exec C0=True/none D1=True/none; ans_pass C0=True D1=True,IDENTICAL_CALLS_DIFFERENT_TEXT,0,win_to_win,d3b4384c-4b01-461a-a1a4-2aa313207f18
True,none,True,1,True,True,2000.0,terminal,"[""multiply""]",True,none,True,1,True,True,2000.0,terminal,"[""multiply""]",IDENTICAL_TEXT; tools C0=['multiply'] D1=['multiply']; stop C0=terminal D1=terminal; exec C0=True/none D1=True/none; ans_pass C0=True D1=True,IDENTICAL_TEXT,-1,win_to_win,d4c761eb-50a5-40eb-802f-c27c23600ecb
True,none,False,3,False,True,4,max_turns,"[""add"", ""add"", ""subtract""]",True,none,True,3,True,True,96,max_turns,"[""add"", ""add"", ""multiply""]","DIFFERENT_LATER_TOOL; tools C0=['add', 'add', 'subtract'] D1=['add', 'add', 'multiply']; stop C0=max_turns D1=max_turns; exec C0=True/none D1=True/none; ans_pass C0=False D1=True",DIFFERENT_LATER_TOOL,0,loss_to_win,d5aec711-273b-4a98-9789-02d7ac1a45be
True,none,True,1,True,True,70,terminal,"[""subtract""]",True,none,True,1,True,True,70,terminal,"[""subtract""]",IDENTICAL_TEXT; tools C0=['subtract'] D1=['subtract']; stop C0=terminal D1=terminal; exec C0=True/none D1=True/none; ans_pass C0=True D1=True,IDENTICAL_TEXT,-1,win_to_win,d6c9c7eb-7a64-4007-a9c6-b475be17b9a4
True,none,True,5,True,True,-4,terminal,"[""power"", ""power"", ""power"", ""power"", ""negate""]",True,none,True,5,True,True,-4,terminal,"[""power"", ""power"", ""power"", ""power"", ""negate""]","IDENTICAL_CALLS_DIFFERENT_TEXT; tools C0=['power', 'power', 'power', 'power', 'negate'] D1=['power', 'power', 'power', 'power', 'negate']; stop C0=terminal D1=terminal; exec C0=True/none D1=True/none; ans_pass C0=True D1=True",IDENTICAL_CALLS_DIFFERENT_TEXT,0,win_to_win,d71ce103-fb88-4af0-a6a7-1ed85a639c57
False,executor_other,False,0,False,True,,terminal,[],False,executor_other,False,0,False,True,,terminal,[],IDENTICAL_TEXT; tools C0=[] D1=[]; stop C0=terminal D1=terminal; exec C0=False/executor_other D1=False/executor_other; ans_pass C0=False D1=False,IDENTICAL_TEXT,-1,loss_to_loss,d7626ffb-76e8-433f-8eff-2a9c81282049
True,none,True,4,True,True,5.0,terminal,"[""divide"", ""subtract"", ""subtract"", ""divide""]",True,none,True,4,True,True,5.0,terminal,"[""divide"", ""subtract"", ""subtract"", ""divide""]","SAME_TOOLS_DIFFERENT_ARGUMENTS; tools C0=['divide', 'subtract', 'subtract', 'divide'] D1=['divide', 'subtract', 'subtract', 'divide']; stop C0=terminal D1=terminal; exec C0=True/none D1=True/none; ans_pass C0=True D1=True",SAME_TOOLS_DIFFERENT_ARGUMENTS,1,win_to_win,d87c8747-a626-4e8b-90e6-825cef31fb05
True,none,True,2,True,True,4.999999999999999,terminal,"[""divide"", ""power""]",True,none,True,2,True,True,4.999999999999999,terminal,"[""divide"", ""power""]","IDENTICAL_TEXT; tools C0=['divide', 'power'] D1=['divide', 'power']; stop C0=terminal D1=terminal; exec C0=True/none D1=True/none; ans_pass C0=True D1=True",IDENTICAL_TEXT,-1,win_to_win,d883f2ac-e3ea-456c-a7ff-9abdb91a8f16
True,none,True,3,True,True,90.0,terminal,"[""multiply"", ""multiply"", ""multiply""]",True,none,True,3,True,True,90.0,terminal,"[""multiply"", ""multiply"", ""multiply""]","REFERENCE_DIFFERENCE; tools C0=['multiply', 'multiply', 'multiply'] D1=['multiply', 'multiply', 'multiply']; stop C0=terminal D1=terminal; exec C0=True/none D1=True/none; ans_pass C0=True D1=True",REFERENCE_DIFFERENCE,0,win_to_win,d8ea3b09-8263-4b35-b6eb-622ebca8cc09
True,none,True,2,True,True,"{'a': ['\t', 'b', '\t'], 'c': []}",terminal,"[""transform_to_tsv"", ""extract_nested_data""]",True,none,True,2,True,True,"{'a': ['\t', 'b', '\t'], 'c': []}",terminal,"[""transform_to_tsv"", ""extract_nested_data""]","IDENTICAL_TEXT; tools C0=['transform_to_tsv', 'extract_nested_data'] D1=['transform_to_tsv', 'extract_nested_data']; stop C0=terminal D1=terminal; exec C0=True/none D1=True/none; ans_pass C0=True D1=True",IDENTICAL_TEXT,-1,win_to_win,d9657b27-fc32-4b1b-8821-f408a3cf7940
True,none,True,2,True,True,36100.0,terminal,"[""power"", ""multiply""]",True,none,True,2,True,True,36100.0,terminal,"[""power"", ""multiply""]","IDENTICAL_CALLS_DIFFERENT_TEXT; tools C0=['power', 'multiply'] D1=['power', 'multiply']; stop C0=terminal D1=terminal; exec C0=True/none D1=True/none; ans_pass C0=True D1=True",IDENTICAL_CALLS_DIFFERENT_TEXT,0,win_to_win,db0f42d4-165c-4e31-bebd-9d6e5891c535
True,none,False,3,False,True,3.0,terminal,"[""multiply"", ""divide"", ""add""]",True,none,False,3,False,True,3.0,terminal,"[""multiply"", ""divide"", ""add""]","IDENTICAL_CALLS_DIFFERENT_TEXT; tools C0=['multiply', 'divide', 'add'] D1=['multiply', 'divide', 'add']; stop C0=terminal D1=terminal; exec C0=True/none D1=True/none; ans_pass C0=False D1=False",IDENTICAL_CALLS_DIFFERENT_TEXT,1,loss_to_loss,db25d9a4-caa5-4657-b24e-545a5be6b981
False,argument,False,2,False,True,,executor_error,"[""lcm"", ""divide""]",True,none,True,4,True,True,5.0,terminal,"[""lcm"", ""divide"", ""divide"", ""add""]","TOOL_COUNT_DIFFERENCE; tools C0=['lcm', 'divide'] D1=['lcm', 'divide', 'divide', 'add']; stop C0=executor_error D1=terminal; exec C0=False/argument D1=True/none; ans_pass C0=False D1=True",TOOL_COUNT_DIFFERENCE,0,loss_to_win,db8d72af-7a1a-4201-a376-4b827b0162df
True,none,True,4,True,True,859,terminal,"[""lcm"", ""lcm"", ""lcm"", ""subtract""]",True,none,True,4,True,True,859,terminal,"[""lcm"", ""lcm"", ""lcm"", ""subtract""]","IDENTICAL_CALLS_DIFFERENT_TEXT; tools C0=['lcm', 'lcm', 'lcm', 'subtract'] D1=['lcm', 'lcm', 'lcm', 'subtract']; stop C0=terminal D1=terminal; exec C0=True/none D1=True/none; ans_pass C0=True D1=True",IDENTICAL_CALLS_DIFFERENT_TEXT,0,win_to_win,dc009c32-925d-40ae-a4af-eea8ebf28cb2
True,none,True,2,True,True,60.0,terminal,"[""multiply"", ""divide""]",True,none,True,2,True,True,60.0,terminal,"[""multiply"", ""divide""]","IDENTICAL_CALLS_DIFFERENT_TEXT; tools C0=['multiply', 'divide'] D1=['multiply', 'divide']; stop C0=terminal D1=terminal; exec C0=True/none D1=True/none; ans_pass C0=True D1=True",IDENTICAL_CALLS_DIFFERENT_TEXT,0,win_to_win,dc5fc3b0-79a6-4aa9-8655-458ad1725bdf
True,none,False,3,False,True,6.5,max_turns,"[""add"", ""add"", ""subtract""]",True,none,False,3,False,True,37.5,max_turns,"[""add"", ""add"", ""divide""]","DIFFERENT_LATER_TOOL; tools C0=['add', 'add', 'subtract'] D1=['add', 'add', 'divide']; stop C0=max_turns D1=max_turns; exec C0=True/none D1=True/none; ans_pass C0=False D1=False",DIFFERENT_LATER_TOOL,0,loss_to_loss,dc96276f-7680-42f4-8489-cfeca78d07c4
True,none,True,2,True,True,37.8,terminal,"[""multiply"", ""add""]",True,none,True,2,True,True,37.8,terminal,"[""multiply"", ""add""]","IDENTICAL_TEXT; tools C0=['multiply', 'add'] D1=['multiply', 'add']; stop C0=terminal D1=terminal; exec C0=True/none D1=True/none; ans_pass C0=True D1=True",IDENTICAL_TEXT,-1,win_to_win,dd7a392f-d258-4192-941a-b487c575eabd
True,none,True,2,True,True,30.0,terminal,"[""multiply"", ""divide""]",True,none,True,2,True,True,30.0,terminal,"[""multiply"", ""divide""]","IDENTICAL_TEXT; tools C0=['multiply', 'divide'] D1=['multiply', 'divide']; stop C0=terminal D1=terminal; exec C0=True/none D1=True/none; ans_pass C0=True D1=True",IDENTICAL_TEXT,-1,win_to_win,deca0cfc-5c4b-42e7-8d89-6a4ca7d9c771
True,none,False,6,False,True,141.999525,terminal,"[""multiply"", ""multiply"", ""divide"", ""multiply"", ""multiply"", ""divide""]",True,none,True,6,True,True,1066.999525,terminal,"[""divide"", ""multiply"", ""divide"", ""multiply"", ""multiply"", ""add""]","DIFFERENT_FIRST_TOOL; tools C0=['multiply', 'multiply', 'divide', 'multiply', 'multiply', 'divide'] D1=['divide', 'multiply', 'divide', 'multiply', 'multiply', 'add']; stop C0=terminal D1=terminal; exec C0=True/none D1=True/none; ans_pass C0=False D1=True",DIFFERENT_FIRST_TOOL,0,loss_to_win,df7d09de-9314-438c-a726-5189f82d3bd9
False,executor_other,False,0,False,True,,terminal,[],False,executor_other,False,0,False,True,,terminal,[],IDENTICAL_CALLS_DIFFERENT_TEXT; tools C0=[] D1=[]; stop C0=terminal D1=terminal; exec C0=False/executor_other D1=False/executor_other; ans_pass C0=False D1=False,IDENTICAL_CALLS_DIFFERENT_TEXT,0,loss_to_loss,e0bd90e4-6dcc-45e2-9dd4-44e97eadbff4
True,none,True,3,True,True,0.509090909090909,terminal,"[""multiply"", ""multiply"", ""divide""]",False,unknown_tool,False,1,False,True,,executor_error,"[""combine""]","DIFFERENT_FIRST_TOOL; tools C0=['multiply', 'multiply', 'divide'] D1=['combine']; stop C0=terminal D1=executor_error; exec C0=True/none D1=False/unknown_tool; ans_pass C0=True D1=False",DIFFERENT_FIRST_TOOL,0,win_to_loss,e1a005a4-216d-4486-a15b-d53ccb574e78
False,executor_other,False,0,False,True,,terminal,[],False,executor_other,False,0,False,True,,terminal,[],IDENTICAL_TEXT; tools C0=[] D1=[]; stop C0=terminal D1=terminal; exec C0=False/executor_other D1=False/executor_other; ans_pass C0=False D1=False,IDENTICAL_TEXT,-1,loss_to_loss,e218fe94-0943-47ec-9f47-b7f716a1f410
True,none,True,1,True,True,5,terminal,"[""subtract""]",True,none,True,3,True,True,5,terminal,"[""subtract"", ""subtract"", ""subtract""]","TOOL_COUNT_DIFFERENCE; tools C0=['subtract'] D1=['subtract', 'subtract', 'subtract']; stop C0=terminal D1=terminal; exec C0=True/none D1=True/none; ans_pass C0=True D1=True",TOOL_COUNT_DIFFERENCE,0,win_to_win,e2cf1726-9a4d-4cb1-a32f-5f5e9ba0d3c4
False,executor_other,False,0,False,True,,terminal,[],False,executor_other,False,0,False,True,,terminal,[],IDENTICAL_TEXT; tools C0=[] D1=[]; stop C0=terminal D1=terminal; exec C0=False/executor_other D1=False/executor_other; ans_pass C0=False D1=False,IDENTICAL_TEXT,-1,loss_to_loss,e3146382-ad8d-4d85-82e1-f08127121657
True,none,True,2,True,True,2340.0,terminal,"[""multiply"", ""multiply""]",True,none,True,2,True,True,2340.0,terminal,"[""multiply"", ""multiply""]","IDENTICAL_TEXT; tools C0=['multiply', 'multiply'] D1=['multiply', 'multiply']; stop C0=terminal D1=terminal; exec C0=True/none D1=True/none; ans_pass C0=True D1=True",IDENTICAL_TEXT,-1,win_to_win,e3a118fa-b77d-4f76-9dc6-66233a361aba
True,none,False,2,False,True,3087,terminal,"[""reminder"", ""subtract""]",True,none,True,3,True,True,3108,terminal,"[""reminder"", ""subtract"", ""add""]","TOOL_COUNT_DIFFERENCE; tools C0=['reminder', 'subtract'] D1=['reminder', 'subtract', 'add']; stop C0=terminal D1=terminal; exec C0=True/none D1=True/none; ans_pass C0=False D1=True",TOOL_COUNT_DIFFERENCE,1,loss_to_win,e3f3049a-021f-4f90-9c4e-640aaf4519c4
True,none,True,3,True,True,-49.0,terminal,"[""add"", ""multiply"", ""divide""]",True,none,True,3,True,True,-49.0,terminal,"[""add"", ""multiply"", ""divide""]","IDENTICAL_TEXT; tools C0=['add', 'multiply', 'divide'] D1=['add', 'multiply', 'divide']; stop C0=terminal D1=terminal; exec C0=True/none D1=True/none; ans_pass C0=True D1=True",IDENTICAL_TEXT,-1,win_to_win,e422f852-fe4a-4981-b899-25e6263b9a4a
True,none,True,1,True,True,330.0,terminal,"[""divide""]",True,none,True,1,True,True,330.0,terminal,"[""divide""]",IDENTICAL_TEXT; tools C0=['divide'] D1=['divide']; stop C0=terminal D1=terminal; exec C0=True/none D1=True/none; ans_pass C0=True D1=True,IDENTICAL_TEXT,-1,win_to_win,e43bbe8b-0429-473d-96c9-216905851bd6
True,none,True,1,True,True,6.0,terminal,"[""divide""]",True,none,True,1,True,True,6.0,terminal,"[""divide""]",IDENTICAL_TEXT; tools C0=['divide'] D1=['divide']; stop C0=terminal D1=terminal; exec C0=True/none D1=True/none; ans_pass C0=True D1=True,IDENTICAL_TEXT,-1,win_to_win,e4bdc3e1-4c28-4050-a23a-ab74718caada
True,none,True,2,True,True,0.3333333333333333,terminal,"[""multiply"", ""divide""]",False,argument,False,2,False,True,,executor_error,"[""multiply"", ""multiply""]","DIFFERENT_LATER_TOOL; tools C0=['multiply', 'divide'] D1=['multiply', 'multiply']; stop C0=terminal D1=executor_error; exec C0=True/none D1=False/argument; ans_pass C0=True D1=False",DIFFERENT_LATER_TOOL,0,win_to_loss,e5eb37ac-bd11-4a84-82a3-588c93ba7712
True,none,False,4,True,True,7.407407407407418,terminal,"[""inverse"", ""multiply"", ""subtract"", ""multiply""]",True,none,True,2,True,True,7.41,terminal,"[""inverse"", ""multiply""]","TOOL_COUNT_DIFFERENCE; tools C0=['inverse', 'multiply', 'subtract', 'multiply'] D1=['inverse', 'multiply']; stop C0=terminal D1=terminal; exec C0=True/none D1=True/none; ans_pass C0=False D1=True",TOOL_COUNT_DIFFERENCE,0,win_to_win,e652bee6-4121-4ca1-8dd0-653787184a80
True,none,True,1,True,True,4.0,terminal,"[""divide""]",True,none,True,3,True,True,4.0,terminal,"[""multiply"", ""multiply"", ""divide""]","DIFFERENT_FIRST_TOOL; tools C0=['divide'] D1=['multiply', 'multiply', 'divide']; stop C0=terminal D1=terminal; exec C0=True/none D1=True/none; ans_pass C0=True D1=True",DIFFERENT_FIRST_TOOL,0,win_to_win,e665aa88-e0ac-4724-866a-44d2c84e97b0
False,executor_other,True,2,False,True,,terminal,"[""ascii_to_integer_list"", ""largest_contiguous_subarray_sum""]",False,executor_other,True,2,False,True,,terminal,"[""ascii_to_integer_list"", ""largest_contiguous_subarray_sum""]","IDENTICAL_TEXT; tools C0=['ascii_to_integer_list', 'largest_contiguous_subarray_sum'] D1=['ascii_to_integer_list', 'largest_contiguous_subarray_sum']; stop C0=terminal D1=terminal; exec C0=False/executor_other D1=False/executor_other; ans_pass C0=True D1=True",IDENTICAL_TEXT,-1,loss_to_loss,e66fce41-6850-45a8-9db4-5cdf7fc5d81c
True,none,True,3,True,True,5.0,terminal,"[""multiply"", ""divide"", ""inverse""]",True,none,True,3,True,True,5.0,terminal,"[""divide"", ""subtract"", ""divide""]","DIFFERENT_FIRST_TOOL; tools C0=['multiply', 'divide', 'inverse'] D1=['divide', 'subtract', 'divide']; stop C0=terminal D1=terminal; exec C0=True/none D1=True/none; ans_pass C0=True D1=True",DIFFERENT_FIRST_TOOL,0,win_to_win,e6768b60-cc80-4e82-b9c8-c0d48df718fe
False,executor_other,True,3,False,True,,terminal,"[""sum_total"", ""generate_function"", ""is_string_like""]",True,none,True,3,True,True,True,terminal,"[""sum_total"", ""generate_function"", ""is_string_like""]","REFERENCE_DIFFERENCE; tools C0=['sum_total', 'generate_function', 'is_string_like'] D1=['sum_total', 'generate_function', 'is_string_like']; stop C0=terminal D1=terminal; exec C0=False/executor_other D1=True/none; ans_pass C0=True D1=True",REFERENCE_DIFFERENCE,0,loss_to_win,e67ab11d-70f4-4d75-9cf4-dc77d18dda1f
False,executor_other,True,3,False,True,,terminal,"[""generate_subsets"", ""sanitize"", ""add_1""]",False,executor_other,True,3,False,True,,terminal,"[""generate_subsets"", ""sanitize"", ""add_1""]","IDENTICAL_TEXT; tools C0=['generate_subsets', 'sanitize', 'add_1'] D1=['generate_subsets', 'sanitize', 'add_1']; stop C0=terminal D1=terminal; exec C0=False/executor_other D1=False/executor_other; ans_pass C0=True D1=True",IDENTICAL_TEXT,-1,loss_to_loss,e6a8c49d-577f-4a1e-a2d0-96ec051f83ac
False,argument,False,3,False,True,,executor_error,"[""multiply"", ""divide"", ""divide""]",True,none,True,3,True,True,6.0,terminal,"[""divide"", ""subtract"", ""divide""]","DIFFERENT_FIRST_TOOL; tools C0=['multiply', 'divide', 'divide'] D1=['divide', 'subtract', 'divide']; stop C0=executor_error D1=terminal; exec C0=False/argument D1=True/none; ans_pass C0=False D1=True",DIFFERENT_FIRST_TOOL,0,loss_to_win,e70bd2c9-99af-410a-bc6d-61a65e00f7d8
True,none,True,2,True,True,18.0,terminal,"[""divide"", ""multiply""]",True,none,True,4,True,True,18.0,terminal,"[""add"", ""add"", ""divide"", ""multiply""]","DIFFERENT_FIRST_TOOL; tools C0=['divide', 'multiply'] D1=['add', 'add', 'divide', 'multiply']; stop C0=terminal D1=terminal; exec C0=True/none D1=True/none; ans_pass C0=True D1=True",DIFFERENT_FIRST_TOOL,0,win_to_win,e7739078-35f2-48da-a734-cb4b077cf372
True,none,False,1,False,True,1.35,terminal,"[""multiply""]",True,none,False,1,False,True,1.35,terminal,"[""multiply""]",IDENTICAL_CALLS_DIFFERENT_TEXT; tools C0=['multiply'] D1=['multiply']; stop C0=terminal D1=terminal; exec C0=True/none D1=True/none; ans_pass C0=False D1=False,IDENTICAL_CALLS_DIFFERENT_TEXT,0,loss_to_loss,e7dc9f54-d564-4d82-ab36-60ca22bfb8e2
True,none,False,3,False,True,4410.0,terminal,"[""multiply"", ""multiply"", ""multiply""]",True,none,False,3,False,True,4410.0,terminal,"[""multiply"", ""multiply"", ""multiply""]","IDENTICAL_TEXT; tools C0=['multiply', 'multiply', 'multiply'] D1=['multiply', 'multiply', 'multiply']; stop C0=terminal D1=terminal; exec C0=True/none D1=True/none; ans_pass C0=False D1=False",IDENTICAL_TEXT,-1,loss_to_loss,e82737ff-a667-46b4-8b1d-1e16b1785911
True,none,False,2,False,True,0.4,terminal,"[""subtract"", ""divide""]",True,none,True,3,True,True,40.0,terminal,"[""subtract"", ""divide"", ""multiply""]","TOOL_COUNT_DIFFERENCE; tools C0=['subtract', 'divide'] D1=['subtract', 'divide', 'multiply']; stop C0=terminal D1=terminal; exec C0=True/none D1=True/none; ans_pass C0=False D1=True",TOOL_COUNT_DIFFERENCE,2,loss_to_win,e854fd67-4e08-483f-a4b2-a4c7c4f85d17
False,argument,False,2,False,True,,executor_error,"[""add"", ""divide""]",True,none,True,2,True,True,8.0,terminal,"[""multiply"", ""divide""]","DIFFERENT_FIRST_TOOL; tools C0=['add', 'divide'] D1=['multiply', 'divide']; stop C0=executor_error D1=terminal; exec C0=False/argument D1=True/none; ans_pass C0=False D1=True",DIFFERENT_FIRST_TOOL,0,loss_to_win,e8605b92-ee9a-4265-9c3c-aa4bc3a691e9
False,executor_other,True,2,False,True,,terminal,"[""extend_num"", ""mod_range""]",False,executor_other,True,2,False,True,,terminal,"[""extend_num"", ""mod_range""]","IDENTICAL_TEXT; tools C0=['extend_num', 'mod_range'] D1=['extend_num', 'mod_range']; stop C0=terminal D1=terminal; exec C0=False/executor_other D1=False/executor_other; ans_pass C0=True D1=True",IDENTICAL_TEXT,-1,loss_to_loss,e940f944-a864-4e44-8c9d-cf914b5c8d3e
False,executor_other,False,0,False,True,,terminal,[],False,executor_other,False,0,False,True,,terminal,[],IDENTICAL_CALLS_DIFFERENT_TEXT; tools C0=[] D1=[]; stop C0=terminal D1=terminal; exec C0=False/executor_other D1=False/executor_other; ans_pass C0=False D1=False,IDENTICAL_CALLS_DIFFERENT_TEXT,0,loss_to_loss,eb1312ee-7059-4660-a43c-ecff8b71919d
False,executor_other,False,0,False,True,,terminal,[],True,none,True,2,False,True,0.16666666666666669,terminal,"[""multiply"", ""divide""]","TOOL_COUNT_DIFFERENCE; tools C0=[] D1=['multiply', 'divide']; stop C0=terminal D1=terminal; exec C0=False/executor_other D1=True/none; ans_pass C0=False D1=True",TOOL_COUNT_DIFFERENCE,0,loss_to_loss,eb98f598-754c-4117-b630-dc58914f2a4d
False,executor_other,False,0,False,True,,parse_fail,[],False,executor_other,False,0,False,True,,parse_fail,[],IDENTICAL_TEXT; tools C0=[] D1=[]; stop C0=parse_fail D1=parse_fail; exec C0=False/executor_other D1=False/executor_other; ans_pass C0=False D1=False,IDENTICAL_TEXT,-1,loss_to_loss,ebdb9ed1-c0cb-49a3-b99f-51a3abdf8b90
True,none,True,3,True,True,196,terminal,"[""bitwise_reorder"", ""smallest_x"", ""power_of_scalar""]",True,none,True,3,True,True,196,terminal,"[""bitwise_reorder"", ""smallest_x"", ""power_of_scalar""]","IDENTICAL_TEXT; tools C0=['bitwise_reorder', 'smallest_x', 'power_of_scalar'] D1=['bitwise_reorder', 'smallest_x', 'power_of_scalar']; stop C0=terminal D1=terminal; exec C0=True/none D1=True/none; ans_pass C0=True D1=True",IDENTICAL_TEXT,-1,win_to_win,ec654414-df15-4621-9b4d-3570a4ae6864
True,none,True,2,True,True,62.0,terminal,"[""add"", ""divide""]",True,none,True,2,True,True,62.0,terminal,"[""add"", ""divide""]","IDENTICAL_TEXT; tools C0=['add', 'divide'] D1=['add', 'divide']; stop C0=terminal D1=terminal; exec C0=True/none D1=True/none; ans_pass C0=True D1=True",IDENTICAL_TEXT,-1,win_to_win,ed8bfd25-69ed-4d52-8e62-438e8258f812
True,none,True,1,False,True,0.4285714285714286,terminal,"[""divide""]",True,none,True,1,False,True,0.4285714285714286,terminal,"[""divide""]",IDENTICAL_TEXT; tools C0=['divide'] D1=['divide']; stop C0=terminal D1=terminal; exec C0=True/none D1=True/none; ans_pass C0=True D1=True,IDENTICAL_TEXT,-1,loss_to_loss,ed9416d7-f389-44e7-8a8c-3b7b7f7e9561
True,none,True,4,True,True,0.30000000000000004,terminal,"[""choose"", ""choose"", ""divide"", ""subtract""]",True,none,True,4,True,True,0.30000000000000004,terminal,"[""choose"", ""choose"", ""divide"", ""subtract""]","IDENTICAL_CALLS_DIFFERENT_TEXT; tools C0=['choose', 'choose', 'divide', 'subtract'] D1=['choose', 'choose', 'divide', 'subtract']; stop C0=terminal D1=terminal; exec C0=True/none D1=True/none; ans_pass C0=True D1=True",IDENTICAL_CALLS_DIFFERENT_TEXT,2,win_to_win,ef29201e-ebf0-47cc-8228-3f68241ef6f5
False,executor_other,False,0,False,True,,parse_fail,[],False,executor_other,False,0,False,True,,parse_fail,[],IDENTICAL_TEXT; tools C0=[] D1=[]; stop C0=parse_fail D1=parse_fail; exec C0=False/executor_other D1=False/executor_other; ans_pass C0=False D1=False,IDENTICAL_TEXT,-1,loss_to_loss,f233bac0-19b3-4c09-b8ae-ed847a9c7c1d
True,none,False,4,False,True,4,max_turns,"[""add"", ""add"", ""divide"", ""subtract""]",True,none,False,4,False,True,18.0,max_turns,"[""add"", ""add"", ""divide"", ""multiply""]","DIFFERENT_LATER_TOOL; tools C0=['add', 'add', 'divide', 'subtract'] D1=['add', 'add', 'divide', 'multiply']; stop C0=max_turns D1=max_turns; exec C0=True/none D1=True/none; ans_pass C0=False D1=False",DIFFERENT_LATER_TOOL,3,loss_to_loss,f23c3b8c-1ca9-42f3-a040-dce72b65aa28
True,none,False,2,False,True,0.2808988764044944,terminal,"[""subtract"", ""divide""]",True,none,False,2,False,True,0.2808988764044944,terminal,"[""subtract"", ""divide""]","IDENTICAL_CALLS_DIFFERENT_TEXT; tools C0=['subtract', 'divide'] D1=['subtract', 'divide']; stop C0=terminal D1=terminal; exec C0=True/none D1=True/none; ans_pass C0=False D1=False",IDENTICAL_CALLS_DIFFERENT_TEXT,1,loss_to_loss,f2aede8e-145b-4b28-84d4-9fb63d8564d7
True,none,False,5,False,True,1700,max_turns,"[""multiply"", ""multiply"", ""multiply"", ""add"", ""subtract""]",True,none,False,5,False,True,1700,max_turns,"[""multiply"", ""multiply"", ""multiply"", ""add"", ""subtract""]","IDENTICAL_CALLS_DIFFERENT_TEXT; tools C0=['multiply', 'multiply', 'multiply', 'add', 'subtract'] D1=['multiply', 'multiply', 'multiply', 'add', 'subtract']; stop C0=max_turns D1=max_turns; exec C0=True/none D1=True/none; ans_pass C0=False D1=False",IDENTICAL_CALLS_DIFFERENT_TEXT,0,loss_to_loss,f334ca41-2c0e-42d1-9ff1-afe48f56e9f8
True,none,True,3,True,True,80.0,terminal,"[""add"", ""subtract"", ""divide""]",True,none,True,3,True,True,80.0,terminal,"[""add"", ""subtract"", ""divide""]","IDENTICAL_CALLS_DIFFERENT_TEXT; tools C0=['add', 'subtract', 'divide'] D1=['add', 'subtract', 'divide']; stop C0=terminal D1=terminal; exec C0=True/none D1=True/none; ans_pass C0=True D1=True",IDENTICAL_CALLS_DIFFERENT_TEXT,0,win_to_win,f35d7635-07e6-41a2-992d-612f82be538c
True,none,False,2,True,True,10.588235294117647,terminal,"[""add"", ""divide""]",True,none,False,2,True,True,10.588235294117647,terminal,"[""add"", ""divide""]","IDENTICAL_TEXT; tools C0=['add', 'divide'] D1=['add', 'divide']; stop C0=terminal D1=terminal; exec C0=True/none D1=True/none; ans_pass C0=False D1=False",IDENTICAL_TEXT,-1,win_to_win,f373d250-2c9f-42f5-a12a-cbe17de52be1
True,none,True,2,True,True,14.0,terminal,"[""divide"", ""multiply""]",True,none,True,2,True,True,14.0,terminal,"[""divide"", ""multiply""]","IDENTICAL_TEXT; tools C0=['divide', 'multiply'] D1=['divide', 'multiply']; stop C0=terminal D1=terminal; exec C0=True/none D1=True/none; ans_pass C0=True D1=True",IDENTICAL_TEXT,-1,win_to_win,f39b094a-54f6-4915-8ede-44b3515fcceb
True,none,True,5,True,True,10,terminal,"[""multiply"", ""multiply"", ""multiply"", ""divide"", ""multiply""]",True,none,True,7,True,True,10.0,terminal,"[""multiply"", ""multiply"", ""multiply"", ""add"", ""add"", ""divide"", ""multiply""]","TOOL_COUNT_DIFFERENCE; tools C0=['multiply', 'multiply', 'multiply', 'divide', 'multiply'] D1=['multiply', 'multiply', 'multiply', 'add', 'add', 'divide', 'multiply']; stop C0=terminal D1=terminal; exec C0=True/none D1=True/none; ans_pass C0=True D1=True",TOOL_COUNT_DIFFERENCE,0,win_to_win,f3ff1bb8-0747-4453-afbb-a71cf3fd92d9
True,none,True,4,True,True,36.5,terminal,"[""multiply"", ""subtract"", ""add"", ""divide""]",True,none,True,3,True,True,36.5,terminal,"[""multiply"", ""add"", ""divide""]","TOOL_COUNT_DIFFERENCE; tools C0=['multiply', 'subtract', 'add', 'divide'] D1=['multiply', 'add', 'divide']; stop C0=terminal D1=terminal; exec C0=True/none D1=True/none; ans_pass C0=True D1=True",TOOL_COUNT_DIFFERENCE,0,win_to_win,f50c216d-76ee-4609-8fd7-5e6efeb01927
True,none,True,3,True,True,37,terminal,"[""multiply"", ""multiply"", ""subtract""]",True,none,True,3,True,True,37,terminal,"[""multiply"", ""multiply"", ""subtract""]","IDENTICAL_CALLS_DIFFERENT_TEXT; tools C0=['multiply', 'multiply', 'subtract'] D1=['multiply', 'multiply', 'subtract']; stop C0=terminal D1=terminal; exec C0=True/none D1=True/none; ans_pass C0=True D1=True",IDENTICAL_CALLS_DIFFERENT_TEXT,0,win_to_win,f5a81c81-73e3-4c94-87dd-44f400c5b843
True,none,True,2,True,True,40.0,terminal,"[""divide"", ""multiply""]",True,none,True,2,True,True,40.0,terminal,"[""divide"", ""multiply""]","IDENTICAL_CALLS_DIFFERENT_TEXT; tools C0=['divide', 'multiply'] D1=['divide', 'multiply']; stop C0=terminal D1=terminal; exec C0=True/none D1=True/none; ans_pass C0=True D1=True",IDENTICAL_CALLS_DIFFERENT_TEXT,0,win_to_win,f5f86953-11aa-47f5-92f5-607f7ba9fe00
False,executor_other,False,0,False,True,,terminal,[],False,executor_other,False,0,False,True,,terminal,[],IDENTICAL_TEXT; tools C0=[] D1=[]; stop C0=terminal D1=terminal; exec C0=False/executor_other D1=False/executor_other; ans_pass C0=False D1=False,IDENTICAL_TEXT,-1,loss_to_loss,f667a28d-2be7-41fc-94ed-118e8381a2c3
True,none,False,1,False,True,0.25,terminal,"[""divide""]",True,none,False,1,False,True,0.25,terminal,"[""divide""]",IDENTICAL_TEXT; tools C0=['divide'] D1=['divide']; stop C0=terminal D1=terminal; exec C0=True/none D1=True/none; ans_pass C0=False D1=False,IDENTICAL_TEXT,-1,loss_to_loss,f6aa4233-451e-4e33-abe1-451a313b6fec
True,none,True,2,True,True,"Hell, Wrld!",terminal,"[""remove_character"", ""title_version""]",True,none,True,2,True,True,"Hell, Wrld!",terminal,"[""remove_character"", ""title_version""]","IDENTICAL_TEXT; tools C0=['remove_character', 'title_version'] D1=['remove_character', 'title_version']; stop C0=terminal D1=terminal; exec C0=True/none D1=True/none; ans_pass C0=True D1=True",IDENTICAL_TEXT,-1,win_to_win,f76b1983-59a8-4264-9065-ef478e8f3944
True,none,True,2,True,True,14.0,terminal,"[""multiply"", ""divide""]",True,none,True,2,True,True,14.0,terminal,"[""multiply"", ""divide""]","IDENTICAL_TEXT; tools C0=['multiply', 'divide'] D1=['multiply', 'divide']; stop C0=terminal D1=terminal; exec C0=True/none D1=True/none; ans_pass C0=True D1=True",IDENTICAL_TEXT,-1,win_to_win,f78c26cb-d05d-4cfd-8be3-47b0b01d2e95
True,none,True,4,True,True,0.16,terminal,"[""sqrt"", ""multiply"", ""divide"", ""multiply""]",True,none,True,4,True,True,0.16,terminal,"[""sqrt"", ""multiply"", ""divide"", ""multiply""]","IDENTICAL_CALLS_DIFFERENT_TEXT; tools C0=['sqrt', 'multiply', 'divide', 'multiply'] D1=['sqrt', 'multiply', 'divide', 'multiply']; stop C0=terminal D1=terminal; exec C0=True/none D1=True/none; ans_pass C0=True D1=True",IDENTICAL_CALLS_DIFFERENT_TEXT,1,win_to_win,f7d975ce-dcd5-46ba-bfbf-f18b79aa15bd
True,none,True,3,True,True,1200.0,terminal,"[""multiply"", ""subtract"", ""multiply""]",True,none,True,3,True,True,1200.0,terminal,"[""multiply"", ""subtract"", ""multiply""]","IDENTICAL_TEXT; tools C0=['multiply', 'subtract', 'multiply'] D1=['multiply', 'subtract', 'multiply']; stop C0=terminal D1=terminal; exec C0=True/none D1=True/none; ans_pass C0=True D1=True",IDENTICAL_TEXT,-1,win_to_win,f835d116-65c1-4ab8-95d3-980506564ddd
True,none,True,5,True,True,80.0,terminal,"[""multiply"", ""multiply"", ""multiply"", ""add"", ""add""]",True,none,True,5,True,True,80.0,terminal,"[""multiply"", ""multiply"", ""multiply"", ""add"", ""add""]","IDENTICAL_CALLS_DIFFERENT_TEXT; tools C0=['multiply', 'multiply', 'multiply', 'add', 'add'] D1=['multiply', 'multiply', 'multiply', 'add', 'add']; stop C0=terminal D1=terminal; exec C0=True/none D1=True/none; ans_pass C0=True D1=True",IDENTICAL_CALLS_DIFFERENT_TEXT,3,win_to_win,f8fdce32-9e0f-4f9c-bd0d-15dfce117a71
True,none,True,3,True,True,75.0,terminal,"[""subtract"", ""divide"", ""multiply""]",True,none,True,3,True,True,75.0,terminal,"[""subtract"", ""divide"", ""multiply""]","IDENTICAL_CALLS_DIFFERENT_TEXT; tools C0=['subtract', 'divide', 'multiply'] D1=['subtract', 'divide', 'multiply']; stop C0=terminal D1=terminal; exec C0=True/none D1=True/none; ans_pass C0=True D1=True",IDENTICAL_CALLS_DIFFERENT_TEXT,2,win_to_win,f905138a-f657-4ab0-a9f9-b17fd5854b4f
True,none,True,3,True,True,4.8,terminal,"[""multiply"", ""add"", ""divide""]",True,none,True,3,True,True,4.8,terminal,"[""multiply"", ""add"", ""divide""]","IDENTICAL_TEXT; tools C0=['multiply', 'add', 'divide'] D1=['multiply', 'add', 'divide']; stop C0=terminal D1=terminal; exec C0=True/none D1=True/none; ans_pass C0=True D1=True",IDENTICAL_TEXT,-1,win_to_win,f9ebc5c7-fafb-4b4b-ae3f-8f4f10f5ca31
True,none,True,6,True,True,304.0,terminal,"[""multiply"", ""multiply"", ""multiply"", ""multiply"", ""divide"", ""multiply""]",True,none,True,6,True,True,304.0,terminal,"[""multiply"", ""multiply"", ""multiply"", ""multiply"", ""divide"", ""multiply""]","REFERENCE_DIFFERENCE; tools C0=['multiply', 'multiply', 'multiply', 'multiply', 'divide', 'multiply'] D1=['multiply', 'multiply', 'multiply', 'multiply', 'divide', 'multiply']; stop C0=terminal D1=terminal; exec C0=True/none D1=True/none; ans_pass C0=True D1=True",REFERENCE_DIFFERENCE,3,win_to_win,fa47c82a-60bf-4ff0-bcf7-d7b41fe795c4
True,none,True,2,True,True,"[-1, 0, 0]",terminal,"[""get_url_content"", ""count_the_word""]",True,none,True,2,True,True,"[-1, 0, 0]",terminal,"[""get_url_content"", ""count_the_word""]","IDENTICAL_TEXT; tools C0=['get_url_content', 'count_the_word'] D1=['get_url_content', 'count_the_word']; stop C0=terminal D1=terminal; exec C0=True/none D1=True/none; ans_pass C0=True D1=True",IDENTICAL_TEXT,-1,win_to_win,fa57c28a-e9d8-44fb-a358-a9404a557d5b
False,executor_other,False,0,False,True,,parse_fail,[],False,executor_other,False,0,False,True,,parse_fail,[],IDENTICAL_TEXT; tools C0=[] D1=[]; stop C0=parse_fail D1=parse_fail; exec C0=False/executor_other D1=False/executor_other; ans_pass C0=False D1=False,IDENTICAL_TEXT,-1,loss_to_loss,fa9c7f16-9ea7-4eb4-b3d4-efdb6492cf3d
True,none,True,3,True,True,3240.0,terminal,"[""divide"", ""multiply"", ""divide""]",True,none,True,3,True,True,3240.0,terminal,"[""divide"", ""divide"", ""multiply""]","DIFFERENT_LATER_TOOL; tools C0=['divide', 'multiply', 'divide'] D1=['divide', 'divide', 'multiply']; stop C0=terminal D1=terminal; exec C0=True/none D1=True/none; ans_pass C0=True D1=True",DIFFERENT_LATER_TOOL,0,win_to_win,fb341674-da07-4323-b70a-7bb759f1e746
True,none,True,3,True,True,157,terminal,"[""multiply"", ""multiply"", ""subtract""]",True,none,True,3,True,True,157,terminal,"[""multiply"", ""multiply"", ""subtract""]","REFERENCE_DIFFERENCE; tools C0=['multiply', 'multiply', 'subtract'] D1=['multiply', 'multiply', 'subtract']; stop C0=terminal D1=terminal; exec C0=True/none D1=True/none; ans_pass C0=True D1=True",REFERENCE_DIFFERENCE,0,win_to_win,fc47e3cd-d410-4517-9b20-9817fa2e8217
True,none,False,2,False,True,0.25,terminal,"[""multiply"", ""divide""]",True,none,False,2,False,True,0.25,terminal,"[""multiply"", ""divide""]","IDENTICAL_CALLS_DIFFERENT_TEXT; tools C0=['multiply', 'divide'] D1=['multiply', 'divide']; stop C0=terminal D1=terminal; exec C0=True/none D1=True/none; ans_pass C0=False D1=False",IDENTICAL_CALLS_DIFFERENT_TEXT,0,loss_to_loss,fc6100d1-accb-423a-a8c0-4f4a14ea3cd5
True,none,False,4,False,True,1.25,terminal,"[""divide"", ""divide"", ""divide"", ""divide""]",True,other,False,4,False,True,1.25,parse_fail,"[""divide"", ""divide"", ""divide"", ""divide""]","IDENTICAL_CALLS_DIFFERENT_TEXT; tools C0=['divide', 'divide', 'divide', 'divide'] D1=['divide', 'divide', 'divide', 'divide']; stop C0=terminal D1=parse_fail; exec C0=True/none D1=True/other; ans_pass C0=False D1=False",IDENTICAL_CALLS_DIFFERENT_TEXT,0,loss_to_loss,fc783b3f-ceb7-4705-bfb8-04a9634bd5ba
True,none,False,2,False,True,3.0,terminal,"[""add"", ""divide""]",True,none,False,2,False,True,3.0,terminal,"[""add"", ""divide""]","IDENTICAL_TEXT; tools C0=['add', 'divide'] D1=['add', 'divide']; stop C0=terminal D1=terminal; exec C0=True/none D1=True/none; ans_pass C0=False D1=False",IDENTICAL_TEXT,-1,loss_to_loss,fc8a9de4-dbbd-4a43-b86f-e331c5ab6199
True,none,False,3,False,True,175.0,terminal,"[""divide"", ""multiply"", ""add""]",True,none,False,3,False,True,175.0,terminal,"[""divide"", ""multiply"", ""add""]","IDENTICAL_TEXT; tools C0=['divide', 'multiply', 'add'] D1=['divide', 'multiply', 'add']; stop C0=terminal D1=terminal; exec C0=True/none D1=True/none; ans_pass C0=False D1=False",IDENTICAL_TEXT,-1,loss_to_loss,fd49d75b-907d-4ea8-8f20-b94ae88ba68d
False,executor_other,False,0,False,True,,terminal,[],False,executor_other,False,0,False,True,,terminal,[],IDENTICAL_CALLS_DIFFERENT_TEXT; tools C0=[] D1=[]; stop C0=terminal D1=terminal; exec C0=False/executor_other D1=False/executor_other; ans_pass C0=False D1=False,IDENTICAL_CALLS_DIFFERENT_TEXT,0,loss_to_loss,fd93d5e2-b364-47d3-95c6-b253545f19a9
True,other,True,3,False,True,"

Author: 3

Comment: John

",terminal,"[""find_max_in_each_subarray"", ""get_n_term_of_fibonacci_sequence"", ""generate_comment""]",True,other,True,3,False,True,"

Author: 3

Comment: John

",terminal,"[""find_max_in_each_subarray"", ""get_n_term_of_fibonacci_sequence"", ""generate_comment""]","IDENTICAL_TEXT; tools C0=['find_max_in_each_subarray', 'get_n_term_of_fibonacci_sequence', 'generate_comment'] D1=['find_max_in_each_subarray', 'get_n_term_of_fibonacci_sequence', 'generate_comment']; stop C0=terminal D1=terminal; exec C0=True/other D1=True/other; ans_pass C0=True D1=True",IDENTICAL_TEXT,-1,loss_to_loss,fd974a69-367d-4ad0-ba69-509a91be9547
True,none,False,4,False,True,41.66666666666667,terminal,"[""multiply"", ""multiply"", ""divide"", ""multiply""]",True,none,False,4,False,True,41.66666666666667,terminal,"[""multiply"", ""multiply"", ""divide"", ""multiply""]","IDENTICAL_TEXT; tools C0=['multiply', 'multiply', 'divide', 'multiply'] D1=['multiply', 'multiply', 'divide', 'multiply']; stop C0=terminal D1=terminal; exec C0=True/none D1=True/none; ans_pass C0=False D1=False",IDENTICAL_TEXT,-1,loss_to_loss,fde10026-a75e-44d5-ba81-adc9510c5c22
True,none,True,4,True,True,10.5,terminal,"[""multiply"", ""multiply"", ""divide"", ""divide""]",True,none,False,6,False,True,39,max_turns,"[""multiply"", ""add"", ""add"", ""add"", ""add"", ""add""]","TOOL_COUNT_DIFFERENCE; tools C0=['multiply', 'multiply', 'divide', 'divide'] D1=['multiply', 'add', 'add', 'add', 'add', 'add']; stop C0=terminal D1=max_turns; exec C0=True/none D1=True/none; ans_pass C0=True D1=False",TOOL_COUNT_DIFFERENCE,0,win_to_loss,fe72229a-2b0d-4eb4-8ba9-1e5179ff5029
False,executor_other,False,0,False,True,,terminal,[],True,none,False,1,False,True,-36,terminal,"[""subtract""]",TOOL_COUNT_DIFFERENCE; tools C0=[] D1=['subtract']; stop C0=terminal D1=terminal; exec C0=False/executor_other D1=True/none; ans_pass C0=False D1=False,TOOL_COUNT_DIFFERENCE,0,loss_to_loss,fed1fe60-ded8-481f-bf6a-8918b655660a
False,executor_other,False,0,False,True,,parse_fail,[],False,executor_other,False,0,False,True,,parse_fail,[],IDENTICAL_CALLS_DIFFERENT_TEXT; tools C0=[] D1=[]; stop C0=parse_fail D1=parse_fail; exec C0=False/executor_other D1=False/executor_other; ans_pass C0=False D1=False,IDENTICAL_CALLS_DIFFERENT_TEXT,0,loss_to_loss,ffc78483-512b-4cac-82e9-6081425c2cd4
