motif_type,n,C0_win_rate,C1_win_rate,C2_win_rate,C1_minus_C0,C2_minus_C1
fan_in,255,0.6274509803921569,0.6352941176470588,0.6235294117647059,0.007843137254901933,-0.0117647058823529
fan_out,1,1.0,1.0,0.0,0.0,-1.0
independent_calls,23,0.2608695652173913,0.2608695652173913,0.2608695652173913,0.0,0.0
linear_dependency,850,0.5141176470588236,0.508235294117647,0.5047058823529412,-0.005882352941176561,-0.003529411764705781
long_chain,532,0.5357142857142857,0.5469924812030075,0.5676691729323309,0.011278195488721776,0.020676691729323404
