dataset,task_ref,call_count,call_bucket,query_mode,confidence,n_gold_operations,n_exactly_named_operations,n_lexically_cued_operations,n_implicit_operations,exact_operation_coverage,lexical_operation_coverage,implicit_operation_rate,sequence_leakage,lcs_ratio,kendall_agreement,exact_ordered_operation_coverage,adjacent_step_mappable_share,procedural_cue_count,step_number_count,explicit_intermediate_reference_count
d1_train_subset_300,ttdf_0982b2624c98,3,3,PROCEDURAL_PARTIAL,,,,,,0.6667,0.6667,0.3333,0.8333,1.0,1.0,,,3,0,1
d1_train_subset_300,ttdf_a1f4522870c7,4,4,PROCEDURAL_PARTIAL,,,,,,0.5,0.75,0.25,0.875,1.0,1.0,,,8,1,3
d1_train_subset_300,ttdf_88d02f070bad,2,2,PROCEDURAL_PARTIAL,,,,,,0.5,0.5,0.5,0.125,0.0,0.0,,,3,0,1
d1_train_subset_300,ttdf_acf64105ab0f,5,5,PROCEDURAL_PARTIAL,,,,,,0.6,0.6,0.4,0.8,1.0,1.0,,,9,5,4
d1_train_subset_300,ttdf_52e02b0074e9,2,2,PROCEDURAL_EXPLICIT,,,,,,0.5,1.0,0.0,1.0,1.0,1.0,,,3,0,1
d1_train_subset_300,ttdf_28600db1173f,8,6+,PROCEDURAL_PARTIAL,,,,,,0.625,0.75,0.25,0.875,1.0,1.0,,,8,1,7
d1_train_subset_300,ttdf_4bcc0bcb441d,5,5,PROCEDURAL_PARTIAL,,,,,,0.6,0.6,0.4,0.8,1.0,1.0,,,7,1,2
d1_train_subset_300,ttdf_c03e76b84f89,4,4,PROCEDURAL_PARTIAL,,,,,,0.5,0.75,0.25,0.875,1.0,1.0,,,4,1,3
d1_train_subset_300,ttdf_3890bd39e665,2,2,PROCEDURAL_EXPLICIT,,,,,,1.0,1.0,0.0,1.0,1.0,1.0,,,3,0,1
d1_train_subset_300,ttdf_7fa1ac8fa957,5,5,PROCEDURAL_EXPLICIT,,,,,,0.8,1.0,0.0,1.0,1.0,1.0,,,10,6,4
d1_train_subset_300,ttdf_1897e88c19ac,6,6+,PROCEDURAL_EXPLICIT,,,,,,0.8333,0.8333,0.1667,0.9167,1.0,1.0,,,12,1,5
d1_train_subset_300,ttdf_2ad0d860622d,2,2,PROCEDURAL_PARTIAL,,,,,,0.5,0.5,0.5,0.125,0.0,0.0,,,2,0,1
d1_train_subset_300,ttdf_a180adf5caad,3,3,SEMI_IMPLICIT,,,,,,0.3333,0.3333,0.6667,0.0833,0.0,0.0,,,3,0,1
d1_train_subset_300,ttdf_2460d1e882f0,8,6+,PROCEDURAL_EXPLICIT,,,,,,0.875,0.875,0.125,0.6506,0.7143,0.619,,,8,1,7
d1_train_subset_300,ttdf_6c5b125b6094,6,6+,PROCEDURAL_EXPLICIT,,,,,,0.8333,1.0,0.0,1.0,1.0,1.0,,,10,0,4
d1_train_subset_300,ttdf_ccbe76d8ecaa,6,6+,PROCEDURAL_EXPLICIT,,,,,,0.8333,0.8333,0.1667,0.7333,0.8,0.8,,,12,7,5
d1_train_subset_300,ttdf_0dbc7c25bb47,5,5,PROCEDURAL_EXPLICIT,,,,,,0.8,0.8,0.2,0.9,1.0,1.0,,,10,1,4
d1_train_subset_300,ttdf_287fde663010,8,6+,PROCEDURAL_PARTIAL,,,,,,0.625,0.75,0.25,0.875,1.0,1.0,,,16,1,7
d1_train_subset_300,ttdf_441384bb0445,5,5,PROCEDURAL_PARTIAL,,,,,,0.6,0.6,0.4,0.8,1.0,1.0,,,10,3,3
d1_train_subset_300,ttdf_178a8a0f527a,2,2,PROCEDURAL_EXPLICIT,,,,,,1.0,1.0,0.0,1.0,1.0,1.0,,,2,0,1
d1_train_subset_300,ttdf_8d038da60286,3,3,PROCEDURAL_EXPLICIT,,,,,,0.6667,1.0,0.0,1.0,1.0,1.0,,,4,0,1
d1_train_subset_300,ttdf_7a8cd7efbc21,6,6+,PROCEDURAL_EXPLICIT,,,,,,0.6667,0.8333,0.1667,0.6933,0.8,0.6,,,9,0,4
d1_train_subset_300,ttdf_07480376bda3,3,3,PROCEDURAL_PARTIAL,,,,,,0.6667,0.6667,0.3333,0.8333,1.0,1.0,,,6,2,2
d1_train_subset_300,ttdf_230424364880,4,4,PROCEDURAL_PARTIAL,,,,,,0.75,0.75,0.25,0.875,1.0,1.0,,,7,1,3
d1_train_subset_300,ttdf_4b357fd5b95a,2,2,PROCEDURAL_EXPLICIT,,,,,,1.0,1.0,0.0,1.0,1.0,1.0,,,3,2,1
d1_train_subset_300,ttdf_3f2d4ea393f1,2,2,PROCEDURAL_EXPLICIT,,,,,,0.5,1.0,0.0,1.0,1.0,1.0,,,2,0,1
d1_train_subset_300,ttdf_342238ec5a2f,6,6+,PROCEDURAL_EXPLICIT,,,,,,1.0,1.0,0.0,0.7333,0.8333,0.3333,,,10,1,5
d1_train_subset_300,ttdf_4b29c1b00ae7,7,6+,PROCEDURAL_EXPLICIT,,,,,,0.7143,0.8571,0.1429,0.7005,0.8333,0.4667,,,15,2,6
d1_train_subset_300,ttdf_111e18412f56,4,4,PROCEDURAL_EXPLICIT,,,,,,0.75,1.0,0.0,1.0,1.0,1.0,,,8,2,3
d1_train_subset_300,ttdf_06ba5fd3d7c3,2,2,PROCEDURAL_EXPLICIT,,,,,,0.5,1.0,0.0,1.0,1.0,1.0,,,2,0,1
d1_train_subset_300,ttdf_073c6869b54b,6,6+,PROCEDURAL_EXPLICIT,,,,,,0.6667,0.8333,0.1667,0.9167,1.0,1.0,,,11,1,5
d1_train_subset_300,ttdf_666553ac6372,4,4,PROCEDURAL_EXPLICIT,,,,,,1.0,1.0,0.0,1.0,1.0,1.0,,,8,5,3
d1_train_subset_300,ttdf_04b100a77d6b,4,4,PROCEDURAL_PARTIAL,,,,,,0.5,0.5,0.5,0.75,1.0,1.0,,,7,4,3
d1_train_subset_300,ttdf_44a69f3a000c,4,4,PROCEDURAL_EXPLICIT,,,,,,1.0,1.0,0.0,1.0,1.0,1.0,,,10,3,3
d1_train_subset_300,ttdf_69d78b25ecdb,7,6+,PROCEDURAL_PARTIAL,,,,,,0.5714,0.5714,0.4286,0.7857,1.0,1.0,,,14,8,6
d1_train_subset_300,ttdf_6b382eec9221,3,3,PROCEDURAL_EXPLICIT,,,,,,1.0,1.0,0.0,0.5333,0.6667,-0.3333,,,5,1,2
d1_train_subset_300,ttdf_32f8db136cdc,4,4,PROCEDURAL_EXPLICIT,,,,,,0.75,1.0,0.0,1.0,1.0,1.0,,,6,1,1
d1_train_subset_300,ttdf_91ce845dfc74,3,3,PROCEDURAL_PARTIAL,,,,,,0.6667,0.6667,0.3333,0.8333,1.0,1.0,,,3,1,2
d1_train_subset_300,ttdf_e53835bd8b41,3,3,PROCEDURAL_PARTIAL,,,,,,0.6667,0.6667,0.3333,0.8333,1.0,1.0,,,6,4,2
d1_train_subset_300,ttdf_69e7c7a49fab,2,2,PROCEDURAL_EXPLICIT,,,,,,1.0,1.0,0.0,1.0,1.0,1.0,,,2,0,1
d1_train_subset_300,ttdf_ee3338b844bc,8,6+,PROCEDURAL_EXPLICIT,,,,,,0.75,0.875,0.125,0.794,0.8571,0.8095,,,16,9,7
d1_train_subset_300,ttdf_a321a8fea7c6,6,6+,PROCEDURAL_EXPLICIT,,,,,,0.8333,1.0,0.0,0.84,0.8333,0.8667,,,7,0,2
d1_train_subset_300,ttdf_aea8532a868d,2,2,PROCEDURAL_PARTIAL,,,,,,0.5,0.5,0.5,0.125,0.0,0.0,,,2,0,1
d1_train_subset_300,ttdf_66d5f1634190,6,6+,PROCEDURAL_EXPLICIT,,,,,,1.0,1.0,0.0,0.6533,0.6667,0.6,,,13,2,5
d1_train_subset_300,ttdf_56bf89459e7b,3,3,PROCEDURAL_EXPLICIT,,,,,,1.0,1.0,0.0,1.0,1.0,1.0,,,5,1,2
d1_train_subset_300,ttdf_2432f8fea920,6,6+,PROCEDURAL_EXPLICIT,,,,,,0.8333,1.0,0.0,1.0,1.0,1.0,,,11,1,5
d1_train_subset_300,ttdf_714fa6330c3c,2,2,PROCEDURAL_EXPLICIT,,,,,,1.0,1.0,0.0,1.0,1.0,1.0,,,1,0,0
d1_train_subset_300,ttdf_450ce5ca6048,8,6+,PROCEDURAL_EXPLICIT,,,,,,1.0,1.0,0.0,0.8571,0.875,0.7857,,,15,0,7
d1_train_subset_300,ttdf_8e5da6fd9015,3,3,PROCEDURAL_EXPLICIT,,,,,,1.0,1.0,0.0,1.0,1.0,1.0,,,6,4,2
d1_train_subset_300,ttdf_57d7f411a136,2,2,PROCEDURAL_EXPLICIT,,,,,,1.0,1.0,0.0,1.0,1.0,1.0,,,4,3,1
d1_train_subset_300,ttdf_b9c7c5612106,2,2,PROCEDURAL_EXPLICIT,,,,,,1.0,1.0,0.0,1.0,1.0,1.0,,,3,0,1
d1_train_subset_300,ttdf_d445e31ec556,2,2,PROCEDURAL_EXPLICIT,,,,,,0.5,1.0,0.0,1.0,1.0,1.0,,,3,0,1
d1_train_subset_300,ttdf_adc8691711e1,7,6+,PROCEDURAL_EXPLICIT,,,,,,1.0,1.0,0.0,0.8667,0.8571,0.9048,,,14,2,6
d1_train_subset_300,ttdf_b0378d970ec5,2,2,PROCEDURAL_EXPLICIT,,,,,,1.0,1.0,0.0,1.0,1.0,1.0,,,3,2,1
d1_train_subset_300,ttdf_9c88a0d5bac6,2,2,PROCEDURAL_EXPLICIT,,,,,,1.0,1.0,0.0,1.0,1.0,1.0,,,3,0,1
d1_train_subset_300,ttdf_4afe482200e9,4,4,PROCEDURAL_PARTIAL,,,,,,0.5,0.5,0.5,0.75,1.0,1.0,,,3,0,2
d1_train_subset_300,ttdf_6664b63ddfd4,2,2,PROCEDURAL_EXPLICIT,,,,,,1.0,1.0,0.0,1.0,1.0,1.0,,,3,0,1
d1_train_subset_300,ttdf_e5021edcbcdb,3,3,PROCEDURAL_PARTIAL,,,,,,0.3333,0.6667,0.3333,0.8333,1.0,1.0,,,6,1,2
d1_train_subset_300,ttdf_663a6484d0e5,3,3,PROCEDURAL_PARTIAL,,,,,,0.3333,0.6667,0.3333,0.8333,1.0,1.0,,,3,0,1
d1_train_subset_300,ttdf_3d16ba355ab3,4,4,PROCEDURAL_EXPLICIT,,,,,,0.5,1.0,0.0,0.7333,0.75,0.6667,,,7,1,3
d1_train_subset_300,ttdf_086b0471e443,6,6+,PROCEDURAL_EXPLICIT,,,,,,1.0,1.0,0.0,1.0,1.0,1.0,,,12,7,5
d1_train_subset_300,ttdf_18f30aeb87df,3,3,PROCEDURAL_PARTIAL,,,,,,0.3333,0.6667,0.3333,0.8333,1.0,1.0,,,5,0,2
d1_train_subset_300,ttdf_8b6bd6e0d113,6,6+,PROCEDURAL_PARTIAL,,,,,,0.6667,0.6667,0.3333,0.8333,1.0,1.0,,,9,0,3
d1_train_subset_300,ttdf_9e944e9be9ad,5,5,PROCEDURAL_EXPLICIT,,,,,,0.8,1.0,0.0,1.0,1.0,1.0,,,9,1,4
d1_train_subset_300,ttdf_702a492e1d93,2,2,PROCEDURAL_EXPLICIT,,,,,,0.5,1.0,0.0,1.0,1.0,1.0,,,2,0,0
d1_train_subset_300,ttdf_1b88e197cf8c,2,2,PROCEDURAL_EXPLICIT,,,,,,1.0,1.0,0.0,1.0,1.0,1.0,,,3,0,1
d1_train_subset_300,ttdf_5e8ed8ea8e8c,2,2,PROCEDURAL_PARTIAL,,,,,,0.5,0.5,0.5,0.125,0.0,0.0,,,3,2,1
d1_train_subset_300,ttdf_feca9749fcb1,4,4,PROCEDURAL_EXPLICIT,,,,,,0.75,1.0,0.0,1.0,1.0,1.0,,,8,1,3
d1_train_subset_300,ttdf_404c1b18b8c7,3,3,PROCEDURAL_EXPLICIT,,,,,,1.0,1.0,0.0,1.0,1.0,1.0,,,5,0,2
d1_train_subset_300,ttdf_1212887f9519,2,2,UNCLASSIFIED,,,,,,0.5,0.5,0.5,0.125,0.0,0.0,,,1,0,1
d1_train_subset_300,ttdf_1944101ba044,2,2,PROCEDURAL_PARTIAL,,,,,,0.5,0.5,0.5,0.125,0.0,0.0,,,3,0,1
d1_train_subset_300,ttdf_c4b9bd3d8f9b,2,2,PROCEDURAL_PARTIAL,,,,,,0.5,0.5,0.5,0.125,0.0,0.0,,,3,0,0
d1_train_subset_300,ttdf_da8bde0dff1f,5,5,PROCEDURAL_EXPLICIT,,,,,,0.8,0.8,0.2,0.9,1.0,1.0,,,8,0,3
d1_train_subset_300,ttdf_33820d4ecd0d,5,5,PROCEDURAL_PARTIAL,,,,,,0.6,0.6,0.4,0.8,1.0,1.0,,,8,1,4
d1_train_subset_300,ttdf_ab3e20f5b9f5,2,2,PROCEDURAL_PARTIAL,,,,,,1.0,1.0,0.0,0.4,0.5,-1.0,,,1,0,1
d1_train_subset_300,ttdf_adb0a11b7c8e,3,3,PROCEDURAL_EXPLICIT,,,,,,0.6667,1.0,0.0,1.0,1.0,1.0,,,3,1,2
d1_train_subset_300,ttdf_7ac454e86368,3,3,PROCEDURAL_EXPLICIT,,,,,,1.0,1.0,0.0,1.0,1.0,1.0,,,6,2,2
d1_train_subset_300,ttdf_29bfff643f76,4,4,PROCEDURAL_PARTIAL,,,,,,0.75,0.75,0.25,0.45,0.6667,-0.3333,,,8,2,3
d1_train_subset_300,ttdf_626b144f651f,2,2,PROCEDURAL_EXPLICIT,,,,,,0.5,1.0,0.0,1.0,1.0,1.0,,,3,0,1
d1_train_subset_300,ttdf_709a6c29cef8,2,2,GOAL_BASED_IMPLICIT,,,,,,0.0,0.0,1.0,0.0,0.0,0.0,,,3,0,1
d1_train_subset_300,ttdf_9ddbf3736946,3,3,PROCEDURAL_PARTIAL,,,,,,0.3333,0.6667,0.3333,0.8333,1.0,1.0,,,5,0,2
d1_train_subset_300,ttdf_415f443311b4,2,2,PROCEDURAL_EXPLICIT,,,,,,1.0,1.0,0.0,1.0,1.0,1.0,,,3,0,1
d1_train_subset_300,ttdf_1da08641a085,5,5,PROCEDURAL_EXPLICIT,,,,,,1.0,1.0,0.0,1.0,1.0,1.0,,,10,6,4
d1_train_subset_300,ttdf_a7f57d6e2366,7,6+,PROCEDURAL_EXPLICIT,,,,,,0.8571,0.8571,0.1429,0.9286,1.0,1.0,,,14,8,6
d1_train_subset_300,ttdf_f143ef6a8d1a,7,6+,PROCEDURAL_EXPLICIT,,,,,,0.5714,0.8571,0.1429,0.7805,0.8333,0.8667,,,14,8,6
d1_train_subset_300,ttdf_4bf9490a9e1e,8,6+,PROCEDURAL_EXPLICIT,,,,,,0.75,0.875,0.125,0.8131,0.8571,0.9048,,,11,1,5
d1_train_subset_300,ttdf_4fb15030a374,2,2,PROCEDURAL_EXPLICIT,,,,,,0.5,1.0,0.0,1.0,1.0,1.0,,,3,2,1
d1_train_subset_300,ttdf_3bd0f2ffa9c7,2,2,PROCEDURAL_PARTIAL,,,,,,0.5,0.5,0.5,0.125,0.0,0.0,,,3,0,1
d1_train_subset_300,ttdf_a007fb88e5a8,5,5,PROCEDURAL_EXPLICIT,,,,,,0.8,0.8,0.2,0.9,1.0,1.0,,,11,7,4
d1_train_subset_300,ttdf_095955eab09a,3,3,PROCEDURAL_PARTIAL,,,,,,0.6667,0.6667,0.3333,0.8333,1.0,1.0,,,6,2,2
d1_train_subset_300,ttdf_ebcc48b28d17,7,6+,PROCEDURAL_PARTIAL,,,,,,0.5714,0.7143,0.2857,0.6857,0.8,0.8,,,14,1,6
d1_train_subset_300,ttdf_69b205909ba2,2,2,PROCEDURAL_EXPLICIT,,,,,,0.5,1.0,0.0,1.0,1.0,1.0,,,3,2,1
d1_train_subset_300,ttdf_91c17367ae01,4,4,PROCEDURAL_EXPLICIT,,,,,,0.75,1.0,0.0,1.0,1.0,1.0,,,4,1,3
d1_train_subset_300,ttdf_6d5d2df8e87e,2,2,PROCEDURAL_EXPLICIT,,,,,,1.0,1.0,0.0,1.0,1.0,1.0,,,4,3,1
d1_train_subset_300,ttdf_8a92a1d9bda8,2,2,PROCEDURAL_PARTIAL,,,,,,0.5,0.5,0.5,0.125,0.0,0.0,,,1,0,0
d1_train_subset_300,ttdf_57b5548d9406,3,3,PROCEDURAL_PARTIAL,,,,,,0.6667,0.6667,0.3333,0.8333,1.0,1.0,,,5,1,1
d1_train_subset_300,ttdf_adb3076a4249,4,4,PROCEDURAL_PARTIAL,,,,,,0.75,0.75,0.25,0.875,1.0,1.0,,,8,2,3
d1_train_subset_300,ttdf_dfa5d83b46bf,5,5,PROCEDURAL_PARTIAL,,,,,,0.4,0.6,0.4,0.8,1.0,1.0,,,10,6,4
d1_train_subset_300,ttdf_83a61f0aa532,5,5,PROCEDURAL_EXPLICIT,,,,,,0.6,1.0,0.0,0.76,0.8,0.6,,,10,6,4
d1_train_subset_300,ttdf_1ae91b3255c9,4,4,PROCEDURAL_PARTIAL,,,,,,0.5,0.75,0.25,0.875,1.0,1.0,,,5,2,3
d1_train_subset_300,ttdf_535a92504ff3,3,3,PROCEDURAL_EXPLICIT,,,,,,1.0,1.0,0.0,0.5333,0.6667,-0.3333,,,5,1,2
d1_train_subset_300,ttdf_27a65d5730a0,2,2,PROCEDURAL_EXPLICIT,,,,,,1.0,1.0,0.0,1.0,1.0,1.0,,,2,0,1
d1_train_subset_300,ttdf_7c7e391ab5eb,2,2,PROCEDURAL_EXPLICIT,,,,,,0.5,1.0,0.0,1.0,1.0,1.0,,,3,2,1
d1_train_subset_300,ttdf_7c2600233dfc,4,4,PROCEDURAL_EXPLICIT,,,,,,0.75,1.0,0.0,1.0,1.0,1.0,,,7,0,3
d1_train_subset_300,ttdf_7e3b94e5852d,3,3,PROCEDURAL_EXPLICIT,,,,,,1.0,1.0,0.0,0.5333,0.6667,-0.3333,,,4,1,2
d1_train_subset_300,ttdf_27aa7816b261,4,4,PROCEDURAL_PARTIAL,,,,,,0.5,0.5,0.5,0.275,0.5,-1.0,,,7,1,3
d1_train_subset_300,ttdf_9da280149954,2,2,PROCEDURAL_PARTIAL,,,,,,1.0,1.0,0.0,0.4,0.5,-1.0,,,1,0,1
d1_train_subset_300,ttdf_f44f7cd5c652,6,6+,PROCEDURAL_EXPLICIT,,,,,,0.8333,0.8333,0.1667,0.9167,1.0,1.0,,,11,0,5
d1_train_subset_300,ttdf_b0286c035ff7,5,5,PROCEDURAL_EXPLICIT,,,,,,0.6,1.0,0.0,1.0,1.0,1.0,,,11,7,4
d1_train_subset_300,ttdf_c60223f1aab8,2,2,PROCEDURAL_EXPLICIT,,,,,,1.0,1.0,0.0,1.0,1.0,1.0,,,1,0,0
d1_train_subset_300,ttdf_49ff06c5abb1,6,6+,PROCEDURAL_EXPLICIT,,,,,,0.8333,0.8333,0.1667,0.7333,0.8,0.8,,,13,2,5
d1_train_subset_300,ttdf_0969cde120d2,6,6+,PROCEDURAL_EXPLICIT,,,,,,0.8333,1.0,0.0,1.0,1.0,1.0,,,10,0,5
d1_train_subset_300,ttdf_b02ae36ee259,4,4,PROCEDURAL_EXPLICIT,,,,,,1.0,1.0,0.0,1.0,1.0,1.0,,,8,2,3
d1_train_subset_300,ttdf_88e4f6fda445,4,4,PROCEDURAL_EXPLICIT,,,,,,1.0,1.0,0.0,1.0,1.0,1.0,,,7,0,3
d1_train_subset_300,ttdf_945346f2dc33,4,4,PROCEDURAL_PARTIAL,,,,,,0.5,0.75,0.25,0.875,1.0,1.0,,,8,1,3
d1_train_subset_300,ttdf_3bbe27d74a4e,6,6+,PROCEDURAL_EXPLICIT,,,,,,0.8333,0.8333,0.1667,0.7333,0.8,0.8,,,8,2,6
d1_train_subset_300,ttdf_a27ee767b260,3,3,PROCEDURAL_EXPLICIT,,,,,,1.0,1.0,0.0,1.0,1.0,1.0,,,6,4,2
d1_train_subset_300,ttdf_1316b84679bc,6,6+,PROCEDURAL_EXPLICIT,,,,,,0.6667,0.8333,0.1667,0.9167,1.0,1.0,,,12,7,5
d1_train_subset_300,ttdf_fc21110cb919,6,6+,PROCEDURAL_PARTIAL,,,,,,0.6667,0.6667,0.3333,0.8333,1.0,1.0,,,7,1,6
d1_train_subset_300,ttdf_490928952434,2,2,PROCEDURAL_EXPLICIT,,,,,,0.5,1.0,0.0,1.0,1.0,1.0,,,3,0,1
d1_train_subset_300,ttdf_cfcc0bc5aede,2,2,PROCEDURAL_EXPLICIT,,,,,,1.0,1.0,0.0,1.0,1.0,1.0,,,1,0,0
d1_train_subset_300,ttdf_918a1b8e247c,6,6+,PROCEDURAL_EXPLICIT,,,,,,0.5,0.8333,0.1667,0.9167,1.0,1.0,,,11,0,5
d1_train_subset_300,ttdf_9ab3dd3108dd,4,4,PROCEDURAL_EXPLICIT,,,,,,0.75,1.0,0.0,1.0,1.0,1.0,,,7,1,3
d1_train_subset_300,ttdf_ca94c57fb5b6,3,3,PROCEDURAL_PARTIAL,,,,,,0.6667,0.6667,0.3333,0.8333,1.0,1.0,,,3,1,2
d1_train_subset_300,ttdf_4536494ea7cc,4,4,PROCEDURAL_PARTIAL,,,,,,0.75,0.75,0.25,0.875,1.0,1.0,,,6,0,3
d1_train_subset_300,ttdf_3bb23ee2abb5,3,3,PROCEDURAL_PARTIAL,,,,,,0.6667,0.6667,0.3333,0.8333,1.0,1.0,,,5,1,1
d1_train_subset_300,ttdf_2069d281661f,6,6+,PROCEDURAL_EXPLICIT,,,,,,0.8333,0.8333,0.1667,0.9167,1.0,1.0,,,11,6,5
d1_train_subset_300,ttdf_2fe2055ebf7a,7,6+,PROCEDURAL_EXPLICIT,,,,,,1.0,1.0,0.0,1.0,1.0,1.0,,,16,3,6
d1_train_subset_300,ttdf_e9eafc0422f4,3,3,PROCEDURAL_EXPLICIT,,,,,,1.0,1.0,0.0,1.0,1.0,1.0,,,3,1,2
d1_train_subset_300,ttdf_5aa8cec97f8c,7,6+,PROCEDURAL_EXPLICIT,,,,,,0.8571,0.8571,0.1429,0.7538,0.8333,0.7333,,,7,1,6
d1_train_subset_300,ttdf_f54696c90839,2,2,PROCEDURAL_EXPLICIT,,,,,,0.5,1.0,0.0,1.0,1.0,1.0,,,3,2,1
d1_train_subset_300,ttdf_1383b56ac315,2,2,PROCEDURAL_EXPLICIT,,,,,,1.0,1.0,0.0,1.0,1.0,1.0,,,3,2,1
d1_train_subset_300,ttdf_5ea97b9d2894,6,6+,PROCEDURAL_EXPLICIT,,,,,,0.8333,1.0,0.0,1.0,1.0,1.0,,,8,1,3
d1_train_subset_300,ttdf_c9965f79c448,8,6+,PROCEDURAL_PARTIAL,,,,,,0.75,0.75,0.25,0.5433,0.6667,0.4667,,,12,2,7
d1_train_subset_300,ttdf_1691c4ac38d4,4,4,PROCEDURAL_PARTIAL,,,,,,0.5,0.75,0.25,0.875,1.0,1.0,,,6,1,1
d1_train_subset_300,ttdf_6ef88f415ec8,2,2,PROCEDURAL_PARTIAL,,,,,,0.5,0.5,0.5,0.125,0.0,0.0,,,2,0,1
d1_train_subset_300,ttdf_1cc8cb9986f0,3,3,PROCEDURAL_PARTIAL,,,,,,0.6667,0.6667,0.3333,0.8333,1.0,1.0,,,5,3,2
d1_train_subset_300,ttdf_76ae9ab480c4,2,2,PROCEDURAL_EXPLICIT,,,,,,1.0,1.0,0.0,1.0,1.0,1.0,,,3,0,1
d1_train_subset_300,ttdf_0912a2d9b2db,4,4,PROCEDURAL_PARTIAL,,,,,,0.5,0.75,0.25,0.875,1.0,1.0,,,4,1,1
d1_train_subset_300,ttdf_05e5d3a5124e,3,3,PROCEDURAL_EXPLICIT,,,,,,1.0,1.0,0.0,1.0,1.0,1.0,,,5,0,2
d1_train_subset_300,ttdf_1497a25303af,5,5,PROCEDURAL_EXPLICIT,,,,,,0.8,1.0,0.0,0.68,0.8,0.2,,,8,1,4
d1_train_subset_300,ttdf_e26fa047f4d8,7,6+,PROCEDURAL_PARTIAL,,,,,,0.4286,0.5714,0.4286,0.7857,1.0,1.0,,,13,7,6
d1_train_subset_300,ttdf_9a9ce195b513,2,2,PROCEDURAL_EXPLICIT,,,,,,1.0,1.0,0.0,1.0,1.0,1.0,,,3,0,1
d1_train_subset_300,ttdf_7ad3b54cb7ef,4,4,PROCEDURAL_EXPLICIT,,,,,,1.0,1.0,0.0,0.7333,0.75,0.6667,,,8,5,3
d1_train_subset_300,ttdf_14c55897ced2,2,2,PROCEDURAL_EXPLICIT,,,,,,1.0,1.0,0.0,1.0,1.0,1.0,,,2,0,1
d1_train_subset_300,ttdf_36b57efe7392,5,5,PROCEDURAL_EXPLICIT,,,,,,1.0,1.0,0.0,0.76,0.8,0.6,,,10,1,4
d1_train_subset_300,ttdf_59367ab6b4d7,4,4,PROCEDURAL_EXPLICIT,,,,,,0.5,1.0,0.0,0.7333,0.75,0.6667,,,8,5,3
d1_train_subset_300,ttdf_42f2393a5eeb,5,5,PROCEDURAL_EXPLICIT,,,,,,1.0,1.0,0.0,1.0,1.0,1.0,,,11,7,4
d1_train_subset_300,ttdf_31c2cfd49449,7,6+,PROCEDURAL_EXPLICIT,,,,,,1.0,1.0,0.0,1.0,1.0,1.0,,,16,3,6
d1_train_subset_300,ttdf_65a3039cd6ed,3,3,PROCEDURAL_PARTIAL,,,,,,0.6667,0.6667,0.3333,0.8333,1.0,1.0,,,5,3,2
d1_train_subset_300,ttdf_3d662a8b3d5d,4,4,PROCEDURAL_EXPLICIT,,,,,,1.0,1.0,0.0,1.0,1.0,1.0,,,9,6,3
d1_train_subset_300,ttdf_c6bcd1f43a83,3,3,PROCEDURAL_EXPLICIT,,,,,,1.0,1.0,0.0,0.6,0.6667,0.3333,,,6,2,2
d1_train_subset_300,ttdf_72d564577ea1,6,6+,PROCEDURAL_EXPLICIT,,,,,,1.0,1.0,0.0,1.0,1.0,1.0,,,14,9,5
d1_train_subset_300,ttdf_0313a502dad3,5,5,PROCEDURAL_EXPLICIT,,,,,,1.0,1.0,0.0,1.0,1.0,1.0,,,9,5,4
d1_train_subset_300,ttdf_b2b56b137c8b,4,4,PROCEDURAL_PARTIAL,,,,,,0.75,0.75,0.25,0.875,1.0,1.0,,,9,6,3
d1_train_subset_300,ttdf_5aab74ea6a97,6,6+,PROCEDURAL_EXPLICIT,,,,,,0.8333,0.8333,0.1667,0.7333,0.8,0.8,,,13,8,5
d1_train_subset_300,ttdf_4f4cfd571d97,3,3,PROCEDURAL_PARTIAL,,,,,,0.6667,0.6667,0.3333,0.8333,1.0,1.0,,,3,0,2
d1_train_subset_300,ttdf_b83412597b54,4,4,PROCEDURAL_EXPLICIT,,,,,,1.0,1.0,0.0,0.7333,0.75,0.6667,,,5,2,3
d1_train_subset_300,ttdf_51827948d322,2,2,PROCEDURAL_PARTIAL,,,,,,0.5,0.5,0.5,0.125,0.0,0.0,,,2,0,1
d1_train_subset_300,ttdf_4202fca7f96c,5,5,PROCEDURAL_EXPLICIT,,,,,,1.0,1.0,0.0,0.52,0.6,0.2,,,9,5,4
d1_train_subset_300,ttdf_022175aa5072,7,6+,PROCEDURAL_EXPLICIT,,,,,,0.8571,0.8571,0.1429,0.5257,0.6667,0.2,,,13,1,6
d1_train_subset_300,ttdf_9c6752ff7b15,7,6+,PROCEDURAL_EXPLICIT,,,,,,1.0,1.0,0.0,1.0,1.0,1.0,,,14,8,6
d1_train_subset_300,ttdf_679788a6eb45,3,3,PROCEDURAL_EXPLICIT,,,,,,1.0,1.0,0.0,1.0,1.0,1.0,,,4,0,1
d1_train_subset_300,ttdf_90db64712927,2,2,PROCEDURAL_PARTIAL,,,,,,0.5,0.5,0.5,0.125,0.0,0.0,,,3,0,1
d1_train_subset_300,ttdf_ca9108b44831,3,3,PROCEDURAL_EXPLICIT,,,,,,0.6667,1.0,0.0,1.0,1.0,1.0,,,3,1,2
d1_train_subset_300,ttdf_3a37de07c8f3,2,2,PROCEDURAL_PARTIAL,,,,,,0.5,0.5,0.5,0.125,0.0,0.0,,,3,2,1
d1_train_subset_300,ttdf_dcb87329f6b3,6,6+,PROCEDURAL_PARTIAL,,,,,,0.5,0.5,0.5,0.75,1.0,1.0,,,12,7,5
d1_train_subset_300,ttdf_3ec78e041369,2,2,PROCEDURAL_EXPLICIT,,,,,,1.0,1.0,0.0,1.0,1.0,1.0,,,1,0,1
d1_train_subset_300,ttdf_47d6bafc289b,3,3,PROCEDURAL_PARTIAL,,,,,,0.6667,0.6667,0.3333,0.8333,1.0,1.0,,,5,1,2
d1_train_subset_300,ttdf_83ebd07be4f3,3,3,PROCEDURAL_EXPLICIT,,,,,,1.0,1.0,0.0,1.0,1.0,1.0,,,5,1,2
d1_train_subset_300,ttdf_363162f7a59a,5,5,PROCEDURAL_EXPLICIT,,,,,,1.0,1.0,0.0,1.0,1.0,1.0,,,11,7,4
d1_train_subset_300,ttdf_4567fb432b15,3,3,PROCEDURAL_EXPLICIT,,,,,,0.6667,1.0,0.0,1.0,1.0,1.0,,,6,4,2
d1_train_subset_300,ttdf_19f08919b197,3,3,PROCEDURAL_EXPLICIT,,,,,,1.0,1.0,0.0,1.0,1.0,1.0,,,6,2,2
d1_train_subset_300,ttdf_451069ca1428,2,2,PROCEDURAL_EXPLICIT,,,,,,1.0,1.0,0.0,1.0,1.0,1.0,,,2,0,1
d1_train_subset_300,ttdf_72456fbaceec,2,2,PROCEDURAL_EXPLICIT,,,,,,1.0,1.0,0.0,1.0,1.0,1.0,,,2,0,1
d1_train_subset_300,ttdf_c918ff392065,6,6+,PROCEDURAL_EXPLICIT,,,,,,0.8333,0.8333,0.1667,0.7333,0.8,0.8,,,9,0,3
d1_train_subset_300,ttdf_30262ae3333d,7,6+,PROCEDURAL_EXPLICIT,,,,,,0.8571,0.8571,0.1429,0.7538,0.8333,0.7333,,,15,9,6
d1_train_subset_300,ttdf_1691d81231be,3,3,PROCEDURAL_PARTIAL,,,,,,0.3333,0.6667,0.3333,0.8333,1.0,1.0,,,6,1,2
d1_train_subset_300,ttdf_2e2717475c74,2,2,PROCEDURAL_PARTIAL,,,,,,0.5,1.0,0.0,0.4,0.5,-1.0,,,1,0,1
d1_train_subset_300,ttdf_6fd76deaf2ef,2,2,PROCEDURAL_EXPLICIT,,,,,,1.0,1.0,0.0,1.0,1.0,1.0,,,3,2,1
d1_train_subset_300,ttdf_147d31b4dfa6,2,2,PROCEDURAL_EXPLICIT,,,,,,1.0,1.0,0.0,1.0,1.0,1.0,,,1,0,0
d1_train_subset_300,ttdf_f819339eabcf,2,2,PROCEDURAL_EXPLICIT,,,,,,1.0,1.0,0.0,1.0,1.0,1.0,,,3,2,1
d1_train_subset_300,ttdf_11e60195255a,2,2,PROCEDURAL_PARTIAL,,,,,,0.5,0.5,0.5,0.125,0.0,0.0,,,2,0,0
d1_train_subset_300,ttdf_b58eafc1260c,4,4,SEMI_IMPLICIT,,,,,,0.25,0.25,0.75,0.0625,0.0,0.0,,,7,1,3
d1_train_subset_300,ttdf_d4145b9444ed,3,3,PROCEDURAL_EXPLICIT,,,,,,1.0,1.0,0.0,1.0,1.0,1.0,,,3,1,2
d1_train_subset_300,ttdf_3cd519865c59,6,6+,PROCEDURAL_EXPLICIT,,,,,,0.8333,0.8333,0.1667,0.9167,1.0,1.0,,,11,6,5
d1_train_subset_300,ttdf_4cec37f76993,5,5,PROCEDURAL_PARTIAL,,,,,,0.8,0.8,0.2,0.6583,0.75,0.6667,,,4,0,4
d1_train_subset_300,ttdf_c52a7e265e33,3,3,PROCEDURAL_EXPLICIT,,,,,,1.0,1.0,0.0,1.0,1.0,1.0,,,5,1,2
d1_train_subset_300,ttdf_2b986e6bdea7,2,2,PROCEDURAL_PARTIAL,,,,,,0.5,0.5,0.5,0.125,0.0,0.0,,,3,2,1
d1_train_subset_300,ttdf_612e10b789bc,2,2,PROCEDURAL_EXPLICIT,,,,,,0.5,1.0,0.0,1.0,1.0,1.0,,,3,1,1
d1_train_subset_300,ttdf_a4c6ec0562d9,6,6+,PROCEDURAL_EXPLICIT,,,,,,0.8333,0.8333,0.1667,0.9167,1.0,1.0,,,10,0,5
d1_train_subset_300,ttdf_4a3fc5debb9d,5,5,PROCEDURAL_EXPLICIT,,,,,,1.0,1.0,0.0,0.8,0.8,0.8,,,9,5,4
d1_train_subset_300,ttdf_2bc38c9c4e20,3,3,PROCEDURAL_EXPLICIT,,,,,,1.0,1.0,0.0,1.0,1.0,1.0,,,7,1,3
d1_train_subset_300,ttdf_5ab1d2b6b663,2,2,PROCEDURAL_EXPLICIT,,,,,,1.0,1.0,0.0,1.0,1.0,1.0,,,3,0,1
d1_train_subset_300,ttdf_688d7095b683,4,4,PROCEDURAL_PARTIAL,,,,,,0.5,0.75,0.25,0.875,1.0,1.0,,,7,1,2
d1_train_subset_300,ttdf_1248c57efcc6,3,3,PROCEDURAL_PARTIAL,,,,,,0.6667,0.6667,0.3333,0.8333,1.0,1.0,,,5,1,2
d1_train_subset_300,ttdf_a22ec997fe59,4,4,PROCEDURAL_PARTIAL,,,,,,0.75,0.75,0.25,0.5167,0.6667,0.3333,,,7,1,3
d1_train_subset_300,ttdf_319508cf581c,2,2,PROCEDURAL_EXPLICIT,,,,,,1.0,1.0,0.0,1.0,1.0,1.0,,,2,0,1
d1_train_subset_300,ttdf_dafc1b2ddacc,2,2,PROCEDURAL_EXPLICIT,,,,,,1.0,1.0,0.0,1.0,1.0,1.0,,,3,0,1
d1_train_subset_300,ttdf_8d8527bbdc03,4,4,PROCEDURAL_PARTIAL,,,,,,0.75,0.75,0.25,0.875,1.0,1.0,,,7,1,3
d1_train_subset_300,ttdf_57b10ed8cf78,4,4,PROCEDURAL_PARTIAL,,,,,,0.75,0.75,0.25,0.875,1.0,1.0,,,9,2,3
d1_train_subset_300,ttdf_b0341ac4c9aa,2,2,PROCEDURAL_EXPLICIT,,,,,,1.0,1.0,0.0,1.0,1.0,1.0,,,3,1,1
d1_train_subset_300,ttdf_17d9120659cf,2,2,PROCEDURAL_PARTIAL,,,,,,0.5,0.5,0.5,0.125,0.0,0.0,,,2,0,1
d1_train_subset_300,ttdf_005efca1844f,2,2,PROCEDURAL_EXPLICIT,,,,,,1.0,1.0,0.0,1.0,1.0,1.0,,,3,2,1
d1_train_subset_300,ttdf_8b058331392f,2,2,PROCEDURAL_PARTIAL,,,,,,0.0,0.5,0.5,0.125,0.0,0.0,,,3,0,1
d1_train_subset_300,ttdf_b04dd3250bb1,3,3,PROCEDURAL_EXPLICIT,,,,,,1.0,1.0,0.0,1.0,1.0,1.0,,,6,4,2
d1_train_subset_300,ttdf_f4e3251080e5,3,3,PROCEDURAL_PARTIAL,,,,,,0.6667,0.6667,0.3333,0.8333,1.0,1.0,,,4,0,1
d1_train_subset_300,ttdf_d2a895e12a22,6,6+,PROCEDURAL_EXPLICIT,,,,,,0.8333,1.0,0.0,1.0,1.0,1.0,,,10,0,5
d1_train_subset_300,ttdf_b0e1313215db,2,2,PROCEDURAL_EXPLICIT,,,,,,1.0,1.0,0.0,1.0,1.0,1.0,,,3,0,1
d1_train_subset_300,ttdf_5f2eb8ec39ec,3,3,PROCEDURAL_EXPLICIT,,,,,,1.0,1.0,0.0,1.0,1.0,1.0,,,3,1,2
d1_train_subset_300,ttdf_106079237341,7,6+,PROCEDURAL_EXPLICIT,,,,,,0.7143,0.8571,0.1429,0.7805,0.8333,0.8667,,,7,1,2
d1_train_subset_300,ttdf_30604a02a4a5,2,2,PROCEDURAL_EXPLICIT,,,,,,1.0,1.0,0.0,1.0,1.0,1.0,,,3,2,1
d1_train_subset_300,ttdf_044a60c4e27e,6,6+,PROCEDURAL_PARTIAL,,,,,,0.5,0.6667,0.3333,0.8333,1.0,1.0,,,13,3,5
d1_train_subset_300,ttdf_05d62bcf105b,7,6+,PROCEDURAL_EXPLICIT,,,,,,0.8571,0.8571,0.1429,0.7538,0.8333,0.7333,,,13,1,6
d1_train_subset_300,ttdf_9608810991a9,4,4,PROCEDURAL_PARTIAL,,,,,,0.75,0.75,0.25,0.875,1.0,1.0,,,7,2,1
d1_train_subset_300,ttdf_9236b2118b75,3,3,PROCEDURAL_PARTIAL,,,,,,0.6667,0.6667,0.3333,0.8333,1.0,1.0,,,5,3,2
d1_train_subset_300,ttdf_388100fe8a5d,5,5,PROCEDURAL_EXPLICIT,,,,,,1.0,1.0,0.0,1.0,1.0,1.0,,,9,1,4
d1_train_subset_300,ttdf_04b00af46982,5,5,PROCEDURAL_EXPLICIT,,,,,,1.0,1.0,0.0,0.8,0.8,0.8,,,12,3,4
d1_train_subset_300,ttdf_8255f00ac007,2,2,PROCEDURAL_EXPLICIT,,,,,,1.0,1.0,0.0,1.0,1.0,1.0,,,2,0,1
d1_train_subset_300,ttdf_1774ca010efd,6,6+,PROCEDURAL_EXPLICIT,,,,,,1.0,1.0,0.0,0.6267,0.6667,0.4667,,,7,0,4
d1_train_subset_300,ttdf_5c1811f269c9,6,6+,PROCEDURAL_EXPLICIT,,,,,,0.8333,1.0,0.0,0.8133,0.8333,0.7333,,,9,0,3
d1_train_subset_300,ttdf_00e8c3231e5f,8,6+,PROCEDURAL_EXPLICIT,,,,,,1.0,1.0,0.0,0.5429,0.625,0.2143,,,14,1,7
d1_train_subset_300,ttdf_4e2a3eb7132f,8,6+,PROCEDURAL_EXPLICIT,,,,,,1.0,1.0,0.0,0.8714,0.875,0.8571,,,10,2,3
d1_train_subset_300,ttdf_7259ee23f0ab,4,4,PROCEDURAL_EXPLICIT,,,,,,0.75,1.0,0.0,1.0,1.0,1.0,,,5,0,1
d1_train_subset_300,ttdf_345e33c16f78,3,3,PROCEDURAL_PARTIAL,,,,,,0.6667,0.6667,0.3333,0.3167,0.5,-1.0,,,5,1,2
d1_train_subset_300,ttdf_102b350308ae,3,3,PROCEDURAL_EXPLICIT,,,,,,1.0,1.0,0.0,1.0,1.0,1.0,,,5,3,2
d1_train_subset_300,ttdf_2345b4ed0bee,3,3,PROCEDURAL_PARTIAL,,,,,,0.6667,0.6667,0.3333,0.8333,1.0,1.0,,,3,1,2
d1_train_subset_300,ttdf_ba79321fa94d,2,2,PROCEDURAL_EXPLICIT,,,,,,1.0,1.0,0.0,1.0,1.0,1.0,,,3,0,1
d1_train_subset_300,ttdf_3f37a8742f19,3,3,PROCEDURAL_EXPLICIT,,,,,,1.0,1.0,0.0,1.0,1.0,1.0,,,3,1,2
d1_train_subset_300,ttdf_e4e89fb61074,4,4,PROCEDURAL_EXPLICIT,,,,,,0.5,1.0,0.0,1.0,1.0,1.0,,,8,5,3
d1_train_subset_300,ttdf_688d7dfd53e2,4,4,PROCEDURAL_EXPLICIT,,,,,,1.0,1.0,0.0,1.0,1.0,1.0,,,5,2,3
d1_train_subset_300,ttdf_2537c818df85,2,2,PROCEDURAL_EXPLICIT,,,,,,1.0,1.0,0.0,1.0,1.0,1.0,,,1,0,1
d1_train_subset_300,ttdf_73a95eb94f13,2,2,PROCEDURAL_EXPLICIT,,,,,,0.5,1.0,0.0,0.4,0.5,-1.0,,,2,0,1
d1_train_subset_300,ttdf_ad5b49a1c4ab,2,2,PROCEDURAL_EXPLICIT,,,,,,1.0,1.0,0.0,1.0,1.0,1.0,,,3,0,1
d1_train_subset_300,ttdf_f5291abb4df5,5,5,PROCEDURAL_EXPLICIT,,,,,,0.6,0.8,0.2,0.6583,0.75,0.6667,,,11,7,4
d1_train_subset_300,ttdf_167a725e87ee,2,2,PROCEDURAL_EXPLICIT,,,,,,1.0,1.0,0.0,1.0,1.0,1.0,,,3,2,1
d1_train_subset_300,ttdf_29a5374ffa1c,4,4,PROCEDURAL_EXPLICIT,,,,,,1.0,1.0,0.0,0.6667,0.75,0.3333,,,7,4,3
d1_train_subset_300,ttdf_532d50f0732d,2,2,PROCEDURAL_PARTIAL,,,,,,0.5,0.5,0.5,0.125,0.0,0.0,,,3,0,1
d1_train_subset_300,ttdf_f21e2b3a1df3,5,5,PROCEDURAL_EXPLICIT,,,,,,0.8,0.8,0.2,0.9,1.0,1.0,,,9,5,4
d1_train_subset_300,ttdf_ed4a7e43fad4,7,6+,PROCEDURAL_EXPLICIT,,,,,,0.8571,1.0,0.0,1.0,1.0,1.0,,,7,1,6
d1_train_subset_300,ttdf_9be7c6634296,5,5,PROCEDURAL_EXPLICIT,,,,,,0.6,0.8,0.2,0.9,1.0,1.0,,,7,0,3
d1_train_subset_300,ttdf_4b8a1b98da61,4,4,PROCEDURAL_EXPLICIT,,,,,,0.5,1.0,0.0,1.0,1.0,1.0,,,3,0,3
d1_train_subset_300,ttdf_35d84caa80a4,8,6+,PROCEDURAL_EXPLICIT,,,,,,0.875,1.0,0.0,0.7143,0.75,0.5714,,,16,1,7
d1_train_subset_300,ttdf_bfbb9cf450ca,8,6+,PROCEDURAL_EXPLICIT,,,,,,0.75,0.875,0.125,0.5744,0.7143,0.2381,,,14,1,7
d1_train_subset_300,ttdf_8f88fd432c9f,3,3,PROCEDURAL_EXPLICIT,,,,,,1.0,1.0,0.0,1.0,1.0,1.0,,,6,1,2
d1_train_subset_300,ttdf_73596c9703cc,2,2,PROCEDURAL_EXPLICIT,,,,,,1.0,1.0,0.0,1.0,1.0,1.0,,,3,2,1
d1_train_subset_300,ttdf_598754ab0b49,2,2,PROCEDURAL_EXPLICIT,,,,,,1.0,1.0,0.0,1.0,1.0,1.0,,,1,0,1
d1_train_subset_300,ttdf_8c4efd16cc6a,4,4,PROCEDURAL_PARTIAL,,,,,,0.5,0.75,0.25,0.875,1.0,1.0,,,11,4,3
d1_train_subset_300,ttdf_272ce16153d2,2,2,PROCEDURAL_EXPLICIT,,,,,,0.5,1.0,0.0,1.0,1.0,1.0,,,1,0,0
d1_train_subset_300,ttdf_adabb13832c4,4,4,PROCEDURAL_PARTIAL,,,,,,0.75,0.75,0.25,0.875,1.0,1.0,,,9,6,3
d1_train_subset_300,ttdf_2416d321d9dc,6,6+,PROCEDURAL_PARTIAL,,,,,,0.6667,0.6667,0.3333,0.8333,1.0,1.0,,,13,8,5
d1_train_subset_300,ttdf_2b7b2e5311b5,3,3,PROCEDURAL_PARTIAL,,,,,,0.6667,0.6667,0.3333,0.8333,1.0,1.0,,,5,0,2
d1_train_subset_300,ttdf_8db5901e0f81,7,6+,PROCEDURAL_PARTIAL,,,,,,0.5714,0.7143,0.2857,0.8571,1.0,1.0,,,10,1,6
d1_train_subset_300,ttdf_c4f4e5696839,4,4,PROCEDURAL_EXPLICIT,,,,,,1.0,1.0,0.0,1.0,1.0,1.0,,,7,4,3
d1_train_subset_300,ttdf_3e34cd422236,3,3,PROCEDURAL_EXPLICIT,,,,,,1.0,1.0,0.0,1.0,1.0,1.0,,,4,0,2
d1_train_subset_300,ttdf_babe92909820,5,5,PROCEDURAL_EXPLICIT,,,,,,0.8,0.8,0.2,0.9,1.0,1.0,,,6,0,2
d1_train_subset_300,ttdf_42d2995a6f40,6,6+,PROCEDURAL_EXPLICIT,,,,,,1.0,1.0,0.0,0.7333,0.8333,0.3333,,,11,1,5
d1_train_subset_300,ttdf_1ae468c27d05,2,2,GOAL_BASED_IMPLICIT,,,,,,0.0,0.0,1.0,0.0,0.0,0.0,,,1,0,1
d1_train_subset_300,ttdf_deae1f887c12,2,2,PROCEDURAL_EXPLICIT,,,,,,1.0,1.0,0.0,1.0,1.0,1.0,,,3,0,1
d1_train_subset_300,ttdf_1900644b6130,3,3,PROCEDURAL_EXPLICIT,,,,,,0.6667,1.0,0.0,1.0,1.0,1.0,,,6,1,2
d1_train_subset_300,ttdf_0544aaee4722,8,6+,PROCEDURAL_EXPLICIT,,,,,,0.875,0.875,0.125,0.756,0.8571,0.619,,,13,1,4
d1_train_subset_300,ttdf_976c382204d3,6,6+,PROCEDURAL_PARTIAL,,,,,,0.5,0.6667,0.3333,0.8333,1.0,1.0,,,11,0,5
d1_train_subset_300,ttdf_f6b2887c6919,4,4,PROCEDURAL_EXPLICIT,,,,,,0.5,1.0,0.0,1.0,1.0,1.0,,,8,5,3
d1_train_subset_300,ttdf_1ed80d92835f,2,2,PROCEDURAL_EXPLICIT,,,,,,1.0,1.0,0.0,1.0,1.0,1.0,,,2,0,1
d1_train_subset_300,ttdf_7f5e25dcaf3a,7,6+,PROCEDURAL_PARTIAL,,,,,,0.5714,0.5714,0.4286,0.7857,1.0,1.0,,,14,2,6
d1_train_subset_300,ttdf_4b355213991f,2,2,PROCEDURAL_EXPLICIT,,,,,,1.0,1.0,0.0,1.0,1.0,1.0,,,3,0,1
d1_train_subset_300,ttdf_4258c552ac5e,4,4,PROCEDURAL_PARTIAL,,,,,,0.5,0.5,0.5,0.75,1.0,1.0,,,8,1,2
d1_train_subset_300,ttdf_0be5b6cb75ae,5,5,PROCEDURAL_PARTIAL,,,,,,0.6,0.6,0.4,0.8,1.0,1.0,,,6,0,4
d1_train_subset_300,ttdf_71260bf92acb,7,6+,PROCEDURAL_EXPLICIT,,,,,,0.7143,0.8571,0.1429,0.9286,1.0,1.0,,,13,0,6
d1_train_subset_300,ttdf_45c1968f9754,7,6+,PROCEDURAL_EXPLICIT,,,,,,0.8571,0.8571,0.1429,0.7271,0.8333,0.6,,,14,8,6
d1_train_subset_300,ttdf_8209223201ed,4,4,PROCEDURAL_PARTIAL,,,,,,0.75,0.75,0.25,0.45,0.6667,-0.3333,,,8,3,3
d1_train_subset_300,ttdf_5808df6fd315,7,6+,PROCEDURAL_PARTIAL,,,,,,0.5714,0.5714,0.4286,0.5726,0.75,0.6667,,,7,1,6
d1_train_subset_300,ttdf_2e4c515a13ac,5,5,PROCEDURAL_EXPLICIT,,,,,,0.6,0.8,0.2,0.9,1.0,1.0,,,5,1,4
d1_train_subset_300,ttdf_042a02215c83,2,2,PROCEDURAL_EXPLICIT,,,,,,1.0,1.0,0.0,1.0,1.0,1.0,,,2,0,0
d1_train_subset_300,ttdf_043985a8ce1c,2,2,PROCEDURAL_EXPLICIT,,,,,,0.5,1.0,0.0,1.0,1.0,1.0,,,3,2,1
d1_train_subset_300,ttdf_4dd3d4ca918b,6,6+,PROCEDURAL_PARTIAL,,,,,,0.6667,0.6667,0.3333,0.8333,1.0,1.0,,,8,0,3
d1_train_subset_300,ttdf_942dab9f4ab7,3,3,PROCEDURAL_EXPLICIT,,,,,,1.0,1.0,0.0,0.6,0.6667,0.3333,,,4,1,3
d1_train_subset_300,ttdf_89a5963f242c,2,2,PROCEDURAL_EXPLICIT,,,,,,0.5,1.0,0.0,1.0,1.0,1.0,,,4,1,1
d1_train_subset_300,ttdf_8a92590fcafb,7,6+,PROCEDURAL_PARTIAL,,,,,,0.7143,0.7143,0.2857,0.6857,0.8,0.8,,,14,8,6
d1_train_subset_300,ttdf_a6da9c250e6d,4,4,PROCEDURAL_EXPLICIT,,,,,,1.0,1.0,0.0,0.6667,0.75,0.3333,,,6,2,4
d1_train_subset_300,ttdf_2f4bbfee307c,4,4,PROCEDURAL_PARTIAL,,,,,,0.75,0.75,0.25,0.875,1.0,1.0,,,7,4,3
d1_train_subset_300,ttdf_1f0b826e72d8,6,6+,PROCEDURAL_PARTIAL,,,,,,0.6667,0.6667,0.3333,0.475,0.75,0.0,,,11,2,5
d1_train_subset_300,ttdf_bc49970de090,5,5,PROCEDURAL_EXPLICIT,,,,,,0.4,0.8,0.2,0.9,1.0,1.0,,,11,7,4
d1_train_subset_300,ttdf_2c2b2a75f3d9,4,4,PROCEDURAL_EXPLICIT,,,,,,0.5,1.0,0.0,1.0,1.0,1.0,,,4,1,3
d1_train_subset_300,ttdf_389d3366f389,5,5,PROCEDURAL_PARTIAL,,,,,,0.6,0.6,0.4,0.8,1.0,1.0,,,8,1,4
d1_train_subset_300,ttdf_8e8f45395b58,5,5,PROCEDURAL_EXPLICIT,,,,,,0.8,0.8,0.2,0.9,1.0,1.0,,,10,6,4
d1_train_subset_300,ttdf_5fcd314270c9,2,2,PROCEDURAL_PARTIAL,,,,,,0.5,0.5,0.5,0.125,0.0,0.0,,,1,0,0
d1_train_subset_300,ttdf_74caba03ffa6,2,2,PROCEDURAL_PARTIAL,,,,,,1.0,1.0,0.0,0.4,0.5,-1.0,,,1,0,1
d1_train_subset_300,ttdf_0e23839e393f,2,2,PROCEDURAL_EXPLICIT,,,,,,1.0,1.0,0.0,1.0,1.0,1.0,,,2,0,0
d1_train_subset_300,ttdf_9817de938d54,2,2,PROCEDURAL_EXPLICIT,,,,,,1.0,1.0,0.0,1.0,1.0,1.0,,,3,2,1
d1_train_subset_300,ttdf_d03e5a45636d,2,2,PROCEDURAL_EXPLICIT,,,,,,1.0,1.0,0.0,1.0,1.0,1.0,,,3,0,1
d1_train_subset_300,ttdf_fb2e22ddad48,6,6+,PROCEDURAL_PARTIAL,,,,,,0.6667,0.6667,0.3333,0.8333,1.0,1.0,,,6,1,5
d1_train_subset_300,ttdf_57df8d8c5bcb,8,6+,PROCEDURAL_EXPLICIT,,,,,,1.0,1.0,0.0,1.0,1.0,1.0,,,15,1,7
d1_train_subset_300,ttdf_57c581bfb890,2,2,PROCEDURAL_EXPLICIT,,,,,,1.0,1.0,0.0,1.0,1.0,1.0,,,2,0,0
d1_train_subset_300,ttdf_5180cb2f6371,6,6+,PROCEDURAL_EXPLICIT,,,,,,0.6667,0.8333,0.1667,0.9167,1.0,1.0,,,13,2,5
d1_train_subset_300,ttdf_a2107b27b9f6,4,4,PROCEDURAL_PARTIAL,,,,,,0.5,0.75,0.25,0.875,1.0,1.0,,,8,5,3
d1_train_subset_300,ttdf_286cc86ff982,3,3,PROCEDURAL_EXPLICIT,,,,,,1.0,1.0,0.0,1.0,1.0,1.0,,,3,1,2
d1_train_subset_300,ttdf_3fbf368af327,8,6+,PROCEDURAL_EXPLICIT,,,,,,0.875,0.875,0.125,0.794,0.8571,0.8095,,,10,0,3
d1_train_subset_300,ttdf_7966a158a707,2,2,PROCEDURAL_PARTIAL,,,,,,0.5,1.0,0.0,0.4,0.5,-1.0,,,1,0,1
d1_train_subset_300,ttdf_30a35ee0f7b0,8,6+,PROCEDURAL_PARTIAL,,,,,,0.5,0.625,0.375,0.8125,1.0,1.0,,,8,1,7
pilot3_train_600_as_trained,ttdf_0982b2624c98,3,3,PROCEDURAL_PARTIAL,,,,,,0.6667,0.6667,0.3333,0.8333,1.0,1.0,,,3,0,1
pilot3_train_600_as_trained,ttdf_a1f4522870c7,4,4,PROCEDURAL_PARTIAL,,,,,,0.5,0.75,0.25,0.875,1.0,1.0,,,8,1,3
pilot3_train_600_as_trained,ttdf_88d02f070bad,2,2,PROCEDURAL_PARTIAL,,,,,,0.5,0.5,0.5,0.125,0.0,0.0,,,3,0,1
pilot3_train_600_as_trained,ttdf_acf64105ab0f,5,5,PROCEDURAL_PARTIAL,,,,,,0.6,0.6,0.4,0.8,1.0,1.0,,,9,5,4
pilot3_train_600_as_trained,ttdf_52e02b0074e9,2,2,PROCEDURAL_EXPLICIT,,,,,,0.5,1.0,0.0,1.0,1.0,1.0,,,3,0,1
pilot3_train_600_as_trained,ttdf_28600db1173f,8,6+,PROCEDURAL_PARTIAL,,,,,,0.625,0.75,0.25,0.875,1.0,1.0,,,8,1,7
pilot3_train_600_as_trained,ttdf_4bcc0bcb441d,5,5,PROCEDURAL_PARTIAL,,,,,,0.6,0.6,0.4,0.8,1.0,1.0,,,7,1,2
pilot3_train_600_as_trained,ttdf_c03e76b84f89,4,4,PROCEDURAL_PARTIAL,,,,,,0.5,0.75,0.25,0.875,1.0,1.0,,,4,1,3
pilot3_train_600_as_trained,ttdf_3890bd39e665,2,2,PROCEDURAL_EXPLICIT,,,,,,1.0,1.0,0.0,1.0,1.0,1.0,,,3,0,1
pilot3_train_600_as_trained,ttdf_7fa1ac8fa957,5,5,PROCEDURAL_EXPLICIT,,,,,,0.8,1.0,0.0,1.0,1.0,1.0,,,10,6,4
pilot3_train_600_as_trained,ttdf_1897e88c19ac,6,6+,PROCEDURAL_EXPLICIT,,,,,,0.8333,0.8333,0.1667,0.9167,1.0,1.0,,,12,1,5
pilot3_train_600_as_trained,ttdf_2ad0d860622d,2,2,PROCEDURAL_PARTIAL,,,,,,0.5,0.5,0.5,0.125,0.0,0.0,,,2,0,1
pilot3_train_600_as_trained,ttdf_a180adf5caad,3,3,SEMI_IMPLICIT,,,,,,0.3333,0.3333,0.6667,0.0833,0.0,0.0,,,3,0,1
pilot3_train_600_as_trained,ttdf_2460d1e882f0,8,6+,PROCEDURAL_EXPLICIT,,,,,,0.875,0.875,0.125,0.6506,0.7143,0.619,,,8,1,7
pilot3_train_600_as_trained,ttdf_6c5b125b6094,6,6+,PROCEDURAL_EXPLICIT,,,,,,0.8333,1.0,0.0,1.0,1.0,1.0,,,10,0,4
pilot3_train_600_as_trained,ttdf_ccbe76d8ecaa,6,6+,PROCEDURAL_EXPLICIT,,,,,,0.8333,0.8333,0.1667,0.7333,0.8,0.8,,,12,7,5
pilot3_train_600_as_trained,ttdf_0dbc7c25bb47,5,5,PROCEDURAL_EXPLICIT,,,,,,0.8,0.8,0.2,0.9,1.0,1.0,,,10,1,4
pilot3_train_600_as_trained,ttdf_287fde663010,8,6+,PROCEDURAL_PARTIAL,,,,,,0.625,0.75,0.25,0.875,1.0,1.0,,,16,1,7
pilot3_train_600_as_trained,ttdf_441384bb0445,5,5,PROCEDURAL_PARTIAL,,,,,,0.6,0.6,0.4,0.8,1.0,1.0,,,10,3,3
pilot3_train_600_as_trained,ttdf_178a8a0f527a,2,2,PROCEDURAL_EXPLICIT,,,,,,1.0,1.0,0.0,1.0,1.0,1.0,,,2,0,1
pilot3_train_600_as_trained,ttdf_8d038da60286,3,3,PROCEDURAL_EXPLICIT,,,,,,0.6667,1.0,0.0,1.0,1.0,1.0,,,4,0,1
pilot3_train_600_as_trained,ttdf_7a8cd7efbc21,6,6+,PROCEDURAL_EXPLICIT,,,,,,0.6667,0.8333,0.1667,0.6933,0.8,0.6,,,9,0,4
pilot3_train_600_as_trained,ttdf_07480376bda3,3,3,PROCEDURAL_PARTIAL,,,,,,0.6667,0.6667,0.3333,0.8333,1.0,1.0,,,6,2,2
pilot3_train_600_as_trained,ttdf_230424364880,4,4,PROCEDURAL_PARTIAL,,,,,,0.75,0.75,0.25,0.875,1.0,1.0,,,7,1,3
pilot3_train_600_as_trained,ttdf_4b357fd5b95a,2,2,PROCEDURAL_EXPLICIT,,,,,,1.0,1.0,0.0,1.0,1.0,1.0,,,3,2,1
pilot3_train_600_as_trained,ttdf_3f2d4ea393f1,2,2,PROCEDURAL_EXPLICIT,,,,,,0.5,1.0,0.0,1.0,1.0,1.0,,,2,0,1
pilot3_train_600_as_trained,ttdf_342238ec5a2f,6,6+,PROCEDURAL_EXPLICIT,,,,,,1.0,1.0,0.0,0.7333,0.8333,0.3333,,,10,1,5
pilot3_train_600_as_trained,ttdf_4b29c1b00ae7,7,6+,PROCEDURAL_EXPLICIT,,,,,,0.7143,0.8571,0.1429,0.7005,0.8333,0.4667,,,15,2,6
pilot3_train_600_as_trained,ttdf_111e18412f56,4,4,PROCEDURAL_EXPLICIT,,,,,,0.75,1.0,0.0,1.0,1.0,1.0,,,8,2,3
pilot3_train_600_as_trained,ttdf_06ba5fd3d7c3,2,2,PROCEDURAL_EXPLICIT,,,,,,0.5,1.0,0.0,1.0,1.0,1.0,,,2,0,1
pilot3_train_600_as_trained,ttdf_073c6869b54b,6,6+,PROCEDURAL_EXPLICIT,,,,,,0.6667,0.8333,0.1667,0.9167,1.0,1.0,,,11,1,5
pilot3_train_600_as_trained,ttdf_666553ac6372,4,4,PROCEDURAL_EXPLICIT,,,,,,1.0,1.0,0.0,1.0,1.0,1.0,,,8,5,3
pilot3_train_600_as_trained,ttdf_04b100a77d6b,4,4,PROCEDURAL_PARTIAL,,,,,,0.5,0.5,0.5,0.75,1.0,1.0,,,7,4,3
pilot3_train_600_as_trained,ttdf_44a69f3a000c,4,4,PROCEDURAL_EXPLICIT,,,,,,1.0,1.0,0.0,1.0,1.0,1.0,,,10,3,3
pilot3_train_600_as_trained,ttdf_69d78b25ecdb,7,6+,PROCEDURAL_PARTIAL,,,,,,0.5714,0.5714,0.4286,0.7857,1.0,1.0,,,14,8,6
pilot3_train_600_as_trained,ttdf_6b382eec9221,3,3,PROCEDURAL_EXPLICIT,,,,,,1.0,1.0,0.0,0.5333,0.6667,-0.3333,,,5,1,2
pilot3_train_600_as_trained,ttdf_32f8db136cdc,4,4,PROCEDURAL_EXPLICIT,,,,,,0.75,1.0,0.0,1.0,1.0,1.0,,,6,1,1
pilot3_train_600_as_trained,ttdf_91ce845dfc74,3,3,PROCEDURAL_PARTIAL,,,,,,0.6667,0.6667,0.3333,0.8333,1.0,1.0,,,3,1,2
pilot3_train_600_as_trained,ttdf_e53835bd8b41,3,3,PROCEDURAL_PARTIAL,,,,,,0.6667,0.6667,0.3333,0.8333,1.0,1.0,,,6,4,2
pilot3_train_600_as_trained,ttdf_69e7c7a49fab,2,2,PROCEDURAL_EXPLICIT,,,,,,1.0,1.0,0.0,1.0,1.0,1.0,,,2,0,1
pilot3_train_600_as_trained,ttdf_ee3338b844bc,8,6+,PROCEDURAL_EXPLICIT,,,,,,0.75,0.875,0.125,0.794,0.8571,0.8095,,,16,9,7
pilot3_train_600_as_trained,ttdf_a321a8fea7c6,6,6+,PROCEDURAL_EXPLICIT,,,,,,0.8333,1.0,0.0,0.84,0.8333,0.8667,,,7,0,2
pilot3_train_600_as_trained,ttdf_aea8532a868d,2,2,PROCEDURAL_PARTIAL,,,,,,0.5,0.5,0.5,0.125,0.0,0.0,,,2,0,1
pilot3_train_600_as_trained,ttdf_66d5f1634190,6,6+,PROCEDURAL_EXPLICIT,,,,,,1.0,1.0,0.0,0.6533,0.6667,0.6,,,13,2,5
pilot3_train_600_as_trained,ttdf_56bf89459e7b,3,3,PROCEDURAL_EXPLICIT,,,,,,1.0,1.0,0.0,1.0,1.0,1.0,,,5,1,2
pilot3_train_600_as_trained,ttdf_2432f8fea920,6,6+,PROCEDURAL_EXPLICIT,,,,,,0.8333,1.0,0.0,1.0,1.0,1.0,,,11,1,5
pilot3_train_600_as_trained,ttdf_714fa6330c3c,2,2,PROCEDURAL_EXPLICIT,,,,,,1.0,1.0,0.0,1.0,1.0,1.0,,,1,0,0
pilot3_train_600_as_trained,ttdf_450ce5ca6048,8,6+,PROCEDURAL_EXPLICIT,,,,,,1.0,1.0,0.0,0.8571,0.875,0.7857,,,15,0,7
pilot3_train_600_as_trained,ttdf_8e5da6fd9015,3,3,PROCEDURAL_EXPLICIT,,,,,,1.0,1.0,0.0,1.0,1.0,1.0,,,6,4,2
pilot3_train_600_as_trained,ttdf_57d7f411a136,2,2,PROCEDURAL_EXPLICIT,,,,,,1.0,1.0,0.0,1.0,1.0,1.0,,,4,3,1
pilot3_train_600_as_trained,ttdf_b9c7c5612106,2,2,PROCEDURAL_EXPLICIT,,,,,,1.0,1.0,0.0,1.0,1.0,1.0,,,3,0,1
pilot3_train_600_as_trained,ttdf_d445e31ec556,2,2,PROCEDURAL_EXPLICIT,,,,,,0.5,1.0,0.0,1.0,1.0,1.0,,,3,0,1
pilot3_train_600_as_trained,ttdf_adc8691711e1,7,6+,PROCEDURAL_EXPLICIT,,,,,,1.0,1.0,0.0,0.8667,0.8571,0.9048,,,14,2,6
pilot3_train_600_as_trained,ttdf_b0378d970ec5,2,2,PROCEDURAL_EXPLICIT,,,,,,1.0,1.0,0.0,1.0,1.0,1.0,,,3,2,1
pilot3_train_600_as_trained,ttdf_9c88a0d5bac6,2,2,PROCEDURAL_EXPLICIT,,,,,,1.0,1.0,0.0,1.0,1.0,1.0,,,3,0,1
pilot3_train_600_as_trained,ttdf_4afe482200e9,4,4,PROCEDURAL_PARTIAL,,,,,,0.5,0.5,0.5,0.75,1.0,1.0,,,3,0,2
pilot3_train_600_as_trained,ttdf_6664b63ddfd4,2,2,PROCEDURAL_EXPLICIT,,,,,,1.0,1.0,0.0,1.0,1.0,1.0,,,3,0,1
pilot3_train_600_as_trained,ttdf_e5021edcbcdb,3,3,PROCEDURAL_PARTIAL,,,,,,0.3333,0.6667,0.3333,0.8333,1.0,1.0,,,6,1,2
pilot3_train_600_as_trained,ttdf_663a6484d0e5,3,3,PROCEDURAL_PARTIAL,,,,,,0.3333,0.6667,0.3333,0.8333,1.0,1.0,,,3,0,1
pilot3_train_600_as_trained,ttdf_3d16ba355ab3,4,4,PROCEDURAL_EXPLICIT,,,,,,0.5,1.0,0.0,0.7333,0.75,0.6667,,,7,1,3
pilot3_train_600_as_trained,ttdf_086b0471e443,6,6+,PROCEDURAL_EXPLICIT,,,,,,1.0,1.0,0.0,1.0,1.0,1.0,,,12,7,5
pilot3_train_600_as_trained,ttdf_18f30aeb87df,3,3,PROCEDURAL_PARTIAL,,,,,,0.3333,0.6667,0.3333,0.8333,1.0,1.0,,,5,0,2
pilot3_train_600_as_trained,ttdf_8b6bd6e0d113,6,6+,PROCEDURAL_PARTIAL,,,,,,0.6667,0.6667,0.3333,0.8333,1.0,1.0,,,9,0,3
pilot3_train_600_as_trained,ttdf_9e944e9be9ad,5,5,PROCEDURAL_EXPLICIT,,,,,,0.8,1.0,0.0,1.0,1.0,1.0,,,9,1,4
pilot3_train_600_as_trained,ttdf_702a492e1d93,2,2,PROCEDURAL_EXPLICIT,,,,,,0.5,1.0,0.0,1.0,1.0,1.0,,,2,0,0
pilot3_train_600_as_trained,ttdf_1b88e197cf8c,2,2,PROCEDURAL_EXPLICIT,,,,,,1.0,1.0,0.0,1.0,1.0,1.0,,,3,0,1
pilot3_train_600_as_trained,ttdf_5e8ed8ea8e8c,2,2,PROCEDURAL_PARTIAL,,,,,,0.5,0.5,0.5,0.125,0.0,0.0,,,3,2,1
pilot3_train_600_as_trained,ttdf_feca9749fcb1,4,4,PROCEDURAL_EXPLICIT,,,,,,0.75,1.0,0.0,1.0,1.0,1.0,,,8,1,3
pilot3_train_600_as_trained,ttdf_404c1b18b8c7,3,3,PROCEDURAL_EXPLICIT,,,,,,1.0,1.0,0.0,1.0,1.0,1.0,,,5,0,2
pilot3_train_600_as_trained,ttdf_1212887f9519,2,2,UNCLASSIFIED,,,,,,0.5,0.5,0.5,0.125,0.0,0.0,,,1,0,1
pilot3_train_600_as_trained,ttdf_1944101ba044,2,2,PROCEDURAL_PARTIAL,,,,,,0.5,0.5,0.5,0.125,0.0,0.0,,,3,0,1
pilot3_train_600_as_trained,ttdf_c4b9bd3d8f9b,2,2,PROCEDURAL_PARTIAL,,,,,,0.5,0.5,0.5,0.125,0.0,0.0,,,3,0,0
pilot3_train_600_as_trained,ttdf_da8bde0dff1f,5,5,PROCEDURAL_EXPLICIT,,,,,,0.8,0.8,0.2,0.9,1.0,1.0,,,8,0,3
pilot3_train_600_as_trained,ttdf_33820d4ecd0d,5,5,PROCEDURAL_PARTIAL,,,,,,0.6,0.6,0.4,0.8,1.0,1.0,,,8,1,4
pilot3_train_600_as_trained,ttdf_ab3e20f5b9f5,2,2,PROCEDURAL_PARTIAL,,,,,,1.0,1.0,0.0,0.4,0.5,-1.0,,,1,0,1
pilot3_train_600_as_trained,ttdf_adb0a11b7c8e,3,3,PROCEDURAL_EXPLICIT,,,,,,0.6667,1.0,0.0,1.0,1.0,1.0,,,3,1,2
pilot3_train_600_as_trained,ttdf_7ac454e86368,3,3,PROCEDURAL_EXPLICIT,,,,,,1.0,1.0,0.0,1.0,1.0,1.0,,,6,2,2
pilot3_train_600_as_trained,ttdf_29bfff643f76,4,4,PROCEDURAL_PARTIAL,,,,,,0.75,0.75,0.25,0.45,0.6667,-0.3333,,,8,2,3
pilot3_train_600_as_trained,ttdf_626b144f651f,2,2,PROCEDURAL_EXPLICIT,,,,,,0.5,1.0,0.0,1.0,1.0,1.0,,,3,0,1
pilot3_train_600_as_trained,ttdf_709a6c29cef8,2,2,GOAL_BASED_IMPLICIT,,,,,,0.0,0.0,1.0,0.0,0.0,0.0,,,3,0,1
pilot3_train_600_as_trained,ttdf_9ddbf3736946,3,3,PROCEDURAL_PARTIAL,,,,,,0.3333,0.6667,0.3333,0.8333,1.0,1.0,,,5,0,2
pilot3_train_600_as_trained,ttdf_415f443311b4,2,2,PROCEDURAL_EXPLICIT,,,,,,1.0,1.0,0.0,1.0,1.0,1.0,,,3,0,1
pilot3_train_600_as_trained,ttdf_1da08641a085,5,5,PROCEDURAL_EXPLICIT,,,,,,1.0,1.0,0.0,1.0,1.0,1.0,,,10,6,4
pilot3_train_600_as_trained,ttdf_a7f57d6e2366,7,6+,PROCEDURAL_EXPLICIT,,,,,,0.8571,0.8571,0.1429,0.9286,1.0,1.0,,,14,8,6
pilot3_train_600_as_trained,ttdf_f143ef6a8d1a,7,6+,PROCEDURAL_EXPLICIT,,,,,,0.5714,0.8571,0.1429,0.7805,0.8333,0.8667,,,14,8,6
pilot3_train_600_as_trained,ttdf_4bf9490a9e1e,8,6+,PROCEDURAL_EXPLICIT,,,,,,0.75,0.875,0.125,0.8131,0.8571,0.9048,,,11,1,5
pilot3_train_600_as_trained,ttdf_4fb15030a374,2,2,PROCEDURAL_EXPLICIT,,,,,,0.5,1.0,0.0,1.0,1.0,1.0,,,3,2,1
pilot3_train_600_as_trained,ttdf_3bd0f2ffa9c7,2,2,PROCEDURAL_PARTIAL,,,,,,0.5,0.5,0.5,0.125,0.0,0.0,,,3,0,1
pilot3_train_600_as_trained,ttdf_a007fb88e5a8,5,5,PROCEDURAL_EXPLICIT,,,,,,0.8,0.8,0.2,0.9,1.0,1.0,,,11,7,4
pilot3_train_600_as_trained,ttdf_095955eab09a,3,3,PROCEDURAL_PARTIAL,,,,,,0.6667,0.6667,0.3333,0.8333,1.0,1.0,,,6,2,2
pilot3_train_600_as_trained,ttdf_ebcc48b28d17,7,6+,PROCEDURAL_PARTIAL,,,,,,0.5714,0.7143,0.2857,0.6857,0.8,0.8,,,14,1,6
pilot3_train_600_as_trained,ttdf_69b205909ba2,2,2,PROCEDURAL_EXPLICIT,,,,,,0.5,1.0,0.0,1.0,1.0,1.0,,,3,2,1
pilot3_train_600_as_trained,ttdf_91c17367ae01,4,4,PROCEDURAL_EXPLICIT,,,,,,0.75,1.0,0.0,1.0,1.0,1.0,,,4,1,3
pilot3_train_600_as_trained,ttdf_6d5d2df8e87e,2,2,PROCEDURAL_EXPLICIT,,,,,,1.0,1.0,0.0,1.0,1.0,1.0,,,4,3,1
pilot3_train_600_as_trained,ttdf_8a92a1d9bda8,2,2,PROCEDURAL_PARTIAL,,,,,,0.5,0.5,0.5,0.125,0.0,0.0,,,1,0,0
pilot3_train_600_as_trained,ttdf_57b5548d9406,3,3,PROCEDURAL_PARTIAL,,,,,,0.6667,0.6667,0.3333,0.8333,1.0,1.0,,,5,1,1
pilot3_train_600_as_trained,ttdf_adb3076a4249,4,4,PROCEDURAL_PARTIAL,,,,,,0.75,0.75,0.25,0.875,1.0,1.0,,,8,2,3
pilot3_train_600_as_trained,ttdf_dfa5d83b46bf,5,5,PROCEDURAL_PARTIAL,,,,,,0.4,0.6,0.4,0.8,1.0,1.0,,,10,6,4
pilot3_train_600_as_trained,ttdf_83a61f0aa532,5,5,PROCEDURAL_EXPLICIT,,,,,,0.6,1.0,0.0,0.76,0.8,0.6,,,10,6,4
pilot3_train_600_as_trained,ttdf_1ae91b3255c9,4,4,PROCEDURAL_PARTIAL,,,,,,0.5,0.75,0.25,0.875,1.0,1.0,,,5,2,3
pilot3_train_600_as_trained,ttdf_535a92504ff3,3,3,PROCEDURAL_EXPLICIT,,,,,,1.0,1.0,0.0,0.5333,0.6667,-0.3333,,,5,1,2
pilot3_train_600_as_trained,ttdf_27a65d5730a0,2,2,PROCEDURAL_EXPLICIT,,,,,,1.0,1.0,0.0,1.0,1.0,1.0,,,2,0,1
pilot3_train_600_as_trained,ttdf_7c7e391ab5eb,2,2,PROCEDURAL_EXPLICIT,,,,,,0.5,1.0,0.0,1.0,1.0,1.0,,,3,2,1
pilot3_train_600_as_trained,ttdf_7c2600233dfc,4,4,PROCEDURAL_EXPLICIT,,,,,,0.75,1.0,0.0,1.0,1.0,1.0,,,7,0,3
pilot3_train_600_as_trained,ttdf_7e3b94e5852d,3,3,PROCEDURAL_EXPLICIT,,,,,,1.0,1.0,0.0,0.5333,0.6667,-0.3333,,,4,1,2
pilot3_train_600_as_trained,ttdf_27aa7816b261,4,4,PROCEDURAL_PARTIAL,,,,,,0.5,0.5,0.5,0.275,0.5,-1.0,,,7,1,3
pilot3_train_600_as_trained,ttdf_9da280149954,2,2,PROCEDURAL_PARTIAL,,,,,,1.0,1.0,0.0,0.4,0.5,-1.0,,,1,0,1
pilot3_train_600_as_trained,ttdf_f44f7cd5c652,6,6+,PROCEDURAL_EXPLICIT,,,,,,0.8333,0.8333,0.1667,0.9167,1.0,1.0,,,11,0,5
pilot3_train_600_as_trained,ttdf_b0286c035ff7,5,5,PROCEDURAL_EXPLICIT,,,,,,0.6,1.0,0.0,1.0,1.0,1.0,,,11,7,4
pilot3_train_600_as_trained,ttdf_c60223f1aab8,2,2,PROCEDURAL_EXPLICIT,,,,,,1.0,1.0,0.0,1.0,1.0,1.0,,,1,0,0
pilot3_train_600_as_trained,ttdf_49ff06c5abb1,6,6+,PROCEDURAL_EXPLICIT,,,,,,0.8333,0.8333,0.1667,0.7333,0.8,0.8,,,13,2,5
pilot3_train_600_as_trained,ttdf_0969cde120d2,6,6+,PROCEDURAL_EXPLICIT,,,,,,0.8333,1.0,0.0,1.0,1.0,1.0,,,10,0,5
pilot3_train_600_as_trained,ttdf_b02ae36ee259,4,4,PROCEDURAL_EXPLICIT,,,,,,1.0,1.0,0.0,1.0,1.0,1.0,,,8,2,3
pilot3_train_600_as_trained,ttdf_88e4f6fda445,4,4,PROCEDURAL_EXPLICIT,,,,,,1.0,1.0,0.0,1.0,1.0,1.0,,,7,0,3
pilot3_train_600_as_trained,ttdf_945346f2dc33,4,4,PROCEDURAL_PARTIAL,,,,,,0.5,0.75,0.25,0.875,1.0,1.0,,,8,1,3
pilot3_train_600_as_trained,ttdf_3bbe27d74a4e,6,6+,PROCEDURAL_EXPLICIT,,,,,,0.8333,0.8333,0.1667,0.7333,0.8,0.8,,,8,2,6
pilot3_train_600_as_trained,ttdf_a27ee767b260,3,3,PROCEDURAL_EXPLICIT,,,,,,1.0,1.0,0.0,1.0,1.0,1.0,,,6,4,2
pilot3_train_600_as_trained,ttdf_1316b84679bc,6,6+,PROCEDURAL_EXPLICIT,,,,,,0.6667,0.8333,0.1667,0.9167,1.0,1.0,,,12,7,5
pilot3_train_600_as_trained,ttdf_fc21110cb919,6,6+,PROCEDURAL_PARTIAL,,,,,,0.6667,0.6667,0.3333,0.8333,1.0,1.0,,,7,1,6
pilot3_train_600_as_trained,ttdf_490928952434,2,2,PROCEDURAL_EXPLICIT,,,,,,0.5,1.0,0.0,1.0,1.0,1.0,,,3,0,1
pilot3_train_600_as_trained,ttdf_cfcc0bc5aede,2,2,PROCEDURAL_EXPLICIT,,,,,,1.0,1.0,0.0,1.0,1.0,1.0,,,1,0,0
pilot3_train_600_as_trained,ttdf_918a1b8e247c,6,6+,PROCEDURAL_EXPLICIT,,,,,,0.5,0.8333,0.1667,0.9167,1.0,1.0,,,11,0,5
pilot3_train_600_as_trained,ttdf_9ab3dd3108dd,4,4,PROCEDURAL_EXPLICIT,,,,,,0.75,1.0,0.0,1.0,1.0,1.0,,,7,1,3
pilot3_train_600_as_trained,ttdf_ca94c57fb5b6,3,3,PROCEDURAL_PARTIAL,,,,,,0.6667,0.6667,0.3333,0.8333,1.0,1.0,,,3,1,2
pilot3_train_600_as_trained,ttdf_4536494ea7cc,4,4,PROCEDURAL_PARTIAL,,,,,,0.75,0.75,0.25,0.875,1.0,1.0,,,6,0,3
pilot3_train_600_as_trained,ttdf_3bb23ee2abb5,3,3,PROCEDURAL_PARTIAL,,,,,,0.6667,0.6667,0.3333,0.8333,1.0,1.0,,,5,1,1
pilot3_train_600_as_trained,ttdf_2069d281661f,6,6+,PROCEDURAL_EXPLICIT,,,,,,0.8333,0.8333,0.1667,0.9167,1.0,1.0,,,11,6,5
pilot3_train_600_as_trained,ttdf_2fe2055ebf7a,7,6+,PROCEDURAL_EXPLICIT,,,,,,1.0,1.0,0.0,1.0,1.0,1.0,,,16,3,6
pilot3_train_600_as_trained,ttdf_e9eafc0422f4,3,3,PROCEDURAL_EXPLICIT,,,,,,1.0,1.0,0.0,1.0,1.0,1.0,,,3,1,2
pilot3_train_600_as_trained,ttdf_5aa8cec97f8c,7,6+,PROCEDURAL_EXPLICIT,,,,,,0.8571,0.8571,0.1429,0.7538,0.8333,0.7333,,,7,1,6
pilot3_train_600_as_trained,ttdf_f54696c90839,2,2,PROCEDURAL_EXPLICIT,,,,,,0.5,1.0,0.0,1.0,1.0,1.0,,,3,2,1
pilot3_train_600_as_trained,ttdf_1383b56ac315,2,2,PROCEDURAL_EXPLICIT,,,,,,1.0,1.0,0.0,1.0,1.0,1.0,,,3,2,1
pilot3_train_600_as_trained,ttdf_5ea97b9d2894,6,6+,PROCEDURAL_EXPLICIT,,,,,,0.8333,1.0,0.0,1.0,1.0,1.0,,,8,1,3
pilot3_train_600_as_trained,ttdf_c9965f79c448,8,6+,PROCEDURAL_PARTIAL,,,,,,0.75,0.75,0.25,0.5433,0.6667,0.4667,,,12,2,7
pilot3_train_600_as_trained,ttdf_1691c4ac38d4,4,4,PROCEDURAL_PARTIAL,,,,,,0.5,0.75,0.25,0.875,1.0,1.0,,,6,1,1
pilot3_train_600_as_trained,ttdf_6ef88f415ec8,2,2,PROCEDURAL_PARTIAL,,,,,,0.5,0.5,0.5,0.125,0.0,0.0,,,2,0,1
pilot3_train_600_as_trained,ttdf_1cc8cb9986f0,3,3,PROCEDURAL_PARTIAL,,,,,,0.6667,0.6667,0.3333,0.8333,1.0,1.0,,,5,3,2
pilot3_train_600_as_trained,ttdf_76ae9ab480c4,2,2,PROCEDURAL_EXPLICIT,,,,,,1.0,1.0,0.0,1.0,1.0,1.0,,,3,0,1
pilot3_train_600_as_trained,ttdf_0912a2d9b2db,4,4,PROCEDURAL_PARTIAL,,,,,,0.5,0.75,0.25,0.875,1.0,1.0,,,4,1,1
pilot3_train_600_as_trained,ttdf_05e5d3a5124e,3,3,PROCEDURAL_EXPLICIT,,,,,,1.0,1.0,0.0,1.0,1.0,1.0,,,5,0,2
pilot3_train_600_as_trained,ttdf_1497a25303af,5,5,PROCEDURAL_EXPLICIT,,,,,,0.8,1.0,0.0,0.68,0.8,0.2,,,8,1,4
pilot3_train_600_as_trained,ttdf_e26fa047f4d8,7,6+,PROCEDURAL_PARTIAL,,,,,,0.4286,0.5714,0.4286,0.7857,1.0,1.0,,,13,7,6
pilot3_train_600_as_trained,ttdf_9a9ce195b513,2,2,PROCEDURAL_EXPLICIT,,,,,,1.0,1.0,0.0,1.0,1.0,1.0,,,3,0,1
pilot3_train_600_as_trained,ttdf_7ad3b54cb7ef,4,4,PROCEDURAL_EXPLICIT,,,,,,1.0,1.0,0.0,0.7333,0.75,0.6667,,,8,5,3
pilot3_train_600_as_trained,ttdf_14c55897ced2,2,2,PROCEDURAL_EXPLICIT,,,,,,1.0,1.0,0.0,1.0,1.0,1.0,,,2,0,1
pilot3_train_600_as_trained,ttdf_36b57efe7392,5,5,PROCEDURAL_EXPLICIT,,,,,,1.0,1.0,0.0,0.76,0.8,0.6,,,10,1,4
pilot3_train_600_as_trained,ttdf_59367ab6b4d7,4,4,PROCEDURAL_EXPLICIT,,,,,,0.5,1.0,0.0,0.7333,0.75,0.6667,,,8,5,3
pilot3_train_600_as_trained,ttdf_42f2393a5eeb,5,5,PROCEDURAL_EXPLICIT,,,,,,1.0,1.0,0.0,1.0,1.0,1.0,,,11,7,4
pilot3_train_600_as_trained,ttdf_31c2cfd49449,7,6+,PROCEDURAL_EXPLICIT,,,,,,1.0,1.0,0.0,1.0,1.0,1.0,,,16,3,6
pilot3_train_600_as_trained,ttdf_65a3039cd6ed,3,3,PROCEDURAL_PARTIAL,,,,,,0.6667,0.6667,0.3333,0.8333,1.0,1.0,,,5,3,2
pilot3_train_600_as_trained,ttdf_3d662a8b3d5d,4,4,PROCEDURAL_EXPLICIT,,,,,,1.0,1.0,0.0,1.0,1.0,1.0,,,9,6,3
pilot3_train_600_as_trained,ttdf_c6bcd1f43a83,3,3,PROCEDURAL_EXPLICIT,,,,,,1.0,1.0,0.0,0.6,0.6667,0.3333,,,6,2,2
pilot3_train_600_as_trained,ttdf_72d564577ea1,6,6+,PROCEDURAL_EXPLICIT,,,,,,1.0,1.0,0.0,1.0,1.0,1.0,,,14,9,5
pilot3_train_600_as_trained,ttdf_0313a502dad3,5,5,PROCEDURAL_EXPLICIT,,,,,,1.0,1.0,0.0,1.0,1.0,1.0,,,9,5,4
pilot3_train_600_as_trained,ttdf_b2b56b137c8b,4,4,PROCEDURAL_PARTIAL,,,,,,0.75,0.75,0.25,0.875,1.0,1.0,,,9,6,3
pilot3_train_600_as_trained,ttdf_5aab74ea6a97,6,6+,PROCEDURAL_EXPLICIT,,,,,,0.8333,0.8333,0.1667,0.7333,0.8,0.8,,,13,8,5
pilot3_train_600_as_trained,ttdf_4f4cfd571d97,3,3,PROCEDURAL_PARTIAL,,,,,,0.6667,0.6667,0.3333,0.8333,1.0,1.0,,,3,0,2
pilot3_train_600_as_trained,ttdf_b83412597b54,4,4,PROCEDURAL_EXPLICIT,,,,,,1.0,1.0,0.0,0.7333,0.75,0.6667,,,5,2,3
pilot3_train_600_as_trained,ttdf_51827948d322,2,2,PROCEDURAL_PARTIAL,,,,,,0.5,0.5,0.5,0.125,0.0,0.0,,,2,0,1
pilot3_train_600_as_trained,ttdf_4202fca7f96c,5,5,PROCEDURAL_EXPLICIT,,,,,,1.0,1.0,0.0,0.52,0.6,0.2,,,9,5,4
pilot3_train_600_as_trained,ttdf_022175aa5072,7,6+,PROCEDURAL_EXPLICIT,,,,,,0.8571,0.8571,0.1429,0.5257,0.6667,0.2,,,13,1,6
pilot3_train_600_as_trained,ttdf_9c6752ff7b15,7,6+,PROCEDURAL_EXPLICIT,,,,,,1.0,1.0,0.0,1.0,1.0,1.0,,,14,8,6
pilot3_train_600_as_trained,ttdf_679788a6eb45,3,3,PROCEDURAL_EXPLICIT,,,,,,1.0,1.0,0.0,1.0,1.0,1.0,,,4,0,1
pilot3_train_600_as_trained,ttdf_90db64712927,2,2,PROCEDURAL_PARTIAL,,,,,,0.5,0.5,0.5,0.125,0.0,0.0,,,3,0,1
pilot3_train_600_as_trained,ttdf_ca9108b44831,3,3,PROCEDURAL_EXPLICIT,,,,,,0.6667,1.0,0.0,1.0,1.0,1.0,,,3,1,2
pilot3_train_600_as_trained,ttdf_3a37de07c8f3,2,2,PROCEDURAL_PARTIAL,,,,,,0.5,0.5,0.5,0.125,0.0,0.0,,,3,2,1
pilot3_train_600_as_trained,ttdf_dcb87329f6b3,6,6+,PROCEDURAL_PARTIAL,,,,,,0.5,0.5,0.5,0.75,1.0,1.0,,,12,7,5
pilot3_train_600_as_trained,ttdf_3ec78e041369,2,2,PROCEDURAL_EXPLICIT,,,,,,1.0,1.0,0.0,1.0,1.0,1.0,,,1,0,1
pilot3_train_600_as_trained,ttdf_47d6bafc289b,3,3,PROCEDURAL_PARTIAL,,,,,,0.6667,0.6667,0.3333,0.8333,1.0,1.0,,,5,1,2
pilot3_train_600_as_trained,ttdf_83ebd07be4f3,3,3,PROCEDURAL_EXPLICIT,,,,,,1.0,1.0,0.0,1.0,1.0,1.0,,,5,1,2
pilot3_train_600_as_trained,ttdf_363162f7a59a,5,5,PROCEDURAL_EXPLICIT,,,,,,1.0,1.0,0.0,1.0,1.0,1.0,,,11,7,4
pilot3_train_600_as_trained,ttdf_4567fb432b15,3,3,PROCEDURAL_EXPLICIT,,,,,,0.6667,1.0,0.0,1.0,1.0,1.0,,,6,4,2
pilot3_train_600_as_trained,ttdf_19f08919b197,3,3,PROCEDURAL_EXPLICIT,,,,,,1.0,1.0,0.0,1.0,1.0,1.0,,,6,2,2
pilot3_train_600_as_trained,ttdf_451069ca1428,2,2,PROCEDURAL_EXPLICIT,,,,,,1.0,1.0,0.0,1.0,1.0,1.0,,,2,0,1
pilot3_train_600_as_trained,ttdf_72456fbaceec,2,2,PROCEDURAL_EXPLICIT,,,,,,1.0,1.0,0.0,1.0,1.0,1.0,,,2,0,1
pilot3_train_600_as_trained,ttdf_c918ff392065,6,6+,PROCEDURAL_EXPLICIT,,,,,,0.8333,0.8333,0.1667,0.7333,0.8,0.8,,,9,0,3
pilot3_train_600_as_trained,ttdf_30262ae3333d,7,6+,PROCEDURAL_EXPLICIT,,,,,,0.8571,0.8571,0.1429,0.7538,0.8333,0.7333,,,15,9,6
pilot3_train_600_as_trained,ttdf_1691d81231be,3,3,PROCEDURAL_PARTIAL,,,,,,0.3333,0.6667,0.3333,0.8333,1.0,1.0,,,6,1,2
pilot3_train_600_as_trained,ttdf_2e2717475c74,2,2,PROCEDURAL_PARTIAL,,,,,,0.5,1.0,0.0,0.4,0.5,-1.0,,,1,0,1
pilot3_train_600_as_trained,ttdf_6fd76deaf2ef,2,2,PROCEDURAL_EXPLICIT,,,,,,1.0,1.0,0.0,1.0,1.0,1.0,,,3,2,1
pilot3_train_600_as_trained,ttdf_147d31b4dfa6,2,2,PROCEDURAL_EXPLICIT,,,,,,1.0,1.0,0.0,1.0,1.0,1.0,,,1,0,0
pilot3_train_600_as_trained,ttdf_f819339eabcf,2,2,PROCEDURAL_EXPLICIT,,,,,,1.0,1.0,0.0,1.0,1.0,1.0,,,3,2,1
pilot3_train_600_as_trained,ttdf_11e60195255a,2,2,PROCEDURAL_PARTIAL,,,,,,0.5,0.5,0.5,0.125,0.0,0.0,,,2,0,0
pilot3_train_600_as_trained,ttdf_b58eafc1260c,4,4,SEMI_IMPLICIT,,,,,,0.25,0.25,0.75,0.0625,0.0,0.0,,,7,1,3
pilot3_train_600_as_trained,ttdf_d4145b9444ed,3,3,PROCEDURAL_EXPLICIT,,,,,,1.0,1.0,0.0,1.0,1.0,1.0,,,3,1,2
pilot3_train_600_as_trained,ttdf_3cd519865c59,6,6+,PROCEDURAL_EXPLICIT,,,,,,0.8333,0.8333,0.1667,0.9167,1.0,1.0,,,11,6,5
pilot3_train_600_as_trained,ttdf_4cec37f76993,5,5,PROCEDURAL_PARTIAL,,,,,,0.8,0.8,0.2,0.6583,0.75,0.6667,,,4,0,4
pilot3_train_600_as_trained,ttdf_c52a7e265e33,3,3,PROCEDURAL_EXPLICIT,,,,,,1.0,1.0,0.0,1.0,1.0,1.0,,,5,1,2
pilot3_train_600_as_trained,ttdf_2b986e6bdea7,2,2,PROCEDURAL_PARTIAL,,,,,,0.5,0.5,0.5,0.125,0.0,0.0,,,3,2,1
pilot3_train_600_as_trained,ttdf_612e10b789bc,2,2,PROCEDURAL_EXPLICIT,,,,,,0.5,1.0,0.0,1.0,1.0,1.0,,,3,1,1
pilot3_train_600_as_trained,ttdf_a4c6ec0562d9,6,6+,PROCEDURAL_EXPLICIT,,,,,,0.8333,0.8333,0.1667,0.9167,1.0,1.0,,,10,0,5
pilot3_train_600_as_trained,ttdf_4a3fc5debb9d,5,5,PROCEDURAL_EXPLICIT,,,,,,1.0,1.0,0.0,0.8,0.8,0.8,,,9,5,4
pilot3_train_600_as_trained,ttdf_2bc38c9c4e20,3,3,PROCEDURAL_EXPLICIT,,,,,,1.0,1.0,0.0,1.0,1.0,1.0,,,7,1,3
pilot3_train_600_as_trained,ttdf_5ab1d2b6b663,2,2,PROCEDURAL_EXPLICIT,,,,,,1.0,1.0,0.0,1.0,1.0,1.0,,,3,0,1
pilot3_train_600_as_trained,ttdf_688d7095b683,4,4,PROCEDURAL_PARTIAL,,,,,,0.5,0.75,0.25,0.875,1.0,1.0,,,7,1,2
pilot3_train_600_as_trained,ttdf_1248c57efcc6,3,3,PROCEDURAL_PARTIAL,,,,,,0.6667,0.6667,0.3333,0.8333,1.0,1.0,,,5,1,2
pilot3_train_600_as_trained,ttdf_a22ec997fe59,4,4,PROCEDURAL_PARTIAL,,,,,,0.75,0.75,0.25,0.5167,0.6667,0.3333,,,7,1,3
pilot3_train_600_as_trained,ttdf_319508cf581c,2,2,PROCEDURAL_EXPLICIT,,,,,,1.0,1.0,0.0,1.0,1.0,1.0,,,2,0,1
pilot3_train_600_as_trained,ttdf_dafc1b2ddacc,2,2,PROCEDURAL_EXPLICIT,,,,,,1.0,1.0,0.0,1.0,1.0,1.0,,,3,0,1
pilot3_train_600_as_trained,ttdf_8d8527bbdc03,4,4,PROCEDURAL_PARTIAL,,,,,,0.75,0.75,0.25,0.875,1.0,1.0,,,7,1,3
pilot3_train_600_as_trained,ttdf_57b10ed8cf78,4,4,PROCEDURAL_PARTIAL,,,,,,0.75,0.75,0.25,0.875,1.0,1.0,,,9,2,3
pilot3_train_600_as_trained,ttdf_b0341ac4c9aa,2,2,PROCEDURAL_EXPLICIT,,,,,,1.0,1.0,0.0,1.0,1.0,1.0,,,3,1,1
pilot3_train_600_as_trained,ttdf_17d9120659cf,2,2,PROCEDURAL_PARTIAL,,,,,,0.5,0.5,0.5,0.125,0.0,0.0,,,2,0,1
pilot3_train_600_as_trained,ttdf_005efca1844f,2,2,PROCEDURAL_EXPLICIT,,,,,,1.0,1.0,0.0,1.0,1.0,1.0,,,3,2,1
pilot3_train_600_as_trained,ttdf_8b058331392f,2,2,PROCEDURAL_PARTIAL,,,,,,0.0,0.5,0.5,0.125,0.0,0.0,,,3,0,1
pilot3_train_600_as_trained,ttdf_b04dd3250bb1,3,3,PROCEDURAL_EXPLICIT,,,,,,1.0,1.0,0.0,1.0,1.0,1.0,,,6,4,2
pilot3_train_600_as_trained,ttdf_f4e3251080e5,3,3,PROCEDURAL_PARTIAL,,,,,,0.6667,0.6667,0.3333,0.8333,1.0,1.0,,,4,0,1
pilot3_train_600_as_trained,ttdf_d2a895e12a22,6,6+,PROCEDURAL_EXPLICIT,,,,,,0.8333,1.0,0.0,1.0,1.0,1.0,,,10,0,5
pilot3_train_600_as_trained,ttdf_b0e1313215db,2,2,PROCEDURAL_EXPLICIT,,,,,,1.0,1.0,0.0,1.0,1.0,1.0,,,3,0,1
pilot3_train_600_as_trained,ttdf_5f2eb8ec39ec,3,3,PROCEDURAL_EXPLICIT,,,,,,1.0,1.0,0.0,1.0,1.0,1.0,,,3,1,2
pilot3_train_600_as_trained,ttdf_106079237341,7,6+,PROCEDURAL_EXPLICIT,,,,,,0.7143,0.8571,0.1429,0.7805,0.8333,0.8667,,,7,1,2
pilot3_train_600_as_trained,ttdf_30604a02a4a5,2,2,PROCEDURAL_EXPLICIT,,,,,,1.0,1.0,0.0,1.0,1.0,1.0,,,3,2,1
pilot3_train_600_as_trained,ttdf_044a60c4e27e,6,6+,PROCEDURAL_PARTIAL,,,,,,0.5,0.6667,0.3333,0.8333,1.0,1.0,,,13,3,5
pilot3_train_600_as_trained,ttdf_05d62bcf105b,7,6+,PROCEDURAL_EXPLICIT,,,,,,0.8571,0.8571,0.1429,0.7538,0.8333,0.7333,,,13,1,6
pilot3_train_600_as_trained,ttdf_9608810991a9,4,4,PROCEDURAL_PARTIAL,,,,,,0.75,0.75,0.25,0.875,1.0,1.0,,,7,2,1
pilot3_train_600_as_trained,ttdf_9236b2118b75,3,3,PROCEDURAL_PARTIAL,,,,,,0.6667,0.6667,0.3333,0.8333,1.0,1.0,,,5,3,2
pilot3_train_600_as_trained,ttdf_388100fe8a5d,5,5,PROCEDURAL_EXPLICIT,,,,,,1.0,1.0,0.0,1.0,1.0,1.0,,,9,1,4
pilot3_train_600_as_trained,ttdf_04b00af46982,5,5,PROCEDURAL_EXPLICIT,,,,,,1.0,1.0,0.0,0.8,0.8,0.8,,,12,3,4
pilot3_train_600_as_trained,ttdf_8255f00ac007,2,2,PROCEDURAL_EXPLICIT,,,,,,1.0,1.0,0.0,1.0,1.0,1.0,,,2,0,1
pilot3_train_600_as_trained,ttdf_1774ca010efd,6,6+,PROCEDURAL_EXPLICIT,,,,,,1.0,1.0,0.0,0.6267,0.6667,0.4667,,,7,0,4
pilot3_train_600_as_trained,ttdf_5c1811f269c9,6,6+,PROCEDURAL_EXPLICIT,,,,,,0.8333,1.0,0.0,0.8133,0.8333,0.7333,,,9,0,3
pilot3_train_600_as_trained,ttdf_00e8c3231e5f,8,6+,PROCEDURAL_EXPLICIT,,,,,,1.0,1.0,0.0,0.5429,0.625,0.2143,,,14,1,7
pilot3_train_600_as_trained,ttdf_4e2a3eb7132f,8,6+,PROCEDURAL_EXPLICIT,,,,,,1.0,1.0,0.0,0.8714,0.875,0.8571,,,10,2,3
pilot3_train_600_as_trained,ttdf_7259ee23f0ab,4,4,PROCEDURAL_EXPLICIT,,,,,,0.75,1.0,0.0,1.0,1.0,1.0,,,5,0,1
pilot3_train_600_as_trained,ttdf_345e33c16f78,3,3,PROCEDURAL_PARTIAL,,,,,,0.6667,0.6667,0.3333,0.3167,0.5,-1.0,,,5,1,2
pilot3_train_600_as_trained,ttdf_102b350308ae,3,3,PROCEDURAL_EXPLICIT,,,,,,1.0,1.0,0.0,1.0,1.0,1.0,,,5,3,2
pilot3_train_600_as_trained,ttdf_2345b4ed0bee,3,3,PROCEDURAL_PARTIAL,,,,,,0.6667,0.6667,0.3333,0.8333,1.0,1.0,,,3,1,2
pilot3_train_600_as_trained,ttdf_ba79321fa94d,2,2,PROCEDURAL_EXPLICIT,,,,,,1.0,1.0,0.0,1.0,1.0,1.0,,,3,0,1
pilot3_train_600_as_trained,ttdf_3f37a8742f19,3,3,PROCEDURAL_EXPLICIT,,,,,,1.0,1.0,0.0,1.0,1.0,1.0,,,3,1,2
pilot3_train_600_as_trained,ttdf_e4e89fb61074,4,4,PROCEDURAL_EXPLICIT,,,,,,0.5,1.0,0.0,1.0,1.0,1.0,,,8,5,3
pilot3_train_600_as_trained,ttdf_688d7dfd53e2,4,4,PROCEDURAL_EXPLICIT,,,,,,1.0,1.0,0.0,1.0,1.0,1.0,,,5,2,3
pilot3_train_600_as_trained,ttdf_2537c818df85,2,2,PROCEDURAL_EXPLICIT,,,,,,1.0,1.0,0.0,1.0,1.0,1.0,,,1,0,1
pilot3_train_600_as_trained,ttdf_73a95eb94f13,2,2,PROCEDURAL_EXPLICIT,,,,,,0.5,1.0,0.0,0.4,0.5,-1.0,,,2,0,1
pilot3_train_600_as_trained,ttdf_ad5b49a1c4ab,2,2,PROCEDURAL_EXPLICIT,,,,,,1.0,1.0,0.0,1.0,1.0,1.0,,,3,0,1
pilot3_train_600_as_trained,ttdf_f5291abb4df5,5,5,PROCEDURAL_EXPLICIT,,,,,,0.6,0.8,0.2,0.6583,0.75,0.6667,,,11,7,4
pilot3_train_600_as_trained,ttdf_167a725e87ee,2,2,PROCEDURAL_EXPLICIT,,,,,,1.0,1.0,0.0,1.0,1.0,1.0,,,3,2,1
pilot3_train_600_as_trained,ttdf_29a5374ffa1c,4,4,PROCEDURAL_EXPLICIT,,,,,,1.0,1.0,0.0,0.6667,0.75,0.3333,,,7,4,3
pilot3_train_600_as_trained,ttdf_532d50f0732d,2,2,PROCEDURAL_PARTIAL,,,,,,0.5,0.5,0.5,0.125,0.0,0.0,,,3,0,1
pilot3_train_600_as_trained,ttdf_f21e2b3a1df3,5,5,PROCEDURAL_EXPLICIT,,,,,,0.8,0.8,0.2,0.9,1.0,1.0,,,9,5,4
pilot3_train_600_as_trained,ttdf_ed4a7e43fad4,7,6+,PROCEDURAL_EXPLICIT,,,,,,0.8571,1.0,0.0,1.0,1.0,1.0,,,7,1,6
pilot3_train_600_as_trained,ttdf_9be7c6634296,5,5,PROCEDURAL_EXPLICIT,,,,,,0.6,0.8,0.2,0.9,1.0,1.0,,,7,0,3
pilot3_train_600_as_trained,ttdf_4b8a1b98da61,4,4,PROCEDURAL_EXPLICIT,,,,,,0.5,1.0,0.0,1.0,1.0,1.0,,,3,0,3
pilot3_train_600_as_trained,ttdf_35d84caa80a4,8,6+,PROCEDURAL_EXPLICIT,,,,,,0.875,1.0,0.0,0.7143,0.75,0.5714,,,16,1,7
pilot3_train_600_as_trained,ttdf_bfbb9cf450ca,8,6+,PROCEDURAL_EXPLICIT,,,,,,0.75,0.875,0.125,0.5744,0.7143,0.2381,,,14,1,7
pilot3_train_600_as_trained,ttdf_8f88fd432c9f,3,3,PROCEDURAL_EXPLICIT,,,,,,1.0,1.0,0.0,1.0,1.0,1.0,,,6,1,2
pilot3_train_600_as_trained,ttdf_73596c9703cc,2,2,PROCEDURAL_EXPLICIT,,,,,,1.0,1.0,0.0,1.0,1.0,1.0,,,3,2,1
pilot3_train_600_as_trained,ttdf_598754ab0b49,2,2,PROCEDURAL_EXPLICIT,,,,,,1.0,1.0,0.0,1.0,1.0,1.0,,,1,0,1
pilot3_train_600_as_trained,ttdf_8c4efd16cc6a,4,4,PROCEDURAL_PARTIAL,,,,,,0.5,0.75,0.25,0.875,1.0,1.0,,,11,4,3
pilot3_train_600_as_trained,ttdf_272ce16153d2,2,2,PROCEDURAL_EXPLICIT,,,,,,0.5,1.0,0.0,1.0,1.0,1.0,,,1,0,0
pilot3_train_600_as_trained,ttdf_adabb13832c4,4,4,PROCEDURAL_PARTIAL,,,,,,0.75,0.75,0.25,0.875,1.0,1.0,,,9,6,3
pilot3_train_600_as_trained,ttdf_2416d321d9dc,6,6+,PROCEDURAL_PARTIAL,,,,,,0.6667,0.6667,0.3333,0.8333,1.0,1.0,,,13,8,5
pilot3_train_600_as_trained,ttdf_2b7b2e5311b5,3,3,PROCEDURAL_PARTIAL,,,,,,0.6667,0.6667,0.3333,0.8333,1.0,1.0,,,5,0,2
pilot3_train_600_as_trained,ttdf_8db5901e0f81,7,6+,PROCEDURAL_PARTIAL,,,,,,0.5714,0.7143,0.2857,0.8571,1.0,1.0,,,10,1,6
pilot3_train_600_as_trained,ttdf_c4f4e5696839,4,4,PROCEDURAL_EXPLICIT,,,,,,1.0,1.0,0.0,1.0,1.0,1.0,,,7,4,3
pilot3_train_600_as_trained,ttdf_3e34cd422236,3,3,PROCEDURAL_EXPLICIT,,,,,,1.0,1.0,0.0,1.0,1.0,1.0,,,4,0,2
pilot3_train_600_as_trained,ttdf_babe92909820,5,5,PROCEDURAL_EXPLICIT,,,,,,0.8,0.8,0.2,0.9,1.0,1.0,,,6,0,2
pilot3_train_600_as_trained,ttdf_42d2995a6f40,6,6+,PROCEDURAL_EXPLICIT,,,,,,1.0,1.0,0.0,0.7333,0.8333,0.3333,,,11,1,5
pilot3_train_600_as_trained,ttdf_1ae468c27d05,2,2,GOAL_BASED_IMPLICIT,,,,,,0.0,0.0,1.0,0.0,0.0,0.0,,,1,0,1
pilot3_train_600_as_trained,ttdf_deae1f887c12,2,2,PROCEDURAL_EXPLICIT,,,,,,1.0,1.0,0.0,1.0,1.0,1.0,,,3,0,1
pilot3_train_600_as_trained,ttdf_1900644b6130,3,3,PROCEDURAL_EXPLICIT,,,,,,0.6667,1.0,0.0,1.0,1.0,1.0,,,6,1,2
pilot3_train_600_as_trained,ttdf_0544aaee4722,8,6+,PROCEDURAL_EXPLICIT,,,,,,0.875,0.875,0.125,0.756,0.8571,0.619,,,13,1,4
pilot3_train_600_as_trained,ttdf_976c382204d3,6,6+,PROCEDURAL_PARTIAL,,,,,,0.5,0.6667,0.3333,0.8333,1.0,1.0,,,11,0,5
pilot3_train_600_as_trained,ttdf_f6b2887c6919,4,4,PROCEDURAL_EXPLICIT,,,,,,0.5,1.0,0.0,1.0,1.0,1.0,,,8,5,3
pilot3_train_600_as_trained,ttdf_1ed80d92835f,2,2,PROCEDURAL_EXPLICIT,,,,,,1.0,1.0,0.0,1.0,1.0,1.0,,,2,0,1
pilot3_train_600_as_trained,ttdf_7f5e25dcaf3a,7,6+,PROCEDURAL_PARTIAL,,,,,,0.5714,0.5714,0.4286,0.7857,1.0,1.0,,,14,2,6
pilot3_train_600_as_trained,ttdf_4b355213991f,2,2,PROCEDURAL_EXPLICIT,,,,,,1.0,1.0,0.0,1.0,1.0,1.0,,,3,0,1
pilot3_train_600_as_trained,ttdf_4258c552ac5e,4,4,PROCEDURAL_PARTIAL,,,,,,0.5,0.5,0.5,0.75,1.0,1.0,,,8,1,2
pilot3_train_600_as_trained,ttdf_0be5b6cb75ae,5,5,PROCEDURAL_PARTIAL,,,,,,0.6,0.6,0.4,0.8,1.0,1.0,,,6,0,4
pilot3_train_600_as_trained,ttdf_71260bf92acb,7,6+,PROCEDURAL_EXPLICIT,,,,,,0.7143,0.8571,0.1429,0.9286,1.0,1.0,,,13,0,6
pilot3_train_600_as_trained,ttdf_45c1968f9754,7,6+,PROCEDURAL_EXPLICIT,,,,,,0.8571,0.8571,0.1429,0.7271,0.8333,0.6,,,14,8,6
pilot3_train_600_as_trained,ttdf_8209223201ed,4,4,PROCEDURAL_PARTIAL,,,,,,0.75,0.75,0.25,0.45,0.6667,-0.3333,,,8,3,3
pilot3_train_600_as_trained,ttdf_5808df6fd315,7,6+,PROCEDURAL_PARTIAL,,,,,,0.5714,0.5714,0.4286,0.5726,0.75,0.6667,,,7,1,6
pilot3_train_600_as_trained,ttdf_2e4c515a13ac,5,5,PROCEDURAL_EXPLICIT,,,,,,0.6,0.8,0.2,0.9,1.0,1.0,,,5,1,4
pilot3_train_600_as_trained,ttdf_042a02215c83,2,2,PROCEDURAL_EXPLICIT,,,,,,1.0,1.0,0.0,1.0,1.0,1.0,,,2,0,0
pilot3_train_600_as_trained,ttdf_043985a8ce1c,2,2,PROCEDURAL_EXPLICIT,,,,,,0.5,1.0,0.0,1.0,1.0,1.0,,,3,2,1
pilot3_train_600_as_trained,ttdf_4dd3d4ca918b,6,6+,PROCEDURAL_PARTIAL,,,,,,0.6667,0.6667,0.3333,0.8333,1.0,1.0,,,8,0,3
pilot3_train_600_as_trained,ttdf_942dab9f4ab7,3,3,PROCEDURAL_EXPLICIT,,,,,,1.0,1.0,0.0,0.6,0.6667,0.3333,,,4,1,3
pilot3_train_600_as_trained,ttdf_89a5963f242c,2,2,PROCEDURAL_EXPLICIT,,,,,,0.5,1.0,0.0,1.0,1.0,1.0,,,4,1,1
pilot3_train_600_as_trained,ttdf_8a92590fcafb,7,6+,PROCEDURAL_PARTIAL,,,,,,0.7143,0.7143,0.2857,0.6857,0.8,0.8,,,14,8,6
pilot3_train_600_as_trained,ttdf_a6da9c250e6d,4,4,PROCEDURAL_EXPLICIT,,,,,,1.0,1.0,0.0,0.6667,0.75,0.3333,,,6,2,4
pilot3_train_600_as_trained,ttdf_2f4bbfee307c,4,4,PROCEDURAL_PARTIAL,,,,,,0.75,0.75,0.25,0.875,1.0,1.0,,,7,4,3
pilot3_train_600_as_trained,ttdf_1f0b826e72d8,6,6+,PROCEDURAL_PARTIAL,,,,,,0.6667,0.6667,0.3333,0.475,0.75,0.0,,,11,2,5
pilot3_train_600_as_trained,ttdf_bc49970de090,5,5,PROCEDURAL_EXPLICIT,,,,,,0.4,0.8,0.2,0.9,1.0,1.0,,,11,7,4
pilot3_train_600_as_trained,ttdf_2c2b2a75f3d9,4,4,PROCEDURAL_EXPLICIT,,,,,,0.5,1.0,0.0,1.0,1.0,1.0,,,4,1,3
pilot3_train_600_as_trained,ttdf_389d3366f389,5,5,PROCEDURAL_PARTIAL,,,,,,0.6,0.6,0.4,0.8,1.0,1.0,,,8,1,4
pilot3_train_600_as_trained,ttdf_8e8f45395b58,5,5,PROCEDURAL_EXPLICIT,,,,,,0.8,0.8,0.2,0.9,1.0,1.0,,,10,6,4
pilot3_train_600_as_trained,ttdf_5fcd314270c9,2,2,PROCEDURAL_PARTIAL,,,,,,0.5,0.5,0.5,0.125,0.0,0.0,,,1,0,0
pilot3_train_600_as_trained,ttdf_74caba03ffa6,2,2,PROCEDURAL_PARTIAL,,,,,,1.0,1.0,0.0,0.4,0.5,-1.0,,,1,0,1
pilot3_train_600_as_trained,ttdf_0e23839e393f,2,2,PROCEDURAL_EXPLICIT,,,,,,1.0,1.0,0.0,1.0,1.0,1.0,,,2,0,0
pilot3_train_600_as_trained,ttdf_9817de938d54,2,2,PROCEDURAL_EXPLICIT,,,,,,1.0,1.0,0.0,1.0,1.0,1.0,,,3,2,1
pilot3_train_600_as_trained,ttdf_d03e5a45636d,2,2,PROCEDURAL_EXPLICIT,,,,,,1.0,1.0,0.0,1.0,1.0,1.0,,,3,0,1
pilot3_train_600_as_trained,ttdf_fb2e22ddad48,6,6+,PROCEDURAL_PARTIAL,,,,,,0.6667,0.6667,0.3333,0.8333,1.0,1.0,,,6,1,5
pilot3_train_600_as_trained,ttdf_57df8d8c5bcb,8,6+,PROCEDURAL_EXPLICIT,,,,,,1.0,1.0,0.0,1.0,1.0,1.0,,,15,1,7
pilot3_train_600_as_trained,ttdf_57c581bfb890,2,2,PROCEDURAL_EXPLICIT,,,,,,1.0,1.0,0.0,1.0,1.0,1.0,,,2,0,0
pilot3_train_600_as_trained,ttdf_5180cb2f6371,6,6+,PROCEDURAL_EXPLICIT,,,,,,0.6667,0.8333,0.1667,0.9167,1.0,1.0,,,13,2,5
pilot3_train_600_as_trained,ttdf_a2107b27b9f6,4,4,PROCEDURAL_PARTIAL,,,,,,0.5,0.75,0.25,0.875,1.0,1.0,,,8,5,3
pilot3_train_600_as_trained,ttdf_286cc86ff982,3,3,PROCEDURAL_EXPLICIT,,,,,,1.0,1.0,0.0,1.0,1.0,1.0,,,3,1,2
pilot3_train_600_as_trained,ttdf_3fbf368af327,8,6+,PROCEDURAL_EXPLICIT,,,,,,0.875,0.875,0.125,0.794,0.8571,0.8095,,,10,0,3
pilot3_train_600_as_trained,ttdf_7966a158a707,2,2,PROCEDURAL_PARTIAL,,,,,,0.5,1.0,0.0,0.4,0.5,-1.0,,,1,0,1
pilot3_train_600_as_trained,ttdf_30a35ee0f7b0,8,6+,PROCEDURAL_PARTIAL,,,,,,0.5,0.625,0.375,0.8125,1.0,1.0,,,8,1,7
pilot3_train_600_as_trained,ttdf_15ad867d0427,8,6+,PROCEDURAL_EXPLICIT,,,,,,1.0,1.0,0.0,0.6286,0.625,0.6429,,,15,1,7
pilot3_train_600_as_trained,ttdf_bff0fbea4402,4,4,PROCEDURAL_EXPLICIT,,,,,,1.0,1.0,0.0,1.0,1.0,1.0,,,7,4,3
pilot3_train_600_as_trained,ttdf_a718c390925b,2,2,PROCEDURAL_EXPLICIT,,,,,,0.5,1.0,0.0,1.0,1.0,1.0,,,3,2,1
pilot3_train_600_as_trained,ttdf_35c96fe9aa1d,3,3,PROCEDURAL_PARTIAL,,,,,,0.6667,0.6667,0.3333,0.8333,1.0,1.0,,,3,1,2
pilot3_train_600_as_trained,ttdf_95dcc556032f,2,2,PROCEDURAL_PARTIAL,,,,,,0.5,0.5,0.5,0.125,0.0,0.0,,,2,0,0
pilot3_train_600_as_trained,ttdf_07bf20b2416e,6,6+,PROCEDURAL_EXPLICIT,,,,,,1.0,1.0,0.0,0.84,0.8333,0.8667,,,3,0,2
pilot3_train_600_as_trained,ttdf_dd16f3c5ea6b,8,6+,PROCEDURAL_EXPLICIT,,,,,,0.75,0.875,0.125,0.7179,0.8571,0.4286,,,15,2,7
pilot3_train_600_as_trained,ttdf_8d03a56c46fb,8,6+,PROCEDURAL_EXPLICIT,,,,,,0.875,0.875,0.125,0.8131,0.8571,0.9048,,,17,10,7
pilot3_train_600_as_trained,ttdf_42c6ff32be19,3,3,PROCEDURAL_EXPLICIT,,,,,,1.0,1.0,0.0,1.0,1.0,1.0,,,6,4,2
pilot3_train_600_as_trained,ttdf_af53bd8e666b,7,6+,PROCEDURAL_EXPLICIT,,,,,,1.0,1.0,0.0,0.7143,0.7143,0.7143,,,8,1,7
pilot3_train_600_as_trained,ttdf_015c87ad9318,5,5,PROCEDURAL_EXPLICIT,,,,,,0.4,0.8,0.2,0.6583,0.75,0.6667,,,11,7,4
pilot3_train_600_as_trained,ttdf_02c135e54555,3,3,PROCEDURAL_PARTIAL,,,,,,0.6667,0.6667,0.3333,0.8333,1.0,1.0,,,3,0,1
pilot3_train_600_as_trained,ttdf_8ace54b2becf,2,2,PROCEDURAL_EXPLICIT,,,,,,1.0,1.0,0.0,1.0,1.0,1.0,,,3,2,1
pilot3_train_600_as_trained,ttdf_604c28f7cc33,2,2,PROCEDURAL_PARTIAL,,,,,,0.5,0.5,0.5,0.125,0.0,0.0,,,2,0,1
pilot3_train_600_as_trained,ttdf_0ba79c037326,6,6+,PROCEDURAL_EXPLICIT,,,,,,0.6667,0.8333,0.1667,0.9167,1.0,1.0,,,9,0,4
pilot3_train_600_as_trained,ttdf_3f70f25e29c4,3,3,PROCEDURAL_EXPLICIT,,,,,,0.6667,1.0,0.0,1.0,1.0,1.0,,,5,3,2
pilot3_train_600_as_trained,ttdf_a3e335150ab7,6,6+,PROCEDURAL_EXPLICIT,,,,,,0.8333,0.8333,0.1667,0.7333,0.8,0.8,,,12,2,5
pilot3_train_600_as_trained,ttdf_9f47294a4d41,8,6+,PROCEDURAL_EXPLICIT,,,,,,1.0,1.0,0.0,0.8857,0.875,0.9286,,,10,1,4
pilot3_train_600_as_trained,ttdf_6f72f83d4da5,2,2,PROCEDURAL_EXPLICIT,,,,,,1.0,1.0,0.0,1.0,1.0,1.0,,,3,0,1
pilot3_train_600_as_trained,ttdf_4df65eb35420,3,3,PROCEDURAL_PARTIAL,,,,,,0.6667,0.6667,0.3333,0.8333,1.0,1.0,,,5,3,2
pilot3_train_600_as_trained,ttdf_223d724f24f7,8,6+,PROCEDURAL_PARTIAL,,,,,,0.625,0.75,0.25,0.875,1.0,1.0,,,16,9,7
pilot3_train_600_as_trained,ttdf_f172051cb77c,2,2,PROCEDURAL_EXPLICIT,,,,,,1.0,1.0,0.0,1.0,1.0,1.0,,,4,1,1
pilot3_train_600_as_trained,ttdf_c48004ec37d3,2,2,PROCEDURAL_EXPLICIT,,,,,,1.0,1.0,0.0,1.0,1.0,1.0,,,1,0,0
pilot3_train_600_as_trained,ttdf_598c896e67fa,6,6+,PROCEDURAL_EXPLICIT,,,,,,1.0,1.0,0.0,1.0,1.0,1.0,,,13,3,5
pilot3_train_600_as_trained,ttdf_bca37f91a397,8,6+,PROCEDURAL_EXPLICIT,,,,,,0.875,0.875,0.125,0.9375,1.0,1.0,,,15,0,7
pilot3_train_600_as_trained,ttdf_4e92cb94100a,6,6+,PROCEDURAL_EXPLICIT,,,,,,0.5,0.8333,0.1667,0.6133,0.8,0.2,,,11,1,5
pilot3_train_600_as_trained,ttdf_3625a6ad7a1c,5,5,PROCEDURAL_EXPLICIT,,,,,,1.0,1.0,0.0,1.0,1.0,1.0,,,10,6,4
pilot3_train_600_as_trained,ttdf_4753fd527f32,4,4,PROCEDURAL_EXPLICIT,,,,,,0.75,1.0,0.0,1.0,1.0,1.0,,,8,1,3
pilot3_train_600_as_trained,ttdf_5142b25ba487,8,6+,PROCEDURAL_EXPLICIT,,,,,,0.875,1.0,0.0,1.0,1.0,1.0,,,16,9,7
pilot3_train_600_as_trained,ttdf_7d383d22fb7a,3,3,PROCEDURAL_EXPLICIT,,,,,,1.0,1.0,0.0,1.0,1.0,1.0,,,5,2,1
pilot3_train_600_as_trained,ttdf_5cf310c39122,2,2,PROCEDURAL_PARTIAL,,,,,,0.5,0.5,0.5,0.125,0.0,0.0,,,3,2,1
pilot3_train_600_as_trained,ttdf_77d6e391115f,6,6+,PROCEDURAL_EXPLICIT,,,,,,0.8333,0.8333,0.1667,0.47,0.6,0.2,,,13,2,5
pilot3_train_600_as_trained,ttdf_9685c83f3dfc,5,5,PROCEDURAL_EXPLICIT,,,,,,0.4,1.0,0.0,0.8,0.8,0.8,,,10,6,4
pilot3_train_600_as_trained,ttdf_c47681b3d7a0,2,2,PROCEDURAL_PARTIAL,,,,,,0.0,0.5,0.5,0.125,0.0,0.0,,,3,0,1
pilot3_train_600_as_trained,ttdf_4a91c2d1c195,2,2,PROCEDURAL_PARTIAL,,,,,,0.5,0.5,0.5,0.125,0.0,0.0,,,2,0,1
pilot3_train_600_as_trained,ttdf_745515521de7,5,5,PROCEDURAL_PARTIAL,,,,,,0.6,0.6,0.4,0.8,1.0,1.0,,,10,6,4
pilot3_train_600_as_trained,ttdf_85cee35e2feb,4,4,PROCEDURAL_EXPLICIT,,,,,,0.75,1.0,0.0,0.6,0.75,0.0,,,6,0,3
pilot3_train_600_as_trained,ttdf_8768270c8a72,6,6+,PROCEDURAL_EXPLICIT,,,,,,1.0,1.0,0.0,1.0,1.0,1.0,,,12,7,5
pilot3_train_600_as_trained,ttdf_3f2e1b780bcd,6,6+,PROCEDURAL_EXPLICIT,,,,,,0.8333,0.8333,0.1667,0.6133,0.8,0.2,,,11,6,5
pilot3_train_600_as_trained,ttdf_19e4c1441f45,5,5,PROCEDURAL_EXPLICIT,,,,,,1.0,1.0,0.0,1.0,1.0,1.0,,,9,0,4
pilot3_train_600_as_trained,ttdf_49957a70aa3d,3,3,PROCEDURAL_PARTIAL,,,,,,0.6667,0.6667,0.3333,0.8333,1.0,1.0,,,1,0,0
pilot3_train_600_as_trained,ttdf_fe5ae9b9a99a,6,6+,PROCEDURAL_EXPLICIT,,,,,,1.0,1.0,0.0,0.7333,0.8333,0.3333,,,7,2,3
pilot3_train_600_as_trained,ttdf_bbdef43e44b4,2,2,PROCEDURAL_PARTIAL,,,,,,0.5,0.5,0.5,0.125,0.0,0.0,,,3,0,1
pilot3_train_600_as_trained,ttdf_54fcfb94bb86,2,2,PROCEDURAL_PARTIAL,,,,,,0.5,0.5,0.5,0.125,0.0,0.0,,,3,0,1
pilot3_train_600_as_trained,ttdf_f37bedb8e76d,5,5,PROCEDURAL_EXPLICIT,,,,,,0.6,0.8,0.2,0.9,1.0,1.0,,,10,6,4
pilot3_train_600_as_trained,ttdf_a9cc88f9be4e,3,3,PROCEDURAL_EXPLICIT,,,,,,1.0,1.0,0.0,1.0,1.0,1.0,,,3,0,2
pilot3_train_600_as_trained,ttdf_42ae658b30be,5,5,PROCEDURAL_EXPLICIT,,,,,,0.8,1.0,0.0,0.68,0.8,0.2,,,8,1,4
pilot3_train_600_as_trained,ttdf_a0494f4c9cb3,6,6+,PROCEDURAL_EXPLICIT,,,,,,0.8333,0.8333,0.1667,0.9167,1.0,1.0,,,12,7,5
pilot3_train_600_as_trained,ttdf_0e133bea3966,5,5,PROCEDURAL_EXPLICIT,,,,,,1.0,1.0,0.0,1.0,1.0,1.0,,,9,5,4
pilot3_train_600_as_trained,ttdf_6551d6cca40e,7,6+,PROCEDURAL_PARTIAL,,,,,,0.5714,0.7143,0.2857,0.6457,0.8,0.6,,,5,2,2
pilot3_train_600_as_trained,ttdf_28a45ed58282,4,4,PROCEDURAL_PARTIAL,,,,,,0.75,0.75,0.25,0.875,1.0,1.0,,,9,3,4
pilot3_train_600_as_trained,ttdf_04c828f63ace,3,3,PROCEDURAL_EXPLICIT,,,,,,0.6667,1.0,0.0,1.0,1.0,1.0,,,5,3,2
pilot3_train_600_as_trained,ttdf_6d81c8322a9f,7,6+,PROCEDURAL_EXPLICIT,,,,,,1.0,1.0,0.0,1.0,1.0,1.0,,,8,2,6
pilot3_train_600_as_trained,ttdf_94adadc888d5,2,2,PROCEDURAL_EXPLICIT,,,,,,1.0,1.0,0.0,1.0,1.0,1.0,,,3,2,1
pilot3_train_600_as_trained,ttdf_167fa399c2cd,8,6+,PROCEDURAL_EXPLICIT,,,,,,0.75,1.0,0.0,0.8714,0.875,0.8571,,,16,9,7
pilot3_train_600_as_trained,ttdf_2aae75098329,2,2,PROCEDURAL_PARTIAL,,,,,,0.5,0.5,0.5,0.125,0.0,0.0,,,2,0,0
pilot3_train_600_as_trained,ttdf_07515b82929a,2,2,PROCEDURAL_PARTIAL,,,,,,0.5,0.5,0.5,0.125,0.0,0.0,,,2,0,1
pilot3_train_600_as_trained,ttdf_43c376355925,5,5,PROCEDURAL_PARTIAL,,,,,,0.6,0.6,0.4,0.8,1.0,1.0,,,10,1,4
pilot3_train_600_as_trained,ttdf_58f1bcb515a6,6,6+,PROCEDURAL_EXPLICIT,,,,,,0.8333,0.8333,0.1667,0.7333,0.8,0.8,,,14,3,5
pilot3_train_600_as_trained,ttdf_476150708d3a,4,4,PROCEDURAL_EXPLICIT,,,,,,1.0,1.0,0.0,0.6,0.75,0.0,,,7,1,3
pilot3_train_600_as_trained,ttdf_05b7c324b339,5,5,PROCEDURAL_EXPLICIT,,,,,,1.0,1.0,0.0,0.8,0.8,0.8,,,8,0,4
pilot3_train_600_as_trained,ttdf_2ae133ee09f2,2,2,PROCEDURAL_EXPLICIT,,,,,,1.0,1.0,0.0,1.0,1.0,1.0,,,4,3,1
pilot3_train_600_as_trained,ttdf_e1f95e167774,8,6+,PROCEDURAL_PARTIAL,,,,,,0.625,0.75,0.25,0.875,1.0,1.0,,,9,1,1
pilot3_train_600_as_trained,ttdf_befdc6f60b41,4,4,PROCEDURAL_EXPLICIT,,,,,,1.0,1.0,0.0,0.7333,0.75,0.6667,,,5,2,3
pilot3_train_600_as_trained,ttdf_fdbda41fac60,6,6+,PROCEDURAL_EXPLICIT,,,,,,1.0,1.0,0.0,1.0,1.0,1.0,,,11,0,5
pilot3_train_600_as_trained,ttdf_042735ef3809,2,2,PROCEDURAL_EXPLICIT,,,,,,1.0,1.0,0.0,1.0,1.0,1.0,,,3,2,1
pilot3_train_600_as_trained,ttdf_4c95ada80faf,2,2,PROCEDURAL_EXPLICIT,,,,,,0.5,1.0,0.0,1.0,1.0,1.0,,,1,0,1
pilot3_train_600_as_trained,ttdf_660b4e71ed2b,3,3,PROCEDURAL_EXPLICIT,,,,,,1.0,1.0,0.0,1.0,1.0,1.0,,,3,0,3
pilot3_train_600_as_trained,ttdf_2ec99c8ed114,6,6+,PROCEDURAL_PARTIAL,,,,,,0.6667,0.6667,0.3333,0.8333,1.0,1.0,,,5,0,5
pilot3_train_600_as_trained,ttdf_24d44636b99b,6,6+,PROCEDURAL_EXPLICIT,,,,,,0.8333,0.8333,0.1667,0.9167,1.0,1.0,,,3,0,2
pilot3_train_600_as_trained,ttdf_c5d9d86b0ba2,2,2,PROCEDURAL_EXPLICIT,,,,,,1.0,1.0,0.0,1.0,1.0,1.0,,,2,0,0
pilot3_train_600_as_trained,ttdf_30f0bb5f9fd4,3,3,SEMI_IMPLICIT,,,,,,0.3333,0.3333,0.6667,0.0833,0.0,0.0,,,4,0,1
pilot3_train_600_as_trained,ttdf_4b3dc624a4eb,7,6+,PROCEDURAL_EXPLICIT,,,,,,1.0,1.0,0.0,0.8286,0.8571,0.7143,,,10,1,4
pilot3_train_600_as_trained,ttdf_9cd3d0ddf207,2,2,PROCEDURAL_EXPLICIT,,,,,,1.0,1.0,0.0,1.0,1.0,1.0,,,2,0,1
pilot3_train_600_as_trained,ttdf_2cf46c04a4b0,7,6+,PROCEDURAL_EXPLICIT,,,,,,0.2857,0.8571,0.1429,0.7538,0.8333,0.7333,,,8,1,7
pilot3_train_600_as_trained,ttdf_a7e393eef571,4,4,PROCEDURAL_PARTIAL,,,,,,0.5,0.75,0.25,0.875,1.0,1.0,,,7,1,3
pilot3_train_600_as_trained,ttdf_9ccc5f0deb30,8,6+,PROCEDURAL_PARTIAL,,,,,,0.75,0.75,0.25,0.875,1.0,1.0,,,15,0,7
pilot3_train_600_as_trained,ttdf_9390cdd7af1b,2,2,PROCEDURAL_EXPLICIT,,,,,,1.0,1.0,0.0,1.0,1.0,1.0,,,3,2,1
pilot3_train_600_as_trained,ttdf_0fd1d2ecd27d,3,3,PROCEDURAL_EXPLICIT,,,,,,0.6667,1.0,0.0,1.0,1.0,1.0,,,5,3,2
pilot3_train_600_as_trained,ttdf_378b533e2745,7,6+,PROCEDURAL_PARTIAL,,,,,,0.7143,0.7143,0.2857,0.8571,1.0,1.0,,,9,0,5
pilot3_train_600_as_trained,ttdf_83e671ddf6a4,6,6+,PROCEDURAL_PARTIAL,,,,,,0.6667,0.6667,0.3333,0.5417,0.75,0.3333,,,11,1,5
pilot3_train_600_as_trained,ttdf_9fb1d1728345,6,6+,PROCEDURAL_PARTIAL,,,,,,0.6667,0.6667,0.3333,0.5417,0.75,0.3333,,,10,0,4
pilot3_train_600_as_trained,ttdf_bb2cefbc5039,4,4,PROCEDURAL_PARTIAL,,,,,,0.5,0.5,0.5,0.75,1.0,1.0,,,8,2,3
pilot3_train_600_as_trained,ttdf_7e8a91761acf,6,6+,PROCEDURAL_PARTIAL,,,,,,0.6667,0.6667,0.3333,0.8333,1.0,1.0,,,11,1,5
pilot3_train_600_as_trained,ttdf_8992a1caa530,3,3,PROCEDURAL_EXPLICIT,,,,,,1.0,1.0,0.0,1.0,1.0,1.0,,,6,1,2
pilot3_train_600_as_trained,ttdf_4880b44499b2,4,4,PROCEDURAL_EXPLICIT,,,,,,0.5,1.0,0.0,1.0,1.0,1.0,,,5,1,4
pilot3_train_600_as_trained,ttdf_72cf6691c37b,3,3,PROCEDURAL_EXPLICIT,,,,,,1.0,1.0,0.0,0.5333,0.6667,-0.3333,,,5,1,2
pilot3_train_600_as_trained,ttdf_7a5a7f84ce47,2,2,PROCEDURAL_EXPLICIT,,,,,,1.0,1.0,0.0,1.0,1.0,1.0,,,3,0,1
pilot3_train_600_as_trained,ttdf_d88e1091ee6a,4,4,PROCEDURAL_PARTIAL,,,,,,0.75,0.75,0.25,0.875,1.0,1.0,,,3,0,3
pilot3_train_600_as_trained,ttdf_474ac92d487c,2,2,PROCEDURAL_EXPLICIT,,,,,,0.5,1.0,0.0,1.0,1.0,1.0,,,3,0,1
pilot3_train_600_as_trained,ttdf_3b84234b7282,5,5,PROCEDURAL_EXPLICIT,,,,,,0.8,0.8,0.2,0.9,1.0,1.0,,,9,5,4
pilot3_train_600_as_trained,ttdf_3e38b01ccb0a,6,6+,PROCEDURAL_PARTIAL,,,,,,0.3333,0.6667,0.3333,0.475,0.75,0.0,,,10,1,5
pilot3_train_600_as_trained,ttdf_15ac611f6417,2,2,PROCEDURAL_EXPLICIT,,,,,,1.0,1.0,0.0,1.0,1.0,1.0,,,3,0,1
pilot3_train_600_as_trained,ttdf_816befde1389,2,2,PROCEDURAL_EXPLICIT,,,,,,1.0,1.0,0.0,1.0,1.0,1.0,,,3,2,1
pilot3_train_600_as_trained,ttdf_b54f87395d6b,7,6+,PROCEDURAL_EXPLICIT,,,,,,0.5714,0.8571,0.1429,0.7538,0.8333,0.7333,,,13,1,6
pilot3_train_600_as_trained,ttdf_00a9b63f9539,2,2,PROCEDURAL_PARTIAL,,,,,,0.5,0.5,0.5,0.125,0.0,0.0,,,3,0,1
pilot3_train_600_as_trained,ttdf_2dede06cbc13,7,6+,PROCEDURAL_EXPLICIT,,,,,,1.0,1.0,0.0,0.8667,0.8571,0.9048,,,14,2,6
pilot3_train_600_as_trained,ttdf_b17613f8255a,2,2,PROCEDURAL_PARTIAL,,,,,,0.5,0.5,0.5,0.125,0.0,0.0,,,3,2,1
pilot3_train_600_as_trained,ttdf_ad05ffcd9cab,3,3,PROCEDURAL_PARTIAL,,,,,,0.6667,0.6667,0.3333,0.8333,1.0,1.0,,,6,1,2
pilot3_train_600_as_trained,ttdf_02aa75cd0269,2,2,PROCEDURAL_EXPLICIT,,,,,,1.0,1.0,0.0,1.0,1.0,1.0,,,4,1,1
pilot3_train_600_as_trained,ttdf_2571e64ff272,3,3,PROCEDURAL_EXPLICIT,,,,,,1.0,1.0,0.0,1.0,1.0,1.0,,,5,3,2
pilot3_train_600_as_trained,ttdf_96a0128f62cc,8,6+,PROCEDURAL_EXPLICIT,,,,,,0.875,0.875,0.125,0.6696,0.7143,0.7143,,,16,9,7
pilot3_train_600_as_trained,ttdf_afec574d6f47,3,3,PROCEDURAL_EXPLICIT,,,,,,1.0,1.0,0.0,1.0,1.0,1.0,,,6,1,2
pilot3_train_600_as_trained,ttdf_59d99b5be41d,6,6+,PROCEDURAL_EXPLICIT,,,,,,1.0,1.0,0.0,1.0,1.0,1.0,,,13,2,5
pilot3_train_600_as_trained,ttdf_1a01c6d536a4,6,6+,PROCEDURAL_EXPLICIT,,,,,,0.6667,0.8333,0.1667,0.9167,1.0,1.0,,,6,0,2
pilot3_train_600_as_trained,ttdf_31aafccd0bf1,2,2,PROCEDURAL_EXPLICIT,,,,,,1.0,1.0,0.0,1.0,1.0,1.0,,,3,2,1
pilot3_train_600_as_trained,ttdf_8a8b74a2c0e6,2,2,PROCEDURAL_PARTIAL,,,,,,0.5,0.5,0.5,0.125,0.0,0.0,,,3,0,1
pilot3_train_600_as_trained,ttdf_762653723791,4,4,PROCEDURAL_EXPLICIT,,,,,,0.75,1.0,0.0,1.0,1.0,1.0,,,8,1,3
pilot3_train_600_as_trained,ttdf_76274cd3924f,2,2,GOAL_BASED_IMPLICIT,,,,,,0.0,0.0,1.0,0.0,0.0,0.0,,,2,0,1
pilot3_train_600_as_trained,ttdf_a966bd3a5396,5,5,PROCEDURAL_EXPLICIT,,,,,,0.8,1.0,0.0,1.0,1.0,1.0,,,7,1,2
pilot3_train_600_as_trained,ttdf_94ec2545d3f9,2,2,PROCEDURAL_PARTIAL,,,,,,0.5,0.5,0.5,0.125,0.0,0.0,,,2,0,0
pilot3_train_600_as_trained,ttdf_1f942667d638,5,5,PROCEDURAL_EXPLICIT,,,,,,0.8,0.8,0.2,0.9,1.0,1.0,,,5,1,4
pilot3_train_600_as_trained,ttdf_aa4d18091e7c,3,3,PROCEDURAL_PARTIAL,,,,,,0.6667,0.6667,0.3333,0.8333,1.0,1.0,,,6,1,2
pilot3_train_600_as_trained,ttdf_226a8b503be2,6,6+,PROCEDURAL_EXPLICIT,,,,,,0.8333,0.8333,0.1667,0.6133,0.8,0.2,,,10,1,5
pilot3_train_600_as_trained,ttdf_5daf86b30448,2,2,PROCEDURAL_EXPLICIT,,,,,,0.5,1.0,0.0,1.0,1.0,1.0,,,4,1,1
pilot3_train_600_as_trained,ttdf_01d5035640b4,5,5,PROCEDURAL_EXPLICIT,,,,,,1.0,1.0,0.0,0.76,0.8,0.6,,,10,1,4
pilot3_train_600_as_trained,ttdf_38b1f24fdba4,3,3,PROCEDURAL_PARTIAL,,,,,,0.6667,0.6667,0.3333,0.8333,1.0,1.0,,,5,0,2
pilot3_train_600_as_trained,ttdf_5832b7b98c41,6,6+,PROCEDURAL_EXPLICIT,,,,,,0.8333,0.8333,0.1667,0.9167,1.0,1.0,,,9,1,5
pilot3_train_600_as_trained,ttdf_45ad58106d35,3,3,PROCEDURAL_EXPLICIT,,,,,,1.0,1.0,0.0,0.5333,0.6667,-0.3333,,,5,1,2
pilot3_train_600_as_trained,ttdf_c0ebd4abe203,4,4,PROCEDURAL_EXPLICIT,,,,,,0.75,1.0,0.0,1.0,1.0,1.0,,,3,0,3
pilot3_train_600_as_trained,ttdf_1b08044d3347,2,2,PROCEDURAL_EXPLICIT,,,,,,0.5,1.0,0.0,1.0,1.0,1.0,,,2,0,1
pilot3_train_600_as_trained,ttdf_91f70a505ca4,4,4,PROCEDURAL_PARTIAL,,,,,,0.5,0.5,0.5,0.75,1.0,1.0,,,7,1,3
pilot3_train_600_as_trained,ttdf_2a221535b494,6,6+,PROCEDURAL_EXPLICIT,,,,,,1.0,1.0,0.0,1.0,1.0,1.0,,,12,2,5
pilot3_train_600_as_trained,ttdf_958a3180b0d9,5,5,PROCEDURAL_EXPLICIT,,,,,,0.6,1.0,0.0,1.0,1.0,1.0,,,10,6,4
pilot3_train_600_as_trained,ttdf_04b7ba586605,6,6+,PROCEDURAL_EXPLICIT,,,,,,0.6667,0.8333,0.1667,0.9167,1.0,1.0,,,12,7,5
pilot3_train_600_as_trained,ttdf_1ce2c7843993,3,3,PROCEDURAL_PARTIAL,,,,,,0.6667,0.6667,0.3333,0.8333,1.0,1.0,,,6,1,2
pilot3_train_600_as_trained,ttdf_b10c27b5cca1,7,6+,PROCEDURAL_EXPLICIT,,,,,,0.8571,0.8571,0.1429,0.7538,0.8333,0.7333,,,14,1,6
pilot3_train_600_as_trained,ttdf_0612ae6230c8,6,6+,PROCEDURAL_PARTIAL,,,,,,0.8333,0.8333,0.1667,0.9167,1.0,1.0,,,5,0,5
pilot3_train_600_as_trained,ttdf_a0d0cd05f28f,7,6+,PROCEDURAL_EXPLICIT,,,,,,0.7143,0.8571,0.1429,0.7805,0.8333,0.8667,,,15,9,6
pilot3_train_600_as_trained,ttdf_664ae574e153,6,6+,PROCEDURAL_EXPLICIT,,,,,,0.6667,1.0,0.0,1.0,1.0,1.0,,,10,0,5
pilot3_train_600_as_trained,ttdf_46e374ef0eb3,7,6+,PROCEDURAL_EXPLICIT,,,,,,0.5714,0.8571,0.1429,0.5257,0.6667,0.2,,,14,2,6
pilot3_train_600_as_trained,ttdf_0fbe8dab0ea9,3,3,PROCEDURAL_EXPLICIT,,,,,,0.6667,1.0,0.0,0.5333,0.6667,-0.3333,,,5,1,2
pilot3_train_600_as_trained,ttdf_57d750445754,4,4,PROCEDURAL_EXPLICIT,,,,,,1.0,1.0,0.0,1.0,1.0,1.0,,,7,4,3
pilot3_train_600_as_trained,ttdf_ca2542bf0f5d,3,3,PROCEDURAL_EXPLICIT,,,,,,1.0,1.0,0.0,1.0,1.0,1.0,,,5,1,2
pilot3_train_600_as_trained,ttdf_04c6809aec9c,2,2,PROCEDURAL_EXPLICIT,,,,,,1.0,1.0,0.0,1.0,1.0,1.0,,,3,2,1
pilot3_train_600_as_trained,ttdf_0f3578f1cc38,2,2,PROCEDURAL_PARTIAL,,,,,,0.5,0.5,0.5,0.125,0.0,0.0,,,1,0,0
pilot3_train_600_as_trained,ttdf_68636cfd7d7e,6,6+,PROCEDURAL_EXPLICIT,,,,,,0.8333,0.8333,0.1667,0.9167,1.0,1.0,,,12,7,5
pilot3_train_600_as_trained,ttdf_00e79958e24a,8,6+,PROCEDURAL_EXPLICIT,,,,,,0.875,1.0,0.0,0.6571,0.75,0.2857,,,16,2,7
pilot3_train_600_as_trained,ttdf_5d53c82c0809,4,4,PROCEDURAL_PARTIAL,,,,,,0.75,0.75,0.25,0.45,0.6667,-0.3333,,,7,1,3
pilot3_train_600_as_trained,ttdf_33448ead7831,4,4,PROCEDURAL_EXPLICIT,,,,,,1.0,1.0,0.0,1.0,1.0,1.0,,,8,2,3
pilot3_train_600_as_trained,ttdf_5fdbe18cf1fa,3,3,PROCEDURAL_PARTIAL,,,,,,0.3333,0.6667,0.3333,0.8333,1.0,1.0,,,3,1,2
pilot3_train_600_as_trained,ttdf_4712e1a2c4fb,5,5,PROCEDURAL_EXPLICIT,,,,,,0.8,1.0,0.0,0.8,0.8,0.8,,,5,1,4
pilot3_train_600_as_trained,ttdf_84c06b653e41,2,2,UNCLASSIFIED,,,,,,0.5,0.5,0.5,0.125,0.0,0.0,,,1,0,1
pilot3_train_600_as_trained,ttdf_4395ab4804db,4,4,PROCEDURAL_PARTIAL,,,,,,0.75,0.75,0.25,0.875,1.0,1.0,,,8,5,3
pilot3_train_600_as_trained,ttdf_494229fe9fca,2,2,GOAL_BASED_IMPLICIT,,,,,,0.0,0.0,1.0,0.0,0.0,0.0,,,3,2,1
pilot3_train_600_as_trained,ttdf_32267dc3f1da,7,6+,PROCEDURAL_PARTIAL,,,,,,0.7143,0.7143,0.2857,0.8571,1.0,1.0,,,13,2,5
pilot3_train_600_as_trained,ttdf_7e159c255701,2,2,PROCEDURAL_PARTIAL,,,,,,0.5,0.5,0.5,0.125,0.0,0.0,,,1,0,0
pilot3_train_600_as_trained,ttdf_81085fa2f69b,6,6+,PROCEDURAL_EXPLICIT,,,,,,1.0,1.0,0.0,0.7867,0.8333,0.6,,,10,2,4
pilot3_train_600_as_trained,ttdf_e9e4a65219f2,3,3,PROCEDURAL_EXPLICIT,,,,,,1.0,1.0,0.0,1.0,1.0,1.0,,,4,1,3
pilot3_train_600_as_trained,ttdf_1c6595d7021b,2,2,PROCEDURAL_EXPLICIT,,,,,,1.0,1.0,0.0,1.0,1.0,1.0,,,3,0,1
pilot3_train_600_as_trained,ttdf_068257a109d7,2,2,PROCEDURAL_EXPLICIT,,,,,,1.0,1.0,0.0,1.0,1.0,1.0,,,3,2,1
pilot3_train_600_as_trained,ttdf_6d8c65add76f,2,2,PROCEDURAL_EXPLICIT,,,,,,1.0,1.0,0.0,1.0,1.0,1.0,,,3,2,1
pilot3_train_600_as_trained,ttdf_63807871db1c,4,4,PROCEDURAL_PARTIAL,,,,,,0.75,0.75,0.25,0.875,1.0,1.0,,,5,1,2
pilot3_train_600_as_trained,ttdf_26380a17b872,2,2,PROCEDURAL_EXPLICIT,,,,,,1.0,1.0,0.0,1.0,1.0,1.0,,,3,0,1
pilot3_train_600_as_trained,ttdf_14a8147546d7,2,2,PROCEDURAL_EXPLICIT,,,,,,1.0,1.0,0.0,1.0,1.0,1.0,,,1,0,1
pilot3_train_600_as_trained,ttdf_8869c4f11935,8,6+,PROCEDURAL_EXPLICIT,,,,,,0.875,0.875,0.125,0.775,0.8571,0.7143,,,15,1,7
pilot3_train_600_as_trained,ttdf_22702fcbe8a3,6,6+,PROCEDURAL_EXPLICIT,,,,,,0.8333,0.8333,0.1667,0.9167,1.0,1.0,,,12,7,5
pilot3_train_600_as_trained,ttdf_62046f3f6ffe,3,3,PROCEDURAL_EXPLICIT,,,,,,1.0,1.0,0.0,1.0,1.0,1.0,,,5,3,2
pilot3_train_600_as_trained,ttdf_7457ffcf1ead,6,6+,PROCEDURAL_EXPLICIT,,,,,,1.0,1.0,0.0,1.0,1.0,1.0,,,12,7,5
pilot3_train_600_as_trained,ttdf_7c2aa47eb2bb,2,2,PROCEDURAL_EXPLICIT,,,,,,1.0,1.0,0.0,1.0,1.0,1.0,,,3,0,1
pilot3_train_600_as_trained,ttdf_7a000576dfd2,2,2,PROCEDURAL_PARTIAL,,,,,,0.5,0.5,0.5,0.125,0.0,0.0,,,3,0,1
pilot3_train_600_as_trained,ttdf_11520fc95946,3,3,PROCEDURAL_EXPLICIT,,,,,,1.0,1.0,0.0,1.0,1.0,1.0,,,5,0,2
pilot3_train_600_as_trained,ttdf_206eda2ac240,8,6+,PROCEDURAL_PARTIAL,,,,,,0.75,0.75,0.25,0.6825,0.8333,0.6,,,5,0,5
pilot3_train_600_as_trained,ttdf_70d55db63b3b,8,6+,PROCEDURAL_PARTIAL,,,,,,0.625,0.75,0.25,0.57,0.6667,0.6,,,16,2,7
pilot3_train_600_as_trained,ttdf_91080051e670,8,6+,PROCEDURAL_EXPLICIT,,,,,,0.875,0.875,0.125,0.794,0.8571,0.8095,,,17,2,7
pilot3_train_600_as_trained,ttdf_f90211110faa,3,3,PROCEDURAL_PARTIAL,,,,,,0.6667,0.6667,0.3333,0.8333,1.0,1.0,,,3,1,2
pilot3_train_600_as_trained,ttdf_a36a302e3a68,5,5,PROCEDURAL_EXPLICIT,,,,,,0.8,0.8,0.2,0.9,1.0,1.0,,,7,0,4
pilot3_train_600_as_trained,ttdf_af99e5baf5f5,6,6+,PROCEDURAL_EXPLICIT,,,,,,1.0,1.0,0.0,0.84,0.8333,0.8667,,,6,1,5
pilot3_train_600_as_trained,ttdf_5c454cc41e6c,2,2,PROCEDURAL_EXPLICIT,,,,,,1.0,1.0,0.0,1.0,1.0,1.0,,,3,2,1
pilot3_train_600_as_trained,ttdf_f0f2f14457ce,4,4,PROCEDURAL_PARTIAL,,,,,,0.75,0.75,0.25,0.875,1.0,1.0,,,4,1,3
pilot3_train_600_as_trained,ttdf_79ec19983689,3,3,PROCEDURAL_PARTIAL,,,,,,0.6667,0.6667,0.3333,0.8333,1.0,1.0,,,6,4,2
pilot3_train_600_as_trained,ttdf_848c481de71b,8,6+,PROCEDURAL_PARTIAL,,,,,,0.625,0.75,0.25,0.5433,0.6667,0.4667,,,16,9,7
pilot3_train_600_as_trained,ttdf_1a6e38f0369c,2,2,PROCEDURAL_EXPLICIT,,,,,,1.0,1.0,0.0,1.0,1.0,1.0,,,2,0,1
pilot3_train_600_as_trained,ttdf_a6423c619dba,4,4,PROCEDURAL_EXPLICIT,,,,,,0.75,1.0,0.0,1.0,1.0,1.0,,,7,1,3
pilot3_train_600_as_trained,ttdf_0fee4023432b,7,6+,PROCEDURAL_PARTIAL,,,,,,0.7143,0.7143,0.2857,0.8571,1.0,1.0,,,14,1,6
pilot3_train_600_as_trained,ttdf_5f4dcc5a6695,3,3,PROCEDURAL_PARTIAL,,,,,,0.6667,0.6667,0.3333,0.8333,1.0,1.0,,,4,0,1
pilot3_train_600_as_trained,ttdf_8bac45d8d68d,4,4,PROCEDURAL_PARTIAL,,,,,,0.25,0.5,0.5,0.275,0.5,-1.0,,,7,1,3
pilot3_train_600_as_trained,ttdf_fa8096057ef6,7,6+,PROCEDURAL_EXPLICIT,,,,,,1.0,1.0,0.0,0.8476,0.8571,0.8095,,,13,1,6
pilot3_train_600_as_trained,ttdf_e968b48dc0e5,6,6+,PROCEDURAL_EXPLICIT,,,,,,0.8333,0.8333,0.1667,0.9167,1.0,1.0,,,11,1,5
pilot3_train_600_as_trained,ttdf_5a8417fec4cb,4,4,PROCEDURAL_EXPLICIT,,,,,,1.0,1.0,0.0,1.0,1.0,1.0,,,7,0,3
pilot3_train_600_as_trained,ttdf_e6f2b3e7ff4e,2,2,PROCEDURAL_EXPLICIT,,,,,,1.0,1.0,0.0,1.0,1.0,1.0,,,2,0,1
pilot3_train_600_as_trained,ttdf_7c6a18f54c13,4,4,PROCEDURAL_PARTIAL,,,,,,0.75,0.75,0.25,0.875,1.0,1.0,,,8,5,3
pilot3_train_600_as_trained,ttdf_d3f0b5f8d129,7,6+,PROCEDURAL_PARTIAL,,,,,,0.7143,0.7143,0.2857,0.6457,0.8,0.6,,,15,9,6
pilot3_train_600_as_trained,ttdf_17f5ccd9e333,3,3,PROCEDURAL_PARTIAL,,,,,,0.6667,0.6667,0.3333,0.3167,0.5,-1.0,,,5,1,2
pilot3_train_600_as_trained,ttdf_e6536ac88ba3,2,2,PROCEDURAL_EXPLICIT,,,,,,1.0,1.0,0.0,1.0,1.0,1.0,,,1,0,1
pilot3_train_600_as_trained,ttdf_6f8c0f3fb0a4,2,2,GOAL_BASED_IMPLICIT,,,,,,0.0,0.0,1.0,0.0,0.0,0.0,,,3,0,1
pilot3_train_600_as_trained,ttdf_f70368144623,6,6+,PROCEDURAL_PARTIAL,,,,,,0.5,0.6667,0.3333,0.5417,0.75,0.3333,,,12,3,4
pilot3_train_600_as_trained,ttdf_31e19c4441bb,2,2,PROCEDURAL_PARTIAL,,,,,,0.5,0.5,0.5,0.125,0.0,0.0,,,2,0,1
pilot3_train_600_as_trained,ttdf_056a34c97957,6,6+,PROCEDURAL_EXPLICIT,,,,,,0.8333,0.8333,0.1667,0.47,0.6,0.2,,,10,1,5
pilot3_train_600_as_trained,ttdf_14d3edcc7940,3,3,PROCEDURAL_PARTIAL,,,,,,0.6667,0.6667,0.3333,0.8333,1.0,1.0,,,5,1,2
pilot3_train_600_as_trained,ttdf_c3f36c1921ee,4,4,PROCEDURAL_EXPLICIT,,,,,,1.0,1.0,0.0,1.0,1.0,1.0,,,4,1,3
pilot3_train_600_as_trained,ttdf_65c102e8ae6e,4,4,PROCEDURAL_PARTIAL,,,,,,0.5,0.5,0.5,0.75,1.0,1.0,,,8,1,3
pilot3_train_600_as_trained,ttdf_4420895c6429,5,5,SEMI_IMPLICIT,,,,,,0.4,0.4,0.6,0.7,1.0,1.0,,,11,2,4
pilot3_train_600_as_trained,ttdf_9eba6fb494fb,3,3,PROCEDURAL_EXPLICIT,,,,,,1.0,1.0,0.0,1.0,1.0,1.0,,,5,3,2
pilot3_train_600_as_trained,ttdf_26c0a0246f17,2,2,PROCEDURAL_PARTIAL,,,,,,0.5,0.5,0.5,0.125,0.0,0.0,,,2,0,1
pilot3_train_600_as_trained,ttdf_e1547482ba51,2,2,PROCEDURAL_EXPLICIT,,,,,,1.0,1.0,0.0,1.0,1.0,1.0,,,2,0,0
pilot3_train_600_as_trained,ttdf_21cfed40077b,2,2,PROCEDURAL_EXPLICIT,,,,,,1.0,1.0,0.0,1.0,1.0,1.0,,,3,0,1
pilot3_train_600_as_trained,ttdf_05b4b3172980,2,2,PROCEDURAL_EXPLICIT,,,,,,1.0,1.0,0.0,1.0,1.0,1.0,,,3,2,1
pilot3_train_600_as_trained,ttdf_4f8b20ce66a0,3,3,PROCEDURAL_EXPLICIT,,,,,,0.6667,1.0,0.0,1.0,1.0,1.0,,,5,3,2
pilot3_train_600_as_trained,ttdf_9bebf639b493,6,6+,PROCEDURAL_PARTIAL,,,,,,0.6667,0.6667,0.3333,0.8333,1.0,1.0,,,7,1,3
pilot3_train_600_as_trained,ttdf_01382a10752a,8,6+,PROCEDURAL_PARTIAL,,,,,,0.625,0.625,0.375,0.8125,1.0,1.0,,,16,9,7
pilot3_train_600_as_trained,ttdf_e9212a7b9321,4,4,PROCEDURAL_PARTIAL,,,,,,0.5,0.5,0.5,0.75,1.0,1.0,,,8,1,3
pilot3_train_600_as_trained,ttdf_1da0a5216a24,3,3,PROCEDURAL_PARTIAL,,,,,,0.3333,0.6667,0.3333,0.8333,1.0,1.0,,,4,0,0
pilot3_train_600_as_trained,ttdf_bf50584d2761,2,2,PROCEDURAL_EXPLICIT,,,,,,1.0,1.0,0.0,1.0,1.0,1.0,,,3,2,1
pilot3_train_600_as_trained,ttdf_2dea76ac3bfb,4,4,SEMI_IMPLICIT,,,,,,0.25,0.25,0.75,0.0625,0.0,0.0,,,4,1,1
pilot3_train_600_as_trained,ttdf_2015b088a84d,4,4,PROCEDURAL_PARTIAL,,,,,,0.5,0.5,0.5,0.75,1.0,1.0,,,7,1,3
pilot3_train_600_as_trained,ttdf_3797b7e4ed31,2,2,PROCEDURAL_EXPLICIT,,,,,,1.0,1.0,0.0,1.0,1.0,1.0,,,3,2,1
pilot3_train_600_as_trained,ttdf_3900e78197dc,6,6+,PROCEDURAL_EXPLICIT,,,,,,1.0,1.0,0.0,0.84,0.8333,0.8667,,,14,9,5
pilot3_train_600_as_trained,ttdf_72bdb8dd4fbf,4,4,PROCEDURAL_EXPLICIT,,,,,,1.0,1.0,0.0,1.0,1.0,1.0,,,8,2,3
pilot3_train_600_as_trained,ttdf_19af7d9c2bf4,2,2,PROCEDURAL_EXPLICIT,,,,,,0.5,1.0,0.0,1.0,1.0,1.0,,,2,0,1
pilot3_train_600_as_trained,ttdf_4f9e7d9f04f2,6,6+,PROCEDURAL_EXPLICIT,,,,,,0.8333,1.0,0.0,0.84,0.8333,0.8667,,,12,7,5
pilot3_train_600_as_trained,ttdf_482318da5200,8,6+,PROCEDURAL_EXPLICIT,,,,,,0.875,1.0,0.0,0.8,0.875,0.5,,,14,1,7
pilot3_train_600_as_trained,ttdf_51ceb86c7206,7,6+,PROCEDURAL_EXPLICIT,,,,,,0.8571,1.0,0.0,0.6952,0.7143,0.619,,,14,1,6
pilot3_train_600_as_trained,ttdf_125144b72cb5,4,4,PROCEDURAL_PARTIAL,,,,,,0.25,0.75,0.25,0.875,1.0,1.0,,,7,1,2
pilot3_train_600_as_trained,ttdf_237356e3969f,8,6+,PROCEDURAL_PARTIAL,,,,,,0.75,0.75,0.25,0.7358,0.8333,0.8667,,,16,9,7
pilot3_train_600_as_trained,ttdf_093f5f1c7a5c,8,6+,PROCEDURAL_PARTIAL,,,,,,0.75,0.75,0.25,0.875,1.0,1.0,,,17,10,7
pilot3_train_600_as_trained,ttdf_b3a448109c83,7,6+,PROCEDURAL_EXPLICIT,,,,,,0.8571,1.0,0.0,0.8476,0.8571,0.8095,,,14,8,6
pilot3_train_600_as_trained,ttdf_1440dc5c63c9,3,3,PROCEDURAL_EXPLICIT,,,,,,1.0,1.0,0.0,1.0,1.0,1.0,,,6,1,2
pilot3_train_600_as_trained,ttdf_2ba45d04a9dd,5,5,PROCEDURAL_EXPLICIT,,,,,,0.8,0.8,0.2,0.9,1.0,1.0,,,10,6,4
pilot3_train_600_as_trained,ttdf_6ccc6416bf44,4,4,PROCEDURAL_EXPLICIT,,,,,,0.75,1.0,0.0,1.0,1.0,1.0,,,6,0,3
pilot3_train_600_as_trained,ttdf_a6e8cb98422e,3,3,PROCEDURAL_EXPLICIT,,,,,,1.0,1.0,0.0,1.0,1.0,1.0,,,4,1,1
pilot3_train_600_as_trained,ttdf_b7b859d7fe4a,3,3,PROCEDURAL_EXPLICIT,,,,,,1.0,1.0,0.0,0.5333,0.6667,-0.3333,,,5,1,2
pilot3_train_600_as_trained,ttdf_cb7a36ddabae,3,3,PROCEDURAL_EXPLICIT,,,,,,0.6667,1.0,0.0,1.0,1.0,1.0,,,6,4,2
pilot3_train_600_as_trained,ttdf_236b01183a43,2,2,PROCEDURAL_EXPLICIT,,,,,,1.0,1.0,0.0,1.0,1.0,1.0,,,3,2,1
pilot3_train_600_as_trained,ttdf_12ad41675137,6,6+,PROCEDURAL_PARTIAL,,,,,,0.8333,0.8333,0.1667,0.9167,1.0,1.0,,,5,0,5
pilot3_train_600_as_trained,ttdf_6c913463fac2,4,4,PROCEDURAL_PARTIAL,,,,,,0.25,0.5,0.5,0.75,1.0,1.0,,,7,0,3
pilot3_train_600_as_trained,ttdf_495789c59800,2,2,UNCLASSIFIED,,,,,,0.5,0.5,0.5,0.125,0.0,0.0,,,0,0,0
pilot3_train_600_as_trained,ttdf_01d62be12f8b,5,5,PROCEDURAL_EXPLICIT,,,,,,0.8,1.0,0.0,1.0,1.0,1.0,,,10,6,4
pilot3_train_600_as_trained,ttdf_46334ce4af23,3,3,PROCEDURAL_PARTIAL,,,,,,0.6667,0.6667,0.3333,0.8333,1.0,1.0,,,6,2,2
pilot3_train_600_as_trained,ttdf_02b841f1b4de,4,4,PROCEDURAL_EXPLICIT,,,,,,1.0,1.0,0.0,1.0,1.0,1.0,,,4,1,3
pilot3_train_600_as_trained,ttdf_045f760dd7ad,2,2,PROCEDURAL_PARTIAL,,,,,,0.5,0.5,0.5,0.125,0.0,0.0,,,3,0,1
pilot3_train_600_as_trained,ttdf_7e2558b02e75,3,3,PROCEDURAL_EXPLICIT,,,,,,1.0,1.0,0.0,1.0,1.0,1.0,,,3,1,2
pilot3_train_600_as_trained,ttdf_724671c5ac59,8,6+,PROCEDURAL_PARTIAL,,,,,,0.625,0.75,0.25,0.7358,0.8333,0.8667,,,15,8,7
pilot3_train_600_as_trained,ttdf_4e6ad70d5ff7,5,5,PROCEDURAL_PARTIAL,,,,,,0.6,0.6,0.4,0.8,1.0,1.0,,,10,6,4
pilot3_train_600_as_trained,ttdf_366bf203ad49,5,5,PROCEDURAL_EXPLICIT,,,,,,0.8,0.8,0.2,0.9,1.0,1.0,,,10,2,4
pilot3_train_600_as_trained,ttdf_c554ef822773,4,4,PROCEDURAL_EXPLICIT,,,,,,0.5,1.0,0.0,1.0,1.0,1.0,,,8,1,3
pilot3_train_600_as_trained,ttdf_18ca301514ef,3,3,PROCEDURAL_PARTIAL,,,,,,0.6667,0.6667,0.3333,0.8333,1.0,1.0,,,3,1,2
pilot3_train_600_as_trained,ttdf_5491747156bf,5,5,PROCEDURAL_EXPLICIT,,,,,,0.8,0.8,0.2,0.9,1.0,1.0,,,4,0,1
pilot3_train_600_as_trained,ttdf_40c0595c5731,5,5,PROCEDURAL_EXPLICIT,,,,,,0.6,0.8,0.2,0.9,1.0,1.0,,,10,1,4
pilot3_train_600_as_trained,ttdf_35b069fedb22,6,6+,PROCEDURAL_PARTIAL,,,,,,0.5,0.5,0.5,0.75,1.0,1.0,,,8,0,3
pilot3_train_600_as_trained,ttdf_04e494f5a70b,2,2,PROCEDURAL_EXPLICIT,,,,,,0.5,1.0,0.0,1.0,1.0,1.0,,,3,2,1
pilot3_train_600_as_trained,ttdf_2e21338fb682,4,4,PROCEDURAL_PARTIAL,,,,,,0.75,0.75,0.25,0.875,1.0,1.0,,,8,5,3
pilot3_train_600_as_trained,ttdf_8e92bbdc4215,3,3,PROCEDURAL_EXPLICIT,,,,,,1.0,1.0,0.0,1.0,1.0,1.0,,,3,1,2
pilot3_train_600_as_trained,ttdf_b3730830fe12,6,6+,PROCEDURAL_EXPLICIT,,,,,,1.0,1.0,0.0,0.6,0.6667,0.3333,,,9,0,3
pilot3_train_600_as_trained,ttdf_98305cbc07dd,6,6+,PROCEDURAL_EXPLICIT,,,,,,1.0,1.0,0.0,0.84,0.8333,0.8667,,,11,6,5
pilot3_train_600_as_trained,ttdf_5f94c7377864,5,5,PROCEDURAL_EXPLICIT,,,,,,1.0,1.0,0.0,0.68,0.8,0.2,,,8,1,4
pilot3_train_600_as_trained,ttdf_ffd0a69b3856,3,3,PROCEDURAL_EXPLICIT,,,,,,1.0,1.0,0.0,1.0,1.0,1.0,,,7,5,2
pilot3_train_600_as_trained,ttdf_03e3390fc795,5,5,PROCEDURAL_EXPLICIT,,,,,,0.8,1.0,0.0,1.0,1.0,1.0,,,10,6,4
pilot3_train_600_as_trained,ttdf_ab7821d19bfb,5,5,SEMI_IMPLICIT,,,,,,0.4,0.4,0.6,0.7,1.0,1.0,,,10,6,4
pilot3_train_600_as_trained,ttdf_87e48cdc84c4,6,6+,PROCEDURAL_EXPLICIT,,,,,,0.6667,1.0,0.0,0.8133,0.8333,0.7333,,,11,1,5
pilot3_train_600_as_trained,ttdf_0f03eee4c35d,4,4,PROCEDURAL_EXPLICIT,,,,,,1.0,1.0,0.0,1.0,1.0,1.0,,,8,1,3
pilot3_train_600_as_trained,ttdf_675e59088045,2,2,PROCEDURAL_EXPLICIT,,,,,,0.0,1.0,0.0,1.0,1.0,1.0,,,3,1,0
pilot3_train_600_as_trained,ttdf_2533314eefc3,4,4,PROCEDURAL_PARTIAL,,,,,,0.75,0.75,0.25,0.875,1.0,1.0,,,6,0,2
pilot3_train_600_as_trained,ttdf_d90a04554971,3,3,PROCEDURAL_EXPLICIT,,,,,,1.0,1.0,0.0,1.0,1.0,1.0,,,4,0,1
pilot3_train_600_as_trained,ttdf_67945aea207c,4,4,PROCEDURAL_PARTIAL,,,,,,0.75,0.75,0.25,0.875,1.0,1.0,,,5,1,0
pilot3_train_600_as_trained,ttdf_584edab3b3bc,2,2,UNCLASSIFIED,,,,,,0.5,0.5,0.5,0.125,0.0,0.0,,,1,0,1
pilot3_train_600_as_trained,ttdf_42de687464ef,3,3,GOAL_BASED_IMPLICIT,,,,,,0.0,0.0,1.0,0.0,0.0,0.0,,,5,0,2
pilot3_train_600_as_trained,ttdf_70097c176e33,2,2,PROCEDURAL_PARTIAL,,,,,,0.5,0.5,0.5,0.125,0.0,0.0,,,2,1,1
pilot3_train_600_as_trained,ttdf_7f520b4de5f4,2,2,PROCEDURAL_EXPLICIT,,,,,,1.0,1.0,0.0,1.0,1.0,1.0,,,3,1,0
pilot3_train_600_as_trained,ttdf_0ae0446ff61c,3,3,PROCEDURAL_EXPLICIT,,,,,,1.0,1.0,0.0,0.5333,0.6667,-0.3333,,,5,1,2
pilot3_train_600_as_trained,ttdf_83686e120a00,2,2,PROCEDURAL_PARTIAL,,,,,,0.5,0.5,0.5,0.125,0.0,0.0,,,2,0,1
pilot3_train_600_as_trained,ttdf_ac129f1b095f,3,3,PROCEDURAL_PARTIAL,,,,,,0.3333,0.6667,0.3333,0.8333,1.0,1.0,,,6,4,2
pilot3_train_600_as_trained,ttdf_19d4ef4b4aa3,2,2,PROCEDURAL_EXPLICIT,,,,,,1.0,1.0,0.0,1.0,1.0,1.0,,,1,0,1
pilot3_train_600_as_trained,ttdf_6079fc84fe88,6,6+,PROCEDURAL_EXPLICIT,,,,,,0.8333,0.8333,0.1667,0.9167,1.0,1.0,,,8,1,4
pilot3_train_600_as_trained,ttdf_7b1f2b3070ef,5,5,PROCEDURAL_PARTIAL,,,,,,0.6,0.6,0.4,0.8,1.0,1.0,,,10,2,4
pilot3_train_600_as_trained,ttdf_15df4f1288e3,6,6+,PROCEDURAL_EXPLICIT,,,,,,0.6667,0.8333,0.1667,0.9167,1.0,1.0,,,12,1,5
pilot3_train_600_as_trained,ttdf_b2c77370b70f,3,3,PROCEDURAL_PARTIAL,,,,,,0.6667,0.6667,0.3333,0.8333,1.0,1.0,,,4,0,1
pilot3_train_600_as_trained,ttdf_b87336bbd65b,2,2,PROCEDURAL_EXPLICIT,,,,,,1.0,1.0,0.0,1.0,1.0,1.0,,,3,0,1
pilot3_train_600_as_trained,ttdf_22fecec0e091,8,6+,PROCEDURAL_PARTIAL,,,,,,0.75,0.75,0.25,0.7358,0.8333,0.8667,,,19,12,7
pilot3_train_600_as_trained,ttdf_432de380a593,6,6+,PROCEDURAL_EXPLICIT,,,,,,0.8333,0.8333,0.1667,0.7333,0.8,0.8,,,13,2,5
pilot3_train_600_as_trained,ttdf_735f00969599,5,5,PROCEDURAL_EXPLICIT,,,,,,1.0,1.0,0.0,1.0,1.0,1.0,,,6,1,1
pilot3_train_600_as_trained,ttdf_06019677ff02,5,5,PROCEDURAL_EXPLICIT,,,,,,1.0,1.0,0.0,0.52,0.6,0.2,,,8,1,4
pilot3_train_600_as_trained,ttdf_6eeb168023b3,2,2,PROCEDURAL_EXPLICIT,,,,,,1.0,1.0,0.0,1.0,1.0,1.0,,,3,0,1
pilot3_train_600_as_trained,ttdf_a8c5563d13cb,8,6+,PROCEDURAL_EXPLICIT,,,,,,0.75,0.875,0.125,0.9375,1.0,1.0,,,17,10,7
pilot3_train_600_as_trained,ttdf_04be5e4c07ea,3,3,SEMI_IMPLICIT,,,,,,0.3333,0.3333,0.6667,0.0833,0.0,0.0,,,3,1,2
pilot3_train_600_as_trained,ttdf_94fa175774e9,4,4,PROCEDURAL_PARTIAL,,,,,,0.5,0.5,0.5,0.75,1.0,1.0,,,8,1,3
pilot3_train_600_as_trained,ttdf_1a7d4c7d2e73,2,2,PROCEDURAL_EXPLICIT,,,,,,1.0,1.0,0.0,1.0,1.0,1.0,,,3,2,1
pilot3_train_600_as_trained,ttdf_036f095b0568,2,2,PROCEDURAL_EXPLICIT,,,,,,1.0,1.0,0.0,1.0,1.0,1.0,,,1,0,0
pilot3_train_600_as_trained,ttdf_76efe46f65fd,2,2,PROCEDURAL_EXPLICIT,,,,,,0.5,1.0,0.0,1.0,1.0,1.0,,,3,0,1
pilot3_train_600_as_trained,ttdf_323e7a9a3c96,6,6+,PROCEDURAL_EXPLICIT,,,,,,0.8333,0.8333,0.1667,0.9167,1.0,1.0,,,10,0,5
pilot3_train_600_as_trained,ttdf_18823f7abe99,6,6+,PROCEDURAL_EXPLICIT,,,,,,0.8333,1.0,0.0,0.7333,0.8333,0.3333,,,10,0,5
pilot3_train_600_as_trained,ttdf_c9fd563a2130,4,4,PROCEDURAL_EXPLICIT,,,,,,0.5,1.0,0.0,1.0,1.0,1.0,,,8,5,3
pilot3_train_600_as_trained,ttdf_1e0426c73522,3,3,SEMI_IMPLICIT,,,,,,0.3333,0.3333,0.6667,0.0833,0.0,0.0,,,3,1,2
pilot3_train_600_as_trained,ttdf_ddcd14ea6ab4,2,2,PROCEDURAL_PARTIAL,,,,,,0.5,0.5,0.5,0.125,0.0,0.0,,,2,0,1
pilot3_train_600_as_trained,ttdf_b5b6c11ae125,2,2,PROCEDURAL_PARTIAL,,,,,,0.5,0.5,0.5,0.125,0.0,0.0,,,2,0,1
pilot3_train_600_as_trained,ttdf_74a939511057,2,2,PROCEDURAL_PARTIAL,,,,,,0.5,0.5,0.5,0.125,0.0,0.0,,,3,0,1
pilot3_train_600_as_trained,ttdf_521bed61d0bb,2,2,PROCEDURAL_EXPLICIT,,,,,,1.0,1.0,0.0,1.0,1.0,1.0,,,2,0,1
pilot3_train_600_as_trained,ttdf_482d0afe7a13,2,2,PROCEDURAL_EXPLICIT,,,,,,1.0,1.0,0.0,1.0,1.0,1.0,,,4,1,1
pilot3_train_600_as_trained,ttdf_43f913b39f2b,2,2,PROCEDURAL_EXPLICIT,,,,,,1.0,1.0,0.0,1.0,1.0,1.0,,,3,0,1
pilot3_train_600_as_trained,ttdf_e32f4e07d6e7,7,6+,PROCEDURAL_EXPLICIT,,,,,,0.7143,0.8571,0.1429,0.9286,1.0,1.0,,,14,1,6
pilot3_train_600_as_trained,ttdf_0ce8913d0334,2,2,PROCEDURAL_PARTIAL,,,,,,0.5,0.5,0.5,0.125,0.0,0.0,,,3,2,1
pilot3_train_600_as_trained,ttdf_a96ccd022b4c,4,4,PROCEDURAL_PARTIAL,,,,,,0.5,0.5,0.5,0.75,1.0,1.0,,,3,0,3
pilot3_train_600_as_trained,ttdf_1fe43c61c06d,4,4,PROCEDURAL_PARTIAL,,,,,,0.75,0.75,0.25,0.875,1.0,1.0,,,4,1,1
pilot3_train_600_as_trained,ttdf_a3edadbab496,2,2,UNCLASSIFIED,,,,,,0.5,0.5,0.5,0.125,0.0,0.0,,,1,0,1
pilot3_train_600_as_trained,ttdf_7b8db9955d51,6,6+,PROCEDURAL_EXPLICIT,,,,,,0.8333,1.0,0.0,1.0,1.0,1.0,,,9,1,3
pilot3_train_600_as_trained,ttdf_4f6d50bbe220,2,2,PROCEDURAL_EXPLICIT,,,,,,1.0,1.0,0.0,1.0,1.0,1.0,,,3,2,1
pilot3_train_600_as_trained,ttdf_68cd4c3fd726,6,6+,PROCEDURAL_EXPLICIT,,,,,,1.0,1.0,0.0,0.7867,0.8333,0.6,,,7,1,6
pilot3_train_600_as_trained,ttdf_4c2bafc00fb5,3,3,PROCEDURAL_EXPLICIT,,,,,,1.0,1.0,0.0,1.0,1.0,1.0,,,7,5,2
pilot3_train_600_as_trained,ttdf_c4f7a98f0bab,3,3,PROCEDURAL_EXPLICIT,,,,,,1.0,1.0,0.0,1.0,1.0,1.0,,,5,1,2
pilot3_train_600_as_trained,ttdf_15b13550bf04,2,2,PROCEDURAL_PARTIAL,,,,,,0.5,0.5,0.5,0.125,0.0,0.0,,,1,0,0
pilot3_train_600_worktree,ttdf_2134f49bd3ad,5,5,PROCEDURAL_EXPLICIT,,,,,,0.6,0.8,0.2,0.9,1.0,1.0,,,11,7,4
pilot3_train_600_worktree,ttdf_a59ae8939796,5,5,PROCEDURAL_PARTIAL,,,,,,0.6,0.6,0.4,0.8,1.0,1.0,,,9,1,3
pilot3_train_600_worktree,ttdf_562e14e68ec4,2,2,PROCEDURAL_EXPLICIT,,,,,,1.0,1.0,0.0,1.0,1.0,1.0,,,1,0,1
pilot3_train_600_worktree,ttdf_4753fd527f32,4,4,PROCEDURAL_EXPLICIT,,,,,,0.75,1.0,0.0,1.0,1.0,1.0,,,8,1,3
pilot3_train_600_worktree,ttdf_a67dd02aea22,3,3,PROCEDURAL_PARTIAL,,,,,,0.3333,0.6667,0.3333,0.8333,1.0,1.0,,,7,1,2
pilot3_train_600_worktree,ttdf_2930e4ea8e12,7,6+,PROCEDURAL_EXPLICIT,,,,,,0.7143,0.8571,0.1429,0.7538,0.8333,0.7333,,,12,0,4
pilot3_train_600_worktree,ttdf_5142b25ba487,8,6+,PROCEDURAL_EXPLICIT,,,,,,0.875,1.0,0.0,1.0,1.0,1.0,,,16,9,7
pilot3_train_600_worktree,ttdf_3890bd39e665,2,2,PROCEDURAL_EXPLICIT,,,,,,1.0,1.0,0.0,1.0,1.0,1.0,,,3,0,1
pilot3_train_600_worktree,ttdf_532d50f0732d,2,2,PROCEDURAL_PARTIAL,,,,,,0.5,0.5,0.5,0.125,0.0,0.0,,,3,0,1
pilot3_train_600_worktree,ttdf_0912a2d9b2db,4,4,PROCEDURAL_PARTIAL,,,,,,0.5,0.75,0.25,0.875,1.0,1.0,,,4,1,1
pilot3_train_600_worktree,ttdf_206eda2ac240,8,6+,PROCEDURAL_PARTIAL,,,,,,0.75,0.75,0.25,0.6825,0.8333,0.6,,,5,0,5
pilot3_train_600_worktree,ttdf_8b4d367aa455,2,2,PROCEDURAL_EXPLICIT,,,,,,1.0,1.0,0.0,1.0,1.0,1.0,,,1,0,1
pilot3_train_600_worktree,ttdf_4372e82cfaea,3,3,PROCEDURAL_EXPLICIT,,,,,,0.6667,1.0,0.0,1.0,1.0,1.0,,,6,4,2
pilot3_train_600_worktree,ttdf_287fde663010,8,6+,PROCEDURAL_PARTIAL,,,,,,0.625,0.75,0.25,0.875,1.0,1.0,,,16,1,7
pilot3_train_600_worktree,ttdf_6f1063fd2398,7,6+,PROCEDURAL_EXPLICIT,,,,,,0.8571,0.8571,0.1429,0.9286,1.0,1.0,,,6,1,3
pilot3_train_600_worktree,ttdf_01f1f3477121,5,5,SEMI_IMPLICIT,,,,,,0.2,0.4,0.6,0.7,1.0,1.0,,,8,1,3
pilot3_train_600_worktree,ttdf_30257f6cbd9c,5,5,PROCEDURAL_PARTIAL,,,,,,0.6,0.6,0.4,0.8,1.0,1.0,,,8,1,4
pilot3_train_600_worktree,ttdf_2b01f67e9a1d,4,4,PROCEDURAL_EXPLICIT,,,,,,1.0,1.0,0.0,1.0,1.0,1.0,,,4,0,2
pilot3_train_600_worktree,ttdf_6ce24f7abecb,4,4,PROCEDURAL_EXPLICIT,,,,,,1.0,1.0,0.0,1.0,1.0,1.0,,,4,1,3
pilot3_train_600_worktree,ttdf_535dbe9527dd,2,2,PROCEDURAL_EXPLICIT,,,,,,1.0,1.0,0.0,1.0,1.0,1.0,,,3,1,0
pilot3_train_600_worktree,ttdf_9989ceca2df4,3,3,PROCEDURAL_PARTIAL,,,,,,0.6667,0.6667,0.3333,0.8333,1.0,1.0,,,6,4,2
pilot3_train_600_worktree,ttdf_762653723791,4,4,PROCEDURAL_EXPLICIT,,,,,,0.75,1.0,0.0,1.0,1.0,1.0,,,8,1,3
pilot3_train_600_worktree,ttdf_32bbf29428a3,2,2,PROCEDURAL_EXPLICIT,,,,,,1.0,1.0,0.0,1.0,1.0,1.0,,,3,0,1
pilot3_train_600_worktree,ttdf_65fef5d2a589,4,4,PROCEDURAL_EXPLICIT,,,,,,0.75,1.0,0.0,1.0,1.0,1.0,,,8,5,3
pilot3_train_600_worktree,ttdf_9814264bbca9,2,2,PROCEDURAL_PARTIAL,,,,,,0.5,0.5,0.5,0.125,0.0,0.0,,,3,2,1
pilot3_train_600_worktree,ttdf_6c2b44eaafa2,3,3,PROCEDURAL_EXPLICIT,,,,,,1.0,1.0,0.0,1.0,1.0,1.0,,,1,0,0
pilot3_train_600_worktree,ttdf_36094f981041,6,6+,PROCEDURAL_EXPLICIT,,,,,,1.0,1.0,0.0,1.0,1.0,1.0,,,6,1,5
pilot3_train_600_worktree,ttdf_4ee189eb3fb1,5,5,SEMI_IMPLICIT,,,,,,0.4,0.4,0.6,0.7,1.0,1.0,,,8,0,4
pilot3_train_600_worktree,ttdf_0bb1edecd7d4,4,4,PROCEDURAL_PARTIAL,,,,,,0.5,0.75,0.25,0.875,1.0,1.0,,,6,0,2
pilot3_train_600_worktree,ttdf_2210f8e4201b,3,3,PROCEDURAL_PARTIAL,,,,,,0.3333,0.6667,0.3333,0.8333,1.0,1.0,,,4,1,3
pilot3_train_600_worktree,ttdf_142e470b86c2,7,6+,PROCEDURAL_EXPLICIT,,,,,,1.0,1.0,0.0,0.8667,0.8571,0.9048,,,15,9,6
pilot3_train_600_worktree,ttdf_009269876b66,6,6+,PROCEDURAL_EXPLICIT,,,,,,0.6667,0.8333,0.1667,0.9167,1.0,1.0,,,11,0,5
pilot3_train_600_worktree,ttdf_56b1d8a50298,6,6+,PROCEDURAL_PARTIAL,,,,,,0.5,0.6667,0.3333,0.8333,1.0,1.0,,,10,1,3
pilot3_train_600_worktree,ttdf_c15843d5094d,5,5,PROCEDURAL_EXPLICIT,,,,,,1.0,1.0,0.0,0.8,0.8,0.8,,,8,0,3
pilot3_train_600_worktree,ttdf_6ed43fbfeb46,8,6+,PROCEDURAL_PARTIAL,,,,,,0.5,0.625,0.375,0.8125,1.0,1.0,,,15,0,7
pilot3_train_600_worktree,ttdf_0416cb3ea7d0,7,6+,PROCEDURAL_EXPLICIT,,,,,,1.0,1.0,0.0,0.8476,0.8571,0.8095,,,8,1,7
pilot3_train_600_worktree,ttdf_35d324d3ffea,8,6+,PROCEDURAL_EXPLICIT,,,,,,0.75,0.875,0.125,0.794,0.8571,0.8095,,,9,1,8
pilot3_train_600_worktree,ttdf_88cc673c47eb,2,2,PROCEDURAL_EXPLICIT,,,,,,1.0,1.0,0.0,1.0,1.0,1.0,,,2,0,1
pilot3_train_600_worktree,ttdf_79ec19983689,3,3,PROCEDURAL_PARTIAL,,,,,,0.6667,0.6667,0.3333,0.8333,1.0,1.0,,,6,4,2
pilot3_train_600_worktree,ttdf_beacd9fdac7e,2,2,PROCEDURAL_EXPLICIT,,,,,,1.0,1.0,0.0,1.0,1.0,1.0,,,3,2,1
pilot3_train_600_worktree,ttdf_f2d6523184d3,6,6+,PROCEDURAL_PARTIAL,,,,,,0.6667,0.6667,0.3333,0.8333,1.0,1.0,,,12,2,4
pilot3_train_600_worktree,ttdf_4a6b1917bc52,6,6+,PROCEDURAL_EXPLICIT,,,,,,0.8333,0.8333,0.1667,0.9167,1.0,1.0,,,7,0,2
pilot3_train_600_worktree,ttdf_2bd67a52622b,5,5,PROCEDURAL_EXPLICIT,,,,,,0.8,0.8,0.2,0.9,1.0,1.0,,,6,1,2
pilot3_train_600_worktree,ttdf_d462deb8e784,5,5,PROCEDURAL_EXPLICIT,,,,,,0.6,0.8,0.2,0.9,1.0,1.0,,,9,2,4
pilot3_train_600_worktree,ttdf_0ac44cdaf224,3,3,PROCEDURAL_EXPLICIT,,,,,,1.0,1.0,0.0,1.0,1.0,1.0,,,6,4,2
pilot3_train_600_worktree,ttdf_2850ab74f908,7,6+,PROCEDURAL_EXPLICIT,,,,,,1.0,1.0,0.0,0.8476,0.8571,0.8095,,,14,8,6
pilot3_train_600_worktree,ttdf_6feadde0e7c7,3,3,PROCEDURAL_EXPLICIT,,,,,,1.0,1.0,0.0,1.0,1.0,1.0,,,6,1,2
pilot3_train_600_worktree,ttdf_497784555320,8,6+,PROCEDURAL_PARTIAL,,,,,,0.625,0.75,0.25,0.6558,0.8333,0.4667,,,12,1,5
pilot3_train_600_worktree,ttdf_9adc092f5240,3,3,SEMI_IMPLICIT,,,,,,0.3333,0.3333,0.6667,0.0833,0.0,0.0,,,6,1,2
pilot3_train_600_worktree,ttdf_696a0338152e,2,2,PROCEDURAL_EXPLICIT,,,,,,1.0,1.0,0.0,1.0,1.0,1.0,,,3,2,1
pilot3_train_600_worktree,ttdf_34774153f67e,2,2,PROCEDURAL_EXPLICIT,,,,,,1.0,1.0,0.0,1.0,1.0,1.0,,,2,0,1
pilot3_train_600_worktree,ttdf_9c6991e79a3c,3,3,PROCEDURAL_EXPLICIT,,,,,,1.0,1.0,0.0,0.5333,0.6667,-0.3333,,,5,1,2
pilot3_train_600_worktree,ttdf_b10884256be0,6,6+,PROCEDURAL_PARTIAL,,,,,,0.5,0.6667,0.3333,0.8333,1.0,1.0,,,12,1,5
pilot3_train_600_worktree,ttdf_448c81905933,2,2,PROCEDURAL_EXPLICIT,,,,,,1.0,1.0,0.0,1.0,1.0,1.0,,,3,0,1
pilot3_train_600_worktree,ttdf_76ae9ab480c4,2,2,PROCEDURAL_EXPLICIT,,,,,,1.0,1.0,0.0,1.0,1.0,1.0,,,3,0,1
pilot3_train_600_worktree,ttdf_1814be9dc2b9,7,6+,PROCEDURAL_PARTIAL,,,,,,0.7143,0.7143,0.2857,0.8571,1.0,1.0,,,14,8,6
pilot3_train_600_worktree,ttdf_79c11b834e64,2,2,PROCEDURAL_EXPLICIT,,,,,,1.0,1.0,0.0,1.0,1.0,1.0,,,3,0,1
pilot3_train_600_worktree,ttdf_5828bcf6bed4,2,2,PROCEDURAL_EXPLICIT,,,,,,0.5,1.0,0.0,1.0,1.0,1.0,,,3,2,1
pilot3_train_600_worktree,ttdf_1944101ba044,2,2,PROCEDURAL_PARTIAL,,,,,,0.5,0.5,0.5,0.125,0.0,0.0,,,3,0,1
pilot3_train_600_worktree,ttdf_609f3bf21351,6,6+,PROCEDURAL_EXPLICIT,,,,,,0.8333,0.8333,0.1667,0.6933,0.8,0.6,,,10,1,4
pilot3_train_600_worktree,ttdf_4f9e7d9f04f2,6,6+,PROCEDURAL_EXPLICIT,,,,,,0.8333,1.0,0.0,0.84,0.8333,0.8667,,,12,7,5
pilot3_train_600_worktree,ttdf_cbb29c153948,3,3,PROCEDURAL_PARTIAL,,,,,,0.6667,0.6667,0.3333,0.8333,1.0,1.0,,,3,0,0
pilot3_train_600_worktree,ttdf_8627d42eb743,5,5,PROCEDURAL_EXPLICIT,,,,,,0.8,0.8,0.2,0.5917,0.75,0.3333,,,12,8,4
pilot3_train_600_worktree,ttdf_03c34f015946,4,4,PROCEDURAL_PARTIAL,,,,,,0.5,0.75,0.25,0.45,0.6667,-0.3333,,,8,5,3
pilot3_train_600_worktree,ttdf_614e38f5786f,2,2,PROCEDURAL_EXPLICIT,,,,,,1.0,1.0,0.0,1.0,1.0,1.0,,,3,2,1
pilot3_train_600_worktree,ttdf_3ac461b80bd0,2,2,PROCEDURAL_PARTIAL,,,,,,0.5,0.5,0.5,0.125,0.0,0.0,,,4,0,1
pilot3_train_600_worktree,ttdf_5f2eb8ec39ec,3,3,PROCEDURAL_EXPLICIT,,,,,,1.0,1.0,0.0,1.0,1.0,1.0,,,3,1,2
pilot3_train_600_worktree,ttdf_24e54df2031a,3,3,SEMI_IMPLICIT,,,,,,0.3333,0.3333,0.6667,0.0833,0.0,0.0,,,4,0,1
pilot3_train_600_worktree,ttdf_a10762cd3fdb,5,5,SEMI_IMPLICIT,,,,,,0.4,0.4,0.6,0.7,1.0,1.0,,,9,1,3
pilot3_train_600_worktree,ttdf_afb97edec7a8,2,2,PROCEDURAL_PARTIAL,,,,,,0.5,0.5,0.5,0.125,0.0,0.0,,,3,0,1
pilot3_train_600_worktree,ttdf_8b876d1a510b,3,3,PROCEDURAL_EXPLICIT,,,,,,1.0,1.0,0.0,0.6,0.6667,0.3333,,,5,1,1
pilot3_train_600_worktree,ttdf_8e27b528afe7,2,2,PROCEDURAL_EXPLICIT,,,,,,1.0,1.0,0.0,1.0,1.0,1.0,,,2,0,0
pilot3_train_600_worktree,ttdf_d77d7fc9291c,4,4,PROCEDURAL_PARTIAL,,,,,,0.75,0.75,0.25,0.875,1.0,1.0,,,4,0,1
pilot3_train_600_worktree,ttdf_0302cc191877,4,4,PROCEDURAL_EXPLICIT,,,,,,1.0,1.0,0.0,0.6667,0.75,0.3333,,,7,1,3
pilot3_train_600_worktree,ttdf_2ac5d4140b18,2,2,PROCEDURAL_EXPLICIT,,,,,,1.0,1.0,0.0,1.0,1.0,1.0,,,3,0,1
pilot3_train_600_worktree,ttdf_2ea5f1624fa2,3,3,PROCEDURAL_EXPLICIT,,,,,,0.6667,1.0,0.0,1.0,1.0,1.0,,,6,4,2
pilot3_train_600_worktree,ttdf_3797b7e4ed31,2,2,PROCEDURAL_EXPLICIT,,,,,,1.0,1.0,0.0,1.0,1.0,1.0,,,3,2,1
pilot3_train_600_worktree,ttdf_628a16995bb0,2,2,PROCEDURAL_EXPLICIT,,,,,,1.0,1.0,0.0,1.0,1.0,1.0,,,2,0,0
pilot3_train_600_worktree,ttdf_7aaff747a472,2,2,PROCEDURAL_EXPLICIT,,,,,,1.0,1.0,0.0,1.0,1.0,1.0,,,3,0,1
pilot3_train_600_worktree,ttdf_39dadfc9a63a,2,2,PROCEDURAL_EXPLICIT,,,,,,1.0,1.0,0.0,1.0,1.0,1.0,,,3,2,1
pilot3_train_600_worktree,ttdf_93306ab0293b,3,3,PROCEDURAL_EXPLICIT,,,,,,0.6667,1.0,0.0,1.0,1.0,1.0,,,6,4,2
pilot3_train_600_worktree,ttdf_4f5fa4d0edc3,3,3,PROCEDURAL_EXPLICIT,,,,,,0.6667,1.0,0.0,1.0,1.0,1.0,,,5,1,2
pilot3_train_600_worktree,ttdf_21c32f38a7df,6,6+,PROCEDURAL_EXPLICIT,,,,,,0.8333,0.8333,0.1667,0.6133,0.8,0.2,,,13,8,5
pilot3_train_600_worktree,ttdf_a853767b29e2,6,6+,PROCEDURAL_PARTIAL,,,,,,0.6667,0.6667,0.3333,0.8333,1.0,1.0,,,12,0,5
pilot3_train_600_worktree,ttdf_055a08a7b8e6,7,6+,PROCEDURAL_EXPLICIT,,,,,,0.8571,0.8571,0.1429,0.9286,1.0,1.0,,,13,7,6
pilot3_train_600_worktree,ttdf_51b603b67262,6,6+,PROCEDURAL_EXPLICIT,,,,,,0.8333,0.8333,0.1667,0.9167,1.0,1.0,,,12,7,5
pilot3_train_600_worktree,ttdf_96d94ff64972,3,3,PROCEDURAL_EXPLICIT,,,,,,1.0,1.0,0.0,0.6,0.6667,0.3333,,,6,4,2
pilot3_train_600_worktree,ttdf_3a5e77bbf1ec,3,3,PROCEDURAL_PARTIAL,,,,,,0.6667,0.6667,0.3333,0.8333,1.0,1.0,,,5,3,2
pilot3_train_600_worktree,ttdf_73c3bd29a893,4,4,PROCEDURAL_EXPLICIT,,,,,,1.0,1.0,0.0,0.6667,0.75,0.3333,,,7,4,3
pilot3_train_600_worktree,ttdf_6236022fff78,3,3,PROCEDURAL_EXPLICIT,,,,,,1.0,1.0,0.0,1.0,1.0,1.0,,,6,4,2
pilot3_train_600_worktree,ttdf_042a0741f757,8,6+,PROCEDURAL_PARTIAL,,,,,,0.75,0.75,0.25,0.49,0.6667,0.2,,,7,0,7
pilot3_train_600_worktree,ttdf_5491747156bf,5,5,PROCEDURAL_EXPLICIT,,,,,,0.8,0.8,0.2,0.9,1.0,1.0,,,4,0,1
pilot3_train_600_worktree,ttdf_675dde9d7635,2,2,PROCEDURAL_PARTIAL,,,,,,0.5,0.5,0.5,0.125,0.0,0.0,,,3,0,1
pilot3_train_600_worktree,ttdf_58fc5fc03091,2,2,PROCEDURAL_EXPLICIT,,,,,,1.0,1.0,0.0,1.0,1.0,1.0,,,4,3,1
pilot3_train_600_worktree,ttdf_11be16ca0757,4,4,PROCEDURAL_EXPLICIT,,,,,,1.0,1.0,0.0,0.6667,0.75,0.3333,,,4,1,1
pilot3_train_600_worktree,ttdf_3c25e92d81b4,3,3,PROCEDURAL_EXPLICIT,,,,,,1.0,1.0,0.0,0.6,0.6667,0.3333,,,5,0,1
pilot3_train_600_worktree,ttdf_95dcc556032f,2,2,PROCEDURAL_PARTIAL,,,,,,0.5,0.5,0.5,0.125,0.0,0.0,,,2,0,0
pilot3_train_600_worktree,ttdf_036e79c79a8e,6,6+,PROCEDURAL_EXPLICIT,,,,,,1.0,1.0,0.0,1.0,1.0,1.0,,,7,0,2
pilot3_train_600_worktree,ttdf_18c3ae8229a1,4,4,PROCEDURAL_EXPLICIT,,,,,,0.75,1.0,0.0,1.0,1.0,1.0,,,5,1,4
pilot3_train_600_worktree,ttdf_09941df0e2e9,4,4,PROCEDURAL_PARTIAL,,,,,,0.5,0.75,0.25,0.875,1.0,1.0,,,8,5,3
pilot3_train_600_worktree,ttdf_30604a02a4a5,2,2,PROCEDURAL_EXPLICIT,,,,,,1.0,1.0,0.0,1.0,1.0,1.0,,,3,2,1
pilot3_train_600_worktree,ttdf_bf7a987620ae,2,2,PROCEDURAL_EXPLICIT,,,,,,0.5,1.0,0.0,1.0,1.0,1.0,,,2,0,0
pilot3_train_600_worktree,ttdf_1d4b98d1172c,3,3,PROCEDURAL_PARTIAL,,,,,,0.6667,0.6667,0.3333,0.8333,1.0,1.0,,,6,4,2
pilot3_train_600_worktree,ttdf_7636df369798,6,6+,PROCEDURAL_EXPLICIT,,,,,,0.6667,0.8333,0.1667,0.9167,1.0,1.0,,,8,0,3
pilot3_train_600_worktree,ttdf_1691d81231be,3,3,PROCEDURAL_PARTIAL,,,,,,0.3333,0.6667,0.3333,0.8333,1.0,1.0,,,6,1,2
pilot3_train_600_worktree,ttdf_e4e89fb61074,4,4,PROCEDURAL_EXPLICIT,,,,,,0.5,1.0,0.0,1.0,1.0,1.0,,,8,5,3
pilot3_train_600_worktree,ttdf_00a9b63f9539,2,2,PROCEDURAL_PARTIAL,,,,,,0.5,0.5,0.5,0.125,0.0,0.0,,,3,0,1
pilot3_train_600_worktree,ttdf_0613679509cc,6,6+,PROCEDURAL_EXPLICIT,,,,,,0.8333,0.8333,0.1667,0.9167,1.0,1.0,,,12,1,5
pilot3_train_600_worktree,ttdf_b56694488ef2,5,5,PROCEDURAL_PARTIAL,,,,,,0.6,0.6,0.4,0.8,1.0,1.0,,,6,1,1
pilot3_train_600_worktree,ttdf_ca94c57fb5b6,3,3,PROCEDURAL_PARTIAL,,,,,,0.6667,0.6667,0.3333,0.8333,1.0,1.0,,,3,1,2
pilot3_train_600_worktree,ttdf_4518b2b9440b,5,5,PROCEDURAL_EXPLICIT,,,,,,0.4,0.8,0.2,0.9,1.0,1.0,,,10,6,4
pilot3_train_600_worktree,ttdf_15f30b4bf2db,6,6+,PROCEDURAL_EXPLICIT,,,,,,0.6667,0.8333,0.1667,0.9167,1.0,1.0,,,12,7,5
pilot3_train_600_worktree,ttdf_494229fe9fca,2,2,GOAL_BASED_IMPLICIT,,,,,,0.0,0.0,1.0,0.0,0.0,0.0,,,3,2,1
pilot3_train_600_worktree,ttdf_0352a123b4c5,6,6+,PROCEDURAL_EXPLICIT,,,,,,0.8333,0.8333,0.1667,0.7333,0.8,0.8,,,7,1,6
pilot3_train_600_worktree,ttdf_53085e019315,5,5,PROCEDURAL_EXPLICIT,,,,,,0.8,0.8,0.2,0.9,1.0,1.0,,,8,0,4
pilot3_train_600_worktree,ttdf_4325d506688c,6,6+,PROCEDURAL_EXPLICIT,,,,,,0.8333,0.8333,0.1667,0.9167,1.0,1.0,,,5,0,1
pilot3_train_600_worktree,ttdf_3ff5ed2826dc,3,3,PROCEDURAL_PARTIAL,,,,,,0.6667,0.6667,0.3333,0.8333,1.0,1.0,,,6,4,2
pilot3_train_600_worktree,ttdf_4b3dc624a4eb,7,6+,PROCEDURAL_EXPLICIT,,,,,,1.0,1.0,0.0,0.8286,0.8571,0.7143,,,10,1,4
pilot3_train_600_worktree,ttdf_fe5ae9b9a99a,6,6+,PROCEDURAL_EXPLICIT,,,,,,1.0,1.0,0.0,0.7333,0.8333,0.3333,,,7,2,3
pilot3_train_600_worktree,ttdf_8f88fd432c9f,3,3,PROCEDURAL_EXPLICIT,,,,,,1.0,1.0,0.0,1.0,1.0,1.0,,,6,1,2
pilot3_train_600_worktree,ttdf_8ac099ed9122,2,2,PROCEDURAL_PARTIAL,,,,,,0.0,0.5,0.5,0.125,0.0,0.0,,,2,0,1
pilot3_train_600_worktree,ttdf_263dd441e6c7,6,6+,PROCEDURAL_EXPLICIT,,,,,,0.8333,0.8333,0.1667,0.6933,0.8,0.6,,,11,1,5
pilot3_train_600_worktree,ttdf_e66bdf672840,4,4,PROCEDURAL_EXPLICIT,,,,,,1.0,1.0,0.0,1.0,1.0,1.0,,,8,1,3
pilot3_train_600_worktree,ttdf_f172051cb77c,2,2,PROCEDURAL_EXPLICIT,,,,,,1.0,1.0,0.0,1.0,1.0,1.0,,,4,1,1
pilot3_train_600_worktree,ttdf_49dd37193126,7,6+,PROCEDURAL_PARTIAL,,,,,,0.7143,0.7143,0.2857,0.6857,0.8,0.8,,,6,2,4
pilot3_train_600_worktree,ttdf_4c8465251e67,3,3,PROCEDURAL_EXPLICIT,,,,,,0.6667,1.0,0.0,1.0,1.0,1.0,,,6,1,2
pilot3_train_600_worktree,ttdf_06442de4a574,6,6+,PROCEDURAL_EXPLICIT,,,,,,0.5,0.8333,0.1667,0.9167,1.0,1.0,,,8,1,2
pilot3_train_600_worktree,ttdf_32267dc3f1da,7,6+,PROCEDURAL_PARTIAL,,,,,,0.7143,0.7143,0.2857,0.8571,1.0,1.0,,,13,2,5
pilot3_train_600_worktree,ttdf_118661fed5d0,2,2,PROCEDURAL_EXPLICIT,,,,,,1.0,1.0,0.0,1.0,1.0,1.0,,,2,0,1
pilot3_train_600_worktree,ttdf_608d3682baf0,5,5,PROCEDURAL_EXPLICIT,,,,,,1.0,1.0,0.0,1.0,1.0,1.0,,,8,0,2
pilot3_train_600_worktree,ttdf_5c3ceb338cf1,3,3,PROCEDURAL_EXPLICIT,,,,,,1.0,1.0,0.0,1.0,1.0,1.0,,,5,1,2
pilot3_train_600_worktree,ttdf_319508cf581c,2,2,PROCEDURAL_EXPLICIT,,,,,,1.0,1.0,0.0,1.0,1.0,1.0,,,2,0,1
pilot3_train_600_worktree,ttdf_64e95c29f73b,6,6+,PROCEDURAL_EXPLICIT,,,,,,1.0,1.0,0.0,1.0,1.0,1.0,,,8,1,4
pilot3_train_600_worktree,ttdf_cb645220f1f7,6,6+,PROCEDURAL_PARTIAL,,,,,,0.5,0.5,0.5,0.75,1.0,1.0,,,12,7,5
pilot3_train_600_worktree,ttdf_09ac55e07322,4,4,PROCEDURAL_PARTIAL,,,,,,0.75,0.75,0.25,0.875,1.0,1.0,,,7,4,3
pilot3_train_600_worktree,ttdf_218958256564,2,2,PROCEDURAL_EXPLICIT,,,,,,1.0,1.0,0.0,1.0,1.0,1.0,,,3,2,1
pilot3_train_600_worktree,ttdf_d9be3672cdab,3,3,PROCEDURAL_EXPLICIT,,,,,,0.6667,1.0,0.0,0.5333,0.6667,-0.3333,,,4,1,2
pilot3_train_600_worktree,ttdf_9ae0ef4b2e1e,3,3,PROCEDURAL_PARTIAL,,,,,,0.6667,0.6667,0.3333,0.8333,1.0,1.0,,,6,4,2
pilot3_train_600_worktree,ttdf_56a755006bca,2,2,PROCEDURAL_EXPLICIT,,,,,,0.5,1.0,0.0,1.0,1.0,1.0,,,3,0,1
pilot3_train_600_worktree,ttdf_ac49db15e2a7,3,3,PROCEDURAL_PARTIAL,,,,,,0.3333,0.6667,0.3333,0.8333,1.0,1.0,,,6,4,2
pilot3_train_600_worktree,ttdf_1a4aba0f1e57,4,4,PROCEDURAL_EXPLICIT,,,,,,1.0,1.0,0.0,0.6667,0.75,0.3333,,,8,5,3
pilot3_train_600_worktree,ttdf_e24af81cd6f2,8,6+,PROCEDURAL_EXPLICIT,,,,,,0.875,0.875,0.125,0.6506,0.7143,0.619,,,16,9,7
pilot3_train_600_worktree,ttdf_4d663f78a593,2,2,PROCEDURAL_EXPLICIT,,,,,,1.0,1.0,0.0,1.0,1.0,1.0,,,3,0,1
pilot3_train_600_worktree,ttdf_3a32b63a479d,6,6+,PROCEDURAL_EXPLICIT,,,,,,0.8333,0.8333,0.1667,0.6133,0.8,0.2,,,12,2,5
pilot3_train_600_worktree,ttdf_f65e28b76b32,2,2,PROCEDURAL_EXPLICIT,,,,,,1.0,1.0,0.0,1.0,1.0,1.0,,,2,0,1
pilot3_train_600_worktree,ttdf_125144b72cb5,4,4,PROCEDURAL_PARTIAL,,,,,,0.25,0.75,0.25,0.875,1.0,1.0,,,7,1,2
pilot3_train_600_worktree,ttdf_a20c2e3958d9,5,5,PROCEDURAL_EXPLICIT,,,,,,0.8,0.8,0.2,0.9,1.0,1.0,,,9,1,3
pilot3_train_600_worktree,ttdf_474eaed4f2d5,5,5,PROCEDURAL_PARTIAL,,,,,,0.6,0.6,0.4,0.8,1.0,1.0,,,10,1,4
pilot3_train_600_worktree,ttdf_a00755805f5a,2,2,PROCEDURAL_PARTIAL,,,,,,0.5,0.5,0.5,0.125,0.0,0.0,,,3,0,1
pilot3_train_600_worktree,ttdf_230e5db52229,4,4,PROCEDURAL_EXPLICIT,,,,,,0.75,1.0,0.0,1.0,1.0,1.0,,,9,6,3
pilot3_train_600_worktree,ttdf_4395ab4804db,4,4,PROCEDURAL_PARTIAL,,,,,,0.75,0.75,0.25,0.875,1.0,1.0,,,8,5,3
pilot3_train_600_worktree,ttdf_72456fbaceec,2,2,PROCEDURAL_EXPLICIT,,,,,,1.0,1.0,0.0,1.0,1.0,1.0,,,2,0,1
pilot3_train_600_worktree,ttdf_27aaca70dd97,6,6+,PROCEDURAL_PARTIAL,,,,,,0.5,0.5,0.5,0.75,1.0,1.0,,,8,0,4
pilot3_train_600_worktree,ttdf_0da13eb1c2e8,6,6+,PROCEDURAL_PARTIAL,,,,,,0.3333,0.5,0.5,0.75,1.0,1.0,,,12,7,5
pilot3_train_600_worktree,ttdf_17a2ddc2dd33,6,6+,PROCEDURAL_EXPLICIT,,,,,,1.0,1.0,0.0,1.0,1.0,1.0,,,5,0,5
pilot3_train_600_worktree,ttdf_1cdd7c283176,3,3,PROCEDURAL_PARTIAL,,,,,,0.6667,0.6667,0.3333,0.8333,1.0,1.0,,,4,0,1
pilot3_train_600_worktree,ttdf_ea8c5f94acb7,4,4,PROCEDURAL_EXPLICIT,,,,,,1.0,1.0,0.0,1.0,1.0,1.0,,,8,2,3
pilot3_train_600_worktree,ttdf_0001c0bc1f80,8,6+,PROCEDURAL_PARTIAL,,,,,,0.75,0.75,0.25,0.875,1.0,1.0,,,14,0,7
pilot3_train_600_worktree,ttdf_1a6e38f0369c,2,2,PROCEDURAL_EXPLICIT,,,,,,1.0,1.0,0.0,1.0,1.0,1.0,,,2,0,1
pilot3_train_600_worktree,ttdf_1a01c6d536a4,6,6+,PROCEDURAL_EXPLICIT,,,,,,0.6667,0.8333,0.1667,0.9167,1.0,1.0,,,6,0,2
pilot3_train_600_worktree,ttdf_0d411ccb498c,7,6+,PROCEDURAL_EXPLICIT,,,,,,1.0,1.0,0.0,0.8095,0.8571,0.619,,,14,8,6
pilot3_train_600_worktree,ttdf_a321a8fea7c6,6,6+,PROCEDURAL_EXPLICIT,,,,,,0.8333,1.0,0.0,0.84,0.8333,0.8667,,,7,0,2
pilot3_train_600_worktree,ttdf_227886ccefeb,3,3,PROCEDURAL_EXPLICIT,,,,,,0.6667,1.0,0.0,1.0,1.0,1.0,,,6,4,2
pilot3_train_600_worktree,ttdf_04e494f5a70b,2,2,PROCEDURAL_EXPLICIT,,,,,,0.5,1.0,0.0,1.0,1.0,1.0,,,3,2,1
pilot3_train_600_worktree,ttdf_d286d593a710,2,2,PROCEDURAL_PARTIAL,,,,,,0.5,0.5,0.5,0.125,0.0,0.0,,,3,2,1
pilot3_train_600_worktree,ttdf_262c686d2838,3,3,PROCEDURAL_PARTIAL,,,,,,0.3333,0.6667,0.3333,0.8333,1.0,1.0,,,2,0,0
pilot3_train_600_worktree,ttdf_01c4b480c3d9,5,5,PROCEDURAL_PARTIAL,,,,,,0.4,0.6,0.4,0.8,1.0,1.0,,,8,1,3
pilot3_train_600_worktree,ttdf_4fd7f3793225,2,2,PROCEDURAL_PARTIAL,,,,,,0.5,0.5,0.5,0.125,0.0,0.0,,,3,2,1
pilot3_train_600_worktree,ttdf_325530f5c958,2,2,PROCEDURAL_EXPLICIT,,,,,,1.0,1.0,0.0,1.0,1.0,1.0,,,2,0,1
pilot3_train_600_worktree,ttdf_2bc38c9c4e20,3,3,PROCEDURAL_EXPLICIT,,,,,,1.0,1.0,0.0,1.0,1.0,1.0,,,7,1,3
pilot3_train_600_worktree,ttdf_3f0160b25ed5,4,4,PROCEDURAL_EXPLICIT,,,,,,0.75,1.0,0.0,1.0,1.0,1.0,,,6,0,2
pilot3_train_600_worktree,ttdf_699f3954362d,3,3,PROCEDURAL_EXPLICIT,,,,,,1.0,1.0,0.0,1.0,1.0,1.0,,,6,1,2
pilot3_train_600_worktree,ttdf_dab00e9a8e0b,3,3,PROCEDURAL_EXPLICIT,,,,,,0.6667,1.0,0.0,1.0,1.0,1.0,,,6,4,2
pilot3_train_600_worktree,ttdf_1f203e751574,3,3,PROCEDURAL_PARTIAL,,,,,,0.6667,0.6667,0.3333,0.8333,1.0,1.0,,,6,4,2
pilot3_train_600_worktree,ttdf_6816b7fc0b9c,2,2,PROCEDURAL_EXPLICIT,,,,,,1.0,1.0,0.0,1.0,1.0,1.0,,,3,2,1
pilot3_train_600_worktree,ttdf_c9fd563a2130,4,4,PROCEDURAL_EXPLICIT,,,,,,0.5,1.0,0.0,1.0,1.0,1.0,,,8,5,3
pilot3_train_600_worktree,ttdf_33305ee7e8a9,4,4,PROCEDURAL_PARTIAL,,,,,,0.75,0.75,0.25,0.875,1.0,1.0,,,4,0,1
pilot3_train_600_worktree,ttdf_a3836effad43,3,3,PROCEDURAL_EXPLICIT,,,,,,0.6667,1.0,0.0,0.5333,0.6667,-0.3333,,,4,1,2
pilot3_train_600_worktree,ttdf_14a8147546d7,2,2,PROCEDURAL_EXPLICIT,,,,,,1.0,1.0,0.0,1.0,1.0,1.0,,,1,0,1
pilot3_train_600_worktree,ttdf_5ab1d2b6b663,2,2,PROCEDURAL_EXPLICIT,,,,,,1.0,1.0,0.0,1.0,1.0,1.0,,,3,0,1
pilot3_train_600_worktree,ttdf_043985a8ce1c,2,2,PROCEDURAL_EXPLICIT,,,,,,0.5,1.0,0.0,1.0,1.0,1.0,,,3,2,1
pilot3_train_600_worktree,ttdf_303182f248e9,4,4,PROCEDURAL_PARTIAL,,,,,,0.75,0.75,0.25,0.875,1.0,1.0,,,8,2,3
pilot3_train_600_worktree,ttdf_005efca1844f,2,2,PROCEDURAL_EXPLICIT,,,,,,1.0,1.0,0.0,1.0,1.0,1.0,,,3,2,1
pilot3_train_600_worktree,ttdf_3fb598048f3d,5,5,PROCEDURAL_EXPLICIT,,,,,,1.0,1.0,0.0,1.0,1.0,1.0,,,11,2,4
pilot3_train_600_worktree,ttdf_57b5548d9406,3,3,PROCEDURAL_PARTIAL,,,,,,0.6667,0.6667,0.3333,0.8333,1.0,1.0,,,5,1,1
pilot3_train_600_worktree,ttdf_5234b52034e7,6,6+,PROCEDURAL_PARTIAL,,,,,,0.6667,0.6667,0.3333,0.8333,1.0,1.0,,,12,1,5
pilot3_train_600_worktree,ttdf_0612ae6230c8,6,6+,PROCEDURAL_PARTIAL,,,,,,0.8333,0.8333,0.1667,0.9167,1.0,1.0,,,5,0,5
pilot3_train_600_worktree,ttdf_3ab27f7a489e,2,2,PROCEDURAL_EXPLICIT,,,,,,1.0,1.0,0.0,1.0,1.0,1.0,,,3,2,1
pilot3_train_600_worktree,ttdf_02ffa6ab4799,2,2,PROCEDURAL_PARTIAL,,,,,,1.0,1.0,0.0,0.4,0.5,-1.0,,,1,0,1
pilot3_train_600_worktree,ttdf_0d64a00f5dbd,3,3,PROCEDURAL_EXPLICIT,,,,,,1.0,1.0,0.0,1.0,1.0,1.0,,,5,3,2
pilot3_train_600_worktree,ttdf_45503416c7e3,5,5,PROCEDURAL_PARTIAL,,,,,,0.6,0.6,0.4,0.8,1.0,1.0,,,9,0,4
pilot3_train_600_worktree,ttdf_5ca8a1664d95,5,5,PROCEDURAL_EXPLICIT,,,,,,1.0,1.0,0.0,0.8,0.8,0.8,,,11,7,4
pilot3_train_600_worktree,ttdf_d898b08082c1,3,3,PROCEDURAL_EXPLICIT,,,,,,0.6667,1.0,0.0,1.0,1.0,1.0,,,6,1,2
pilot3_train_600_worktree,ttdf_7452e3961ad2,2,2,PROCEDURAL_EXPLICIT,,,,,,0.5,1.0,0.0,1.0,1.0,1.0,,,3,0,1
pilot3_train_600_worktree,ttdf_00eea86dd3fb,6,6+,PROCEDURAL_EXPLICIT,,,,,,0.6667,0.8333,0.1667,0.9167,1.0,1.0,,,6,1,5
pilot3_train_600_worktree,ttdf_424b15d64dbd,2,2,PROCEDURAL_EXPLICIT,,,,,,1.0,1.0,0.0,1.0,1.0,1.0,,,3,2,1
pilot3_train_600_worktree,ttdf_77a17198d6a2,2,2,PROCEDURAL_PARTIAL,,,,,,0.5,0.5,0.5,0.125,0.0,0.0,,,3,0,1
pilot3_train_600_worktree,ttdf_1c5edf726d90,2,2,PROCEDURAL_EXPLICIT,,,,,,1.0,1.0,0.0,1.0,1.0,1.0,,,2,0,0
pilot3_train_600_worktree,ttdf_7ce7005320b7,3,3,PROCEDURAL_EXPLICIT,,,,,,0.6667,1.0,0.0,1.0,1.0,1.0,,,6,4,2
pilot3_train_600_worktree,ttdf_8940ad9d46bf,6,6+,PROCEDURAL_EXPLICIT,,,,,,0.6667,1.0,0.0,1.0,1.0,1.0,,,12,1,5
pilot3_train_600_worktree,ttdf_001c7f87d8d1,6,6+,PROCEDURAL_EXPLICIT,,,,,,0.6667,1.0,0.0,1.0,1.0,1.0,,,12,1,5
pilot3_train_600_worktree,ttdf_5403047f1029,2,2,PROCEDURAL_PARTIAL,,,,,,0.5,0.5,0.5,0.125,0.0,0.0,,,1,0,0
pilot3_train_600_worktree,ttdf_42dfe03aa03e,3,3,PROCEDURAL_PARTIAL,,,,,,0.6667,0.6667,0.3333,0.8333,1.0,1.0,,,1,0,0
pilot3_train_600_worktree,ttdf_934faf8ba01c,2,2,PROCEDURAL_EXPLICIT,,,,,,1.0,1.0,0.0,1.0,1.0,1.0,,,3,0,1
pilot3_train_600_worktree,ttdf_83c35dcd6096,8,6+,PROCEDURAL_PARTIAL,,,,,,0.5,0.625,0.375,0.8125,1.0,1.0,,,14,0,6
pilot3_train_600_worktree,ttdf_c48004ec37d3,2,2,PROCEDURAL_EXPLICIT,,,,,,1.0,1.0,0.0,1.0,1.0,1.0,,,1,0,0
pilot3_train_600_worktree,ttdf_6699e83d94fd,3,3,SEMI_IMPLICIT,,,,,,0.3333,0.3333,0.6667,0.0833,0.0,0.0,,,4,0,2
pilot3_train_600_worktree,ttdf_1691c4ac38d4,4,4,PROCEDURAL_PARTIAL,,,,,,0.5,0.75,0.25,0.875,1.0,1.0,,,6,1,1
pilot3_train_600_worktree,ttdf_2c91c6df24d4,4,4,PROCEDURAL_PARTIAL,,,,,,0.5,0.5,0.5,0.275,0.5,-1.0,,,8,2,3
pilot3_train_600_worktree,ttdf_797de6038af8,2,2,PROCEDURAL_EXPLICIT,,,,,,1.0,1.0,0.0,1.0,1.0,1.0,,,3,2,1
pilot3_train_600_worktree,ttdf_17b15dbab77c,6,6+,PROCEDURAL_EXPLICIT,,,,,,0.6667,0.8333,0.1667,0.7333,0.8,0.8,,,12,7,5
pilot3_train_600_worktree,ttdf_01c298009b82,2,2,PROCEDURAL_EXPLICIT,,,,,,1.0,1.0,0.0,1.0,1.0,1.0,,,2,0,0
pilot3_train_600_worktree,ttdf_119efa6f9fb7,7,6+,PROCEDURAL_PARTIAL,,,,,,0.7143,0.7143,0.2857,0.6057,0.8,0.4,,,14,8,6
pilot3_train_600_worktree,ttdf_12f3a73f71fc,8,6+,PROCEDURAL_EXPLICIT,,,,,,1.0,1.0,0.0,0.7,0.75,0.5,,,14,1,7
pilot3_train_600_worktree,ttdf_3799eac59203,5,5,PROCEDURAL_EXPLICIT,,,,,,0.8,0.8,0.2,0.9,1.0,1.0,,,11,7,4
pilot3_train_600_worktree,ttdf_297b6a171cb4,3,3,PROCEDURAL_PARTIAL,,,,,,0.3333,0.6667,0.3333,0.8333,1.0,1.0,,,6,1,2
pilot3_train_600_worktree,ttdf_dbca6ce17e9d,5,5,PROCEDURAL_PARTIAL,,,,,,0.4,0.6,0.4,0.8,1.0,1.0,,,9,0,4
pilot3_train_600_worktree,ttdf_0770a215aedc,4,4,PROCEDURAL_EXPLICIT,,,,,,1.0,1.0,0.0,1.0,1.0,1.0,,,5,1,4
pilot3_train_600_worktree,ttdf_deae1f887c12,2,2,PROCEDURAL_EXPLICIT,,,,,,1.0,1.0,0.0,1.0,1.0,1.0,,,3,0,1
pilot3_train_600_worktree,ttdf_735f00969599,5,5,PROCEDURAL_EXPLICIT,,,,,,1.0,1.0,0.0,1.0,1.0,1.0,,,6,1,1
pilot3_train_600_worktree,ttdf_61719d1d9a53,5,5,PROCEDURAL_EXPLICIT,,,,,,0.6,0.8,0.2,0.5917,0.75,0.3333,,,10,6,4
pilot3_train_600_worktree,ttdf_0acb949c0b84,7,6+,PROCEDURAL_PARTIAL,,,,,,0.7143,0.7143,0.2857,0.8571,1.0,1.0,,,16,10,6
pilot3_train_600_worktree,ttdf_65e2342e8c96,5,5,PROCEDURAL_PARTIAL,,,,,,0.4,0.6,0.4,0.8,1.0,1.0,,,10,6,4
pilot3_train_600_worktree,ttdf_5d4a18f14a8d,4,4,PROCEDURAL_PARTIAL,,,,,,0.75,0.75,0.25,0.875,1.0,1.0,,,9,6,3
pilot3_train_600_worktree,ttdf_0ba4ae72e658,2,2,PROCEDURAL_EXPLICIT,,,,,,1.0,1.0,0.0,1.0,1.0,1.0,,,3,2,1
pilot3_train_600_worktree,ttdf_17671b0fdf34,3,3,PROCEDURAL_EXPLICIT,,,,,,0.3333,1.0,0.0,1.0,1.0,1.0,,,6,4,2
pilot3_train_600_worktree,ttdf_1049e047f9b8,2,2,PROCEDURAL_EXPLICIT,,,,,,1.0,1.0,0.0,1.0,1.0,1.0,,,2,1,0
pilot3_train_600_worktree,ttdf_5c216c99a0bc,2,2,PROCEDURAL_PARTIAL,,,,,,0.5,0.5,0.5,0.125,0.0,0.0,,,3,0,1
pilot3_train_600_worktree,ttdf_06c164ef0719,2,2,PROCEDURAL_PARTIAL,,,,,,0.5,0.5,0.5,0.125,0.0,0.0,,,3,0,1
pilot3_train_600_worktree,ttdf_72a4ddab8909,4,4,PROCEDURAL_PARTIAL,,,,,,0.75,0.75,0.25,0.875,1.0,1.0,,,5,0,2
pilot3_train_600_worktree,ttdf_48f8a8e09070,4,4,PROCEDURAL_EXPLICIT,,,,,,0.75,1.0,0.0,1.0,1.0,1.0,,,6,1,1
pilot3_train_600_worktree,ttdf_79b247cc2dfb,3,3,PROCEDURAL_PARTIAL,,,,,,0.6667,0.6667,0.3333,0.8333,1.0,1.0,,,5,1,2
pilot3_train_600_worktree,ttdf_17d073e41e97,2,2,UNCLASSIFIED,,,,,,0.5,0.5,0.5,0.125,0.0,0.0,,,1,0,1
pilot3_train_600_worktree,ttdf_fe94a5e2dc42,2,2,PROCEDURAL_EXPLICIT,,,,,,1.0,1.0,0.0,1.0,1.0,1.0,,,3,0,1
pilot3_train_600_worktree,ttdf_f523384deaaa,4,4,PROCEDURAL_EXPLICIT,,,,,,1.0,1.0,0.0,0.7333,0.75,0.6667,,,8,5,3
pilot3_train_600_worktree,ttdf_bc033ff3550b,3,3,PROCEDURAL_EXPLICIT,,,,,,1.0,1.0,0.0,1.0,1.0,1.0,,,5,1,2
pilot3_train_600_worktree,ttdf_2a8ba9d8e1d3,6,6+,PROCEDURAL_EXPLICIT,,,,,,0.8333,1.0,0.0,1.0,1.0,1.0,,,9,0,4
pilot3_train_600_worktree,ttdf_b45a0be1f14a,2,2,PROCEDURAL_EXPLICIT,,,,,,1.0,1.0,0.0,1.0,1.0,1.0,,,3,2,1
pilot3_train_600_worktree,ttdf_bb161cd7a302,4,4,PROCEDURAL_EXPLICIT,,,,,,0.75,1.0,0.0,1.0,1.0,1.0,,,8,5,3
pilot3_train_600_worktree,ttdf_f1edfb73d1e7,5,5,PROCEDURAL_EXPLICIT,,,,,,0.6,1.0,0.0,1.0,1.0,1.0,,,9,1,3
pilot3_train_600_worktree,ttdf_9966934901e2,7,6+,PROCEDURAL_EXPLICIT,,,,,,0.8571,0.8571,0.1429,0.579,0.6667,0.4667,,,16,3,6
pilot3_train_600_worktree,ttdf_f0084b77cec7,6,6+,PROCEDURAL_EXPLICIT,,,,,,1.0,1.0,0.0,1.0,1.0,1.0,,,10,0,4
pilot3_train_600_worktree,ttdf_3a6f2a53f095,3,3,PROCEDURAL_EXPLICIT,,,,,,1.0,1.0,0.0,1.0,1.0,1.0,,,5,3,2
pilot3_train_600_worktree,ttdf_c7e061423748,8,6+,PROCEDURAL_EXPLICIT,,,,,,0.875,0.875,0.125,0.9375,1.0,1.0,,,18,11,7
pilot3_train_600_worktree,ttdf_bd653f0dc52b,3,3,PROCEDURAL_PARTIAL,,,,,,0.6667,0.6667,0.3333,0.8333,1.0,1.0,,,6,4,2
pilot3_train_600_worktree,ttdf_ceecb8410fe0,2,2,PROCEDURAL_EXPLICIT,,,,,,0.5,1.0,0.0,1.0,1.0,1.0,,,2,0,0
pilot3_train_600_worktree,ttdf_21faa94b557e,2,2,PROCEDURAL_PARTIAL,,,,,,0.5,0.5,0.5,0.125,0.0,0.0,,,3,2,1
pilot3_train_600_worktree,ttdf_c57dc4e0751c,4,4,PROCEDURAL_EXPLICIT,,,,,,1.0,1.0,0.0,1.0,1.0,1.0,,,6,1,2
pilot3_train_600_worktree,ttdf_19b91e7a1afd,3,3,PROCEDURAL_EXPLICIT,,,,,,0.6667,1.0,0.0,1.0,1.0,1.0,,,6,4,2
pilot3_train_600_worktree,ttdf_01cd93628e62,4,4,PROCEDURAL_PARTIAL,,,,,,0.75,0.75,0.25,0.875,1.0,1.0,,,8,1,3
pilot3_train_600_worktree,ttdf_a966bd3a5396,5,5,PROCEDURAL_EXPLICIT,,,,,,0.8,1.0,0.0,1.0,1.0,1.0,,,7,1,2
pilot3_train_600_worktree,ttdf_a96e32435698,6,6+,PROCEDURAL_PARTIAL,,,,,,0.3333,0.6667,0.3333,0.8333,1.0,1.0,,,11,0,5
pilot3_train_600_worktree,ttdf_125e0e89b2a9,2,2,PROCEDURAL_EXPLICIT,,,,,,1.0,1.0,0.0,1.0,1.0,1.0,,,3,2,1
pilot3_train_600_worktree,ttdf_2186abc0c6f9,3,3,PROCEDURAL_EXPLICIT,,,,,,1.0,1.0,0.0,1.0,1.0,1.0,,,5,3,2
pilot3_train_600_worktree,ttdf_9236b2118b75,3,3,PROCEDURAL_PARTIAL,,,,,,0.6667,0.6667,0.3333,0.8333,1.0,1.0,,,5,3,2
pilot3_train_600_worktree,ttdf_bf3e79d23b48,7,6+,PROCEDURAL_EXPLICIT,,,,,,0.8571,0.8571,0.1429,0.7805,0.8333,0.8667,,,16,10,6
pilot3_train_600_worktree,ttdf_4712e1a2c4fb,5,5,PROCEDURAL_EXPLICIT,,,,,,0.8,1.0,0.0,0.8,0.8,0.8,,,5,1,4
pilot3_train_600_worktree,ttdf_e493f3f67ad3,2,2,PROCEDURAL_PARTIAL,,,,,,0.5,0.5,0.5,0.125,0.0,0.0,,,2,0,0
pilot3_train_600_worktree,ttdf_6d5d2df8e87e,2,2,PROCEDURAL_EXPLICIT,,,,,,1.0,1.0,0.0,1.0,1.0,1.0,,,4,3,1
pilot3_train_600_worktree,ttdf_646939de45a4,3,3,PROCEDURAL_EXPLICIT,,,,,,1.0,1.0,0.0,1.0,1.0,1.0,,,3,1,2
pilot3_train_600_worktree,ttdf_27aa1ab40158,5,5,PROCEDURAL_EXPLICIT,,,,,,0.6,0.8,0.2,0.9,1.0,1.0,,,5,1,4
pilot3_train_600_worktree,ttdf_938c1776280b,7,6+,PROCEDURAL_EXPLICIT,,,,,,0.8571,0.8571,0.1429,0.7538,0.8333,0.7333,,,12,1,4
pilot3_train_600_worktree,ttdf_343396db1300,4,4,PROCEDURAL_PARTIAL,,,,,,0.5,0.75,0.25,0.875,1.0,1.0,,,5,0,2
pilot3_train_600_worktree,ttdf_3d41f12fc382,2,2,PROCEDURAL_EXPLICIT,,,,,,1.0,1.0,0.0,1.0,1.0,1.0,,,3,0,1
pilot3_train_600_worktree,ttdf_4f9a6db16101,6,6+,PROCEDURAL_PARTIAL,,,,,,0.6667,0.6667,0.3333,0.8333,1.0,1.0,,,11,0,5
pilot3_train_600_worktree,ttdf_2c958b881eb6,2,2,PROCEDURAL_EXPLICIT,,,,,,0.5,1.0,0.0,1.0,1.0,1.0,,,3,2,1
pilot3_train_600_worktree,ttdf_13647563f2d7,3,3,PROCEDURAL_EXPLICIT,,,,,,1.0,1.0,0.0,1.0,1.0,1.0,,,5,0,2
pilot3_train_600_worktree,ttdf_15feadc31a80,4,4,PROCEDURAL_PARTIAL,,,,,,0.75,0.75,0.25,0.875,1.0,1.0,,,7,1,3
pilot3_train_600_worktree,ttdf_71260bf92acb,7,6+,PROCEDURAL_EXPLICIT,,,,,,0.5714,0.8571,0.1429,0.9286,1.0,1.0,,,11,0,6
pilot3_train_600_worktree,ttdf_4a60967acf1e,6,6+,PROCEDURAL_EXPLICIT,,,,,,0.8333,0.8333,0.1667,0.9167,1.0,1.0,,,8,2,2
pilot3_train_600_worktree,ttdf_11f761e72840,4,4,PROCEDURAL_EXPLICIT,,,,,,0.75,1.0,0.0,1.0,1.0,1.0,,,8,1,3
pilot3_train_600_worktree,ttdf_0567be690a63,6,6+,PROCEDURAL_EXPLICIT,,,,,,0.6667,1.0,0.0,1.0,1.0,1.0,,,12,1,5
pilot3_train_600_worktree,ttdf_954e0f107ebf,4,4,PROCEDURAL_EXPLICIT,,,,,,0.75,1.0,0.0,1.0,1.0,1.0,,,6,1,2
pilot3_train_600_worktree,ttdf_98bda79ab0d1,2,2,GOAL_BASED_IMPLICIT,,,,,,0.0,0.0,1.0,0.0,0.0,0.0,,,3,2,1
pilot3_train_600_worktree,ttdf_897a8ebc1b51,2,2,PROCEDURAL_EXPLICIT,,,,,,1.0,1.0,0.0,1.0,1.0,1.0,,,1,0,0
pilot3_train_600_worktree,ttdf_5832b7b98c41,6,6+,PROCEDURAL_EXPLICIT,,,,,,0.8333,0.8333,0.1667,0.9167,1.0,1.0,,,9,1,5
pilot3_train_600_worktree,ttdf_2e28c94981d9,2,2,PROCEDURAL_EXPLICIT,,,,,,1.0,1.0,0.0,1.0,1.0,1.0,,,3,0,1
pilot3_train_600_worktree,ttdf_1a7d4c7d2e73,2,2,PROCEDURAL_EXPLICIT,,,,,,1.0,1.0,0.0,1.0,1.0,1.0,,,3,2,1
pilot3_train_600_worktree,ttdf_831d193c517d,5,5,PROCEDURAL_EXPLICIT,,,,,,0.8,1.0,0.0,0.8,0.8,0.8,,,5,1,4
pilot3_train_600_worktree,ttdf_004ceee60ac5,4,4,PROCEDURAL_EXPLICIT,,,,,,0.75,1.0,0.0,1.0,1.0,1.0,,,4,1,3
pilot3_train_600_worktree,ttdf_0575273c973e,6,6+,PROCEDURAL_EXPLICIT,,,,,,0.8333,0.8333,0.1667,0.43,0.6,-0.2,,,10,1,5
pilot3_train_600_worktree,ttdf_2245fbf80cf8,5,5,PROCEDURAL_EXPLICIT,,,,,,0.8,0.8,0.2,0.9,1.0,1.0,,,11,7,4
pilot3_train_600_worktree,ttdf_1cc8cb9986f0,3,3,PROCEDURAL_PARTIAL,,,,,,0.6667,0.6667,0.3333,0.8333,1.0,1.0,,,5,3,2
pilot3_train_600_worktree,ttdf_2c0fb7585a5f,6,6+,PROCEDURAL_EXPLICIT,,,,,,0.8333,1.0,0.0,0.8133,0.8333,0.7333,,,9,0,5
pilot3_train_600_worktree,ttdf_f08af46ff06c,5,5,PROCEDURAL_EXPLICIT,,,,,,0.8,0.8,0.2,0.9,1.0,1.0,,,10,2,3
pilot3_train_600_worktree,ttdf_0a4579a55e3e,4,4,PROCEDURAL_EXPLICIT,,,,,,0.75,1.0,0.0,1.0,1.0,1.0,,,7,1,3
pilot3_train_600_worktree,ttdf_109a9a2eb248,2,2,PROCEDURAL_EXPLICIT,,,,,,0.5,1.0,0.0,1.0,1.0,1.0,,,3,0,1
pilot3_train_600_worktree,ttdf_ca1d484c9c96,2,2,PROCEDURAL_EXPLICIT,,,,,,1.0,1.0,0.0,1.0,1.0,1.0,,,2,0,0
pilot3_train_600_worktree,ttdf_272ce16153d2,2,2,PROCEDURAL_EXPLICIT,,,,,,0.5,1.0,0.0,1.0,1.0,1.0,,,1,0,0
pilot3_train_600_worktree,ttdf_3b4ca8df8340,2,2,PROCEDURAL_EXPLICIT,,,,,,1.0,1.0,0.0,1.0,1.0,1.0,,,3,0,1
pilot3_train_600_worktree,ttdf_4df65eb35420,3,3,PROCEDURAL_PARTIAL,,,,,,0.6667,0.6667,0.3333,0.8333,1.0,1.0,,,5,3,2
pilot3_train_600_worktree,ttdf_fd9f15c86e82,5,5,PROCEDURAL_EXPLICIT,,,,,,0.6,0.8,0.2,0.9,1.0,1.0,,,9,1,4
pilot3_train_600_worktree,ttdf_5c9bfe7c5eeb,6,6+,PROCEDURAL_EXPLICIT,,,,,,0.8333,1.0,0.0,0.84,0.8333,0.8667,,,9,1,3
pilot3_train_600_worktree,ttdf_4fb15030a374,2,2,PROCEDURAL_EXPLICIT,,,,,,0.5,1.0,0.0,1.0,1.0,1.0,,,3,2,1
pilot3_train_600_worktree,ttdf_8db5901e0f81,7,6+,PROCEDURAL_PARTIAL,,,,,,0.5714,0.7143,0.2857,0.8571,1.0,1.0,,,10,1,6
pilot3_train_600_worktree,ttdf_4ba278446d22,4,4,PROCEDURAL_EXPLICIT,,,,,,0.75,1.0,0.0,1.0,1.0,1.0,,,7,1,2
pilot3_train_600_worktree,ttdf_1383b56ac315,2,2,PROCEDURAL_EXPLICIT,,,,,,1.0,1.0,0.0,1.0,1.0,1.0,,,3,2,1
pilot3_train_600_worktree,ttdf_450ce5ca6048,8,6+,PROCEDURAL_EXPLICIT,,,,,,1.0,1.0,0.0,0.8571,0.875,0.7857,,,15,0,7
pilot3_train_600_worktree,ttdf_712be6a2b0d4,2,2,PROCEDURAL_EXPLICIT,,,,,,1.0,1.0,0.0,1.0,1.0,1.0,,,1,0,1
pilot3_train_600_worktree,ttdf_33c3736160e6,8,6+,PROCEDURAL_EXPLICIT,,,,,,0.875,0.875,0.125,0.9375,1.0,1.0,,,9,0,7
pilot3_train_600_worktree,ttdf_19a21384e2ba,6,6+,PROCEDURAL_EXPLICIT,,,,,,0.8333,0.8333,0.1667,0.7333,0.8,0.8,,,12,2,5
pilot3_train_600_worktree,ttdf_f2e290f68a14,6,6+,PROCEDURAL_EXPLICIT,,,,,,0.8333,0.8333,0.1667,0.7333,0.8,0.8,,,13,2,5
pilot3_train_600_worktree,ttdf_18bd5adee8cd,3,3,PROCEDURAL_EXPLICIT,,,,,,0.3333,1.0,0.0,1.0,1.0,1.0,,,3,1,2
pilot3_train_600_worktree,ttdf_1146308536be,2,2,UNCLASSIFIED,,,,,,0.5,0.5,0.5,0.125,0.0,0.0,,,0,0,0
pilot3_train_600_worktree,ttdf_5583e9093f36,2,2,PROCEDURAL_EXPLICIT,,,,,,1.0,1.0,0.0,1.0,1.0,1.0,,,0,0,0
pilot3_train_600_worktree,ttdf_81ae16afa8a0,2,2,PROCEDURAL_PARTIAL,,,,,,0.5,0.5,0.5,0.125,0.0,0.0,,,3,2,1
pilot3_train_600_worktree,ttdf_d97a77cb50c8,6,6+,PROCEDURAL_EXPLICIT,,,,,,0.8333,0.8333,0.1667,0.9167,1.0,1.0,,,13,8,5
pilot3_train_600_worktree,ttdf_88db3bb9c110,8,6+,PROCEDURAL_PARTIAL,,,,,,0.75,0.75,0.25,0.6292,0.8333,0.3333,,,15,8,7
pilot3_train_600_worktree,ttdf_b821df28975e,3,3,PROCEDURAL_EXPLICIT,,,,,,0.6667,1.0,0.0,1.0,1.0,1.0,,,6,4,2
pilot3_train_600_worktree,ttdf_b11e0c22e08e,3,3,PROCEDURAL_PARTIAL,,,,,,0.3333,0.6667,0.3333,0.8333,1.0,1.0,,,3,0,1
pilot3_train_600_worktree,ttdf_35655e0b2603,4,4,PROCEDURAL_EXPLICIT,,,,,,1.0,1.0,0.0,0.7333,0.75,0.6667,,,8,5,3
pilot3_train_600_worktree,ttdf_470d58b1d06f,3,3,PROCEDURAL_EXPLICIT,,,,,,0.6667,1.0,0.0,1.0,1.0,1.0,,,6,4,2
pilot3_train_600_worktree,ttdf_6b36336b66ae,3,3,PROCEDURAL_EXPLICIT,,,,,,0.6667,1.0,0.0,1.0,1.0,1.0,,,5,0,2
pilot3_train_600_worktree,ttdf_82703d6a0d7e,3,3,PROCEDURAL_PARTIAL,,,,,,0.6667,0.6667,0.3333,0.8333,1.0,1.0,,,3,0,3
pilot3_train_600_worktree,ttdf_53bf21b903a7,4,4,PROCEDURAL_EXPLICIT,,,,,,1.0,1.0,0.0,0.6667,0.75,0.3333,,,4,0,1
pilot3_train_600_worktree,ttdf_07bf20b2416e,6,6+,PROCEDURAL_EXPLICIT,,,,,,1.0,1.0,0.0,0.84,0.8333,0.8667,,,3,0,2
pilot3_train_600_worktree,ttdf_1bf6c5e23d34,4,4,PROCEDURAL_PARTIAL,,,,,,0.25,0.5,0.5,0.75,1.0,1.0,,,4,1,1
pilot3_train_600_worktree,ttdf_a31e86877e4c,5,5,PROCEDURAL_EXPLICIT,,,,,,1.0,1.0,0.0,0.72,0.8,0.4,,,9,5,4
pilot3_train_600_worktree,ttdf_73596c9703cc,2,2,PROCEDURAL_EXPLICIT,,,,,,1.0,1.0,0.0,1.0,1.0,1.0,,,3,2,1
pilot3_train_600_worktree,ttdf_72bdb8dd4fbf,4,4,PROCEDURAL_EXPLICIT,,,,,,1.0,1.0,0.0,1.0,1.0,1.0,,,8,2,3
pilot3_train_600_worktree,ttdf_38b1f24fdba4,3,3,PROCEDURAL_PARTIAL,,,,,,0.6667,0.6667,0.3333,0.8333,1.0,1.0,,,5,0,2
pilot3_train_600_worktree,ttdf_e3733a0bc54a,2,2,PROCEDURAL_PARTIAL,,,,,,0.5,0.5,0.5,0.125,0.0,0.0,,,3,0,1
pilot3_train_600_worktree,ttdf_54eb0c0e425c,2,2,PROCEDURAL_EXPLICIT,,,,,,1.0,1.0,0.0,1.0,1.0,1.0,,,2,0,0
pilot3_train_600_worktree,ttdf_5f0209e88851,8,6+,PROCEDURAL_EXPLICIT,,,,,,0.875,0.875,0.125,0.9375,1.0,1.0,,,4,1,3
pilot3_train_600_worktree,ttdf_c02e6ca784a5,6,6+,PROCEDURAL_EXPLICIT,,,,,,1.0,1.0,0.0,1.0,1.0,1.0,,,12,7,5
pilot3_train_600_worktree,ttdf_58f08c4edc40,7,6+,PROCEDURAL_EXPLICIT,,,,,,0.8571,0.8571,0.1429,0.9286,1.0,1.0,,,10,1,4
pilot3_train_600_worktree,ttdf_3b2cc1a549da,5,5,PROCEDURAL_PARTIAL,,,,,,0.6,0.6,0.4,0.8,1.0,1.0,,,9,1,4
pilot3_train_600_worktree,ttdf_1e61b3899278,2,2,PROCEDURAL_PARTIAL,,,,,,0.5,0.5,0.5,0.125,0.0,0.0,,,3,0,1
pilot3_train_600_worktree,ttdf_58f71101b86b,7,6+,PROCEDURAL_EXPLICIT,,,,,,0.8571,0.8571,0.1429,0.6057,0.6667,0.6,,,3,1,1
pilot3_train_600_worktree,ttdf_9c6978bb26f3,3,3,PROCEDURAL_EXPLICIT,,,,,,0.6667,1.0,0.0,0.6,0.6667,0.3333,,,4,1,1
pilot3_train_600_worktree,ttdf_cd4fb2c82b9a,2,2,PROCEDURAL_EXPLICIT,,,,,,1.0,1.0,0.0,1.0,1.0,1.0,,,3,2,1
pilot3_train_600_worktree,ttdf_04bb083de833,5,5,PROCEDURAL_EXPLICIT,,,,,,1.0,1.0,0.0,1.0,1.0,1.0,,,10,2,4
pilot3_train_600_worktree,ttdf_8e25a3c3d4b0,6,6+,PROCEDURAL_PARTIAL,,,,,,0.6667,0.6667,0.3333,0.8333,1.0,1.0,,,9,1,3
pilot3_train_600_worktree,ttdf_f6b902a8de54,3,3,PROCEDURAL_PARTIAL,,,,,,0.3333,0.6667,0.3333,0.8333,1.0,1.0,,,6,1,2
pilot3_train_600_worktree,ttdf_0ce8913d0334,2,2,PROCEDURAL_PARTIAL,,,,,,0.5,0.5,0.5,0.125,0.0,0.0,,,3,2,1
pilot3_train_600_worktree,ttdf_1784a7d130c4,5,5,PROCEDURAL_PARTIAL,,,,,,0.4,0.6,0.4,0.8,1.0,1.0,,,10,6,4
pilot3_train_600_worktree,ttdf_7b8db9955d51,6,6+,PROCEDURAL_EXPLICIT,,,,,,0.8333,1.0,0.0,1.0,1.0,1.0,,,9,1,3
pilot3_train_600_worktree,ttdf_7c88aeaeb582,5,5,PROCEDURAL_EXPLICIT,,,,,,1.0,1.0,0.0,1.0,1.0,1.0,,,9,2,3
pilot3_train_600_worktree,ttdf_44b01616a487,2,2,PROCEDURAL_PARTIAL,,,,,,0.5,0.5,0.5,0.125,0.0,0.0,,,2,0,1
pilot3_train_600_worktree,ttdf_209b1a2b8bb1,6,6+,PROCEDURAL_EXPLICIT,,,,,,0.6667,0.8333,0.1667,0.9167,1.0,1.0,,,11,1,5
pilot3_train_600_worktree,ttdf_330334b5a8ee,2,2,UNCLASSIFIED,,,,,,0.0,0.5,0.5,0.125,0.0,0.0,,,1,0,1
pilot3_train_600_worktree,ttdf_093f5f1c7a5c,8,6+,PROCEDURAL_PARTIAL,,,,,,0.75,0.75,0.25,0.875,1.0,1.0,,,17,10,7
pilot3_train_600_worktree,ttdf_1fbbe1962989,2,2,PROCEDURAL_EXPLICIT,,,,,,0.5,1.0,0.0,1.0,1.0,1.0,,,4,1,1
pilot3_train_600_worktree,ttdf_a27ee767b260,3,3,PROCEDURAL_EXPLICIT,,,,,,1.0,1.0,0.0,1.0,1.0,1.0,,,6,4,2
pilot3_train_600_worktree,ttdf_67a6c973d4d7,4,4,PROCEDURAL_EXPLICIT,,,,,,0.75,1.0,0.0,1.0,1.0,1.0,,,8,5,3
pilot3_train_600_worktree,ttdf_28a45ed58282,4,4,PROCEDURAL_PARTIAL,,,,,,0.75,0.75,0.25,0.875,1.0,1.0,,,9,3,4
pilot3_train_600_worktree,ttdf_46c52bed205e,7,6+,PROCEDURAL_EXPLICIT,,,,,,0.8571,0.8571,0.1429,0.7538,0.8333,0.7333,,,9,1,6
pilot3_train_600_worktree,ttdf_a36a302e3a68,5,5,PROCEDURAL_EXPLICIT,,,,,,0.8,0.8,0.2,0.9,1.0,1.0,,,7,0,4
pilot3_train_600_worktree,ttdf_1703e497b2ae,8,6+,PROCEDURAL_EXPLICIT,,,,,,0.875,0.875,0.125,0.7179,0.8571,0.4286,,,16,2,7
pilot3_train_600_worktree,ttdf_67945aea207c,4,4,PROCEDURAL_PARTIAL,,,,,,0.75,0.75,0.25,0.875,1.0,1.0,,,5,1,0
pilot3_train_600_worktree,ttdf_90db64712927,2,2,PROCEDURAL_PARTIAL,,,,,,0.5,0.5,0.5,0.125,0.0,0.0,,,3,0,1
pilot3_train_600_worktree,ttdf_62046f3f6ffe,3,3,PROCEDURAL_EXPLICIT,,,,,,1.0,1.0,0.0,1.0,1.0,1.0,,,5,3,2
pilot3_train_600_worktree,ttdf_8a212faaa6ac,7,6+,PROCEDURAL_PARTIAL,,,,,,0.7143,0.7143,0.2857,0.6457,0.8,0.6,,,8,1,5
pilot3_train_600_worktree,ttdf_2d9eb714eff9,2,2,PROCEDURAL_PARTIAL,,,,,,0.5,0.5,0.5,0.125,0.0,0.0,,,3,2,1
pilot3_train_600_worktree,ttdf_1d3da88ad525,6,6+,PROCEDURAL_EXPLICIT,,,,,,0.8333,0.8333,0.1667,0.9167,1.0,1.0,,,10,2,5
pilot3_train_600_worktree,ttdf_85cd4058f920,2,2,PROCEDURAL_PARTIAL,,,,,,0.5,0.5,0.5,0.125,0.0,0.0,,,3,2,1
pilot3_train_600_worktree,ttdf_cbe96d386138,2,2,PROCEDURAL_EXPLICIT,,,,,,1.0,1.0,0.0,1.0,1.0,1.0,,,3,2,1
pilot3_train_600_worktree,ttdf_4389b3ac4d29,4,4,PROCEDURAL_PARTIAL,,,,,,0.5,0.75,0.25,0.875,1.0,1.0,,,5,0,1
pilot3_train_600_worktree,ttdf_2455995df85b,5,5,PROCEDURAL_EXPLICIT,,,,,,1.0,1.0,0.0,1.0,1.0,1.0,,,6,2,4
pilot3_train_600_worktree,ttdf_40fe0a0d5ab0,6,6+,PROCEDURAL_EXPLICIT,,,,,,0.6667,0.8333,0.1667,0.9167,1.0,1.0,,,10,1,5
pilot3_train_600_worktree,ttdf_65c102e8ae6e,4,4,PROCEDURAL_PARTIAL,,,,,,0.5,0.5,0.5,0.75,1.0,1.0,,,8,1,3
pilot3_train_600_worktree,ttdf_10a611963887,2,2,PROCEDURAL_EXPLICIT,,,,,,0.5,1.0,0.0,1.0,1.0,1.0,,,3,0,1
pilot3_train_600_worktree,ttdf_ddfa3474fa31,5,5,PROCEDURAL_PARTIAL,,,,,,0.6,0.6,0.4,0.8,1.0,1.0,,,10,2,4
pilot3_train_600_worktree,ttdf_36b57efe7392,5,5,PROCEDURAL_EXPLICIT,,,,,,1.0,1.0,0.0,0.76,0.8,0.6,,,10,1,4
pilot3_train_600_worktree,ttdf_13e86a1c0b0a,6,6+,PROCEDURAL_EXPLICIT,,,,,,1.0,1.0,0.0,0.7867,0.8333,0.6,,,11,0,5
pilot3_train_600_worktree,ttdf_b9c7c5612106,2,2,PROCEDURAL_EXPLICIT,,,,,,1.0,1.0,0.0,1.0,1.0,1.0,,,3,0,1
pilot3_train_600_worktree,ttdf_2ae133ee09f2,2,2,PROCEDURAL_EXPLICIT,,,,,,1.0,1.0,0.0,1.0,1.0,1.0,,,4,3,1
pilot3_train_600_worktree,ttdf_24d44636b99b,6,6+,PROCEDURAL_EXPLICIT,,,,,,0.8333,0.8333,0.1667,0.9167,1.0,1.0,,,3,0,2
pilot3_train_600_worktree,ttdf_57d750445754,4,4,PROCEDURAL_EXPLICIT,,,,,,1.0,1.0,0.0,1.0,1.0,1.0,,,7,4,3
pilot3_train_600_worktree,ttdf_0347623425c6,5,5,PROCEDURAL_PARTIAL,,,,,,0.4,0.6,0.4,0.4667,0.6667,0.3333,,,9,2,2
pilot3_train_600_worktree,ttdf_179d52becd83,2,2,PROCEDURAL_EXPLICIT,,,,,,1.0,1.0,0.0,1.0,1.0,1.0,,,3,0,1
pilot3_train_600_worktree,ttdf_f64cb80ebd35,2,2,PROCEDURAL_EXPLICIT,,,,,,1.0,1.0,0.0,1.0,1.0,1.0,,,3,2,1
pilot3_train_600_worktree,ttdf_918a1b8e247c,6,6+,PROCEDURAL_EXPLICIT,,,,,,0.5,0.8333,0.1667,0.9167,1.0,1.0,,,11,0,5
pilot3_train_600_worktree,ttdf_f6fd02964091,2,2,PROCEDURAL_EXPLICIT,,,,,,1.0,1.0,0.0,1.0,1.0,1.0,,,2,0,1
pilot3_train_600_worktree,ttdf_2f3bdb3a35c1,6,6+,PROCEDURAL_EXPLICIT,,,,,,0.8333,1.0,0.0,1.0,1.0,1.0,,,7,1,4
pilot3_train_600_worktree,ttdf_36a216ba2999,2,2,PROCEDURAL_EXPLICIT,,,,,,0.5,1.0,0.0,1.0,1.0,1.0,,,3,0,1
pilot3_train_600_worktree,ttdf_9d77f3ed8fa3,6,6+,PROCEDURAL_EXPLICIT,,,,,,0.8333,0.8333,0.1667,0.9167,1.0,1.0,,,6,0,5
pilot3_train_600_worktree,ttdf_07c691f0f0b6,2,2,PROCEDURAL_EXPLICIT,,,,,,1.0,1.0,0.0,1.0,1.0,1.0,,,3,2,1
pilot3_train_600_worktree,ttdf_b759f7cbfc86,2,2,PROCEDURAL_EXPLICIT,,,,,,1.0,1.0,0.0,1.0,1.0,1.0,,,1,0,0
pilot3_train_600_worktree,ttdf_3d16ba355ab3,4,4,PROCEDURAL_EXPLICIT,,,,,,0.5,1.0,0.0,0.7333,0.75,0.6667,,,7,1,3
pilot3_train_600_worktree,ttdf_78f37f8ffa01,8,6+,PROCEDURAL_EXPLICIT,,,,,,0.875,1.0,0.0,0.7429,0.75,0.7143,,,16,1,7
pilot3_train_600_worktree,ttdf_9d9863ba2cb6,5,5,PROCEDURAL_EXPLICIT,,,,,,0.8,0.8,0.2,0.9,1.0,1.0,,,8,0,3
pilot3_train_600_worktree,ttdf_68ca1081ba07,4,4,PROCEDURAL_PARTIAL,,,,,,0.75,0.75,0.25,0.45,0.6667,-0.3333,,,8,1,3
pilot3_train_600_worktree,ttdf_73f8a9ff0c4b,6,6+,PROCEDURAL_EXPLICIT,,,,,,0.6667,1.0,0.0,1.0,1.0,1.0,,,11,0,5
pilot3_train_600_worktree,ttdf_7477d37d7cea,3,3,PROCEDURAL_EXPLICIT,,,,,,1.0,1.0,0.0,1.0,1.0,1.0,,,6,1,2
pilot3_train_600_worktree,ttdf_11520fc95946,3,3,PROCEDURAL_EXPLICIT,,,,,,1.0,1.0,0.0,1.0,1.0,1.0,,,5,0,2
pilot3_train_600_worktree,ttdf_133121788cd1,2,2,PROCEDURAL_EXPLICIT,,,,,,1.0,1.0,0.0,1.0,1.0,1.0,,,1,0,1
pilot3_train_600_worktree,ttdf_ce5a5d3e494a,2,2,PROCEDURAL_EXPLICIT,,,,,,1.0,1.0,0.0,1.0,1.0,1.0,,,2,0,0
pilot3_train_600_worktree,ttdf_43aa348514cb,5,5,PROCEDURAL_EXPLICIT,,,,,,0.6,1.0,0.0,1.0,1.0,1.0,,,8,1,3
pilot3_train_600_worktree,ttdf_ce63e45a9b47,2,2,PROCEDURAL_PARTIAL,,,,,,0.5,0.5,0.5,0.125,0.0,0.0,,,3,2,1
pilot3_train_600_worktree,ttdf_4225616d0be4,6,6+,PROCEDURAL_EXPLICIT,,,,,,0.6667,0.8333,0.1667,0.9167,1.0,1.0,,,10,1,4
pilot3_train_600_worktree,ttdf_447a55068eaf,4,4,PROCEDURAL_EXPLICIT,,,,,,1.0,1.0,0.0,1.0,1.0,1.0,,,5,2,3
pilot3_train_600_worktree,ttdf_d4e5b7bfafb4,3,3,PROCEDURAL_PARTIAL,,,,,,0.6667,0.6667,0.3333,0.8333,1.0,1.0,,,3,1,2
pilot3_train_600_worktree,ttdf_d0ad5f3cd5b2,2,2,GOAL_BASED_IMPLICIT,,,,,,0.0,0.0,1.0,0.0,0.0,0.0,,,3,0,1
pilot3_train_600_worktree,ttdf_bc01a5b836d7,6,6+,PROCEDURAL_PARTIAL,,,,,,0.6667,0.6667,0.3333,0.8333,1.0,1.0,,,11,0,5
pilot3_train_600_worktree,ttdf_51e0bd1618d1,2,2,PROCEDURAL_EXPLICIT,,,,,,1.0,1.0,0.0,1.0,1.0,1.0,,,3,2,1
pilot3_train_600_worktree,ttdf_2fff9c093256,8,6+,PROCEDURAL_PARTIAL,,,,,,0.625,0.625,0.375,0.61,0.8,0.6,,,17,10,7
pilot3_train_600_worktree,ttdf_6ff7f34a1a92,2,2,PROCEDURAL_PARTIAL,,,,,,0.5,0.5,0.5,0.125,0.0,0.0,,,3,0,1
pilot3_train_600_worktree,ttdf_2d41b2830490,2,2,PROCEDURAL_EXPLICIT,,,,,,1.0,1.0,0.0,1.0,1.0,1.0,,,3,2,1
pilot3_train_600_worktree,ttdf_21cfed40077b,2,2,PROCEDURAL_EXPLICIT,,,,,,1.0,1.0,0.0,1.0,1.0,1.0,,,3,0,1
pilot3_train_600_worktree,ttdf_5819997e10dd,3,3,PROCEDURAL_EXPLICIT,,,,,,1.0,1.0,0.0,1.0,1.0,1.0,,,5,3,2
pilot3_train_600_worktree,ttdf_9305a91f7974,6,6+,PROCEDURAL_EXPLICIT,,,,,,0.8333,1.0,0.0,0.84,0.8333,0.8667,,,12,7,5
pilot3_train_600_worktree,ttdf_4f189e16b6c4,2,2,PROCEDURAL_EXPLICIT,,,,,,0.5,1.0,0.0,1.0,1.0,1.0,,,3,0,1
pilot3_train_600_worktree,ttdf_09c234dedf78,7,6+,PROCEDURAL_EXPLICIT,,,,,,1.0,1.0,0.0,0.8286,0.8571,0.7143,,,14,8,6
pilot3_train_600_worktree,ttdf_870447e2fbbb,2,2,PROCEDURAL_EXPLICIT,,,,,,1.0,1.0,0.0,1.0,1.0,1.0,,,3,0,1
pilot3_train_600_worktree,ttdf_dea07c219f91,3,3,PROCEDURAL_EXPLICIT,,,,,,1.0,1.0,0.0,1.0,1.0,1.0,,,6,1,2
pilot3_train_600_worktree,ttdf_4e9b666b04f9,2,2,PROCEDURAL_EXPLICIT,,,,,,1.0,1.0,0.0,1.0,1.0,1.0,,,3,0,1
pilot3_train_600_worktree,ttdf_7906faca4767,6,6+,PROCEDURAL_EXPLICIT,,,,,,0.8333,0.8333,0.1667,0.9167,1.0,1.0,,,13,8,5
pilot3_train_600_worktree,ttdf_3f52a534866d,2,2,PROCEDURAL_EXPLICIT,,,,,,1.0,1.0,0.0,1.0,1.0,1.0,,,0,0,0
pilot3_train_600_worktree,ttdf_3c21e6ec77fd,6,6+,PROCEDURAL_PARTIAL,,,,,,0.6667,0.6667,0.3333,0.8333,1.0,1.0,,,8,1,3
pilot3_train_600_worktree,ttdf_178a8a0f527a,2,2,PROCEDURAL_EXPLICIT,,,,,,1.0,1.0,0.0,1.0,1.0,1.0,,,2,0,1
pilot3_train_600_worktree,ttdf_0076850744b5,5,5,PROCEDURAL_EXPLICIT,,,,,,0.8,0.8,0.2,0.9,1.0,1.0,,,9,5,4
pilot3_train_600_worktree,ttdf_6eeb168023b3,2,2,PROCEDURAL_EXPLICIT,,,,,,1.0,1.0,0.0,1.0,1.0,1.0,,,3,0,1
pilot3_train_600_worktree,ttdf_237b68177ba3,5,5,PROCEDURAL_EXPLICIT,,,,,,0.8,0.8,0.2,0.9,1.0,1.0,,,6,1,4
pilot3_train_600_worktree,ttdf_7d383d22fb7a,3,3,PROCEDURAL_EXPLICIT,,,,,,1.0,1.0,0.0,1.0,1.0,1.0,,,5,2,1
pilot3_train_600_worktree,ttdf_0d1187dec051,7,6+,PROCEDURAL_PARTIAL,,,,,,0.7143,0.8571,0.1429,0.9286,1.0,1.0,,,6,0,6
pilot3_train_600_worktree,ttdf_402bd1a656a3,8,6+,PROCEDURAL_EXPLICIT,,,,,,0.875,0.875,0.125,0.9375,1.0,1.0,,,15,8,7
pilot3_train_600_worktree,ttdf_5d102b7a07ae,4,4,PROCEDURAL_PARTIAL,,,,,,0.5,0.75,0.25,0.875,1.0,1.0,,,7,0,2
pilot3_train_600_worktree,ttdf_f0f0ba9dbcf0,3,3,PROCEDURAL_EXPLICIT,,,,,,1.0,1.0,0.0,1.0,1.0,1.0,,,6,4,2
pilot3_train_600_worktree,ttdf_07bb132c3f89,3,3,PROCEDURAL_EXPLICIT,,,,,,0.6667,1.0,0.0,1.0,1.0,1.0,,,6,1,2
pilot3_train_600_worktree,ttdf_6d13bfbfea76,5,5,PROCEDURAL_PARTIAL,,,,,,0.6,0.6,0.4,0.8,1.0,1.0,,,10,2,4
pilot3_train_600_worktree,ttdf_8c5f45c418c2,7,6+,PROCEDURAL_EXPLICIT,,,,,,0.8571,0.8571,0.1429,0.7271,0.8333,0.6,,,9,2,4
pilot3_train_600_worktree,ttdf_2da965f88f51,7,6+,PROCEDURAL_PARTIAL,,,,,,0.5714,0.7143,0.2857,0.8571,1.0,1.0,,,13,2,6
pilot3_train_600_worktree,ttdf_4dc6b4c3c8fe,3,3,PROCEDURAL_EXPLICIT,,,,,,1.0,1.0,0.0,1.0,1.0,1.0,,,5,0,2
pilot3_train_600_worktree,ttdf_12ad41675137,6,6+,PROCEDURAL_PARTIAL,,,,,,0.8333,0.8333,0.1667,0.9167,1.0,1.0,,,5,0,5
pilot3_train_600_worktree,ttdf_14c55897ced2,2,2,PROCEDURAL_EXPLICIT,,,,,,1.0,1.0,0.0,1.0,1.0,1.0,,,2,0,1
pilot3_train_600_worktree,ttdf_08e351ce7ae4,5,5,PROCEDURAL_EXPLICIT,,,,,,1.0,1.0,0.0,1.0,1.0,1.0,,,9,5,4
pilot3_train_600_worktree,ttdf_14426040da3f,5,5,PROCEDURAL_PARTIAL,,,,,,0.4,0.6,0.4,0.8,1.0,1.0,,,10,6,4
pilot3_train_600_worktree,ttdf_33448ead7831,4,4,PROCEDURAL_EXPLICIT,,,,,,1.0,1.0,0.0,1.0,1.0,1.0,,,8,2,3
pilot3_train_600_worktree,ttdf_68476bac3a4a,4,4,PROCEDURAL_PARTIAL,,,,,,0.25,0.5,0.5,0.75,1.0,1.0,,,6,0,2
pilot3_train_600_worktree,ttdf_4bf9490a9e1e,8,6+,PROCEDURAL_EXPLICIT,,,,,,0.75,0.875,0.125,0.8131,0.8571,0.9048,,,11,1,5
pilot3_train_600_worktree,ttdf_1bc5eff582f7,3,3,PROCEDURAL_PARTIAL,,,,,,0.3333,0.6667,0.3333,0.8333,1.0,1.0,,,6,1,2
pilot3_train_600_worktree,ttdf_5c1811f269c9,6,6+,PROCEDURAL_EXPLICIT,,,,,,0.8333,1.0,0.0,0.8133,0.8333,0.7333,,,9,0,3
pilot3_train_600_worktree,ttdf_1f212f9fa3ec,3,3,PROCEDURAL_EXPLICIT,,,,,,1.0,1.0,0.0,0.6,0.6667,0.3333,,,4,1,2
pilot3_train_600_worktree,ttdf_59bbfae44744,4,4,PROCEDURAL_EXPLICIT,,,,,,1.0,1.0,0.0,1.0,1.0,1.0,,,9,6,3
pilot3_train_600_worktree,ttdf_dafc1b2ddacc,2,2,PROCEDURAL_EXPLICIT,,,,,,1.0,1.0,0.0,1.0,1.0,1.0,,,1,0,1
pilot3_train_600_worktree,ttdf_688d7095b683,4,4,PROCEDURAL_PARTIAL,,,,,,0.5,0.75,0.25,0.875,1.0,1.0,,,7,1,2
pilot3_train_600_worktree,ttdf_0ab6884887d7,7,6+,PROCEDURAL_PARTIAL,,,,,,0.7143,0.7143,0.2857,0.8571,1.0,1.0,,,13,0,6
pilot3_train_600_worktree,ttdf_b56b10b09351,5,5,PROCEDURAL_EXPLICIT,,,,,,0.8,1.0,0.0,1.0,1.0,1.0,,,9,1,3
pilot3_train_600_worktree,ttdf_413e32a015a3,4,4,PROCEDURAL_PARTIAL,,,,,,0.75,0.75,0.25,0.875,1.0,1.0,,,7,1,2
pilot3_train_600_worktree,ttdf_c9ebea5ad6df,3,3,PROCEDURAL_EXPLICIT,,,,,,1.0,1.0,0.0,1.0,1.0,1.0,,,3,1,2
pilot3_train_600_worktree,ttdf_4c52ea3c35bd,6,6+,PROCEDURAL_EXPLICIT,,,,,,0.8333,1.0,0.0,1.0,1.0,1.0,,,7,1,2
pilot3_train_600_worktree,ttdf_917a92259041,2,2,PROCEDURAL_EXPLICIT,,,,,,1.0,1.0,0.0,1.0,1.0,1.0,,,1,0,0
pilot3_train_600_worktree,ttdf_49957a70aa3d,3,3,PROCEDURAL_PARTIAL,,,,,,0.6667,0.6667,0.3333,0.8333,1.0,1.0,,,1,0,0
pilot3_train_600_worktree,ttdf_49e0ce4e827d,2,2,PROCEDURAL_PARTIAL,,,,,,1.0,1.0,0.0,0.4,0.5,-1.0,,,1,0,1
pilot3_train_600_worktree,ttdf_35a57fb64494,7,6+,PROCEDURAL_EXPLICIT,,,,,,0.7143,0.8571,0.1429,0.6057,0.6667,0.6,,,12,0,6
pilot3_train_600_worktree,ttdf_0a363f4ef90e,2,2,GOAL_BASED_IMPLICIT,,,,,,0.0,0.0,1.0,0.0,0.0,0.0,,,1,0,0
pilot3_train_600_worktree,ttdf_06baa6056f11,7,6+,PROCEDURAL_PARTIAL,,,,,,0.7143,0.7143,0.2857,0.4343,0.6,0.2,,,12,1,6
pilot3_train_600_worktree,ttdf_03e3390fc795,5,5,PROCEDURAL_EXPLICIT,,,,,,0.8,1.0,0.0,1.0,1.0,1.0,,,10,6,4
pilot3_train_600_worktree,ttdf_09d008752f08,3,3,PROCEDURAL_EXPLICIT,,,,,,1.0,1.0,0.0,1.0,1.0,1.0,,,6,4,2
pilot3_train_600_worktree,ttdf_208d8d90510f,2,2,PROCEDURAL_EXPLICIT,,,,,,0.5,1.0,0.0,1.0,1.0,1.0,,,3,0,1
pilot3_train_600_worktree,ttdf_7ac297142d16,3,3,PROCEDURAL_EXPLICIT,,,,,,0.6667,1.0,0.0,0.5333,0.6667,-0.3333,,,4,1,2
pilot3_train_600_worktree,ttdf_666553ac6372,4,4,PROCEDURAL_EXPLICIT,,,,,,1.0,1.0,0.0,1.0,1.0,1.0,,,8,5,3
pilot3_train_600_worktree,ttdf_045f760dd7ad,2,2,PROCEDURAL_PARTIAL,,,,,,0.5,0.5,0.5,0.125,0.0,0.0,,,3,0,1
pilot3_train_600_worktree,ttdf_112bf538ada9,2,2,PROCEDURAL_EXPLICIT,,,,,,1.0,1.0,0.0,1.0,1.0,1.0,,,3,0,1
pilot3_train_600_worktree,ttdf_7e0e78b4893f,6,6+,PROCEDURAL_PARTIAL,,,,,,0.6667,0.6667,0.3333,0.8333,1.0,1.0,,,10,0,4
pilot3_train_600_worktree,ttdf_23ccce1f1219,8,6+,PROCEDURAL_EXPLICIT,,,,,,1.0,1.0,0.0,0.7429,0.75,0.7143,,,13,1,6
pilot3_train_600_worktree,ttdf_f6fe1677dd18,3,3,PROCEDURAL_EXPLICIT,,,,,,1.0,1.0,0.0,1.0,1.0,1.0,,,6,1,2
pilot3_train_600_worktree,ttdf_8e8829f68f1e,2,2,PROCEDURAL_EXPLICIT,,,,,,0.5,1.0,0.0,1.0,1.0,1.0,,,2,0,1
pilot3_train_600_worktree,ttdf_97529c496948,2,2,PROCEDURAL_EXPLICIT,,,,,,1.0,1.0,0.0,1.0,1.0,1.0,,,1,0,1
pilot3_train_600_worktree,ttdf_50f248e6216d,2,2,PROCEDURAL_PARTIAL,,,,,,0.5,0.5,0.5,0.125,0.0,0.0,,,1,0,0
pilot3_train_600_worktree,ttdf_67fec3daca47,2,2,PROCEDURAL_PARTIAL,,,,,,0.5,0.5,0.5,0.125,0.0,0.0,,,3,2,1
pilot3_train_600_worktree,ttdf_22ee64ace467,7,6+,PROCEDURAL_EXPLICIT,,,,,,0.7143,0.8571,0.1429,0.7538,0.8333,0.7333,,,7,1,6
pilot3_train_600_worktree,ttdf_710e1c560478,5,5,PROCEDURAL_PARTIAL,,,,,,0.6,0.6,0.4,0.8,1.0,1.0,,,8,0,2
pilot3_train_600_worktree,ttdf_48b093ad9f09,5,5,PROCEDURAL_EXPLICIT,,,,,,1.0,1.0,0.0,1.0,1.0,1.0,,,9,1,4
pilot3_train_600_worktree,ttdf_f4b8a5e5e552,2,2,PROCEDURAL_PARTIAL,,,,,,0.5,0.5,0.5,0.125,0.0,0.0,,,2,0,1
pilot3_train_600_worktree,ttdf_f2a7698941eb,5,5,PROCEDURAL_EXPLICIT,,,,,,1.0,1.0,0.0,0.72,0.8,0.4,,,7,0,3
pilot3_train_600_worktree,ttdf_685b756fbdd3,5,5,PROCEDURAL_EXPLICIT,,,,,,0.8,0.8,0.2,0.9,1.0,1.0,,,4,0,1
pilot3_train_600_worktree,ttdf_8f43c8661447,2,2,PROCEDURAL_PARTIAL,,,,,,0.5,0.5,0.5,0.125,0.0,0.0,,,3,0,1
pilot3_train_600_worktree,ttdf_e5021edcbcdb,3,3,PROCEDURAL_PARTIAL,,,,,,0.3333,0.6667,0.3333,0.8333,1.0,1.0,,,6,1,2
pilot3_train_600_worktree,ttdf_6a084b020415,2,2,PROCEDURAL_EXPLICIT,,,,,,1.0,1.0,0.0,1.0,1.0,1.0,,,3,0,1
pilot3_train_600_worktree,ttdf_7aabb679c11f,5,5,PROCEDURAL_EXPLICIT,,,,,,0.6,0.8,0.2,0.9,1.0,1.0,,,7,1,3
pilot3_train_600_worktree,ttdf_2537c818df85,2,2,PROCEDURAL_EXPLICIT,,,,,,1.0,1.0,0.0,1.0,1.0,1.0,,,3,0,1
pilot3_train_600_worktree,ttdf_b1ae05ca3914,6,6+,PROCEDURAL_EXPLICIT,,,,,,0.6667,1.0,0.0,0.76,0.8333,0.4667,,,6,0,3
pilot3_train_600_worktree,ttdf_0544aaee4722,8,6+,PROCEDURAL_EXPLICIT,,,,,,0.875,0.875,0.125,0.756,0.8571,0.619,,,13,1,4
pilot3_train_600_worktree,ttdf_15ed3b826bb6,3,3,PROCEDURAL_EXPLICIT,,,,,,0.6667,1.0,0.0,1.0,1.0,1.0,,,5,3,2
pilot3_train_600_worktree,ttdf_30f0bb5f9fd4,3,3,SEMI_IMPLICIT,,,,,,0.3333,0.3333,0.6667,0.0833,0.0,0.0,,,4,0,1
pilot3_train_600_worktree,ttdf_06bbbfa6f18b,6,6+,PROCEDURAL_EXPLICIT,,,,,,0.6667,1.0,0.0,1.0,1.0,1.0,,,10,1,3
pilot3_train_600_worktree,ttdf_154a1f363756,5,5,PROCEDURAL_EXPLICIT,,,,,,1.0,1.0,0.0,0.56,0.6,0.4,,,7,1,2
pilot3_train_600_worktree,ttdf_5f4dcc5a6695,3,3,PROCEDURAL_PARTIAL,,,,,,0.6667,0.6667,0.3333,0.8333,1.0,1.0,,,4,0,1
pilot3_train_600_worktree,ttdf_4dac06c53ffc,2,2,PROCEDURAL_PARTIAL,,,,,,0.5,0.5,0.5,0.125,0.0,0.0,,,2,0,1
pilot3_train_600_worktree,ttdf_01346ea692ff,7,6+,PROCEDURAL_EXPLICIT,,,,,,0.8571,0.8571,0.1429,0.9286,1.0,1.0,,,14,1,6
pilot3_train_600_worktree,ttdf_d53dcb70fcfc,5,5,PROCEDURAL_EXPLICIT,,,,,,0.8,1.0,0.0,1.0,1.0,1.0,,,10,1,4
pilot3_train_600_worktree,ttdf_0452b1fd61b6,3,3,PROCEDURAL_EXPLICIT,,,,,,1.0,1.0,0.0,1.0,1.0,1.0,,,6,1,2
pilot3_train_600_worktree,ttdf_7274a454727a,2,2,PROCEDURAL_EXPLICIT,,,,,,1.0,1.0,0.0,1.0,1.0,1.0,,,3,0,1
pilot3_train_600_worktree,ttdf_2143160d07e5,2,2,PROCEDURAL_EXPLICIT,,,,,,1.0,1.0,0.0,1.0,1.0,1.0,,,4,1,1
pilot3_train_600_worktree,ttdf_fbce9fc6dfb7,6,6+,PROCEDURAL_EXPLICIT,,,,,,1.0,1.0,0.0,1.0,1.0,1.0,,,13,8,5
pilot3_train_600_worktree,ttdf_0e23839e393f,2,2,PROCEDURAL_EXPLICIT,,,,,,1.0,1.0,0.0,1.0,1.0,1.0,,,2,0,0
pilot3_train_600_worktree,ttdf_4e6c717cea9d,6,6+,PROCEDURAL_EXPLICIT,,,,,,1.0,1.0,0.0,0.7867,0.8333,0.6,,,11,0,5
pilot3_train_600_worktree,ttdf_3addaefa4e6e,2,2,PROCEDURAL_PARTIAL,,,,,,1.0,1.0,0.0,0.4,0.5,-1.0,,,1,0,1
pilot3_train_600_worktree,ttdf_00928364a3c0,8,6+,PROCEDURAL_EXPLICIT,,,,,,0.625,0.875,0.125,0.9375,1.0,1.0,,,17,10,7
pilot3_train_600_worktree,ttdf_1071c2f79582,2,2,PROCEDURAL_PARTIAL,,,,,,0.5,0.5,0.5,0.125,0.0,0.0,,,2,0,1
pilot3_train_600_worktree,ttdf_1316b84679bc,6,6+,PROCEDURAL_EXPLICIT,,,,,,0.6667,0.8333,0.1667,0.9167,1.0,1.0,,,12,7,5
pilot3_train_600_worktree,ttdf_0fc896897f84,3,3,PROCEDURAL_EXPLICIT,,,,,,0.6667,1.0,0.0,1.0,1.0,1.0,,,6,4,2
pilot3_train_600_worktree,ttdf_036f095b0568,2,2,PROCEDURAL_EXPLICIT,,,,,,1.0,1.0,0.0,1.0,1.0,1.0,,,1,0,0
pilot3_train_600_worktree,ttdf_b50403cc8e20,3,3,PROCEDURAL_EXPLICIT,,,,,,1.0,1.0,0.0,1.0,1.0,1.0,,,6,1,2
pilot3_train_600_worktree,ttdf_7a000576dfd2,2,2,PROCEDURAL_PARTIAL,,,,,,0.5,0.5,0.5,0.125,0.0,0.0,,,3,0,1
pilot3_train_600_worktree,ttdf_9cb7e7824073,3,3,PROCEDURAL_EXPLICIT,,,,,,1.0,1.0,0.0,1.0,1.0,1.0,,,6,4,2
pilot3_train_600_worktree,ttdf_102b350308ae,3,3,PROCEDURAL_EXPLICIT,,,,,,1.0,1.0,0.0,1.0,1.0,1.0,,,5,3,2
pilot3_train_600_worktree,ttdf_99ac6500d0cb,6,6+,PROCEDURAL_PARTIAL,,,,,,0.5,0.6667,0.3333,0.8333,1.0,1.0,,,10,1,5
pilot3_train_600_worktree,ttdf_0af61d273c81,6,6+,PROCEDURAL_EXPLICIT,,,,,,0.8333,0.8333,0.1667,0.9167,1.0,1.0,,,11,1,5
pilot3_train_600_worktree,ttdf_6f8c0f3fb0a4,2,2,GOAL_BASED_IMPLICIT,,,,,,0.0,0.0,1.0,0.0,0.0,0.0,,,3,0,1
pilot3_train_600_worktree,ttdf_28f32cd4d522,4,4,PROCEDURAL_EXPLICIT,,,,,,1.0,1.0,0.0,1.0,1.0,1.0,,,7,1,3
pilot3_train_600_worktree,ttdf_51b56b461dcc,2,2,PROCEDURAL_EXPLICIT,,,,,,1.0,1.0,0.0,1.0,1.0,1.0,,,2,0,1
pilot3_train_600_worktree,ttdf_2f3e8bbeba64,5,5,PROCEDURAL_EXPLICIT,,,,,,0.6,0.8,0.2,0.9,1.0,1.0,,,6,1,2
pilot3_train_600_worktree,ttdf_1a88bb031c2e,5,5,PROCEDURAL_EXPLICIT,,,,,,0.6,0.8,0.2,0.9,1.0,1.0,,,11,2,4
pilot3_train_600_worktree,ttdf_b8a6df514d9a,2,2,PROCEDURAL_EXPLICIT,,,,,,1.0,1.0,0.0,1.0,1.0,1.0,,,2,0,0
pilot3_train_600_worktree,ttdf_408fac8e50e0,7,6+,PROCEDURAL_PARTIAL,,,,,,0.7143,0.7143,0.2857,0.6457,0.8,0.6,,,14,1,5
pilot3_train_600_worktree,ttdf_fb9f8138963f,4,4,PROCEDURAL_EXPLICIT,,,,,,1.0,1.0,0.0,1.0,1.0,1.0,,,7,4,3
pilot3_train_600_worktree,ttdf_219e10996f74,2,2,PROCEDURAL_PARTIAL,,,,,,0.5,0.5,0.5,0.125,0.0,0.0,,,3,2,1
pilot3_train_600_worktree,ttdf_732ffa44ea03,5,5,PROCEDURAL_EXPLICIT,,,,,,0.8,0.8,0.2,0.5917,0.75,0.3333,,,5,1,4
pilot3_train_600_worktree,ttdf_4dd3d4ca918b,6,6+,PROCEDURAL_PARTIAL,,,,,,0.6667,0.6667,0.3333,0.8333,1.0,1.0,,,8,0,3
pilot3_train_600_worktree,ttdf_9608810991a9,4,4,PROCEDURAL_PARTIAL,,,,,,0.75,0.75,0.25,0.875,1.0,1.0,,,7,2,1
pilot3_train_600_worktree,ttdf_415f443311b4,2,2,PROCEDURAL_EXPLICIT,,,,,,1.0,1.0,0.0,1.0,1.0,1.0,,,3,0,1
pilot3_train_600_worktree,ttdf_2625f0f78a47,8,6+,PROCEDURAL_EXPLICIT,,,,,,0.875,0.875,0.125,0.9375,1.0,1.0,,,18,11,7
pilot3_train_600_worktree,ttdf_15b13550bf04,2,2,PROCEDURAL_PARTIAL,,,,,,0.5,0.5,0.5,0.125,0.0,0.0,,,1,0,0
pilot3_train_600_worktree,ttdf_bb1466f2c811,7,6+,PROCEDURAL_EXPLICIT,,,,,,1.0,1.0,0.0,0.8667,0.8571,0.9048,,,9,1,4
pilot3_train_600_worktree,ttdf_51dd1d6dfb23,2,2,PROCEDURAL_EXPLICIT,,,,,,1.0,1.0,0.0,1.0,1.0,1.0,,,3,2,1
pilot3_train_600_worktree,ttdf_64301d42f0c4,6,6+,PROCEDURAL_PARTIAL,,,,,,0.6667,0.6667,0.3333,0.6083,0.75,0.6667,,,10,1,3
pilot3_train_600_worktree,ttdf_6f4b719b7203,8,6+,PROCEDURAL_EXPLICIT,,,,,,0.875,0.875,0.125,0.8131,0.8571,0.9048,,,12,0,5
pilot3_train_600_worktree,ttdf_6ace1d0563c6,3,3,PROCEDURAL_EXPLICIT,,,,,,0.3333,1.0,0.0,1.0,1.0,1.0,,,4,1,3
pilot3_train_600_worktree,ttdf_5cf310c39122,2,2,PROCEDURAL_PARTIAL,,,,,,0.5,0.5,0.5,0.125,0.0,0.0,,,3,2,1
pilot3_train_600_worktree,ttdf_2beb005f756f,3,3,PROCEDURAL_EXPLICIT,,,,,,1.0,1.0,0.0,1.0,1.0,1.0,,,6,4,2
pilot3_train_600_worktree,ttdf_0f3578f1cc38,2,2,PROCEDURAL_PARTIAL,,,,,,0.5,0.5,0.5,0.125,0.0,0.0,,,1,0,0
pilot3_train_600_worktree,ttdf_9eda2e447265,5,5,PROCEDURAL_EXPLICIT,,,,,,1.0,1.0,0.0,1.0,1.0,1.0,,,10,1,4
pilot3_train_600_worktree,ttdf_2571e64ff272,3,3,PROCEDURAL_EXPLICIT,,,,,,1.0,1.0,0.0,1.0,1.0,1.0,,,5,3,2
pilot3_train_600_worktree,ttdf_5787e1b2af97,2,2,PROCEDURAL_PARTIAL,,,,,,0.5,0.5,0.5,0.125,0.0,0.0,,,3,0,1
pilot3_train_600_worktree,ttdf_429bce9f89b4,4,4,PROCEDURAL_PARTIAL,,,,,,0.5,0.75,0.25,0.45,0.6667,-0.3333,,,8,1,3
pilot3_train_600_worktree,ttdf_258c3a348e60,3,3,PROCEDURAL_PARTIAL,,,,,,0.6667,0.6667,0.3333,0.8333,1.0,1.0,,,4,1,1
pilot3_train_600_worktree,ttdf_f6b2887c6919,4,4,PROCEDURAL_EXPLICIT,,,,,,0.5,1.0,0.0,1.0,1.0,1.0,,,8,5,3
pilot3_train_600_worktree,ttdf_709a6c29cef8,2,2,GOAL_BASED_IMPLICIT,,,,,,0.0,0.0,1.0,0.0,0.0,0.0,,,3,0,1
pilot3_train_600_worktree,ttdf_8ccd3ba707ff,2,2,PROCEDURAL_EXPLICIT,,,,,,1.0,1.0,0.0,1.0,1.0,1.0,,,2,0,0
pilot3_train_600_worktree,ttdf_7311c2092a1b,5,5,PROCEDURAL_EXPLICIT,,,,,,0.6,0.8,0.2,0.9,1.0,1.0,,,11,7,4
pilot3_train_600_worktree,ttdf_6e14e31e9579,5,5,PROCEDURAL_EXPLICIT,,,,,,0.8,0.8,0.2,0.9,1.0,1.0,,,6,0,1
pilot3_train_600_worktree,ttdf_1fc3c26d0969,5,5,PROCEDURAL_EXPLICIT,,,,,,0.6,1.0,0.0,1.0,1.0,1.0,,,10,1,4
pilot3_train_600_worktree,ttdf_7289057ea06e,4,4,PROCEDURAL_EXPLICIT,,,,,,0.75,1.0,0.0,0.7333,0.75,0.6667,,,3,0,3
pilot3_train_600_worktree,ttdf_416fbd6e271a,3,3,PROCEDURAL_EXPLICIT,,,,,,1.0,1.0,0.0,1.0,1.0,1.0,,,5,0,1
pilot3_train_600_worktree,ttdf_0d05fae64d5b,6,6+,PROCEDURAL_EXPLICIT,,,,,,1.0,1.0,0.0,0.7867,0.8333,0.6,,,3,0,2
pilot3_train_600_worktree,ttdf_572dcb188751,5,5,PROCEDURAL_EXPLICIT,,,,,,0.6,0.8,0.2,0.9,1.0,1.0,,,9,2,2
pilot3_train_600_worktree,ttdf_39ac429b179f,7,6+,PROCEDURAL_EXPLICIT,,,,,,0.8571,1.0,0.0,1.0,1.0,1.0,,,15,9,6
pilot3_train_600_worktree,ttdf_78f7bd06a66f,3,3,PROCEDURAL_EXPLICIT,,,,,,1.0,1.0,0.0,0.5333,0.6667,-0.3333,,,4,1,2
pilot3_train_600_worktree,ttdf_2533314eefc3,4,4,PROCEDURAL_PARTIAL,,,,,,0.75,0.75,0.25,0.875,1.0,1.0,,,6,0,2
pilot3_train_600_worktree,ttdf_6a85be2db1d9,2,2,PROCEDURAL_PARTIAL,,,,,,0.5,0.5,0.5,0.125,0.0,0.0,,,1,0,0
pilot3_train_600_worktree,ttdf_b900bb2f1033,8,6+,PROCEDURAL_PARTIAL,,,,,,0.875,0.875,0.125,0.775,0.8571,0.7143,,,7,0,7
pilot3_train_600_worktree,ttdf_4044955af159,7,6+,PROCEDURAL_EXPLICIT,,,,,,0.8571,0.8571,0.1429,0.9286,1.0,1.0,,,13,1,6
pilot3_train_600_worktree,ttdf_6551d6cca40e,7,6+,PROCEDURAL_PARTIAL,,,,,,0.5714,0.7143,0.2857,0.6457,0.8,0.6,,,5,2,2
pilot3_train_600_worktree,ttdf_8255f00ac007,2,2,PROCEDURAL_EXPLICIT,,,,,,1.0,1.0,0.0,1.0,1.0,1.0,,,2,0,1
pilot3_train_600_worktree,ttdf_106079237341,7,6+,PROCEDURAL_EXPLICIT,,,,,,0.7143,0.8571,0.1429,0.7805,0.8333,0.8667,,,7,1,2
pilot3_train_600_worktree,ttdf_1f9dbc90cbc5,5,5,PROCEDURAL_EXPLICIT,,,,,,1.0,1.0,0.0,0.48,0.6,-0.2,,,9,2,4
pilot3_train_600_worktree,ttdf_7d752789faa8,3,3,PROCEDURAL_EXPLICIT,,,,,,1.0,1.0,0.0,1.0,1.0,1.0,,,7,1,2
pilot3_train_600_worktree,ttdf_1717fe795813,8,6+,PROCEDURAL_PARTIAL,,,,,,0.75,0.75,0.25,0.875,1.0,1.0,,,15,0,6
pilot3_train_600_worktree,ttdf_731a2a977eec,2,2,PROCEDURAL_PARTIAL,,,,,,0.5,0.5,0.5,0.125,0.0,0.0,,,2,0,1
pilot3_train_600_worktree,ttdf_3b7bcd984726,4,4,PROCEDURAL_PARTIAL,,,,,,0.75,0.75,0.25,0.875,1.0,1.0,,,3,0,1
pilot3_train_600_worktree,ttdf_369f920c5f6d,3,3,PROCEDURAL_EXPLICIT,,,,,,1.0,1.0,0.0,1.0,1.0,1.0,,,6,4,2
pilot3_train_600_worktree,ttdf_2149efb92e7e,4,4,PROCEDURAL_EXPLICIT,,,,,,1.0,1.0,0.0,1.0,1.0,1.0,,,8,5,3
pilot3_train_600_worktree,ttdf_71beed1dd4e9,2,2,PROCEDURAL_EXPLICIT,,,,,,0.5,1.0,0.0,1.0,1.0,1.0,,,3,0,1
pilot3_train_600_worktree,ttdf_82a29afd210d,2,2,PROCEDURAL_EXPLICIT,,,,,,0.5,1.0,0.0,1.0,1.0,1.0,,,3,2,1
pilot3_train_600_worktree,ttdf_465911f1b277,3,3,PROCEDURAL_EXPLICIT,,,,,,1.0,1.0,0.0,1.0,1.0,1.0,,,6,4,2
pilot3_train_600_worktree,ttdf_8e16dda3615e,3,3,PROCEDURAL_EXPLICIT,,,,,,0.6667,1.0,0.0,1.0,1.0,1.0,,,6,4,2
pilot3_train_600_worktree,ttdf_a6e8cb98422e,3,3,PROCEDURAL_EXPLICIT,,,,,,1.0,1.0,0.0,1.0,1.0,1.0,,,4,1,1
pilot3_train_600_worktree,ttdf_a4421b7e7790,3,3,PROCEDURAL_EXPLICIT,,,,,,1.0,1.0,0.0,1.0,1.0,1.0,,,6,4,2
pilot3_train_600_worktree,ttdf_19d4ef4b4aa3,2,2,PROCEDURAL_EXPLICIT,,,,,,1.0,1.0,0.0,1.0,1.0,1.0,,,1,0,1
pilot3_train_600_worktree,ttdf_2c0a7cae2e35,2,2,PROCEDURAL_PARTIAL,,,,,,0.5,0.5,0.5,0.125,0.0,0.0,,,3,2,1
pilot3_train_600_worktree,ttdf_66dfb9598de3,6,6+,PROCEDURAL_PARTIAL,,,,,,0.5,0.5,0.5,0.75,1.0,1.0,,,6,1,5
pilot3_train_600_worktree,ttdf_054080797cf0,5,5,PROCEDURAL_EXPLICIT,,,,,,0.6,1.0,0.0,0.68,0.8,0.2,,,8,1,4
pilot3_train_600_worktree,ttdf_19e4c1441f45,5,5,PROCEDURAL_EXPLICIT,,,,,,1.0,1.0,0.0,1.0,1.0,1.0,,,9,0,4
pilot3_train_600_worktree,ttdf_756af6f3e424,4,4,PROCEDURAL_EXPLICIT,,,,,,0.75,1.0,0.0,1.0,1.0,1.0,,,9,6,3
pilot3_train_600_worktree,ttdf_2e44c0fd7518,3,3,PROCEDURAL_EXPLICIT,,,,,,0.6667,1.0,0.0,1.0,1.0,1.0,,,7,1,3
pilot3_train_600_worktree,ttdf_2416d321d9dc,6,6+,PROCEDURAL_PARTIAL,,,,,,0.6667,0.6667,0.3333,0.8333,1.0,1.0,,,13,8,5
pilot3_train_600_worktree,ttdf_bfc8d4579c00,5,5,PROCEDURAL_EXPLICIT,,,,,,0.8,0.8,0.2,0.35,0.5,0.0,,,9,2,4
pilot3_train_600_worktree,ttdf_c46a009b05b5,6,6+,PROCEDURAL_EXPLICIT,,,,,,0.8333,0.8333,0.1667,0.6933,0.8,0.6,,,13,8,5
pilot3_train_600_worktree,ttdf_1366f3d0cc68,6,6+,PROCEDURAL_PARTIAL,,,,,,0.6667,0.6667,0.3333,0.8333,1.0,1.0,,,11,6,5
pilot3_train_600_worktree,ttdf_b5a3d8565618,3,3,PROCEDURAL_EXPLICIT,,,,,,1.0,1.0,0.0,1.0,1.0,1.0,,,6,1,2
pilot3_train_600_worktree,ttdf_a8c5563d13cb,8,6+,PROCEDURAL_EXPLICIT,,,,,,0.75,0.875,0.125,0.9375,1.0,1.0,,,17,10,7
pilot3_train_600_worktree,ttdf_c20996fb9b18,2,2,PROCEDURAL_PARTIAL,,,,,,0.0,0.5,0.5,0.125,0.0,0.0,,,1,0,0
pilot3_train_600_worktree,ttdf_96493871cda0,2,2,PROCEDURAL_EXPLICIT,,,,,,1.0,1.0,0.0,1.0,1.0,1.0,,,2,0,1
pilot3_train_600_worktree,ttdf_6fd76deaf2ef,2,2,PROCEDURAL_EXPLICIT,,,,,,1.0,1.0,0.0,1.0,1.0,1.0,,,3,2,1
pilot3_train_600_worktree,ttdf_59047a0cadb3,2,2,PROCEDURAL_EXPLICIT,,,,,,1.0,1.0,0.0,1.0,1.0,1.0,,,2,0,1
pilot3_train_600_worktree,ttdf_2a5ef0a73c01,3,3,PROCEDURAL_EXPLICIT,,,,,,0.6667,1.0,0.0,0.6,0.6667,0.3333,,,6,4,2
pilot3_train_600_worktree,ttdf_9ca1a7f6ece3,2,2,PROCEDURAL_EXPLICIT,,,,,,1.0,1.0,0.0,1.0,1.0,1.0,,,3,2,1
pilot3_train_600_worktree,ttdf_1f874f2db026,8,6+,PROCEDURAL_EXPLICIT,,,,,,0.75,0.875,0.125,0.794,0.8571,0.8095,,,18,11,7
pilot3_train_600_worktree,ttdf_ccbf5884626c,8,6+,PROCEDURAL_PARTIAL,,,,,,0.75,0.75,0.25,0.7092,0.8333,0.7333,,,13,1,6
pilot3_train_600_worktree,ttdf_bee6f9d9d126,3,3,PROCEDURAL_EXPLICIT,,,,,,1.0,1.0,0.0,1.0,1.0,1.0,,,6,1,2
pilot3_train_600_worktree,ttdf_bf50584d2761,2,2,PROCEDURAL_EXPLICIT,,,,,,1.0,1.0,0.0,1.0,1.0,1.0,,,3,2,1
pilot3_train_600_worktree,ttdf_0b600a80dfa6,2,2,PROCEDURAL_EXPLICIT,,,,,,1.0,1.0,0.0,1.0,1.0,1.0,,,2,1,1
pilot3_train_600_worktree,ttdf_3f9da81e78be,3,3,PROCEDURAL_EXPLICIT,,,,,,0.6667,1.0,0.0,1.0,1.0,1.0,,,6,4,2
pilot3_train_600_worktree,ttdf_33820d4ecd0d,5,5,PROCEDURAL_PARTIAL,,,,,,0.6,0.6,0.4,0.8,1.0,1.0,,,8,1,4
pilot3_train_600_worktree,ttdf_424f7d64ac98,2,2,PROCEDURAL_EXPLICIT,,,,,,1.0,1.0,0.0,1.0,1.0,1.0,,,3,2,1
pilot3_train_600_worktree,ttdf_1a1c19a1a727,3,3,SEMI_IMPLICIT,,,,,,0.3333,0.3333,0.6667,0.0833,0.0,0.0,,,5,1,2
pilot3_train_600_worktree,ttdf_e285d887c8bb,6,6+,PROCEDURAL_PARTIAL,,,,,,0.5,0.6667,0.3333,0.6083,0.75,0.6667,,,8,0,4
pilot3_train_600_worktree,ttdf_19f9e9aa46b1,3,3,PROCEDURAL_EXPLICIT,,,,,,1.0,1.0,0.0,1.0,1.0,1.0,,,6,4,2
pilot3_train_600_worktree,ttdf_abdfa7d0bdfa,6,6+,PROCEDURAL_PARTIAL,,,,,,0.5,0.6667,0.3333,0.8333,1.0,1.0,,,12,1,5
pilot3_train_600_worktree,ttdf_43381ee28a12,3,3,PROCEDURAL_PARTIAL,,,,,,0.6667,0.6667,0.3333,0.8333,1.0,1.0,,,2,0,1
pilot3_train_600_worktree,ttdf_2c64e7e8778b,2,2,PROCEDURAL_PARTIAL,,,,,,0.5,0.5,0.5,0.125,0.0,0.0,,,3,2,1
pilot3_train_600_worktree,ttdf_7632b1c26e76,5,5,PROCEDURAL_EXPLICIT,,,,,,0.4,0.8,0.2,0.6583,0.75,0.6667,,,9,1,4
pilot3_train_600_worktree,ttdf_0982b2624c98,3,3,PROCEDURAL_PARTIAL,,,,,,0.6667,0.6667,0.3333,0.8333,1.0,1.0,,,3,0,1
pilot3_train_600_worktree,ttdf_2af211890b32,6,6+,PROCEDURAL_EXPLICIT,,,,,,1.0,1.0,0.0,1.0,1.0,1.0,,,12,7,5
pilot3_train_600_worktree,ttdf_4cca69489d98,2,2,PROCEDURAL_EXPLICIT,,,,,,1.0,1.0,0.0,1.0,1.0,1.0,,,3,0,1
pilot3_train_600_worktree,ttdf_4d8845d5e04b,2,2,PROCEDURAL_EXPLICIT,,,,,,1.0,1.0,0.0,1.0,1.0,1.0,,,3,0,1
pilot3_train_600_worktree,ttdf_f28dfa38e566,4,4,PROCEDURAL_EXPLICIT,,,,,,1.0,1.0,0.0,1.0,1.0,1.0,,,8,5,3
pilot3_heldout_200,ttdf_d54822449884,5,5,PROCEDURAL_EXPLICIT,,,,,,0.4,0.8,0.2,0.5917,0.75,0.3333,,,7,1,2
pilot3_heldout_200,ttdf_3cc6dcac27cd,3,3,PROCEDURAL_PARTIAL,,,,,,0.6667,0.6667,0.3333,0.8333,1.0,1.0,,,4,0,1
pilot3_heldout_200,ttdf_241861f5c76d,4,4,PROCEDURAL_EXPLICIT,,,,,,1.0,1.0,0.0,1.0,1.0,1.0,,,7,0,3
pilot3_heldout_200,ttdf_dd1bd790d96e,3,3,PROCEDURAL_PARTIAL,,,,,,0.6667,0.6667,0.3333,0.8333,1.0,1.0,,,3,0,1
pilot3_heldout_200,ttdf_d3f0b5f8d129,7,6+,PROCEDURAL_PARTIAL,,,,,,0.7143,0.7143,0.2857,0.6457,0.8,0.6,,,15,9,6
pilot3_heldout_200,ttdf_63d36ca5dbb0,2,2,PROCEDURAL_PARTIAL,,,,,,0.5,0.5,0.5,0.125,0.0,0.0,,,2,0,0
pilot3_heldout_200,ttdf_823f91fcd94c,2,2,PROCEDURAL_EXPLICIT,,,,,,0.5,1.0,0.0,1.0,1.0,1.0,,,3,0,1
pilot3_heldout_200,ttdf_4e6ad70d5ff7,5,5,PROCEDURAL_PARTIAL,,,,,,0.6,0.6,0.4,0.8,1.0,1.0,,,10,6,4
pilot3_heldout_200,ttdf_466f94e3a895,6,6+,PROCEDURAL_PARTIAL,,,,,,0.6667,0.6667,0.3333,0.8333,1.0,1.0,,,12,2,5
pilot3_heldout_200,ttdf_27aa7816b261,4,4,PROCEDURAL_PARTIAL,,,,,,0.5,0.5,0.5,0.275,0.5,-1.0,,,7,1,3
pilot3_heldout_200,ttdf_a8417c91966a,4,4,PROCEDURAL_EXPLICIT,,,,,,1.0,1.0,0.0,1.0,1.0,1.0,,,7,0,2
pilot3_heldout_200,ttdf_58704243ee98,6,6+,PROCEDURAL_EXPLICIT,,,,,,1.0,1.0,0.0,1.0,1.0,1.0,,,6,1,5
pilot3_heldout_200,ttdf_332472d0fd6c,5,5,PROCEDURAL_EXPLICIT,,,,,,0.8,0.8,0.2,0.9,1.0,1.0,,,6,1,1
pilot3_heldout_200,ttdf_5a9cf7626c67,3,3,PROCEDURAL_EXPLICIT,,,,,,1.0,1.0,0.0,1.0,1.0,1.0,,,6,1,2
pilot3_heldout_200,ttdf_0be5b6cb75ae,5,5,PROCEDURAL_PARTIAL,,,,,,0.6,0.6,0.4,0.8,1.0,1.0,,,6,0,4
pilot3_heldout_200,ttdf_6a9a2a0bd796,5,5,SEMI_IMPLICIT,,,,,,0.4,0.4,0.6,0.7,1.0,1.0,,,9,1,3
pilot3_heldout_200,ttdf_3b74f9b64437,8,6+,PROCEDURAL_EXPLICIT,,,,,,1.0,1.0,0.0,1.0,1.0,1.0,,,11,0,6
pilot3_heldout_200,ttdf_85dea9b829ac,2,2,PROCEDURAL_PARTIAL,,,,,,0.0,0.5,0.5,0.125,0.0,0.0,,,3,0,1
pilot3_heldout_200,ttdf_32f8db136cdc,4,4,PROCEDURAL_EXPLICIT,,,,,,0.75,1.0,0.0,1.0,1.0,1.0,,,6,1,1
pilot3_heldout_200,ttdf_82f4af32372b,3,3,PROCEDURAL_PARTIAL,,,,,,0.3333,0.6667,0.3333,0.8333,1.0,1.0,,,5,3,2
pilot3_heldout_200,ttdf_038712f026f3,6,6+,PROCEDURAL_EXPLICIT,,,,,,0.8333,0.8333,0.1667,0.7333,0.8,0.8,,,9,0,3
pilot3_heldout_200,ttdf_c962d89a4aad,3,3,PROCEDURAL_PARTIAL,,,,,,0.3333,0.6667,0.3333,0.8333,1.0,1.0,,,4,0,1
pilot3_heldout_200,ttdf_7c5dcb38d5aa,6,6+,PROCEDURAL_PARTIAL,,,,,,0.5,0.5,0.5,0.75,1.0,1.0,,,11,1,3
pilot3_heldout_200,ttdf_1360c7b59372,2,2,PROCEDURAL_EXPLICIT,,,,,,0.5,1.0,0.0,1.0,1.0,1.0,,,3,2,1
pilot3_heldout_200,ttdf_3f37a8742f19,3,3,PROCEDURAL_EXPLICIT,,,,,,1.0,1.0,0.0,1.0,1.0,1.0,,,3,1,2
pilot3_heldout_200,ttdf_4258c552ac5e,4,4,PROCEDURAL_PARTIAL,,,,,,0.5,0.5,0.5,0.75,1.0,1.0,,,8,1,2
pilot3_heldout_200,ttdf_885279a96d14,6,6+,PROCEDURAL_PARTIAL,,,,,,0.6667,0.6667,0.3333,0.8333,1.0,1.0,,,7,1,3
pilot3_heldout_200,ttdf_1958d15d04f6,8,6+,PROCEDURAL_EXPLICIT,,,,,,1.0,1.0,0.0,0.8857,0.875,0.9286,,,9,1,7
pilot3_heldout_200,ttdf_3ccfd3f3e56b,2,2,PROCEDURAL_EXPLICIT,,,,,,1.0,1.0,0.0,1.0,1.0,1.0,,,3,1,1
pilot3_heldout_200,ttdf_b1097d066f4e,5,5,PROCEDURAL_PARTIAL,,,,,,0.6,0.6,0.4,0.8,1.0,1.0,,,9,1,3
pilot3_heldout_200,ttdf_e619444fe2e8,2,2,PROCEDURAL_EXPLICIT,,,,,,0.0,1.0,0.0,1.0,1.0,1.0,,,3,0,1
pilot3_heldout_200,ttdf_8ad46422c403,6,6+,PROCEDURAL_EXPLICIT,,,,,,1.0,1.0,0.0,0.76,0.8333,0.4667,,,6,1,5
pilot3_heldout_200,ttdf_15acdf73a603,8,6+,PROCEDURAL_EXPLICIT,,,,,,1.0,1.0,0.0,0.8714,0.875,0.8571,,,18,3,7
pilot3_heldout_200,ttdf_4a52110a47bb,2,2,PROCEDURAL_EXPLICIT,,,,,,0.5,1.0,0.0,1.0,1.0,1.0,,,3,2,1
pilot3_heldout_200,ttdf_702899a4d673,8,6+,PROCEDURAL_EXPLICIT,,,,,,0.75,1.0,0.0,1.0,1.0,1.0,,,15,1,6
pilot3_heldout_200,ttdf_3a1270885ff0,2,2,PROCEDURAL_EXPLICIT,,,,,,0.5,1.0,0.0,0.4,0.5,-1.0,,,2,0,1
pilot3_heldout_200,ttdf_2805be8c38e1,3,3,PROCEDURAL_PARTIAL,,,,,,0.3333,0.6667,0.3333,0.8333,1.0,1.0,,,6,4,2
pilot3_heldout_200,ttdf_0313a502dad3,5,5,PROCEDURAL_EXPLICIT,,,,,,1.0,1.0,0.0,1.0,1.0,1.0,,,9,5,4
pilot3_heldout_200,ttdf_4f8b20ce66a0,3,3,PROCEDURAL_EXPLICIT,,,,,,0.6667,1.0,0.0,1.0,1.0,1.0,,,5,3,2
pilot3_heldout_200,ttdf_ac129f1b095f,3,3,PROCEDURAL_PARTIAL,,,,,,0.3333,0.6667,0.3333,0.8333,1.0,1.0,,,6,4,2
pilot3_heldout_200,ttdf_7309e2edef5c,5,5,PROCEDURAL_PARTIAL,,,,,,0.4,0.6,0.4,0.8,1.0,1.0,,,10,6,4
pilot3_heldout_200,ttdf_0d742a876302,3,3,PROCEDURAL_EXPLICIT,,,,,,1.0,1.0,0.0,0.6,0.6667,0.3333,,,5,1,2
pilot3_heldout_200,ttdf_248d4ea18783,2,2,PROCEDURAL_EXPLICIT,,,,,,1.0,1.0,0.0,1.0,1.0,1.0,,,3,0,1
pilot3_heldout_200,ttdf_660b4e71ed2b,3,3,PROCEDURAL_EXPLICIT,,,,,,1.0,1.0,0.0,1.0,1.0,1.0,,,5,0,2
pilot3_heldout_200,ttdf_060436c5f0fb,3,3,PROCEDURAL_EXPLICIT,,,,,,1.0,1.0,0.0,1.0,1.0,1.0,,,3,1,2
pilot3_heldout_200,ttdf_21f2b9e6dd95,2,2,PROCEDURAL_EXPLICIT,,,,,,0.5,1.0,0.0,1.0,1.0,1.0,,,3,0,1
pilot3_heldout_200,ttdf_21abe1a11bb0,8,6+,PROCEDURAL_EXPLICIT,,,,,,0.875,0.875,0.125,0.8131,0.8571,0.9048,,,15,0,7
pilot3_heldout_200,ttdf_14b08e0bfa30,3,3,PROCEDURAL_EXPLICIT,,,,,,1.0,1.0,0.0,1.0,1.0,1.0,,,6,4,2
pilot3_heldout_200,ttdf_4f7ac1b4c293,2,2,PROCEDURAL_PARTIAL,,,,,,0.5,0.5,0.5,0.125,0.0,0.0,,,3,2,1
pilot3_heldout_200,ttdf_0e5a967f28e2,3,3,PROCEDURAL_EXPLICIT,,,,,,0.6667,1.0,0.0,1.0,1.0,1.0,,,4,0,2
pilot3_heldout_200,ttdf_462d6c9d30bb,2,2,PROCEDURAL_EXPLICIT,,,,,,0.5,1.0,0.0,1.0,1.0,1.0,,,2,0,0
pilot3_heldout_200,ttdf_e6a1b88306b4,8,6+,PROCEDURAL_EXPLICIT,,,,,,0.875,1.0,0.0,0.8714,0.875,0.8571,,,9,1,5
pilot3_heldout_200,ttdf_5165b1d92f99,3,3,PROCEDURAL_EXPLICIT,,,,,,1.0,1.0,0.0,1.0,1.0,1.0,,,5,3,2
pilot3_heldout_200,ttdf_75c09514eef4,2,2,PROCEDURAL_EXPLICIT,,,,,,1.0,1.0,0.0,1.0,1.0,1.0,,,3,0,1
pilot3_heldout_200,ttdf_573ab0b143a7,2,2,PROCEDURAL_EXPLICIT,,,,,,1.0,1.0,0.0,1.0,1.0,1.0,,,3,2,1
pilot3_heldout_200,ttdf_96813b8c665e,4,4,PROCEDURAL_PARTIAL,,,,,,0.75,0.75,0.25,0.875,1.0,1.0,,,4,0,0
pilot3_heldout_200,ttdf_276cf0df5a2a,2,2,PROCEDURAL_EXPLICIT,,,,,,0.5,1.0,0.0,1.0,1.0,1.0,,,2,0,1
pilot3_heldout_200,ttdf_dd3c982b69b6,8,6+,PROCEDURAL_PARTIAL,,,,,,0.375,0.5,0.5,0.75,1.0,1.0,,,8,1,7
pilot3_heldout_200,ttdf_61775b763e9a,3,3,PROCEDURAL_EXPLICIT,,,,,,0.6667,1.0,0.0,0.5333,0.6667,-0.3333,,,5,1,2
pilot3_heldout_200,ttdf_02b841f1b4de,4,4,PROCEDURAL_EXPLICIT,,,,,,1.0,1.0,0.0,1.0,1.0,1.0,,,4,1,3
pilot3_heldout_200,ttdf_0a003c692c1f,5,5,PROCEDURAL_EXPLICIT,,,,,,0.6,0.8,0.2,0.9,1.0,1.0,,,10,6,4
pilot3_heldout_200,ttdf_39a7b1b281ec,6,6+,PROCEDURAL_EXPLICIT,,,,,,1.0,1.0,0.0,0.7333,0.8333,0.3333,,,9,0,5
pilot3_heldout_200,ttdf_5a74a6e61b85,3,3,PROCEDURAL_PARTIAL,,,,,,0.3333,0.6667,0.3333,0.8333,1.0,1.0,,,3,0,1
pilot3_heldout_200,ttdf_60a9f6da048a,2,2,PROCEDURAL_PARTIAL,,,,,,0.5,0.5,0.5,0.125,0.0,0.0,,,3,0,1
pilot3_heldout_200,ttdf_dfb0addf7c14,4,4,PROCEDURAL_PARTIAL,,,,,,0.75,0.75,0.25,0.875,1.0,1.0,,,8,2,3
pilot3_heldout_200,ttdf_7df7acf902f3,2,2,PROCEDURAL_EXPLICIT,,,,,,1.0,1.0,0.0,1.0,1.0,1.0,,,1,0,0
pilot3_heldout_200,ttdf_34721416cb19,8,6+,PROCEDURAL_EXPLICIT,,,,,,0.875,0.875,0.125,0.9375,1.0,1.0,,,13,1,5
pilot3_heldout_200,ttdf_7571dee711a6,8,6+,PROCEDURAL_PARTIAL,,,,,,0.625,0.75,0.25,0.57,0.6667,0.6,,,12,1,5
pilot3_heldout_200,ttdf_1deb4113dfdb,7,6+,PROCEDURAL_EXPLICIT,,,,,,1.0,1.0,0.0,1.0,1.0,1.0,,,15,9,6
pilot3_heldout_200,ttdf_67fcaa910587,3,3,PROCEDURAL_PARTIAL,,,,,,0.6667,0.6667,0.3333,0.8333,1.0,1.0,,,6,1,2
pilot3_heldout_200,ttdf_0abb4826eb7d,5,5,PROCEDURAL_EXPLICIT,,,,,,1.0,1.0,0.0,0.76,0.8,0.6,,,4,0,4
pilot3_heldout_200,ttdf_0261ee5fa88c,5,5,PROCEDURAL_PARTIAL,,,,,,0.4,0.6,0.4,0.8,1.0,1.0,,,9,1,3
pilot3_heldout_200,ttdf_138615b6d4ac,2,2,PROCEDURAL_EXPLICIT,,,,,,1.0,1.0,0.0,1.0,1.0,1.0,,,1,0,1
pilot3_heldout_200,ttdf_6a93c9abf83e,7,6+,PROCEDURAL_EXPLICIT,,,,,,0.7143,0.8571,0.1429,0.9286,1.0,1.0,,,15,9,6
pilot3_heldout_200,ttdf_232677276db4,8,6+,PROCEDURAL_PARTIAL,,,,,,0.375,0.625,0.375,0.8125,1.0,1.0,,,15,2,5
pilot3_heldout_200,ttdf_2c0dac421517,7,6+,PROCEDURAL_PARTIAL,,,,,,0.5714,0.7143,0.2857,0.8571,1.0,1.0,,,13,3,4
pilot3_heldout_200,ttdf_0368f20771a2,5,5,PROCEDURAL_PARTIAL,,,,,,0.4,0.6,0.4,0.8,1.0,1.0,,,6,0,2
pilot3_heldout_200,ttdf_5ee69188cf02,2,2,PROCEDURAL_EXPLICIT,,,,,,0.5,1.0,0.0,1.0,1.0,1.0,,,3,0,1
pilot3_heldout_200,ttdf_4afe482200e9,4,4,PROCEDURAL_PARTIAL,,,,,,0.5,0.5,0.5,0.75,1.0,1.0,,,3,0,2
pilot3_heldout_200,ttdf_518d58821d81,2,2,PROCEDURAL_EXPLICIT,,,,,,0.5,1.0,0.0,1.0,1.0,1.0,,,1,0,0
pilot3_heldout_200,ttdf_04b100a77d6b,4,4,PROCEDURAL_PARTIAL,,,,,,0.5,0.5,0.5,0.75,1.0,1.0,,,7,4,3
pilot3_heldout_200,ttdf_6d5818e842d2,2,2,PROCEDURAL_EXPLICIT,,,,,,0.5,1.0,0.0,1.0,1.0,1.0,,,3,0,1
pilot3_heldout_200,ttdf_4972d9d643ec,3,3,PROCEDURAL_EXPLICIT,,,,,,1.0,1.0,0.0,1.0,1.0,1.0,,,3,1,2
pilot3_heldout_200,ttdf_457971ab0603,2,2,PROCEDURAL_EXPLICIT,,,,,,1.0,1.0,0.0,1.0,1.0,1.0,,,2,0,1
pilot3_heldout_200,ttdf_72cf6691c37b,3,3,PROCEDURAL_EXPLICIT,,,,,,1.0,1.0,0.0,0.5333,0.6667,-0.3333,,,5,1,2
pilot3_heldout_200,ttdf_2ec6e08a35b1,4,4,PROCEDURAL_EXPLICIT,,,,,,1.0,1.0,0.0,1.0,1.0,1.0,,,7,0,3
pilot3_heldout_200,ttdf_5820dd1199d7,7,6+,PROCEDURAL_EXPLICIT,,,,,,0.8571,0.8571,0.1429,0.9286,1.0,1.0,,,15,9,6
pilot3_heldout_200,ttdf_17d9120659cf,2,2,PROCEDURAL_PARTIAL,,,,,,0.5,0.5,0.5,0.125,0.0,0.0,,,2,0,1
pilot3_heldout_200,ttdf_3eaaf4c17c9c,4,4,PROCEDURAL_EXPLICIT,,,,,,1.0,1.0,0.0,1.0,1.0,1.0,,,4,0,4
pilot3_heldout_200,ttdf_4445be849524,8,6+,PROCEDURAL_EXPLICIT,,,,,,0.875,0.875,0.125,0.8131,0.8571,0.9048,,,11,2,5
pilot3_heldout_200,ttdf_0a616614b78f,4,4,PROCEDURAL_EXPLICIT,,,,,,1.0,1.0,0.0,0.7333,0.75,0.6667,,,8,1,3
pilot3_heldout_200,ttdf_3f2d4ea393f1,2,2,PROCEDURAL_EXPLICIT,,,,,,0.5,1.0,0.0,1.0,1.0,1.0,,,2,0,1
pilot3_heldout_200,ttdf_9f47294a4d41,8,6+,PROCEDURAL_EXPLICIT,,,,,,1.0,1.0,0.0,0.8857,0.875,0.9286,,,10,1,4
pilot3_heldout_200,ttdf_76c14c3abe95,2,2,PROCEDURAL_EXPLICIT,,,,,,0.5,1.0,0.0,1.0,1.0,1.0,,,3,0,1
pilot3_heldout_200,ttdf_a6094181c3e6,3,3,PROCEDURAL_PARTIAL,,,,,,0.6667,0.6667,0.3333,0.3167,0.5,-1.0,,,4,1,2
pilot3_heldout_200,ttdf_63f53ef5648f,2,2,PROCEDURAL_EXPLICIT,,,,,,0.5,1.0,0.0,1.0,1.0,1.0,,,1,0,0
pilot3_heldout_200,ttdf_4f4cfd571d97,3,3,PROCEDURAL_PARTIAL,,,,,,0.6667,0.6667,0.3333,0.8333,1.0,1.0,,,3,0,2
pilot3_heldout_200,ttdf_c445b5730569,5,5,PROCEDURAL_EXPLICIT,,,,,,1.0,1.0,0.0,1.0,1.0,1.0,,,6,0,2
pilot3_heldout_200,ttdf_9db0afeff920,8,6+,PROCEDURAL_PARTIAL,,,,,,0.5,0.625,0.375,0.65,0.8,0.8,,,9,0,2
pilot3_heldout_200,ttdf_3469c805d8de,6,6+,PROCEDURAL_EXPLICIT,,,,,,0.8333,0.8333,0.1667,0.9167,1.0,1.0,,,11,1,4
pilot3_heldout_200,ttdf_7adc3a2d81cd,4,4,PROCEDURAL_EXPLICIT,,,,,,0.75,1.0,0.0,1.0,1.0,1.0,,,8,5,3
pilot3_heldout_200,ttdf_39f9f4d67abc,3,3,PROCEDURAL_PARTIAL,,,,,,0.6667,0.6667,0.3333,0.8333,1.0,1.0,,,6,2,2
pilot3_heldout_200,ttdf_5ea97b9d2894,6,6+,PROCEDURAL_EXPLICIT,,,,,,0.8333,1.0,0.0,1.0,1.0,1.0,,,8,1,3
pilot3_heldout_200,ttdf_5948245b4eb9,4,4,PROCEDURAL_EXPLICIT,,,,,,1.0,1.0,0.0,1.0,1.0,1.0,,,8,5,3
pilot3_heldout_200,ttdf_7853fbac08f9,5,5,PROCEDURAL_EXPLICIT,,,,,,0.8,0.8,0.2,0.9,1.0,1.0,,,9,1,4
pilot3_heldout_200,ttdf_9d31c62f0125,2,2,GOAL_BASED_IMPLICIT,,,,,,0.0,0.0,1.0,0.0,0.0,0.0,,,3,0,1
pilot3_heldout_200,ttdf_83cdf4eddbb0,3,3,PROCEDURAL_PARTIAL,,,,,,0.6667,0.6667,0.3333,0.8333,1.0,1.0,,,6,4,2
pilot3_heldout_200,ttdf_383ad17e7991,3,3,PROCEDURAL_PARTIAL,,,,,,0.6667,0.6667,0.3333,0.8333,1.0,1.0,,,7,5,2
pilot3_heldout_200,ttdf_eb4769ff27e9,3,3,PROCEDURAL_EXPLICIT,,,,,,1.0,1.0,0.0,1.0,1.0,1.0,,,3,1,1
pilot3_heldout_200,ttdf_ae2dd5e15a76,2,2,UNCLASSIFIED,,,,,,0.5,0.5,0.5,0.125,0.0,0.0,,,0,0,0
pilot3_heldout_200,ttdf_8e92bbdc4215,3,3,PROCEDURAL_EXPLICIT,,,,,,1.0,1.0,0.0,1.0,1.0,1.0,,,3,1,2
pilot3_heldout_200,ttdf_6ead32c2d93f,3,3,PROCEDURAL_EXPLICIT,,,,,,1.0,1.0,0.0,1.0,1.0,1.0,,,5,3,2
pilot3_heldout_200,ttdf_16b89c4cec7f,3,3,PROCEDURAL_PARTIAL,,,,,,0.6667,0.6667,0.3333,0.8333,1.0,1.0,,,4,0,1
pilot3_heldout_200,ttdf_491aa5f3c39c,7,6+,PROCEDURAL_PARTIAL,,,,,,0.7143,0.7143,0.2857,0.6857,0.8,0.8,,,11,0,5
pilot3_heldout_200,ttdf_9ccc5f0deb30,8,6+,PROCEDURAL_PARTIAL,,,,,,0.75,0.75,0.25,0.875,1.0,1.0,,,15,0,7
pilot3_heldout_200,ttdf_6deab8d6f51e,3,3,PROCEDURAL_EXPLICIT,,,,,,0.6667,1.0,0.0,0.5333,0.6667,-0.3333,,,5,1,2
pilot3_heldout_200,ttdf_365dca78785f,3,3,PROCEDURAL_EXPLICIT,,,,,,1.0,1.0,0.0,1.0,1.0,1.0,,,3,1,2
pilot3_heldout_200,ttdf_bb66ae347bf3,4,4,PROCEDURAL_EXPLICIT,,,,,,1.0,1.0,0.0,0.7333,0.75,0.6667,,,5,2,3
pilot3_heldout_200,ttdf_995ed37516a3,8,6+,PROCEDURAL_EXPLICIT,,,,,,0.875,0.875,0.125,0.794,0.8571,0.8095,,,14,1,7
pilot3_heldout_200,ttdf_bd34d7b48275,2,2,PROCEDURAL_PARTIAL,,,,,,0.5,0.5,0.5,0.125,0.0,0.0,,,3,0,0
pilot3_heldout_200,ttdf_e37b112e5d91,2,2,PROCEDURAL_PARTIAL,,,,,,0.5,0.5,0.5,0.125,0.0,0.0,,,3,2,1
pilot3_heldout_200,ttdf_2448b036a606,2,2,PROCEDURAL_EXPLICIT,,,,,,0.5,1.0,0.0,1.0,1.0,1.0,,,3,0,1
pilot3_heldout_200,ttdf_3b95bf2af107,4,4,PROCEDURAL_EXPLICIT,,,,,,1.0,1.0,0.0,1.0,1.0,1.0,,,8,5,3
pilot3_heldout_200,ttdf_1d72d0d59090,2,2,PROCEDURAL_EXPLICIT,,,,,,0.5,1.0,0.0,1.0,1.0,1.0,,,2,0,1
pilot3_heldout_200,ttdf_070e396f6970,5,5,PROCEDURAL_PARTIAL,,,,,,0.4,0.6,0.4,0.8,1.0,1.0,,,10,6,4
pilot3_heldout_200,ttdf_5ec5b444f2df,3,3,PROCEDURAL_PARTIAL,,,,,,0.6667,0.6667,0.3333,0.8333,1.0,1.0,,,3,0,1
pilot3_heldout_200,ttdf_4720ea0a3695,4,4,PROCEDURAL_PARTIAL,,,,,,0.75,0.75,0.25,0.875,1.0,1.0,,,5,2,3
pilot3_heldout_200,ttdf_2e4108057c2f,3,3,PROCEDURAL_PARTIAL,,,,,,0.6667,0.6667,0.3333,0.8333,1.0,1.0,,,4,0,1
pilot3_heldout_200,ttdf_5466288af998,2,2,PROCEDURAL_EXPLICIT,,,,,,0.5,1.0,0.0,1.0,1.0,1.0,,,3,0,1
pilot3_heldout_200,ttdf_4d42b7a452a5,4,4,PROCEDURAL_EXPLICIT,,,,,,1.0,1.0,0.0,1.0,1.0,1.0,,,7,4,3
pilot3_heldout_200,ttdf_4ea07b767594,8,6+,PROCEDURAL_EXPLICIT,,,,,,0.75,0.875,0.125,0.9375,1.0,1.0,,,17,10,7
pilot3_heldout_200,ttdf_b80a7b61e0b5,7,6+,PROCEDURAL_EXPLICIT,,,,,,0.8571,0.8571,0.1429,0.7271,0.8333,0.6,,,12,1,6
pilot3_heldout_200,ttdf_69a435ca0ac8,2,2,PROCEDURAL_EXPLICIT,,,,,,0.5,1.0,0.0,1.0,1.0,1.0,,,3,0,1
pilot3_heldout_200,ttdf_2ca549098c21,2,2,PROCEDURAL_EXPLICIT,,,,,,0.5,1.0,0.0,1.0,1.0,1.0,,,3,2,1
pilot3_heldout_200,ttdf_381f780079f9,3,3,SEMI_IMPLICIT,,,,,,0.3333,0.3333,0.6667,0.0833,0.0,0.0,,,5,0,2
pilot3_heldout_200,ttdf_537b8945abb4,4,4,PROCEDURAL_EXPLICIT,,,,,,1.0,1.0,0.0,0.7333,0.75,0.6667,,,8,5,3
pilot3_heldout_200,ttdf_897b55a7ab9c,5,5,PROCEDURAL_EXPLICIT,,,,,,0.8,1.0,0.0,1.0,1.0,1.0,,,9,0,4
pilot3_heldout_200,ttdf_ad0c85211ed9,3,3,PROCEDURAL_PARTIAL,,,,,,0.6667,0.6667,0.3333,0.8333,1.0,1.0,,,3,0,1
pilot3_heldout_200,ttdf_5c3510d085ad,3,3,PROCEDURAL_EXPLICIT,,,,,,0.6667,1.0,0.0,1.0,1.0,1.0,,,7,5,2
pilot3_heldout_200,ttdf_404c1b18b8c7,3,3,PROCEDURAL_EXPLICIT,,,,,,1.0,1.0,0.0,1.0,1.0,1.0,,,5,0,2
pilot3_heldout_200,ttdf_545d5f117a56,3,3,PROCEDURAL_EXPLICIT,,,,,,0.6667,1.0,0.0,0.5333,0.6667,-0.3333,,,4,1,2
pilot3_heldout_200,ttdf_7c16cd835a08,2,2,PROCEDURAL_PARTIAL,,,,,,0.5,0.5,0.5,0.125,0.0,0.0,,,2,0,0
pilot3_heldout_200,ttdf_5abf2f83049f,8,6+,PROCEDURAL_PARTIAL,,,,,,0.75,0.75,0.25,0.875,1.0,1.0,,,12,1,6
pilot3_heldout_200,ttdf_2915468f4301,6,6+,PROCEDURAL_PARTIAL,,,,,,0.6667,0.6667,0.3333,0.8333,1.0,1.0,,,13,2,5
pilot3_heldout_200,ttdf_fdcc137bee4d,4,4,PROCEDURAL_PARTIAL,,,,,,0.75,0.75,0.25,0.875,1.0,1.0,,,5,0,2
pilot3_heldout_200,ttdf_04c828f63ace,3,3,PROCEDURAL_EXPLICIT,,,,,,0.6667,1.0,0.0,1.0,1.0,1.0,,,5,3,2
pilot3_heldout_200,ttdf_2c51262526aa,2,2,PROCEDURAL_EXPLICIT,,,,,,0.5,1.0,0.0,1.0,1.0,1.0,,,3,0,1
pilot3_heldout_200,ttdf_5a9d8d47cf8d,5,5,PROCEDURAL_PARTIAL,,,,,,0.2,0.6,0.4,0.8,1.0,1.0,,,7,0,4
pilot3_heldout_200,ttdf_00ae32ac382a,4,4,PROCEDURAL_EXPLICIT,,,,,,1.0,1.0,0.0,0.6667,0.75,0.3333,,,4,0,0
pilot3_heldout_200,ttdf_af0ab73a71ef,6,6+,PROCEDURAL_EXPLICIT,,,,,,0.6667,0.8333,0.1667,0.9167,1.0,1.0,,,12,1,5
pilot3_heldout_200,ttdf_f340f8bf76b7,3,3,PROCEDURAL_PARTIAL,,,,,,0.6667,0.6667,0.3333,0.8333,1.0,1.0,,,7,2,2
pilot3_heldout_200,ttdf_35c96fe9aa1d,3,3,PROCEDURAL_PARTIAL,,,,,,0.6667,0.6667,0.3333,0.8333,1.0,1.0,,,3,1,2
pilot3_heldout_200,ttdf_a688cfc68229,7,6+,PROCEDURAL_PARTIAL,,,,,,0.4286,0.7143,0.2857,0.5657,0.8,0.2,,,12,1,6
pilot3_heldout_200,ttdf_37fc2e55ab32,6,6+,PROCEDURAL_EXPLICIT,,,,,,0.6667,0.8333,0.1667,0.9167,1.0,1.0,,,11,1,5
pilot3_heldout_200,ttdf_0f03eee4c35d,4,4,PROCEDURAL_EXPLICIT,,,,,,1.0,1.0,0.0,1.0,1.0,1.0,,,8,1,3
pilot3_heldout_200,ttdf_80d15b113a20,2,2,PROCEDURAL_EXPLICIT,,,,,,0.5,1.0,0.0,1.0,1.0,1.0,,,3,0,1
pilot3_heldout_200,ttdf_c35f3292b879,3,3,PROCEDURAL_EXPLICIT,,,,,,1.0,1.0,0.0,1.0,1.0,1.0,,,6,4,2
pilot3_heldout_200,ttdf_0f55d4284774,2,2,PROCEDURAL_EXPLICIT,,,,,,1.0,1.0,0.0,1.0,1.0,1.0,,,2,0,1
pilot3_heldout_200,ttdf_7a5faa26f1c7,5,5,PROCEDURAL_EXPLICIT,,,,,,0.6,0.8,0.2,0.9,1.0,1.0,,,3,0,1
pilot3_heldout_200,ttdf_dc48849c7d75,2,2,PROCEDURAL_EXPLICIT,,,,,,1.0,1.0,0.0,1.0,1.0,1.0,,,3,2,1
pilot3_heldout_200,ttdf_ee5ee020800c,3,3,SEMI_IMPLICIT,,,,,,0.3333,0.3333,0.6667,0.0833,0.0,0.0,,,3,0,1
pilot3_heldout_200,ttdf_0ad66a0bbb4a,6,6+,PROCEDURAL_PARTIAL,,,,,,0.6667,0.6667,0.3333,0.5417,0.75,0.3333,,,12,1,5
pilot3_heldout_200,ttdf_076b1e52faa6,4,4,PROCEDURAL_PARTIAL,,,,,,0.5,0.75,0.25,0.875,1.0,1.0,,,9,6,3
pilot3_heldout_200,ttdf_9c211753bb63,3,3,SEMI_IMPLICIT,,,,,,0.3333,0.3333,0.6667,0.0833,0.0,0.0,,,6,4,2
pilot3_heldout_200,ttdf_1a47d69b5c7b,2,2,PROCEDURAL_EXPLICIT,,,,,,0.5,1.0,0.0,1.0,1.0,1.0,,,3,0,1
pilot3_heldout_200,ttdf_63807871db1c,4,4,PROCEDURAL_PARTIAL,,,,,,0.75,0.75,0.25,0.875,1.0,1.0,,,5,1,2
pilot3_heldout_200,ttdf_8822ed65cbf6,2,2,PROCEDURAL_EXPLICIT,,,,,,0.5,1.0,0.0,1.0,1.0,1.0,,,3,0,1
pilot3_heldout_200,ttdf_566d5810e06d,5,5,PROCEDURAL_EXPLICIT,,,,,,0.4,0.8,0.2,0.9,1.0,1.0,,,10,6,4
pilot3_heldout_200,ttdf_3babb223deff,3,3,PROCEDURAL_EXPLICIT,,,,,,1.0,1.0,0.0,1.0,1.0,1.0,,,6,1,2
pilot3_heldout_200,ttdf_bd0a82339c02,7,6+,PROCEDURAL_EXPLICIT,,,,,,0.7143,1.0,0.0,0.6952,0.7143,0.619,,,12,1,5
pilot3_heldout_200,ttdf_675e59088045,2,2,PROCEDURAL_EXPLICIT,,,,,,0.0,1.0,0.0,1.0,1.0,1.0,,,3,1,0
pilot3_heldout_200,ttdf_fa1813d66a98,8,6+,PROCEDURAL_PARTIAL,,,,,,0.75,0.75,0.25,0.7358,0.8333,0.8667,,,12,2,6
pilot3_heldout_200,ttdf_6ef58a7fc6fa,3,3,PROCEDURAL_EXPLICIT,,,,,,1.0,1.0,0.0,0.6,0.6667,0.3333,,,5,0,2
pilot3_heldout_200,ttdf_22c0923e5f5b,3,3,PROCEDURAL_PARTIAL,,,,,,0.6667,0.6667,0.3333,0.8333,1.0,1.0,,,6,4,2
pilot3_heldout_200,ttdf_05d62bcf105b,7,6+,PROCEDURAL_EXPLICIT,,,,,,0.8571,0.8571,0.1429,0.7538,0.8333,0.7333,,,13,1,6
pilot3_heldout_200,ttdf_2942bc2f5e05,4,4,PROCEDURAL_PARTIAL,,,,,,0.75,0.75,0.25,0.875,1.0,1.0,,,8,1,3
pilot3_heldout_200,ttdf_819338f52941,6,6+,PROCEDURAL_PARTIAL,,,,,,0.5,0.5,0.5,0.75,1.0,1.0,,,6,0,2
pilot3_heldout_200,ttdf_5c13fb461b3a,3,3,SEMI_IMPLICIT,,,,,,0.3333,0.3333,0.6667,0.0833,0.0,0.0,,,4,0,2
pilot3_heldout_200,ttdf_1fe43c61c06d,4,4,PROCEDURAL_PARTIAL,,,,,,0.75,0.75,0.25,0.875,1.0,1.0,,,4,1,1
pilot3_heldout_200,ttdf_4f6d50bbe220,2,2,PROCEDURAL_EXPLICIT,,,,,,1.0,1.0,0.0,1.0,1.0,1.0,,,3,2,1
pilot3_heldout_200,ttdf_560ee9d6856e,2,2,PROCEDURAL_EXPLICIT,,,,,,1.0,1.0,0.0,1.0,1.0,1.0,,,2,0,0
pilot3_heldout_200,ttdf_167fa399c2cd,8,6+,PROCEDURAL_EXPLICIT,,,,,,0.75,1.0,0.0,0.8714,0.875,0.8571,,,16,9,7
pilot3_heldout_200,ttdf_14d3edcc7940,3,3,PROCEDURAL_PARTIAL,,,,,,0.6667,0.6667,0.3333,0.8333,1.0,1.0,,,5,1,2
pilot3_heldout_200,ttdf_0856f94f132b,6,6+,PROCEDURAL_EXPLICIT,,,,,,0.8333,0.8333,0.1667,0.6933,0.8,0.6,,,14,9,5
pilot3_heldout_200,ttdf_248079f25b00,6,6+,PROCEDURAL_EXPLICIT,,,,,,0.6667,1.0,0.0,0.84,0.8333,0.8667,,,13,8,5
pilot3_heldout_200,ttdf_10f1603aaeb1,2,2,PROCEDURAL_EXPLICIT,,,,,,0.5,1.0,0.0,1.0,1.0,1.0,,,2,0,1
pilot3_heldout_200,ttdf_1440dc5c63c9,3,3,PROCEDURAL_EXPLICIT,,,,,,1.0,1.0,0.0,1.0,1.0,1.0,,,6,1,2
pilot3_heldout_200,ttdf_22a7368bf9c9,2,2,PROCEDURAL_EXPLICIT,,,,,,1.0,1.0,0.0,1.0,1.0,1.0,,,3,2,1
pilot3_heldout_200,ttdf_0de4e601c605,2,2,PROCEDURAL_PARTIAL,,,,,,0.0,0.5,0.5,0.125,0.0,0.0,,,3,0,1
pilot3_heldout_200,ttdf_bd7769a471fe,2,2,PROCEDURAL_PARTIAL,,,,,,0.0,0.5,0.5,0.125,0.0,0.0,,,3,0,1
pilot3_heldout_200,ttdf_2e5af692ac94,3,3,PROCEDURAL_EXPLICIT,,,,,,1.0,1.0,0.0,1.0,1.0,1.0,,,6,4,2
pilot3_heldout_200,ttdf_12bfaba34c99,6,6+,PROCEDURAL_EXPLICIT,,,,,,0.6667,0.8333,0.1667,0.9167,1.0,1.0,,,7,1,6
pilot3_heldout_200,ttdf_ceb569735b54,6,6+,PROCEDURAL_EXPLICIT,,,,,,0.8333,0.8333,0.1667,0.9167,1.0,1.0,,,9,1,3
pilot3_heldout_200,ttdf_41bafe6f5632,7,6+,PROCEDURAL_PARTIAL,,,,,,0.7143,0.7143,0.2857,0.8571,1.0,1.0,,,13,1,5
pilot3_heldout_200,ttdf_4ff86c8cfd42,4,4,PROCEDURAL_PARTIAL,,,,,,0.75,0.75,0.25,0.875,1.0,1.0,,,9,2,3
pilot3_heldout_200,ttdf_8cfe36acb2c2,8,6+,PROCEDURAL_EXPLICIT,,,,,,0.875,1.0,0.0,0.8286,0.875,0.6429,,,10,2,4
pilot3_heldout_200,ttdf_123c71da5374,4,4,PROCEDURAL_EXPLICIT,,,,,,0.75,1.0,0.0,1.0,1.0,1.0,,,9,6,3
pilot3_heldout_200,ttdf_317cbeb45e80,5,5,PROCEDURAL_EXPLICIT,,,,,,0.6,0.8,0.2,0.9,1.0,1.0,,,8,1,4
pilot3_heldout_200,ttdf_7c8b35cf7d35,4,4,PROCEDURAL_EXPLICIT,,,,,,1.0,1.0,0.0,0.7333,0.75,0.6667,,,8,5,3
pilot3_heldout_200,ttdf_2380d486e3cc,3,3,PROCEDURAL_PARTIAL,,,,,,0.6667,0.6667,0.3333,0.8333,1.0,1.0,,,6,4,2
pilot3_reserve_200,ttdf_181203a83aec,2,2,PROCEDURAL_EXPLICIT,,,,,,1.0,1.0,0.0,1.0,1.0,1.0,,,4,3,1
pilot3_reserve_200,ttdf_40fda87a85ea,6,6+,PROCEDURAL_EXPLICIT,,,,,,0.8333,0.8333,0.1667,0.9167,1.0,1.0,,,9,0,3
pilot3_reserve_200,ttdf_e3b8d371f752,6,6+,PROCEDURAL_EXPLICIT,,,,,,0.8333,1.0,0.0,1.0,1.0,1.0,,,9,1,3
pilot3_reserve_200,ttdf_771b6a081ddc,7,6+,PROCEDURAL_EXPLICIT,,,,,,0.8571,0.8571,0.1429,0.7271,0.8333,0.6,,,14,8,6
pilot3_reserve_200,ttdf_598c896e67fa,6,6+,PROCEDURAL_EXPLICIT,,,,,,1.0,1.0,0.0,1.0,1.0,1.0,,,13,3,5
pilot3_reserve_200,ttdf_2be545e711e2,2,2,PROCEDURAL_EXPLICIT,,,,,,1.0,1.0,0.0,1.0,1.0,1.0,,,2,0,0
pilot3_reserve_200,ttdf_0dc6f7931463,4,4,PROCEDURAL_PARTIAL,,,,,,0.75,0.75,0.25,0.875,1.0,1.0,,,7,1,3
pilot3_reserve_200,ttdf_4c5d4f63aaa0,3,3,PROCEDURAL_PARTIAL,,,,,,0.3333,0.6667,0.3333,0.8333,1.0,1.0,,,4,0,2
pilot3_reserve_200,ttdf_22fecec0e091,8,6+,PROCEDURAL_PARTIAL,,,,,,0.75,0.75,0.25,0.7358,0.8333,0.8667,,,19,12,7
pilot3_reserve_200,ttdf_cd7b69f4037a,5,5,PROCEDURAL_EXPLICIT,,,,,,1.0,1.0,0.0,0.52,0.6,0.2,,,5,0,1
pilot3_reserve_200,ttdf_2dea76ac3bfb,4,4,SEMI_IMPLICIT,,,,,,0.25,0.25,0.75,0.0625,0.0,0.0,,,4,1,1
pilot3_reserve_200,ttdf_01b4e1b4091d,4,4,PROCEDURAL_PARTIAL,,,,,,0.75,0.75,0.25,0.875,1.0,1.0,,,7,1,3
pilot3_reserve_200,ttdf_12023a391a53,2,2,PROCEDURAL_PARTIAL,,,,,,0.0,0.5,0.5,0.125,0.0,0.0,,,2,0,1
pilot3_reserve_200,ttdf_52e35bd6ee76,2,2,PROCEDURAL_PARTIAL,,,,,,0.0,0.5,0.5,0.125,0.0,0.0,,,2,0,1
pilot3_reserve_200,ttdf_0cdf3dc09788,2,2,PROCEDURAL_PARTIAL,,,,,,0.5,0.5,0.5,0.125,0.0,0.0,,,2,0,1
pilot3_reserve_200,ttdf_d4bba4603fea,4,4,PROCEDURAL_PARTIAL,,,,,,0.75,0.75,0.25,0.875,1.0,1.0,,,7,1,3
pilot3_reserve_200,ttdf_28a669feee87,4,4,PROCEDURAL_PARTIAL,,,,,,0.75,0.75,0.25,0.875,1.0,1.0,,,8,5,3
pilot3_reserve_200,ttdf_2c613e7d6cf2,2,2,PROCEDURAL_EXPLICIT,,,,,,1.0,1.0,0.0,1.0,1.0,1.0,,,3,0,1
pilot3_reserve_200,ttdf_a623f56cd075,2,2,PROCEDURAL_PARTIAL,,,,,,0.5,0.5,0.5,0.125,0.0,0.0,,,3,0,1
pilot3_reserve_200,ttdf_b56ef431ae08,8,6+,PROCEDURAL_EXPLICIT,,,,,,0.625,0.875,0.125,0.794,0.8571,0.8095,,,9,1,4
pilot3_reserve_200,ttdf_89ea03ab44af,2,2,PROCEDURAL_EXPLICIT,,,,,,1.0,1.0,0.0,1.0,1.0,1.0,,,3,0,1
pilot3_reserve_200,ttdf_11b3f7790d1c,6,6+,SEMI_IMPLICIT,,,,,,0.3333,0.3333,0.6667,0.6667,1.0,1.0,,,11,0,5
pilot3_reserve_200,ttdf_150ab008983a,6,6+,PROCEDURAL_EXPLICIT,,,,,,0.6667,0.8333,0.1667,0.9167,1.0,1.0,,,12,7,5
pilot3_reserve_200,ttdf_9043e4fe2ac6,5,5,PROCEDURAL_EXPLICIT,,,,,,0.4,0.8,0.2,0.9,1.0,1.0,,,11,2,4
pilot3_reserve_200,ttdf_7f396d901eea,8,6+,PROCEDURAL_PARTIAL,,,,,,0.5,0.625,0.375,0.8125,1.0,1.0,,,16,1,7
pilot3_reserve_200,ttdf_373f7451f5ed,2,2,PROCEDURAL_EXPLICIT,,,,,,1.0,1.0,0.0,1.0,1.0,1.0,,,3,2,1
pilot3_reserve_200,ttdf_0947f0c7b17b,6,6+,PROCEDURAL_PARTIAL,,,,,,0.3333,0.6667,0.3333,0.8333,1.0,1.0,,,9,1,2
pilot3_reserve_200,ttdf_52e634521309,5,5,PROCEDURAL_EXPLICIT,,,,,,1.0,1.0,0.0,1.0,1.0,1.0,,,7,0,2
pilot3_reserve_200,ttdf_bf3ed2473ca3,2,2,PROCEDURAL_EXPLICIT,,,,,,0.5,1.0,0.0,1.0,1.0,1.0,,,3,0,1
pilot3_reserve_200,ttdf_ed48f3a2961b,2,2,GOAL_BASED_IMPLICIT,,,,,,0.0,0.0,1.0,0.0,0.0,0.0,,,4,0,2
pilot3_reserve_200,ttdf_f9a7d7c683c1,2,2,PROCEDURAL_EXPLICIT,,,,,,1.0,1.0,0.0,1.0,1.0,1.0,,,3,2,1
pilot3_reserve_200,ttdf_18ba307bcdda,2,2,PROCEDURAL_EXPLICIT,,,,,,1.0,1.0,0.0,1.0,1.0,1.0,,,4,3,1
pilot3_reserve_200,ttdf_b7e08c41e127,6,6+,PROCEDURAL_PARTIAL,,,,,,0.6667,0.6667,0.3333,0.8333,1.0,1.0,,,12,7,5
pilot3_reserve_200,ttdf_6e97cba80497,2,2,PROCEDURAL_PARTIAL,,,,,,0.5,0.5,0.5,0.125,0.0,0.0,,,2,0,0
pilot3_reserve_200,ttdf_a8743e9d9859,3,3,PROCEDURAL_PARTIAL,,,,,,0.6667,0.6667,0.3333,0.8333,1.0,1.0,,,4,0,1
pilot3_reserve_200,ttdf_1774ca010efd,6,6+,PROCEDURAL_EXPLICIT,,,,,,1.0,1.0,0.0,0.6267,0.6667,0.4667,,,7,0,4
pilot3_reserve_200,ttdf_612a6546a099,5,5,PROCEDURAL_EXPLICIT,,,,,,1.0,1.0,0.0,1.0,1.0,1.0,,,8,1,2
pilot3_reserve_200,ttdf_506f7e9862c7,5,5,PROCEDURAL_EXPLICIT,,,,,,0.6,0.8,0.2,0.9,1.0,1.0,,,6,0,3
pilot3_reserve_200,ttdf_fb000649497d,5,5,PROCEDURAL_EXPLICIT,,,,,,0.8,0.8,0.2,0.9,1.0,1.0,,,9,1,4
pilot3_reserve_200,ttdf_70c44edf2f37,5,5,PROCEDURAL_EXPLICIT,,,,,,0.8,0.8,0.2,0.9,1.0,1.0,,,7,1,1
pilot3_reserve_200,ttdf_0969cde120d2,6,6+,PROCEDURAL_EXPLICIT,,,,,,0.8333,1.0,0.0,1.0,1.0,1.0,,,10,0,5
pilot3_reserve_200,ttdf_28f300c853ba,8,6+,PROCEDURAL_EXPLICIT,,,,,,1.0,1.0,0.0,0.8857,0.875,0.9286,,,14,1,6
pilot3_reserve_200,ttdf_adb68ccec1be,5,5,SEMI_IMPLICIT,,,,,,0.4,0.4,0.6,0.7,1.0,1.0,,,9,1,4
pilot3_reserve_200,ttdf_61d732e0d929,4,4,PROCEDURAL_EXPLICIT,,,,,,1.0,1.0,0.0,1.0,1.0,1.0,,,4,0,1
pilot3_reserve_200,ttdf_033d8b7dbad3,2,2,PROCEDURAL_EXPLICIT,,,,,,1.0,1.0,0.0,1.0,1.0,1.0,,,4,1,1
pilot3_reserve_200,ttdf_1522d79e5551,2,2,PROCEDURAL_EXPLICIT,,,,,,1.0,1.0,0.0,1.0,1.0,1.0,,,2,0,1
pilot3_reserve_200,ttdf_55dc4ad32d54,2,2,UNCLASSIFIED,,,,,,0.5,0.5,0.5,0.125,0.0,0.0,,,1,0,1
pilot3_reserve_200,ttdf_63ce622685ae,2,2,PROCEDURAL_EXPLICIT,,,,,,1.0,1.0,0.0,0.4,0.5,-1.0,,,2,0,1
pilot3_reserve_200,ttdf_ab68e53e25d0,3,3,PROCEDURAL_PARTIAL,,,,,,0.6667,0.6667,0.3333,0.8333,1.0,1.0,,,4,0,0
pilot3_reserve_200,ttdf_1fb8ff0fff33,2,2,PROCEDURAL_EXPLICIT,,,,,,0.5,1.0,0.0,1.0,1.0,1.0,,,2,0,1
pilot3_reserve_200,ttdf_ae627b883d9e,7,6+,PROCEDURAL_EXPLICIT,,,,,,0.5714,1.0,0.0,0.8476,0.8571,0.8095,,,14,1,6
pilot3_reserve_200,ttdf_c918ff392065,6,6+,PROCEDURAL_EXPLICIT,,,,,,0.8333,0.8333,0.1667,0.7333,0.8,0.8,,,9,0,3
pilot3_reserve_200,ttdf_25766125cdc9,6,6+,PROCEDURAL_EXPLICIT,,,,,,0.8333,0.8333,0.1667,0.7333,0.8,0.8,,,7,2,5
pilot3_reserve_200,ttdf_4c96522d390c,4,4,PROCEDURAL_EXPLICIT,,,,,,1.0,1.0,0.0,0.6667,0.75,0.3333,,,6,0,2
pilot3_reserve_200,ttdf_35f2599b7c9b,2,2,PROCEDURAL_EXPLICIT,,,,,,0.5,1.0,0.0,1.0,1.0,1.0,,,2,1,0
pilot3_reserve_200,ttdf_32779d4cdbaf,2,2,PROCEDURAL_EXPLICIT,,,,,,1.0,1.0,0.0,1.0,1.0,1.0,,,3,0,1
pilot3_reserve_200,ttdf_8cafd41aced9,8,6+,PROCEDURAL_EXPLICIT,,,,,,0.625,0.875,0.125,0.775,0.8571,0.7143,,,14,1,7
pilot3_reserve_200,ttdf_6f4c532b9065,3,3,PROCEDURAL_EXPLICIT,,,,,,1.0,1.0,0.0,1.0,1.0,1.0,,,4,0,1
pilot3_reserve_200,ttdf_024206a60dbd,7,6+,PROCEDURAL_EXPLICIT,,,,,,0.8571,1.0,0.0,0.7905,0.8571,0.5238,,,14,2,6
pilot3_reserve_200,ttdf_9628b96023be,8,6+,PROCEDURAL_PARTIAL,,,,,,0.5,0.625,0.375,0.8125,1.0,1.0,,,8,1,7
pilot3_reserve_200,ttdf_042125292075,2,2,PROCEDURAL_PARTIAL,,,,,,0.5,0.5,0.5,0.125,0.0,0.0,,,3,0,1
pilot3_reserve_200,ttdf_6cfc9d0e20a0,5,5,PROCEDURAL_EXPLICIT,,,,,,1.0,1.0,0.0,1.0,1.0,1.0,,,11,7,4
pilot3_reserve_200,ttdf_213d7b5c781b,2,2,PROCEDURAL_EXPLICIT,,,,,,1.0,1.0,0.0,1.0,1.0,1.0,,,3,2,1
pilot3_reserve_200,ttdf_2015b088a84d,4,4,PROCEDURAL_PARTIAL,,,,,,0.5,0.5,0.5,0.75,1.0,1.0,,,7,1,3
pilot3_reserve_200,ttdf_8796c89d442f,6,6+,PROCEDURAL_EXPLICIT,,,,,,0.8333,1.0,0.0,0.84,0.8333,0.8667,,,7,0,1
pilot3_reserve_200,ttdf_62771b678d5b,6,6+,PROCEDURAL_EXPLICIT,,,,,,0.8333,0.8333,0.1667,0.9167,1.0,1.0,,,10,1,5
pilot3_reserve_200,ttdf_2a57787c5881,6,6+,PROCEDURAL_EXPLICIT,,,,,,0.6667,0.8333,0.1667,0.9167,1.0,1.0,,,10,2,4
pilot3_reserve_200,ttdf_3b34002fc84e,8,6+,PROCEDURAL_EXPLICIT,,,,,,0.75,1.0,0.0,1.0,1.0,1.0,,,16,2,7
pilot3_reserve_200,ttdf_0eaeb3a156de,6,6+,PROCEDURAL_PARTIAL,,,,,,0.5,0.6667,0.3333,0.8333,1.0,1.0,,,7,1,1
pilot3_reserve_200,ttdf_feca9749fcb1,4,4,PROCEDURAL_EXPLICIT,,,,,,0.75,1.0,0.0,1.0,1.0,1.0,,,8,1,3
pilot3_reserve_200,ttdf_5698fd778da0,2,2,PROCEDURAL_EXPLICIT,,,,,,1.0,1.0,0.0,1.0,1.0,1.0,,,3,2,1
pilot3_reserve_200,ttdf_5bef437c8288,2,2,UNCLASSIFIED,,,,,,0.5,0.5,0.5,0.125,0.0,0.0,,,2,0,2
pilot3_reserve_200,ttdf_20c8cf9360ec,2,2,PROCEDURAL_PARTIAL,,,,,,0.5,0.5,0.5,0.125,0.0,0.0,,,2,0,1
pilot3_reserve_200,ttdf_07c8fdfe57b6,2,2,PROCEDURAL_PARTIAL,,,,,,0.5,0.5,0.5,0.125,0.0,0.0,,,3,2,1
pilot3_reserve_200,ttdf_182d784da46f,4,4,PROCEDURAL_EXPLICIT,,,,,,1.0,1.0,0.0,1.0,1.0,1.0,,,4,1,3
pilot3_reserve_200,ttdf_441384bb0445,5,5,PROCEDURAL_PARTIAL,,,,,,0.6,0.6,0.4,0.8,1.0,1.0,,,10,3,3
pilot3_reserve_200,ttdf_4ae2d37c20c5,5,5,PROCEDURAL_EXPLICIT,,,,,,0.4,0.8,0.2,0.9,1.0,1.0,,,10,1,3
pilot3_reserve_200,ttdf_4e2a3eb7132f,8,6+,PROCEDURAL_EXPLICIT,,,,,,1.0,1.0,0.0,0.8714,0.875,0.8571,,,10,2,3
pilot3_reserve_200,ttdf_20f94c09362b,4,4,PROCEDURAL_EXPLICIT,,,,,,1.0,1.0,0.0,0.7333,0.75,0.6667,,,7,1,3
pilot3_reserve_200,ttdf_5d8dcc4c5ff3,2,2,PROCEDURAL_EXPLICIT,,,,,,1.0,1.0,0.0,1.0,1.0,1.0,,,1,0,1
pilot3_reserve_200,ttdf_92c1346e1a68,7,6+,PROCEDURAL_PARTIAL,,,,,,0.5714,0.7143,0.2857,0.5657,0.8,0.2,,,12,1,6
pilot3_reserve_200,ttdf_f70368144623,6,6+,PROCEDURAL_PARTIAL,,,,,,0.5,0.6667,0.3333,0.5417,0.75,0.3333,,,12,3,4
pilot3_reserve_200,ttdf_345a597e7cc9,4,4,PROCEDURAL_PARTIAL,,,,,,0.5,0.5,0.5,0.75,1.0,1.0,,,8,5,3
pilot3_reserve_200,ttdf_ad66ed97e961,5,5,PROCEDURAL_EXPLICIT,,,,,,1.0,1.0,0.0,1.0,1.0,1.0,,,10,2,3
pilot3_reserve_200,ttdf_8e070bd07cfe,2,2,PROCEDURAL_PARTIAL,,,,,,0.0,0.5,0.5,0.125,0.0,0.0,,,2,0,1
pilot3_reserve_200,ttdf_67869db54563,2,2,PROCEDURAL_EXPLICIT,,,,,,1.0,1.0,0.0,1.0,1.0,1.0,,,3,0,1
pilot3_reserve_200,ttdf_2f4bbfee307c,4,4,PROCEDURAL_PARTIAL,,,,,,0.75,0.75,0.25,0.875,1.0,1.0,,,7,4,3
pilot3_reserve_200,ttdf_8c4efd16cc6a,4,4,PROCEDURAL_PARTIAL,,,,,,0.5,0.75,0.25,0.875,1.0,1.0,,,11,4,3
pilot3_reserve_200,ttdf_9db3a054c7bd,6,6+,PROCEDURAL_EXPLICIT,,,,,,0.6667,0.8333,0.1667,0.9167,1.0,1.0,,,9,2,3
pilot3_reserve_200,ttdf_4ba6b0816493,4,4,PROCEDURAL_PARTIAL,,,,,,0.5,0.5,0.5,0.75,1.0,1.0,,,8,2,2
pilot3_reserve_200,ttdf_317920ebbe0d,6,6+,PROCEDURAL_EXPLICIT,,,,,,0.8333,0.8333,0.1667,0.6133,0.8,0.2,,,12,2,5
pilot3_reserve_200,ttdf_10a367518acb,2,2,PROCEDURAL_PARTIAL,,,,,,0.5,0.5,0.5,0.125,0.0,0.0,,,3,0,1
pilot3_reserve_200,ttdf_6dac99337a3f,7,6+,PROCEDURAL_EXPLICIT,,,,,,0.7143,0.8571,0.1429,0.9286,1.0,1.0,,,13,1,6
pilot3_reserve_200,ttdf_001a8a6cb828,2,2,PROCEDURAL_PARTIAL,,,,,,0.5,0.5,0.5,0.125,0.0,0.0,,,3,0,1
pilot3_reserve_200,ttdf_8104b5b00242,4,4,PROCEDURAL_PARTIAL,,,,,,0.75,0.75,0.25,0.875,1.0,1.0,,,7,4,3
pilot3_reserve_200,ttdf_7e8a91761acf,6,6+,PROCEDURAL_PARTIAL,,,,,,0.6667,0.6667,0.3333,0.8333,1.0,1.0,,,11,1,5
pilot3_reserve_200,ttdf_3e02cc2c4df5,2,2,PROCEDURAL_EXPLICIT,,,,,,1.0,1.0,0.0,1.0,1.0,1.0,,,3,2,1
pilot3_reserve_200,ttdf_eccdfcb80b2d,5,5,PROCEDURAL_EXPLICIT,,,,,,1.0,1.0,0.0,1.0,1.0,1.0,,,10,1,5
pilot3_reserve_200,ttdf_f36ac0228b85,4,4,PROCEDURAL_PARTIAL,,,,,,0.75,0.75,0.25,0.875,1.0,1.0,,,5,2,3
pilot3_reserve_200,ttdf_35acee514df8,2,2,PROCEDURAL_PARTIAL,,,,,,0.5,0.5,0.5,0.125,0.0,0.0,,,3,0,1
pilot3_reserve_200,ttdf_4ec2a03a3c11,2,2,PROCEDURAL_EXPLICIT,,,,,,1.0,1.0,0.0,1.0,1.0,1.0,,,4,3,1
pilot3_reserve_200,ttdf_5e589e92f7e0,2,2,PROCEDURAL_EXPLICIT,,,,,,1.0,1.0,0.0,1.0,1.0,1.0,,,1,0,1
pilot3_reserve_200,ttdf_15cfb85dc85a,5,5,PROCEDURAL_EXPLICIT,,,,,,0.6,0.8,0.2,0.9,1.0,1.0,,,4,0,0
pilot3_reserve_200,ttdf_63c232d1ac82,2,2,PROCEDURAL_EXPLICIT,,,,,,1.0,1.0,0.0,1.0,1.0,1.0,,,3,0,1
pilot3_reserve_200,ttdf_3bca5bde5cbc,2,2,PROCEDURAL_EXPLICIT,,,,,,1.0,1.0,0.0,1.0,1.0,1.0,,,3,2,1
pilot3_reserve_200,ttdf_0b7c14ba204d,4,4,PROCEDURAL_PARTIAL,,,,,,0.5,0.75,0.25,0.875,1.0,1.0,,,4,1,3
pilot3_reserve_200,ttdf_5d6ed6cb3ee0,8,6+,PROCEDURAL_EXPLICIT,,,,,,0.625,0.875,0.125,0.794,0.8571,0.8095,,,9,0,3
pilot3_reserve_200,ttdf_46375cd341af,8,6+,PROCEDURAL_EXPLICIT,,,,,,0.75,0.875,0.125,0.8131,0.8571,0.9048,,,9,0,2
pilot3_reserve_200,ttdf_9245e5dbb191,3,3,PROCEDURAL_PARTIAL,,,,,,0.3333,0.6667,0.3333,0.8333,1.0,1.0,,,5,3,2
pilot3_reserve_200,ttdf_a11d10d72b0b,2,2,PROCEDURAL_PARTIAL,,,,,,0.5,0.5,0.5,0.125,0.0,0.0,,,3,0,1
pilot3_reserve_200,ttdf_6a745ba85b70,2,2,PROCEDURAL_PARTIAL,,,,,,0.5,0.5,0.5,0.125,0.0,0.0,,,3,0,1
pilot3_reserve_200,ttdf_47b2cba3d33b,2,2,PROCEDURAL_EXPLICIT,,,,,,0.5,1.0,0.0,1.0,1.0,1.0,,,2,0,1
pilot3_reserve_200,ttdf_25c7a9dcff69,6,6+,PROCEDURAL_EXPLICIT,,,,,,0.8333,0.8333,0.1667,0.6933,0.8,0.6,,,13,2,5
pilot3_reserve_200,ttdf_a45feb4d2f20,4,4,PROCEDURAL_EXPLICIT,,,,,,1.0,1.0,0.0,1.0,1.0,1.0,,,7,1,2
pilot3_reserve_200,ttdf_1da0a5216a24,3,3,PROCEDURAL_PARTIAL,,,,,,0.3333,0.6667,0.3333,0.8333,1.0,1.0,,,4,0,0
pilot3_reserve_200,ttdf_225780a1efbc,2,2,PROCEDURAL_PARTIAL,,,,,,0.5,0.5,0.5,0.125,0.0,0.0,,,2,0,1
pilot3_reserve_200,ttdf_1880e8fb14b2,5,5,PROCEDURAL_EXPLICIT,,,,,,0.8,0.8,0.2,0.9,1.0,1.0,,,5,0,4
pilot3_reserve_200,ttdf_4a23e9529187,2,2,PROCEDURAL_EXPLICIT,,,,,,1.0,1.0,0.0,1.0,1.0,1.0,,,3,2,1
pilot3_reserve_200,ttdf_83547f995a2f,5,5,PROCEDURAL_EXPLICIT,,,,,,0.8,0.8,0.2,0.9,1.0,1.0,,,8,1,2
pilot3_reserve_200,ttdf_aebad2a599b6,8,6+,PROCEDURAL_EXPLICIT,,,,,,0.75,1.0,0.0,0.8571,0.875,0.7857,,,13,1,7
pilot3_reserve_200,ttdf_87e48cdc84c4,6,6+,PROCEDURAL_EXPLICIT,,,,,,0.6667,1.0,0.0,0.8133,0.8333,0.7333,,,12,1,5
pilot3_reserve_200,ttdf_d9c11467af94,5,5,PROCEDURAL_EXPLICIT,,,,,,0.8,1.0,0.0,1.0,1.0,1.0,,,9,2,2
pilot3_reserve_200,ttdf_482029db7024,4,4,PROCEDURAL_EXPLICIT,,,,,,0.75,1.0,0.0,1.0,1.0,1.0,,,6,0,2
pilot3_reserve_200,ttdf_ba0ccef45573,6,6+,PROCEDURAL_PARTIAL,,,,,,0.6667,0.6667,0.3333,0.3167,0.5,0.0,,,10,1,5
pilot3_reserve_200,ttdf_fa5c7aa24c3c,2,2,PROCEDURAL_EXPLICIT,,,,,,1.0,1.0,0.0,1.0,1.0,1.0,,,3,2,1
pilot3_reserve_200,ttdf_ec3c21b06fa2,3,3,GOAL_BASED_IMPLICIT,,,,,,0.0,0.0,1.0,0.0,0.0,0.0,,,5,0,2
pilot3_reserve_200,ttdf_f1e1de1c1dea,5,5,PROCEDURAL_EXPLICIT,,,,,,0.8,0.8,0.2,0.9,1.0,1.0,,,9,1,3
pilot3_reserve_200,ttdf_ca4b95b5d454,2,2,PROCEDURAL_EXPLICIT,,,,,,0.5,1.0,0.0,0.4,0.5,-1.0,,,3,0,1
pilot3_reserve_200,ttdf_6aec5de4e7f7,2,2,PROCEDURAL_EXPLICIT,,,,,,1.0,1.0,0.0,1.0,1.0,1.0,,,3,0,1
pilot3_reserve_200,ttdf_2a28d37d2ef4,5,5,PROCEDURAL_EXPLICIT,,,,,,0.8,1.0,0.0,0.48,0.6,-0.2,,,8,1,4
pilot3_reserve_200,ttdf_30020ec8be31,2,2,GOAL_BASED_IMPLICIT,,,,,,0.0,0.0,1.0,0.0,0.0,0.0,,,3,0,1
pilot3_reserve_200,ttdf_6452f617580a,2,2,PROCEDURAL_PARTIAL,,,,,,0.5,0.5,0.5,0.125,0.0,0.0,,,2,0,0
pilot3_reserve_200,ttdf_72f483a21e02,2,2,PROCEDURAL_PARTIAL,,,,,,0.5,0.5,0.5,0.125,0.0,0.0,,,2,0,1
pilot3_reserve_200,ttdf_6113058a1595,2,2,PROCEDURAL_EXPLICIT,,,,,,1.0,1.0,0.0,1.0,1.0,1.0,,,1,0,0
pilot3_reserve_200,ttdf_4da093974893,2,2,PROCEDURAL_PARTIAL,,,,,,0.5,0.5,0.5,0.125,0.0,0.0,,,3,2,1
pilot3_reserve_200,ttdf_0596699c3f07,8,6+,PROCEDURAL_EXPLICIT,,,,,,0.75,0.875,0.125,0.794,0.8571,0.8095,,,12,1,5
pilot3_reserve_200,ttdf_7c2600233dfc,4,4,PROCEDURAL_EXPLICIT,,,,,,0.75,1.0,0.0,1.0,1.0,1.0,,,7,0,3
pilot3_reserve_200,ttdf_2581668297ff,2,2,PROCEDURAL_EXPLICIT,,,,,,1.0,1.0,0.0,1.0,1.0,1.0,,,1,0,0
pilot3_reserve_200,ttdf_4bcc0bcb441d,5,5,PROCEDURAL_PARTIAL,,,,,,0.6,0.6,0.4,0.8,1.0,1.0,,,7,1,2
pilot3_reserve_200,ttdf_fa43734949c6,2,2,PROCEDURAL_PARTIAL,,,,,,0.5,0.5,0.5,0.125,0.0,0.0,,,3,0,1
pilot3_reserve_200,ttdf_2d9f2ebc27ee,2,2,PROCEDURAL_EXPLICIT,,,,,,1.0,1.0,0.0,1.0,1.0,1.0,,,2,0,1
pilot3_reserve_200,ttdf_180ccdf36fa8,4,4,PROCEDURAL_PARTIAL,,,,,,0.5,0.75,0.25,0.875,1.0,1.0,,,5,1,1
pilot3_reserve_200,ttdf_069024eac854,2,2,PROCEDURAL_PARTIAL,,,,,,0.5,0.5,0.5,0.125,0.0,0.0,,,3,0,1
pilot3_reserve_200,ttdf_cfb926e65520,2,2,PROCEDURAL_EXPLICIT,,,,,,0.5,1.0,0.0,1.0,1.0,1.0,,,3,2,1
pilot3_reserve_200,ttdf_623b3e2c0ebf,7,6+,PROCEDURAL_EXPLICIT,,,,,,0.8571,0.8571,0.1429,0.3776,0.5,0.0667,,,12,1,6
pilot3_reserve_200,ttdf_73739ee74f73,7,6+,PROCEDURAL_EXPLICIT,,,,,,1.0,1.0,0.0,1.0,1.0,1.0,,,15,9,6
pilot3_reserve_200,ttdf_09f79b10c5d0,4,4,PROCEDURAL_EXPLICIT,,,,,,1.0,1.0,0.0,1.0,1.0,1.0,,,6,0,3
pilot3_reserve_200,ttdf_bf6906d0d9f4,2,2,PROCEDURAL_EXPLICIT,,,,,,1.0,1.0,0.0,1.0,1.0,1.0,,,1,0,0
pilot3_reserve_200,ttdf_8ad2f02c573e,2,2,PROCEDURAL_EXPLICIT,,,,,,0.5,1.0,0.0,1.0,1.0,1.0,,,3,2,1
pilot3_reserve_200,ttdf_4241c5b98748,2,2,GOAL_BASED_IMPLICIT,,,,,,0.0,0.0,1.0,0.0,0.0,0.0,,,3,0,1
pilot3_reserve_200,ttdf_1c85bb80d1da,2,2,PROCEDURAL_EXPLICIT,,,,,,1.0,1.0,0.0,1.0,1.0,1.0,,,3,0,1
pilot3_reserve_200,ttdf_429cf87a90f1,2,2,PROCEDURAL_PARTIAL,,,,,,0.5,0.5,0.5,0.125,0.0,0.0,,,2,0,0
pilot3_reserve_200,ttdf_29b45330ea62,4,4,PROCEDURAL_EXPLICIT,,,,,,1.0,1.0,0.0,1.0,1.0,1.0,,,8,2,3
pilot3_reserve_200,ttdf_81085fa2f69b,6,6+,PROCEDURAL_EXPLICIT,,,,,,1.0,1.0,0.0,0.7867,0.8333,0.6,,,10,2,4
pilot3_reserve_200,ttdf_02b9979d809f,3,3,PROCEDURAL_PARTIAL,,,,,,0.0,0.6667,0.3333,0.8333,1.0,1.0,,,4,0,1
pilot3_reserve_200,ttdf_64d56bda5f38,2,2,PROCEDURAL_EXPLICIT,,,,,,1.0,1.0,0.0,1.0,1.0,1.0,,,4,3,1
pilot3_reserve_200,ttdf_4e0c9dcf3a26,4,4,PROCEDURAL_PARTIAL,,,,,,0.75,0.75,0.25,0.875,1.0,1.0,,,3,0,3
pilot3_reserve_200,ttdf_eae387a58233,4,4,PROCEDURAL_EXPLICIT,,,,,,1.0,1.0,0.0,1.0,1.0,1.0,,,2,0,0
pilot3_reserve_200,ttdf_49f1fbac65e2,5,5,PROCEDURAL_EXPLICIT,,,,,,0.8,1.0,0.0,0.68,0.8,0.2,,,8,0,4
pilot3_reserve_200,ttdf_172d28a34e28,5,5,PROCEDURAL_EXPLICIT,,,,,,0.6,0.8,0.2,0.9,1.0,1.0,,,10,2,3
pilot3_reserve_200,ttdf_2432f8fea920,6,6+,PROCEDURAL_EXPLICIT,,,,,,0.8333,1.0,0.0,1.0,1.0,1.0,,,11,1,5
pilot3_reserve_200,ttdf_a5f6b61a4d15,8,6+,PROCEDURAL_PARTIAL,,,,,,0.75,0.75,0.25,0.875,1.0,1.0,,,10,1,6
pilot3_reserve_200,ttdf_8e3ba4561df0,2,2,PROCEDURAL_PARTIAL,,,,,,0.5,0.5,0.5,0.125,0.0,0.0,,,3,0,1
pilot3_reserve_200,ttdf_24061c952ca2,2,2,PROCEDURAL_EXPLICIT,,,,,,1.0,1.0,0.0,1.0,1.0,1.0,,,2,0,1
pilot3_reserve_200,ttdf_1ed8a644cc8a,2,2,PROCEDURAL_PARTIAL,,,,,,0.5,0.5,0.5,0.125,0.0,0.0,,,2,0,0
pilot3_reserve_200,ttdf_069f0c213682,2,2,PROCEDURAL_PARTIAL,,,,,,0.5,0.5,0.5,0.125,0.0,0.0,,,3,0,1
pilot3_reserve_200,ttdf_87a83c863318,8,6+,PROCEDURAL_EXPLICIT,,,,,,0.5,1.0,0.0,0.8429,0.875,0.7143,,,11,1,6
pilot3_reserve_200,ttdf_43d6f3aed5e9,6,6+,PROCEDURAL_EXPLICIT,,,,,,0.5,0.8333,0.1667,0.9167,1.0,1.0,,,13,1,6
pilot3_reserve_200,ttdf_363ab1452ad4,6,6+,PROCEDURAL_PARTIAL,,,,,,0.6667,0.6667,0.3333,0.8333,1.0,1.0,,,6,1,5
pilot3_reserve_200,ttdf_07a8b076e2d7,6,6+,PROCEDURAL_EXPLICIT,,,,,,0.8333,1.0,0.0,0.84,0.8333,0.8667,,,7,1,2
pilot3_reserve_200,ttdf_8567bc6bbd4e,4,4,PROCEDURAL_PARTIAL,,,,,,0.75,0.75,0.25,0.875,1.0,1.0,,,5,1,2
pilot3_reserve_200,ttdf_12bbd8dcffa2,5,5,PROCEDURAL_EXPLICIT,,,,,,1.0,1.0,0.0,1.0,1.0,1.0,,,9,1,4
pilot3_reserve_200,ttdf_2176b3b3b058,8,6+,PROCEDURAL_PARTIAL,,,,,,0.625,0.625,0.375,0.8125,1.0,1.0,,,14,1,6
pilot3_reserve_200,ttdf_167da4be895e,6,6+,PROCEDURAL_PARTIAL,,,,,,0.6667,0.6667,0.3333,0.8333,1.0,1.0,,,9,0,4
pilot3_reserve_200,ttdf_474a2f6c7c11,2,2,PROCEDURAL_EXPLICIT,,,,,,1.0,1.0,0.0,1.0,1.0,1.0,,,3,2,1
pilot3_reserve_200,ttdf_452d4d9e37b4,2,2,PROCEDURAL_EXPLICIT,,,,,,0.5,1.0,0.0,1.0,1.0,1.0,,,3,0,1
pilot3_reserve_200,ttdf_090dbebb31b0,2,2,PROCEDURAL_EXPLICIT,,,,,,1.0,1.0,0.0,1.0,1.0,1.0,,,3,0,1
pilot3_reserve_200,ttdf_5da59aa8ff1b,2,2,PROCEDURAL_EXPLICIT,,,,,,1.0,1.0,0.0,1.0,1.0,1.0,,,3,2,1
pilot3_reserve_200,ttdf_2a35550d05a9,5,5,PROCEDURAL_EXPLICIT,,,,,,0.8,0.8,0.2,0.5917,0.75,0.3333,,,5,1,4
pilot3_reserve_200,ttdf_67233fc03313,6,6+,PROCEDURAL_EXPLICIT,,,,,,0.6667,0.8333,0.1667,0.9167,1.0,1.0,,,11,1,4
pilot3_reserve_200,ttdf_00c1f0c05af6,2,2,PROCEDURAL_EXPLICIT,,,,,,0.5,1.0,0.0,1.0,1.0,1.0,,,3,0,1
pilot3_reserve_200,ttdf_8e6a4c7c5521,2,2,PROCEDURAL_EXPLICIT,,,,,,1.0,1.0,0.0,1.0,1.0,1.0,,,4,3,1
pilot3_reserve_200,ttdf_42ae658b30be,5,5,PROCEDURAL_EXPLICIT,,,,,,0.8,1.0,0.0,0.68,0.8,0.2,,,8,1,4
pilot3_reserve_200,ttdf_04b00af46982,5,5,PROCEDURAL_EXPLICIT,,,,,,1.0,1.0,0.0,0.8,0.8,0.8,,,12,3,4
pilot3_reserve_200,ttdf_21ddc3e26696,2,2,PROCEDURAL_EXPLICIT,,,,,,0.5,1.0,0.0,1.0,1.0,1.0,,,2,0,1
pilot3_reserve_200,ttdf_5d2954405111,2,2,PROCEDURAL_EXPLICIT,,,,,,0.5,1.0,0.0,1.0,1.0,1.0,,,3,0,1
pilot3_reserve_200,ttdf_1fa9f28f0c4d,2,2,PROCEDURAL_EXPLICIT,,,,,,1.0,1.0,0.0,1.0,1.0,1.0,,,2,0,0
pilot3_reserve_200,ttdf_09324c309e3a,2,2,PROCEDURAL_EXPLICIT,,,,,,1.0,1.0,0.0,1.0,1.0,1.0,,,3,0,1
pilot3_reserve_200,ttdf_9824da9eb833,2,2,PROCEDURAL_EXPLICIT,,,,,,1.0,1.0,0.0,1.0,1.0,1.0,,,3,2,1
pilot3_reserve_200,ttdf_73282ea5cdf9,2,2,PROCEDURAL_EXPLICIT,,,,,,1.0,1.0,0.0,1.0,1.0,1.0,,,3,0,1
pilot3_reserve_200,ttdf_3404af54d32c,4,4,PROCEDURAL_EXPLICIT,,,,,,1.0,1.0,0.0,0.6667,0.75,0.3333,,,7,1,3
pilot3_reserve_200,ttdf_6a1a26b1dca0,2,2,PROCEDURAL_PARTIAL,,,,,,0.5,0.5,0.5,0.125,0.0,0.0,,,3,0,1
pilot3_reserve_200,ttdf_64e47d0ba54a,2,2,PROCEDURAL_EXPLICIT,,,,,,1.0,1.0,0.0,1.0,1.0,1.0,,,4,1,1
pilot3_reserve_200,ttdf_bce4747496f7,8,6+,PROCEDURAL_EXPLICIT,,,,,,1.0,1.0,0.0,0.6143,0.625,0.5714,,,16,9,7
pilot3_reserve_200,ttdf_1658c021d868,5,5,PROCEDURAL_EXPLICIT,,,,,,1.0,1.0,0.0,0.8,0.8,0.8,,,8,0,4
pilot3_reserve_200,ttdf_634621d7690c,4,4,PROCEDURAL_EXPLICIT,,,,,,0.75,1.0,0.0,1.0,1.0,1.0,,,9,6,3
pilot3_reserve_200,ttdf_4490958f84f8,4,4,PROCEDURAL_PARTIAL,,,,,,0.75,0.75,0.25,0.875,1.0,1.0,,,9,1,3
pilot3_reserve_200,ttdf_00dd27463fb8,2,2,PROCEDURAL_EXPLICIT,,,,,,1.0,1.0,0.0,1.0,1.0,1.0,,,3,2,1
pilot3_reserve_200,ttdf_c8c8cd64f217,2,2,PROCEDURAL_PARTIAL,,,,,,0.5,0.5,0.5,0.125,0.0,0.0,,,2,0,1
pilot3_reserve_200,ttdf_ec447209249f,2,2,PROCEDURAL_EXPLICIT,,,,,,1.0,1.0,0.0,1.0,1.0,1.0,,,3,2,1
nestful_dev_200,602c97588c844d14,2,2,GOAL_BASED_IMPLICIT,,,,,,0.0,0.0,1.0,0.0,0.0,0.0,,,2,0,0
nestful_dev_200,686d8a659c80a0e2,2,2,GOAL_BASED_IMPLICIT,,,,,,0.0,0.0,1.0,0.0,0.0,0.0,,,0,0,0
nestful_dev_200,1c9491c04f3b06f8,2,2,GOAL_BASED_IMPLICIT,,,,,,0.0,0.0,1.0,0.0,0.0,0.0,,,1,0,0
nestful_dev_200,9e3f4c0e386395e1,2,2,GOAL_BASED_IMPLICIT,,,,,,0.0,0.0,1.0,0.0,0.0,0.0,,,0,0,0
nestful_dev_200,d5b182dd7d6f4b8e,2,2,GOAL_BASED_IMPLICIT,,,,,,0.0,0.0,1.0,0.0,0.0,0.0,,,0,0,0
nestful_dev_200,a7dd7c81ffe051e3,2,2,GOAL_BASED_IMPLICIT,,,,,,0.0,0.0,1.0,0.0,0.0,0.0,,,1,0,0
nestful_dev_200,fd719faef279f55c,2,2,GOAL_BASED_IMPLICIT,,,,,,0.0,0.0,1.0,0.0,0.0,0.0,,,1,0,0
nestful_dev_200,18d119bc1be92f89,2,2,PROCEDURAL_EXPLICIT,,,,,,0.0,1.0,0.0,1.0,1.0,1.0,,,1,0,0
nestful_dev_200,6d911c88737f78a7,2,2,PROCEDURAL_EXPLICIT,,,,,,1.0,1.0,0.0,1.0,1.0,1.0,,,2,0,0
nestful_dev_200,b914858c7bd8d8cb,2,2,PROCEDURAL_PARTIAL,,,,,,0.5,0.5,0.5,0.125,0.0,0.0,,,2,2,0
nestful_dev_200,b7a06a17b5d075eb,2,2,GOAL_BASED_IMPLICIT,,,,,,0.0,0.0,1.0,0.0,0.0,0.0,,,0,0,0
nestful_dev_200,12752a39224328c6,2,2,PROCEDURAL_PARTIAL,,,,,,0.0,0.5,0.5,0.125,0.0,0.0,,,1,1,0
nestful_dev_200,6bab03d940325786,2,2,PROCEDURAL_EXPLICIT,,,,,,0.0,1.0,0.0,1.0,1.0,1.0,,,1,0,0
nestful_dev_200,fbdc74a52e0684bf,2,2,UNCLASSIFIED,,,,,,0.0,0.5,0.5,0.125,0.0,0.0,,,0,0,0
nestful_dev_200,4c92508b168615f7,2,2,GOAL_BASED_IMPLICIT,,,,,,0.0,0.0,1.0,0.0,0.0,0.0,,,1,0,0
nestful_dev_200,cb90e9de9a7d080b,2,2,GOAL_BASED_IMPLICIT,,,,,,0.0,0.0,1.0,0.0,0.0,0.0,,,1,0,0
nestful_dev_200,45a32c20c8f6bcc1,2,2,GOAL_BASED_IMPLICIT,,,,,,0.0,0.0,1.0,0.0,0.0,0.0,,,2,1,0
nestful_dev_200,3efcc9c556994a37,2,2,GOAL_BASED_IMPLICIT,,,,,,0.0,0.0,1.0,0.0,0.0,0.0,,,0,0,0
nestful_dev_200,394cf23cd3467b90,2,2,GOAL_BASED_IMPLICIT,,,,,,0.0,0.0,1.0,0.0,0.0,0.0,,,2,1,0
nestful_dev_200,d8e1e1cb5cbf8c4d,2,2,PROCEDURAL_EXPLICIT,,,,,,0.0,1.0,0.0,1.0,1.0,1.0,,,0,0,0
nestful_dev_200,5a41c8b064f048ab,2,2,UNCLASSIFIED,,,,,,0.0,0.5,0.5,0.125,0.0,0.0,,,0,0,0
nestful_dev_200,e0ec5125b1f82677,2,2,GOAL_BASED_IMPLICIT,,,,,,0.0,0.0,1.0,0.0,0.0,0.0,,,1,0,0
nestful_dev_200,65f521c164fbdf13,2,2,GOAL_BASED_IMPLICIT,,,,,,0.0,0.0,1.0,0.0,0.0,0.0,,,0,0,0
nestful_dev_200,a38ab461fcdce506,2,2,GOAL_BASED_IMPLICIT,,,,,,0.0,0.0,1.0,0.0,0.0,0.0,,,1,1,0
nestful_dev_200,33418d8829fb72af,2,2,GOAL_BASED_IMPLICIT,,,,,,0.0,0.0,1.0,0.0,0.0,0.0,,,1,0,0
nestful_dev_200,619e63899256e6ef,2,2,GOAL_BASED_IMPLICIT,,,,,,0.0,0.0,1.0,0.0,0.0,0.0,,,1,0,0
nestful_dev_200,324a430a81abc058,2,2,GOAL_BASED_IMPLICIT,,,,,,0.0,0.0,1.0,0.0,0.0,0.0,,,1,0,0
nestful_dev_200,f3eb382b34178228,2,2,GOAL_BASED_IMPLICIT,,,,,,0.0,0.0,1.0,0.0,0.0,0.0,,,2,0,0
nestful_dev_200,58adf843caf90077,2,2,GOAL_BASED_IMPLICIT,,,,,,0.0,0.0,1.0,0.0,0.0,0.0,,,2,1,0
nestful_dev_200,4d89a83bdca62643,2,2,GOAL_BASED_IMPLICIT,,,,,,0.0,0.0,1.0,0.0,0.0,0.0,,,0,0,0
nestful_dev_200,95aa65248d2081f2,2,2,PROCEDURAL_PARTIAL,,,,,,0.5,0.5,0.5,0.125,0.0,0.0,,,1,0,0
nestful_dev_200,2f0fd78bf8af43c5,2,2,GOAL_BASED_IMPLICIT,,,,,,0.0,0.0,1.0,0.0,0.0,0.0,,,1,0,0
nestful_dev_200,d383764f59456e48,2,2,GOAL_BASED_IMPLICIT,,,,,,0.0,0.0,1.0,0.0,0.0,0.0,,,1,0,0
nestful_dev_200,2bbaba208f0771b2,2,2,PROCEDURAL_PARTIAL,,,,,,0.5,0.5,0.5,0.125,0.0,0.0,,,1,0,0
nestful_dev_200,4612aac1463e9372,2,2,GOAL_BASED_IMPLICIT,,,,,,0.0,0.0,1.0,0.0,0.0,0.0,,,1,0,0
nestful_dev_200,00ff18736f4a7181,2,2,GOAL_BASED_IMPLICIT,,,,,,0.0,0.0,1.0,0.0,0.0,0.0,,,1,0,0
nestful_dev_200,fe89e612d7d583c0,2,2,GOAL_BASED_IMPLICIT,,,,,,0.0,0.0,1.0,0.0,0.0,0.0,,,1,0,0
nestful_dev_200,25129395370962a9,2,2,PROCEDURAL_PARTIAL,,,,,,0.5,0.5,0.5,0.125,0.0,0.0,,,2,0,1
nestful_dev_200,21982f38e8ab303d,2,2,GOAL_BASED_IMPLICIT,,,,,,0.0,0.0,1.0,0.0,0.0,0.0,,,1,0,0
nestful_dev_200,0824da2a8ec70097,2,2,GOAL_BASED_IMPLICIT,,,,,,0.0,0.0,1.0,0.0,0.0,0.0,,,2,0,0
nestful_dev_200,3df07d308c825f0b,2,2,GOAL_BASED_IMPLICIT,,,,,,0.0,0.0,1.0,0.0,0.0,0.0,,,1,0,0
nestful_dev_200,7b93dabf8d09bf62,2,2,GOAL_BASED_IMPLICIT,,,,,,0.0,0.0,1.0,0.0,0.0,0.0,,,1,0,0
nestful_dev_200,df42aa8f15c613a8,2,2,GOAL_BASED_IMPLICIT,,,,,,0.0,0.0,1.0,0.0,0.0,0.0,,,1,0,0
nestful_dev_200,37f1f5c46e3ea7f6,2,2,GOAL_BASED_IMPLICIT,,,,,,0.0,0.0,1.0,0.0,0.0,0.0,,,2,1,0
nestful_dev_200,f246c3216274c29b,2,2,GOAL_BASED_IMPLICIT,,,,,,0.0,0.0,1.0,0.0,0.0,0.0,,,1,0,0
nestful_dev_200,e86db5c454d5f85d,2,2,PROCEDURAL_PARTIAL,,,,,,0.5,0.5,0.5,0.125,0.0,0.0,,,1,0,0
nestful_dev_200,31a24b6dc520b9a2,2,2,UNCLASSIFIED,,,,,,0.5,0.5,0.5,0.125,0.0,0.0,,,0,0,0
nestful_dev_200,0310c2efb9e5c647,2,2,PROCEDURAL_EXPLICIT,,,,,,0.0,1.0,0.0,1.0,1.0,1.0,,,1,0,0
nestful_dev_200,ec0e0fdd7e483269,2,2,GOAL_BASED_IMPLICIT,,,,,,0.0,0.0,1.0,0.0,0.0,0.0,,,0,0,0
nestful_dev_200,dc399a1293b63ed3,2,2,UNCLASSIFIED,,,,,,0.0,0.5,0.5,0.125,0.0,0.0,,,0,0,0
nestful_dev_200,a84f7f9546ac14e0,2,2,GOAL_BASED_IMPLICIT,,,,,,0.0,0.0,1.0,0.0,0.0,0.0,,,1,0,0
nestful_dev_200,78ee44567f476151,2,2,GOAL_BASED_IMPLICIT,,,,,,0.0,0.0,1.0,0.0,0.0,0.0,,,0,0,0
nestful_dev_200,0e5a9eea45f35aa4,2,2,PROCEDURAL_PARTIAL,,,,,,0.5,0.5,0.5,0.125,0.0,0.0,,,1,0,0
nestful_dev_200,de6eaa8ccef9c1f6,2,2,GOAL_BASED_IMPLICIT,,,,,,0.0,0.0,1.0,0.0,0.0,0.0,,,1,0,0
nestful_dev_200,cdd4655b4da84813,2,2,PROCEDURAL_EXPLICIT,,,,,,1.0,1.0,0.0,1.0,1.0,1.0,,,1,0,0
nestful_dev_200,8f760331161ee70b,2,2,GOAL_BASED_IMPLICIT,,,,,,0.0,0.0,1.0,0.0,0.0,0.0,,,1,0,0
nestful_dev_200,7ded59fd43a333d7,2,2,PROCEDURAL_PARTIAL,,,,,,0.5,0.5,0.5,0.125,0.0,0.0,,,1,0,0
nestful_dev_200,90b93ddb2c4d363e,2,2,GOAL_BASED_IMPLICIT,,,,,,0.0,0.0,1.0,0.0,0.0,0.0,,,1,0,0
nestful_dev_200,da0e58708a4439de,2,2,GOAL_BASED_IMPLICIT,,,,,,0.0,0.0,1.0,0.0,0.0,0.0,,,0,0,0
nestful_dev_200,660eeb283a257dd7,2,2,GOAL_BASED_IMPLICIT,,,,,,0.0,0.0,1.0,0.0,0.0,0.0,,,3,2,0
nestful_dev_200,a571fb76acd4124b,2,2,GOAL_BASED_IMPLICIT,,,,,,0.0,0.0,1.0,0.0,0.0,0.0,,,0,0,0
nestful_dev_200,0da40680b7a1e51e,2,2,PROCEDURAL_PARTIAL,,,,,,0.5,0.5,0.5,0.125,0.0,0.0,,,1,0,0
nestful_dev_200,c5a8ecab6581b5b5,2,2,GOAL_BASED_IMPLICIT,,,,,,0.0,0.0,1.0,0.0,0.0,0.0,,,0,0,0
nestful_dev_200,5d7692d150b09f89,2,2,GOAL_BASED_IMPLICIT,,,,,,0.0,0.0,1.0,0.0,0.0,0.0,,,1,0,0
nestful_dev_200,398104c4455957f5,2,2,GOAL_BASED_IMPLICIT,,,,,,0.0,0.0,1.0,0.0,0.0,0.0,,,1,0,0
nestful_dev_200,3ce1211a729ada8b,3,3,GOAL_BASED_IMPLICIT,,,,,,0.0,0.0,1.0,0.0,0.0,0.0,,,0,0,0
nestful_dev_200,b11180b774c1404b,3,3,GOAL_BASED_IMPLICIT,,,,,,0.0,0.0,1.0,0.0,0.0,0.0,,,1,0,0
nestful_dev_200,f6901402fb513344,3,3,PROCEDURAL_EXPLICIT,,,,,,1.0,1.0,0.0,1.0,1.0,1.0,,,2,0,0
nestful_dev_200,c6ef5181d8bb563d,3,3,PROCEDURAL_PARTIAL,,,,,,0.3333,0.6667,0.3333,0.3167,0.5,-1.0,,,1,0,0
nestful_dev_200,79a5881ab5ce5a08,3,3,GOAL_BASED_IMPLICIT,,,,,,0.0,0.0,1.0,0.0,0.0,0.0,,,0,0,0
nestful_dev_200,7c2396f1881be548,3,3,SEMI_IMPLICIT,,,,,,0.0,0.3333,0.6667,0.0833,0.0,0.0,,,0,0,0
nestful_dev_200,3aeb44e51486c0bb,3,3,GOAL_BASED_IMPLICIT,,,,,,0.0,0.0,1.0,0.0,0.0,0.0,,,0,0,0
nestful_dev_200,3f4767f0db8e5590,3,3,GOAL_BASED_IMPLICIT,,,,,,0.0,0.0,1.0,0.0,0.0,0.0,,,5,0,0
nestful_dev_200,35781f07b946a886,3,3,PROCEDURAL_PARTIAL,,,,,,0.6667,0.6667,0.3333,0.8333,1.0,1.0,,,0,0,0
nestful_dev_200,6e10e447801ddd6a,3,3,GOAL_BASED_IMPLICIT,,,,,,0.0,0.0,1.0,0.0,0.0,0.0,,,0,0,0
nestful_dev_200,50bf1410a21b7c0a,3,3,GOAL_BASED_IMPLICIT,,,,,,0.0,0.0,1.0,0.0,0.0,0.0,,,0,0,0
nestful_dev_200,fa2524f74f0a5b5b,3,3,GOAL_BASED_IMPLICIT,,,,,,0.0,0.0,1.0,0.0,0.0,0.0,,,2,0,0
nestful_dev_200,c0407e6abfc3d899,3,3,GOAL_BASED_IMPLICIT,,,,,,0.0,0.0,1.0,0.0,0.0,0.0,,,0,0,0
nestful_dev_200,aeb9bd68cc23e4e9,3,3,SEMI_IMPLICIT,,,,,,0.0,0.3333,0.6667,0.0833,0.0,0.0,,,0,0,0
nestful_dev_200,fa191c0a181f6fb7,3,3,PROCEDURAL_PARTIAL,,,,,,0.0,0.6667,0.3333,0.8333,1.0,1.0,,,0,0,0
nestful_dev_200,4abda5f34370f116,3,3,GOAL_BASED_IMPLICIT,,,,,,0.0,0.0,1.0,0.0,0.0,0.0,,,3,3,0
nestful_dev_200,9474c6e139fde144,3,3,GOAL_BASED_IMPLICIT,,,,,,0.0,0.0,1.0,0.0,0.0,0.0,,,0,0,0
nestful_dev_200,fb2b30963f47ac86,3,3,GOAL_BASED_IMPLICIT,,,,,,0.0,0.0,1.0,0.0,0.0,0.0,,,1,0,0
nestful_dev_200,25ad7fe7043c54f3,3,3,GOAL_BASED_IMPLICIT,,,,,,0.0,0.0,1.0,0.0,0.0,0.0,,,0,0,0
nestful_dev_200,63e9ac57e52560c2,3,3,GOAL_BASED_IMPLICIT,,,,,,0.0,0.0,1.0,0.0,0.0,0.0,,,0,0,0
nestful_dev_200,41fa2026d41d944e,3,3,GOAL_BASED_IMPLICIT,,,,,,0.0,0.0,1.0,0.0,0.0,0.0,,,1,0,0
nestful_dev_200,ab95cc9c4069ae66,3,3,GOAL_BASED_IMPLICIT,,,,,,0.0,0.0,1.0,0.0,0.0,0.0,,,8,0,0
nestful_dev_200,fe732c3de5fcd6ef,3,3,GOAL_BASED_IMPLICIT,,,,,,0.0,0.0,1.0,0.0,0.0,0.0,,,0,0,0
nestful_dev_200,a0b91b2310fcc92b,3,3,GOAL_BASED_IMPLICIT,,,,,,0.0,0.0,1.0,0.0,0.0,0.0,,,0,0,0
nestful_dev_200,7570295ee7649c05,3,3,GOAL_BASED_IMPLICIT,,,,,,0.0,0.0,1.0,0.0,0.0,0.0,,,1,1,0
nestful_dev_200,94f6a826bef0608c,3,3,GOAL_BASED_IMPLICIT,,,,,,0.0,0.0,1.0,0.0,0.0,0.0,,,2,0,0
nestful_dev_200,b8227076ad2a5226,3,3,GOAL_BASED_IMPLICIT,,,,,,0.0,0.0,1.0,0.0,0.0,0.0,,,0,0,0
nestful_dev_200,452d4d2ff3553c8f,3,3,GOAL_BASED_IMPLICIT,,,,,,0.0,0.0,1.0,0.0,0.0,0.0,,,0,0,0
nestful_dev_200,05fed11d1fe9b1bb,3,3,PROCEDURAL_PARTIAL,,,,,,0.0,1.0,0.0,0.5333,0.6667,-0.3333,,,0,0,0
nestful_dev_200,6287f1475ad71c13,3,3,GOAL_BASED_IMPLICIT,,,,,,0.0,0.0,1.0,0.0,0.0,0.0,,,1,0,0
nestful_dev_200,7bc37125a8e0875d,3,3,GOAL_BASED_IMPLICIT,,,,,,0.0,0.0,1.0,0.0,0.0,0.0,,,0,0,0
nestful_dev_200,b07a8f0e944fc470,3,3,GOAL_BASED_IMPLICIT,,,,,,0.0,0.0,1.0,0.0,0.0,0.0,,,1,0,0
nestful_dev_200,d7dde4ab84634ef0,1,2,GOAL_BASED_IMPLICIT,,,,,,0.0,0.0,1.0,0.0,0.0,0.0,,,0,0,0
nestful_dev_200,0fffeccb4fd22694,3,3,GOAL_BASED_IMPLICIT,,,,,,0.0,0.0,1.0,0.0,0.0,0.0,,,0,0,0
nestful_dev_200,42a8e3359b0bcda7,3,3,GOAL_BASED_IMPLICIT,,,,,,0.0,0.0,1.0,0.0,0.0,0.0,,,2,0,0
nestful_dev_200,67a025167d364269,3,3,PROCEDURAL_PARTIAL,,,,,,0.0,0.6667,0.3333,0.8333,1.0,1.0,,,0,0,0
nestful_dev_200,c5b684351e590910,3,3,GOAL_BASED_IMPLICIT,,,,,,0.0,0.0,1.0,0.0,0.0,0.0,,,0,0,0
nestful_dev_200,aaa59d023f8c21db,3,3,GOAL_BASED_IMPLICIT,,,,,,0.0,0.0,1.0,0.0,0.0,0.0,,,0,0,0
nestful_dev_200,36568853a7b1b85d,3,3,GOAL_BASED_IMPLICIT,,,,,,0.0,0.0,1.0,0.0,0.0,0.0,,,0,0,0
nestful_dev_200,4357d7539f99d592,3,3,GOAL_BASED_IMPLICIT,,,,,,0.0,0.0,1.0,0.0,0.0,0.0,,,1,0,0
nestful_dev_200,11de00b91e183013,3,3,GOAL_BASED_IMPLICIT,,,,,,0.0,0.0,1.0,0.0,0.0,0.0,,,1,0,0
nestful_dev_200,4df7c9d38922a512,3,3,GOAL_BASED_IMPLICIT,,,,,,0.0,0.0,1.0,0.0,0.0,0.0,,,1,0,0
nestful_dev_200,3abcd34a8a3b5a06,3,3,GOAL_BASED_IMPLICIT,,,,,,0.0,0.0,1.0,0.0,0.0,0.0,,,0,0,0
nestful_dev_200,bbca36fdf7f19043,3,3,GOAL_BASED_IMPLICIT,,,,,,0.0,0.0,1.0,0.0,0.0,0.0,,,2,0,0
nestful_dev_200,2981b02d5b607c52,4,4,GOAL_BASED_IMPLICIT,,,,,,0.0,0.0,1.0,0.0,0.0,0.0,,,1,0,0
nestful_dev_200,e72608d698045bc1,4,4,GOAL_BASED_IMPLICIT,,,,,,0.0,0.0,1.0,0.0,0.0,0.0,,,0,0,0
nestful_dev_200,e82a861398a02cf1,4,4,SEMI_IMPLICIT,,,,,,0.0,0.25,0.75,0.0625,0.0,0.0,,,0,0,0
nestful_dev_200,53b9092523b17f55,4,4,GOAL_BASED_IMPLICIT,,,,,,0.0,0.0,1.0,0.0,0.0,0.0,,,0,0,0
nestful_dev_200,5d26bf93e7f3057c,4,4,SEMI_IMPLICIT,,,,,,0.0,0.25,0.75,0.0625,0.0,0.0,,,1,0,0
nestful_dev_200,b8069963ce1c4111,4,4,GOAL_BASED_IMPLICIT,,,,,,0.0,0.0,1.0,0.0,0.0,0.0,,,0,0,0
nestful_dev_200,5f14ae63f25b7b21,4,4,PROCEDURAL_PARTIAL,,,,,,0.0,0.5,0.5,0.75,1.0,1.0,,,0,0,0
nestful_dev_200,fecfd6634271077d,4,4,PROCEDURAL_PARTIAL,,,,,,0.25,0.5,0.5,0.275,0.5,-1.0,,,2,2,0
nestful_dev_200,8f935c73de7cf147,4,4,GOAL_BASED_IMPLICIT,,,,,,0.0,0.0,1.0,0.0,0.0,0.0,,,1,0,0
nestful_dev_200,2edf73c5f65b7886,4,4,PROCEDURAL_PARTIAL,,,,,,0.0,0.75,0.25,0.875,1.0,1.0,,,4,0,0
nestful_dev_200,4fcff596108693d6,3,3,SEMI_IMPLICIT,,,,,,0.3333,0.3333,0.6667,0.0833,0.0,0.0,,,0,0,0
nestful_dev_200,d99b018ae56222f7,4,4,SEMI_IMPLICIT,,,,,,0.0,0.25,0.75,0.0625,0.0,0.0,,,1,0,0
nestful_dev_200,97a97b20220d2674,4,4,GOAL_BASED_IMPLICIT,,,,,,0.0,0.0,1.0,0.0,0.0,0.0,,,0,0,0
nestful_dev_200,c4ae14d5d83b7f32,4,4,GOAL_BASED_IMPLICIT,,,,,,0.0,0.0,1.0,0.0,0.0,0.0,,,1,1,0
nestful_dev_200,1c87b160b2ff42bd,4,4,SEMI_IMPLICIT,,,,,,0.0,0.25,0.75,0.0625,0.0,0.0,,,0,0,0
nestful_dev_200,6bb35a530d123197,4,4,GOAL_BASED_IMPLICIT,,,,,,0.0,0.0,1.0,0.0,0.0,0.0,,,0,0,0
nestful_dev_200,9cdfc196ab37dbb2,4,4,GOAL_BASED_IMPLICIT,,,,,,0.0,0.0,1.0,0.0,0.0,0.0,,,0,0,0
nestful_dev_200,a7a70a599470c1ee,4,4,GOAL_BASED_IMPLICIT,,,,,,0.0,0.0,1.0,0.0,0.0,0.0,,,0,0,0
nestful_dev_200,97eff8515a900e86,4,4,GOAL_BASED_IMPLICIT,,,,,,0.0,0.0,1.0,0.0,0.0,0.0,,,0,0,0
nestful_dev_200,2f9a509d5b17f6c3,4,4,GOAL_BASED_IMPLICIT,,,,,,0.0,0.0,1.0,0.0,0.0,0.0,,,0,0,0
nestful_dev_200,da385086c21cf659,4,4,SEMI_IMPLICIT,,,,,,0.0,0.25,0.75,0.0625,0.0,0.0,,,0,0,0
nestful_dev_200,1bcdc20dd46f1ca0,4,4,PROCEDURAL_PARTIAL,,,,,,0.0,0.75,0.25,0.875,1.0,1.0,,,0,0,0
nestful_dev_200,4b1ba1a49c94d93d,4,4,GOAL_BASED_IMPLICIT,,,,,,0.0,0.0,1.0,0.0,0.0,0.0,,,0,0,0
nestful_dev_200,0f3fb11e10d09a71,4,4,GOAL_BASED_IMPLICIT,,,,,,0.0,0.0,1.0,0.0,0.0,0.0,,,0,0,0
nestful_dev_200,1592e25b1870cfe0,4,4,GOAL_BASED_IMPLICIT,,,,,,0.0,0.0,1.0,0.0,0.0,0.0,,,0,0,0
nestful_dev_200,37de528bedaa8101,4,4,GOAL_BASED_IMPLICIT,,,,,,0.0,0.0,1.0,0.0,0.0,0.0,,,1,0,0
nestful_dev_200,a22d320c54617a0e,4,4,GOAL_BASED_IMPLICIT,,,,,,0.0,0.0,1.0,0.0,0.0,0.0,,,0,0,0
nestful_dev_200,2c844e4b4160d10c,5,5,GOAL_BASED_IMPLICIT,,,,,,0.0,0.0,1.0,0.0,0.0,0.0,,,0,0,0
nestful_dev_200,cc3153503f138b2b,5,5,SEMI_IMPLICIT,,,,,,0.0,0.4,0.6,0.7,1.0,1.0,,,0,0,0
nestful_dev_200,32184e31f907a269,5,5,SEMI_IMPLICIT,,,,,,0.0,0.4,0.6,0.7,1.0,1.0,,,0,0,0
nestful_dev_200,b33f4aba5f6c2be4,5,5,GOAL_BASED_IMPLICIT,,,,,,0.0,0.0,1.0,0.0,0.0,0.0,,,0,0,0
nestful_dev_200,2823a11ec8d8a00d,5,5,GOAL_BASED_IMPLICIT,,,,,,0.0,0.2,0.8,0.05,0.0,0.0,,,0,0,0
nestful_dev_200,7fe05592033a8c0a,5,5,GOAL_BASED_IMPLICIT,,,,,,0.0,0.0,1.0,0.0,0.0,0.0,,,0,0,0
nestful_dev_200,053e72e0d46aab12,5,5,SEMI_IMPLICIT,,,,,,0.4,0.4,0.6,0.7,1.0,1.0,,,0,0,0
nestful_dev_200,25ea5b48c413c7f9,5,5,GOAL_BASED_IMPLICIT,,,,,,0.0,0.0,1.0,0.0,0.0,0.0,,,0,0,0
nestful_dev_200,3b1728b9df5ad9a3,5,5,GOAL_BASED_IMPLICIT,,,,,,0.0,0.2,0.8,0.05,0.0,0.0,,,0,0,0
nestful_dev_200,5557edc0658bf54f,5,5,GOAL_BASED_IMPLICIT,,,,,,0.0,0.2,0.8,0.05,0.0,0.0,,,0,0,0
nestful_dev_200,43aa248e266ebb4c,5,5,GOAL_BASED_IMPLICIT,,,,,,0.0,0.0,1.0,0.0,0.0,0.0,,,0,0,0
nestful_dev_200,e7ef959557b56e9e,5,5,GOAL_BASED_IMPLICIT,,,,,,0.0,0.0,1.0,0.0,0.0,0.0,,,0,0,0
nestful_dev_200,91c11a5e7f30b1b8,5,5,SEMI_IMPLICIT,,,,,,0.0,0.4,0.6,0.7,1.0,1.0,,,0,0,0
nestful_dev_200,ff8a045fb1780c45,5,5,GOAL_BASED_IMPLICIT,,,,,,0.0,0.0,1.0,0.0,0.0,0.0,,,0,0,0
nestful_dev_200,f716ca953caba2d9,5,5,GOAL_BASED_IMPLICIT,,,,,,0.0,0.2,0.8,0.05,0.0,0.0,,,0,0,0
nestful_dev_200,7eb295117d697038,5,5,GOAL_BASED_IMPLICIT,,,,,,0.0,0.0,1.0,0.0,0.0,0.0,,,0,0,0
nestful_dev_200,81684747c82c71db,3,3,SEMI_IMPLICIT,,,,,,0.3333,0.3333,0.6667,0.0833,0.0,0.0,,,0,0,0
nestful_dev_200,7555b1d604d0c57a,5,5,PROCEDURAL_PARTIAL,,,,,,0.8,0.8,0.2,0.9,1.0,1.0,,,0,0,0
nestful_dev_200,b62eed97637055a5,5,5,GOAL_BASED_IMPLICIT,,,,,,0.0,0.0,1.0,0.0,0.0,0.0,,,1,0,0
nestful_dev_200,c980df1070160008,6,6+,GOAL_BASED_IMPLICIT,,,,,,0.0,0.0,1.0,0.0,0.0,0.0,,,0,0,0
nestful_dev_200,fc4b45f38333ede5,6,6+,GOAL_BASED_IMPLICIT,,,,,,0.0,0.0,1.0,0.0,0.0,0.0,,,2,0,0
nestful_dev_200,600664dc6b600faf,6,6+,GOAL_BASED_IMPLICIT,,,,,,0.0,0.0,1.0,0.0,0.0,0.0,,,0,0,0
nestful_dev_200,c891ed89f515e5f9,6,6+,GOAL_BASED_IMPLICIT,,,,,,0.0,0.1667,0.8333,0.0417,0.0,0.0,,,0,0,0
nestful_dev_200,be06633562316456,4,4,GOAL_BASED_IMPLICIT,,,,,,0.0,0.0,1.0,0.0,0.0,0.0,,,0,0,0
nestful_dev_200,e6a0cf8ce531bff5,6,6+,PROCEDURAL_PARTIAL,,,,,,0.0,0.5,0.5,0.75,1.0,1.0,,,0,0,0
nestful_dev_200,dac72360e1fc0bf1,6,6+,GOAL_BASED_IMPLICIT,,,,,,0.0,0.0,1.0,0.0,0.0,0.0,,,0,0,0
nestful_dev_200,de35d56deb6766c8,6,6+,GOAL_BASED_IMPLICIT,,,,,,0.0,0.0,1.0,0.0,0.0,0.0,,,1,0,0
nestful_dev_200,ea192bd343000d0c,6,6+,GOAL_BASED_IMPLICIT,,,,,,0.0,0.0,1.0,0.0,0.0,0.0,,,0,0,0
nestful_dev_200,5f5ac230cd146f6c,6,6+,GOAL_BASED_IMPLICIT,,,,,,0.0,0.1667,0.8333,0.0417,0.0,0.0,,,2,0,0
nestful_dev_200,f9facecc945990cc,6,6+,GOAL_BASED_IMPLICIT,,,,,,0.0,0.0,1.0,0.0,0.0,0.0,,,0,0,0
nestful_dev_200,1c664ddf8a769c5e,6,6+,GOAL_BASED_IMPLICIT,,,,,,0.0,0.0,1.0,0.0,0.0,0.0,,,0,0,0
nestful_dev_200,f5e92f5e2529d08c,6,6+,GOAL_BASED_IMPLICIT,,,,,,0.0,0.0,1.0,0.0,0.0,0.0,,,0,0,0
nestful_dev_200,8636571dd9303a99,6,6+,GOAL_BASED_IMPLICIT,,,,,,0.0,0.0,1.0,0.0,0.0,0.0,,,1,0,0
nestful_dev_200,5b7c24e13701eb52,7,6+,SEMI_IMPLICIT,,,,,,0.0,0.2857,0.7143,0.6429,1.0,1.0,,,0,0,0
nestful_dev_200,6d556ca73ed4cfb2,7,6+,GOAL_BASED_IMPLICIT,,,,,,0.0,0.0,1.0,0.0,0.0,0.0,,,0,0,0
nestful_dev_200,b3367c8c1da087f9,7,6+,GOAL_BASED_IMPLICIT,,,,,,0.0,0.0,1.0,0.0,0.0,0.0,,,1,0,0
nestful_dev_200,69e7840798bd610e,7,6+,GOAL_BASED_IMPLICIT,,,,,,0.0,0.0,1.0,0.0,0.0,0.0,,,1,0,0
nestful_dev_200,f38a15711eac4c5a,7,6+,SEMI_IMPLICIT,,,,,,0.0,0.2857,0.7143,0.6429,1.0,1.0,,,1,0,0
nestful_dev_200,ea111420918ccb5a,7,6+,GOAL_BASED_IMPLICIT,,,,,,0.0,0.1429,0.8571,0.0357,0.0,0.0,,,1,0,0
nestful_dev_200,b9e34deaf64fd436,7,6+,GOAL_BASED_IMPLICIT,,,,,,0.0,0.0,1.0,0.0,0.0,0.0,,,0,0,0
nestful_dev_200,2d79ec7bd992f9bd,7,6+,GOAL_BASED_IMPLICIT,,,,,,0.0,0.1429,0.8571,0.0357,0.0,0.0,,,0,0,0
nestful_dev_200,f00cdb8cacf35e0a,8,6+,SEMI_IMPLICIT,,,,,,0.0,0.25,0.75,0.625,1.0,1.0,,,1,0,0
nestful_dev_200,93bad82465ea62cf,8,6+,PROCEDURAL_PARTIAL,,,,,,0.0,0.625,0.375,0.8125,1.0,1.0,,,0,0,0
nestful_dev_200,e08cde10ebf5de35,8,6+,PROCEDURAL_PARTIAL,,,,,,0.0,0.625,0.375,0.8125,1.0,1.0,,,0,0,0
nestful_dev_200,77dd498d61bdb542,8,6+,PROCEDURAL_PARTIAL,,,,,,0.375,0.5,0.5,0.4125,0.75,0.0,,,0,0,0
nestful_dev_200,5bc471f5c78e1cd2,8,6+,GOAL_BASED_IMPLICIT,,,,,,0.0,0.0,1.0,0.0,0.0,0.0,,,0,0,0
nestful_dev_200,af1bfee105cb2e87,8,6+,SEMI_IMPLICIT,,,,,,0.25,0.25,0.75,0.625,1.0,1.0,,,2,1,0
nestful_dev_200,7c1629011fe7b74e,9,6+,SEMI_IMPLICIT,,,,,,0.2222,0.2222,0.7778,0.6111,1.0,1.0,,,0,0,0
nestful_dev_200,f139deaf8b3b56a6,9,6+,GOAL_BASED_IMPLICIT,,,,,,0.0,0.0,1.0,0.0,0.0,0.0,,,0,0,0
nestful_dev_200,9978873085c13e54,9,6+,PROCEDURAL_PARTIAL,,,,,,0.0,0.5556,0.4444,0.7778,1.0,1.0,,,0,0,0
nestful_dev_200,eae5f9d68c74105c,9,6+,GOAL_BASED_IMPLICIT,,,,,,0.0,0.0,1.0,0.0,0.0,0.0,,,0,0,0
nestful_dev_200,dc248ae56961554c,9,6+,SEMI_IMPLICIT,,,,,,0.4444,0.4444,0.5556,0.7222,1.0,1.0,,,0,0,0
nestful_dev_200,84fe00b4c88b5e98,10,6+,GOAL_BASED_IMPLICIT,,,,,,0.0,0.0,1.0,0.0,0.0,0.0,,,0,0,0
nestful_dev_200,7ac4f64fd38f1a49,10,6+,SEMI_IMPLICIT,,,,,,0.4,0.4,0.6,0.7,1.0,1.0,,,0,0,0
nestful_dev_200,cf95411ca9bf8529,11,6+,GOAL_BASED_IMPLICIT,,,,,,0.0,0.0,1.0,0.0,0.0,0.0,,,0,0,0
nestful_dev_200,85ccd99362c25ae7,11,6+,SEMI_IMPLICIT,,,,,,0.0,0.2727,0.7273,0.6364,1.0,1.0,,,1,1,0
nestful_dev_200,6da9b085ce8c74f4,12,6+,GOAL_BASED_IMPLICIT,,,,,,0.0,0.0,1.0,0.0,0.0,0.0,,,0,0,0
nestful_dev_200,60d34b7fdf7fdaed,12,6+,SEMI_IMPLICIT,,,,,,0.25,0.25,0.75,0.625,1.0,1.0,,,2,0,0
nestful_dev_200,14445f7480234a5b,13,6+,GOAL_BASED_IMPLICIT,,,,,,0.0,0.0,1.0,0.0,0.0,0.0,,,0,0,0
nestful_dev_200,458ec5d3de6beb10,7,6+,SEMI_IMPLICIT,,,,,,0.0,0.2857,0.7143,0.6429,1.0,1.0,,,0,0,0
nestful_dev_200,b7a0fe8c944a9b99,14,6+,PROCEDURAL_PARTIAL,,,,,,0.0,0.5714,0.4286,0.7857,1.0,1.0,,,2,0,0
nestful_dev_200,12a3b8b6d1e13571,15,6+,GOAL_BASED_IMPLICIT,,,,,,0.0,0.0,1.0,0.0,0.0,0.0,,,1,0,0
nestful_dev_200,acc28c153f195eff,18,6+,GOAL_BASED_IMPLICIT,,,,,,0.0,0.0,1.0,0.0,0.0,0.0,,,1,0,0
nestful_dev_200,bf67dc50be5b2970,2,2,UNCLASSIFIED,,,,,,0.5,0.5,0.5,0.125,0.0,0.0,,,0,0,0
