arm,layer,norm
A0_R0_CURRENT,base_model.model.model.layers.0.mlp.down_proj.lora_A.weight,2.308511734008789
A0_R0_CURRENT,base_model.model.model.layers.0.mlp.down_proj.lora_B.weight,0.0006036231061443686
A0_R0_CURRENT,base_model.model.model.layers.0.mlp.gate_proj.lora_A.weight,2.305168390274048
A0_R0_CURRENT,base_model.model.model.layers.0.mlp.gate_proj.lora_B.weight,0.0011656712740659714
A0_R0_CURRENT,base_model.model.model.layers.0.mlp.up_proj.lora_A.weight,2.312117338180542
A0_R0_CURRENT,base_model.model.model.layers.0.mlp.up_proj.lora_B.weight,0.0011692479019984603
A0_R0_CURRENT,base_model.model.model.layers.0.self_attn.k_proj.lora_A.weight,2.3163809776306152
A0_R0_CURRENT,base_model.model.model.layers.0.self_attn.k_proj.lora_B.weight,0.0004554556217044592
A0_R0_CURRENT,base_model.model.model.layers.0.self_attn.o_proj.lora_A.weight,2.3142166137695312
A0_R0_CURRENT,base_model.model.model.layers.0.self_attn.o_proj.lora_B.weight,0.0005843492690473795
A0_R0_CURRENT,base_model.model.model.layers.0.self_attn.q_proj.lora_A.weight,2.3092713356018066
A0_R0_CURRENT,base_model.model.model.layers.0.self_attn.q_proj.lora_B.weight,0.0008783108205534518
A0_R0_CURRENT,base_model.model.model.layers.0.self_attn.v_proj.lora_A.weight,2.3118693828582764
A0_R0_CURRENT,base_model.model.model.layers.0.self_attn.v_proj.lora_B.weight,0.0003990227123722434
A0_R0_CURRENT,base_model.model.model.layers.1.mlp.down_proj.lora_A.weight,2.30527925491333
A0_R0_CURRENT,base_model.model.model.layers.1.mlp.down_proj.lora_B.weight,0.000616486300714314
A0_R0_CURRENT,base_model.model.model.layers.1.mlp.gate_proj.lora_A.weight,2.3114492893218994
A0_R0_CURRENT,base_model.model.model.layers.1.mlp.gate_proj.lora_B.weight,0.0011456144275143743
A0_R0_CURRENT,base_model.model.model.layers.1.mlp.up_proj.lora_A.weight,2.311081647872925
A0_R0_CURRENT,base_model.model.model.layers.1.mlp.up_proj.lora_B.weight,0.001118954736739397
A0_R0_CURRENT,base_model.model.model.layers.1.self_attn.k_proj.lora_A.weight,2.306715488433838
A0_R0_CURRENT,base_model.model.model.layers.1.self_attn.k_proj.lora_B.weight,0.0003500612801872194
A0_R0_CURRENT,base_model.model.model.layers.1.self_attn.o_proj.lora_A.weight,2.311079740524292
A0_R0_CURRENT,base_model.model.model.layers.1.self_attn.o_proj.lora_B.weight,0.0005681747570633888
A0_R0_CURRENT,base_model.model.model.layers.1.self_attn.q_proj.lora_A.weight,2.309051752090454
A0_R0_CURRENT,base_model.model.model.layers.1.self_attn.q_proj.lora_B.weight,0.0007247840985655785
A0_R0_CURRENT,base_model.model.model.layers.1.self_attn.v_proj.lora_A.weight,2.3057992458343506
A0_R0_CURRENT,base_model.model.model.layers.1.self_attn.v_proj.lora_B.weight,0.00035334768472239375
A0_R0_CURRENT,base_model.model.model.layers.10.mlp.down_proj.lora_A.weight,2.306234836578369
A0_R0_CURRENT,base_model.model.model.layers.10.mlp.down_proj.lora_B.weight,0.000777803361415863
A0_R0_CURRENT,base_model.model.model.layers.10.mlp.gate_proj.lora_A.weight,2.304023265838623
A0_R0_CURRENT,base_model.model.model.layers.10.mlp.gate_proj.lora_B.weight,0.0014557162066921592
A0_R0_CURRENT,base_model.model.model.layers.10.mlp.up_proj.lora_A.weight,2.3143868446350098
A0_R0_CURRENT,base_model.model.model.layers.10.mlp.up_proj.lora_B.weight,0.0014949284959584475
A0_R0_CURRENT,base_model.model.model.layers.10.self_attn.k_proj.lora_A.weight,2.3057007789611816
A0_R0_CURRENT,base_model.model.model.layers.10.self_attn.k_proj.lora_B.weight,0.00045649419189430773
A0_R0_CURRENT,base_model.model.model.layers.10.self_attn.o_proj.lora_A.weight,2.309643507003784
A0_R0_CURRENT,base_model.model.model.layers.10.self_attn.o_proj.lora_B.weight,0.0007463089423254132
A0_R0_CURRENT,base_model.model.model.layers.10.self_attn.q_proj.lora_A.weight,2.310222864151001
A0_R0_CURRENT,base_model.model.model.layers.10.self_attn.q_proj.lora_B.weight,0.0009064898476935923
A0_R0_CURRENT,base_model.model.model.layers.10.self_attn.v_proj.lora_A.weight,2.30804705619812
A0_R0_CURRENT,base_model.model.model.layers.10.self_attn.v_proj.lora_B.weight,0.0004981054225936532
A0_R0_CURRENT,base_model.model.model.layers.11.mlp.down_proj.lora_A.weight,2.3076040744781494
A0_R0_CURRENT,base_model.model.model.layers.11.mlp.down_proj.lora_B.weight,0.0007776999846100807
A0_R0_CURRENT,base_model.model.model.layers.11.mlp.gate_proj.lora_A.weight,2.3076164722442627
A0_R0_CURRENT,base_model.model.model.layers.11.mlp.gate_proj.lora_B.weight,0.001459731487557292
A0_R0_CURRENT,base_model.model.model.layers.11.mlp.up_proj.lora_A.weight,2.306302309036255
A0_R0_CURRENT,base_model.model.model.layers.11.mlp.up_proj.lora_B.weight,0.001467970316298306
A0_R0_CURRENT,base_model.model.model.layers.11.self_attn.k_proj.lora_A.weight,2.310955047607422
A0_R0_CURRENT,base_model.model.model.layers.11.self_attn.k_proj.lora_B.weight,0.0004525254189502448
A0_R0_CURRENT,base_model.model.model.layers.11.self_attn.o_proj.lora_A.weight,2.308546543121338
A0_R0_CURRENT,base_model.model.model.layers.11.self_attn.o_proj.lora_B.weight,0.0007808379014022648
A0_R0_CURRENT,base_model.model.model.layers.11.self_attn.q_proj.lora_A.weight,2.3198912143707275
A0_R0_CURRENT,base_model.model.model.layers.11.self_attn.q_proj.lora_B.weight,0.0008734160219319165
A0_R0_CURRENT,base_model.model.model.layers.11.self_attn.v_proj.lora_A.weight,2.3052120208740234
A0_R0_CURRENT,base_model.model.model.layers.11.self_attn.v_proj.lora_B.weight,0.00048318447079509497
A0_R0_CURRENT,base_model.model.model.layers.12.mlp.down_proj.lora_A.weight,2.3072948455810547
A0_R0_CURRENT,base_model.model.model.layers.12.mlp.down_proj.lora_B.weight,0.0007856407901272178
A0_R0_CURRENT,base_model.model.model.layers.12.mlp.gate_proj.lora_A.weight,2.313471794128418
A0_R0_CURRENT,base_model.model.model.layers.12.mlp.gate_proj.lora_B.weight,0.0014711121330037713
A0_R0_CURRENT,base_model.model.model.layers.12.mlp.up_proj.lora_A.weight,2.317624092102051
A0_R0_CURRENT,base_model.model.model.layers.12.mlp.up_proj.lora_B.weight,0.0015801936388015747
A0_R0_CURRENT,base_model.model.model.layers.12.self_attn.k_proj.lora_A.weight,2.302649736404419
A0_R0_CURRENT,base_model.model.model.layers.12.self_attn.k_proj.lora_B.weight,0.00046349491458386183
A0_R0_CURRENT,base_model.model.model.layers.12.self_attn.o_proj.lora_A.weight,2.2999942302703857
A0_R0_CURRENT,base_model.model.model.layers.12.self_attn.o_proj.lora_B.weight,0.0007939983624964952
A0_R0_CURRENT,base_model.model.model.layers.12.self_attn.q_proj.lora_A.weight,2.3009579181671143
A0_R0_CURRENT,base_model.model.model.layers.12.self_attn.q_proj.lora_B.weight,0.0008983936277218163
A0_R0_CURRENT,base_model.model.model.layers.12.self_attn.v_proj.lora_A.weight,2.309921979904175
A0_R0_CURRENT,base_model.model.model.layers.12.self_attn.v_proj.lora_B.weight,0.0004979761433787644
A0_R0_CURRENT,base_model.model.model.layers.13.mlp.down_proj.lora_A.weight,2.3122568130493164
A0_R0_CURRENT,base_model.model.model.layers.13.mlp.down_proj.lora_B.weight,0.000802626134827733
A0_R0_CURRENT,base_model.model.model.layers.13.mlp.gate_proj.lora_A.weight,2.3062374591827393
A0_R0_CURRENT,base_model.model.model.layers.13.mlp.gate_proj.lora_B.weight,0.0014957340899854898
A0_R0_CURRENT,base_model.model.model.layers.13.mlp.up_proj.lora_A.weight,2.3158998489379883
A0_R0_CURRENT,base_model.model.model.layers.13.mlp.up_proj.lora_B.weight,0.001537944539450109
A0_R0_CURRENT,base_model.model.model.layers.13.self_attn.k_proj.lora_A.weight,2.3099758625030518
A0_R0_CURRENT,base_model.model.model.layers.13.self_attn.k_proj.lora_B.weight,0.0004686855827458203
A0_R0_CURRENT,base_model.model.model.layers.13.self_attn.o_proj.lora_A.weight,2.3056321144104004
A0_R0_CURRENT,base_model.model.model.layers.13.self_attn.o_proj.lora_B.weight,0.0007986824493855238
A0_R0_CURRENT,base_model.model.model.layers.13.self_attn.q_proj.lora_A.weight,2.3043053150177
A0_R0_CURRENT,base_model.model.model.layers.13.self_attn.q_proj.lora_B.weight,0.000976443407125771
A0_R0_CURRENT,base_model.model.model.layers.13.self_attn.v_proj.lora_A.weight,2.308823823928833
A0_R0_CURRENT,base_model.model.model.layers.13.self_attn.v_proj.lora_B.weight,0.0005238284356892109
A0_R0_CURRENT,base_model.model.model.layers.14.mlp.down_proj.lora_A.weight,2.3096041679382324
A0_R0_CURRENT,base_model.model.model.layers.14.mlp.down_proj.lora_B.weight,0.0008262281771749258
A0_R0_CURRENT,base_model.model.model.layers.14.mlp.gate_proj.lora_A.weight,2.3057987689971924
A0_R0_CURRENT,base_model.model.model.layers.14.mlp.gate_proj.lora_B.weight,0.0015252783196046948
A0_R0_CURRENT,base_model.model.model.layers.14.mlp.up_proj.lora_A.weight,2.309762954711914
A0_R0_CURRENT,base_model.model.model.layers.14.mlp.up_proj.lora_B.weight,0.0015443935990333557
A0_R0_CURRENT,base_model.model.model.layers.14.self_attn.k_proj.lora_A.weight,2.3020856380462646
A0_R0_CURRENT,base_model.model.model.layers.14.self_attn.k_proj.lora_B.weight,0.0004931683070026338
A0_R0_CURRENT,base_model.model.model.layers.14.self_attn.o_proj.lora_A.weight,2.3188509941101074
A0_R0_CURRENT,base_model.model.model.layers.14.self_attn.o_proj.lora_B.weight,0.0008137585246004164
A0_R0_CURRENT,base_model.model.model.layers.14.self_attn.q_proj.lora_A.weight,2.3113348484039307
A0_R0_CURRENT,base_model.model.model.layers.14.self_attn.q_proj.lora_B.weight,0.000983137870207429
A0_R0_CURRENT,base_model.model.model.layers.14.self_attn.v_proj.lora_A.weight,2.316575527191162
A0_R0_CURRENT,base_model.model.model.layers.14.self_attn.v_proj.lora_B.weight,0.0005176267586648464
A0_R0_CURRENT,base_model.model.model.layers.15.mlp.down_proj.lora_A.weight,2.310575485229492
A0_R0_CURRENT,base_model.model.model.layers.15.mlp.down_proj.lora_B.weight,0.0008063415880315006
A0_R0_CURRENT,base_model.model.model.layers.15.mlp.gate_proj.lora_A.weight,2.309497117996216
A0_R0_CURRENT,base_model.model.model.layers.15.mlp.gate_proj.lora_B.weight,0.0015226901741698384
A0_R0_CURRENT,base_model.model.model.layers.15.mlp.up_proj.lora_A.weight,2.307842493057251
A0_R0_CURRENT,base_model.model.model.layers.15.mlp.up_proj.lora_B.weight,0.0015420234994962811
A0_R0_CURRENT,base_model.model.model.layers.15.self_attn.k_proj.lora_A.weight,2.304691791534424
A0_R0_CURRENT,base_model.model.model.layers.15.self_attn.k_proj.lora_B.weight,0.0004982845275662839
A0_R0_CURRENT,base_model.model.model.layers.15.self_attn.o_proj.lora_A.weight,2.3116633892059326
A0_R0_CURRENT,base_model.model.model.layers.15.self_attn.o_proj.lora_B.weight,0.0008307283860631287
A0_R0_CURRENT,base_model.model.model.layers.15.self_attn.q_proj.lora_A.weight,2.311282157897949
A0_R0_CURRENT,base_model.model.model.layers.15.self_attn.q_proj.lora_B.weight,0.0009932777611538768
A0_R0_CURRENT,base_model.model.model.layers.15.self_attn.v_proj.lora_A.weight,2.3038454055786133
A0_R0_CURRENT,base_model.model.model.layers.15.self_attn.v_proj.lora_B.weight,0.0005372946616262197
A0_R0_CURRENT,base_model.model.model.layers.16.mlp.down_proj.lora_A.weight,2.3078322410583496
A0_R0_CURRENT,base_model.model.model.layers.16.mlp.down_proj.lora_B.weight,0.000837529543787241
A0_R0_CURRENT,base_model.model.model.layers.16.mlp.gate_proj.lora_A.weight,2.302700996398926
A0_R0_CURRENT,base_model.model.model.layers.16.mlp.gate_proj.lora_B.weight,0.0015342028345912695
A0_R0_CURRENT,base_model.model.model.layers.16.mlp.up_proj.lora_A.weight,2.3067216873168945
A0_R0_CURRENT,base_model.model.model.layers.16.mlp.up_proj.lora_B.weight,0.0016395979328081012
A0_R0_CURRENT,base_model.model.model.layers.16.self_attn.k_proj.lora_A.weight,2.306339740753174
A0_R0_CURRENT,base_model.model.model.layers.16.self_attn.k_proj.lora_B.weight,0.000483457202790305
A0_R0_CURRENT,base_model.model.model.layers.16.self_attn.o_proj.lora_A.weight,2.308924436569214
A0_R0_CURRENT,base_model.model.model.layers.16.self_attn.o_proj.lora_B.weight,0.0008389803697355092
A0_R0_CURRENT,base_model.model.model.layers.16.self_attn.q_proj.lora_A.weight,2.308114528656006
A0_R0_CURRENT,base_model.model.model.layers.16.self_attn.q_proj.lora_B.weight,0.0009570746915414929
A0_R0_CURRENT,base_model.model.model.layers.16.self_attn.v_proj.lora_A.weight,2.3049068450927734
A0_R0_CURRENT,base_model.model.model.layers.16.self_attn.v_proj.lora_B.weight,0.0005525577580556273
A0_R0_CURRENT,base_model.model.model.layers.17.mlp.down_proj.lora_A.weight,2.309380054473877
A0_R0_CURRENT,base_model.model.model.layers.17.mlp.down_proj.lora_B.weight,0.0008376473560929298
A0_R0_CURRENT,base_model.model.model.layers.17.mlp.gate_proj.lora_A.weight,2.3165760040283203
A0_R0_CURRENT,base_model.model.model.layers.17.mlp.gate_proj.lora_B.weight,0.0015754771884530783
A0_R0_CURRENT,base_model.model.model.layers.17.mlp.up_proj.lora_A.weight,2.314110279083252
A0_R0_CURRENT,base_model.model.model.layers.17.mlp.up_proj.lora_B.weight,0.0016384725458920002
A0_R0_CURRENT,base_model.model.model.layers.17.self_attn.k_proj.lora_A.weight,2.3067171573638916
A0_R0_CURRENT,base_model.model.model.layers.17.self_attn.k_proj.lora_B.weight,0.0004973903996869922
A0_R0_CURRENT,base_model.model.model.layers.17.self_attn.o_proj.lora_A.weight,2.313411235809326
A0_R0_CURRENT,base_model.model.model.layers.17.self_attn.o_proj.lora_B.weight,0.000871135329362005
A0_R0_CURRENT,base_model.model.model.layers.17.self_attn.q_proj.lora_A.weight,2.3126883506774902
A0_R0_CURRENT,base_model.model.model.layers.17.self_attn.q_proj.lora_B.weight,0.0009684031829237938
A0_R0_CURRENT,base_model.model.model.layers.17.self_attn.v_proj.lora_A.weight,2.3051083087921143
A0_R0_CURRENT,base_model.model.model.layers.17.self_attn.v_proj.lora_B.weight,0.0005576375988312066
A0_R0_CURRENT,base_model.model.model.layers.18.mlp.down_proj.lora_A.weight,2.3124279975891113
A0_R0_CURRENT,base_model.model.model.layers.18.mlp.down_proj.lora_B.weight,0.0007951500592753291
A0_R0_CURRENT,base_model.model.model.layers.18.mlp.gate_proj.lora_A.weight,2.3043370246887207
A0_R0_CURRENT,base_model.model.model.layers.18.mlp.gate_proj.lora_B.weight,0.001468193018808961
A0_R0_CURRENT,base_model.model.model.layers.18.mlp.up_proj.lora_A.weight,2.3093042373657227
A0_R0_CURRENT,base_model.model.model.layers.18.mlp.up_proj.lora_B.weight,0.0016337798442691565
A0_R0_CURRENT,base_model.model.model.layers.18.self_attn.k_proj.lora_A.weight,2.313704490661621
A0_R0_CURRENT,base_model.model.model.layers.18.self_attn.k_proj.lora_B.weight,0.0004981469246558845
A0_R0_CURRENT,base_model.model.model.layers.18.self_attn.o_proj.lora_A.weight,2.3050248622894287
A0_R0_CURRENT,base_model.model.model.layers.18.self_attn.o_proj.lora_B.weight,0.0008237718138843775
A0_R0_CURRENT,base_model.model.model.layers.18.self_attn.q_proj.lora_A.weight,2.3197250366210938
A0_R0_CURRENT,base_model.model.model.layers.18.self_attn.q_proj.lora_B.weight,0.000977042829617858
A0_R0_CURRENT,base_model.model.model.layers.18.self_attn.v_proj.lora_A.weight,2.3086516857147217
A0_R0_CURRENT,base_model.model.model.layers.18.self_attn.v_proj.lora_B.weight,0.0005546644097194076
A0_R0_CURRENT,base_model.model.model.layers.19.mlp.down_proj.lora_A.weight,2.3134074211120605
A0_R0_CURRENT,base_model.model.model.layers.19.mlp.down_proj.lora_B.weight,0.0007955550099723041
A0_R0_CURRENT,base_model.model.model.layers.19.mlp.gate_proj.lora_A.weight,2.31207537651062
A0_R0_CURRENT,base_model.model.model.layers.19.mlp.gate_proj.lora_B.weight,0.0015129847452044487
A0_R0_CURRENT,base_model.model.model.layers.19.mlp.up_proj.lora_A.weight,2.3123414516448975
A0_R0_CURRENT,base_model.model.model.layers.19.mlp.up_proj.lora_B.weight,0.0015884005697444081
A0_R0_CURRENT,base_model.model.model.layers.19.self_attn.k_proj.lora_A.weight,2.316558599472046
A0_R0_CURRENT,base_model.model.model.layers.19.self_attn.k_proj.lora_B.weight,0.000498364504892379
A0_R0_CURRENT,base_model.model.model.layers.19.self_attn.o_proj.lora_A.weight,2.302612781524658
A0_R0_CURRENT,base_model.model.model.layers.19.self_attn.o_proj.lora_B.weight,0.0008520646952092648
A0_R0_CURRENT,base_model.model.model.layers.19.self_attn.q_proj.lora_A.weight,2.3091816902160645
A0_R0_CURRENT,base_model.model.model.layers.19.self_attn.q_proj.lora_B.weight,0.0009622056386433542
A0_R0_CURRENT,base_model.model.model.layers.19.self_attn.v_proj.lora_A.weight,2.3116211891174316
A0_R0_CURRENT,base_model.model.model.layers.19.self_attn.v_proj.lora_B.weight,0.0005521245184354484
A0_R0_CURRENT,base_model.model.model.layers.2.mlp.down_proj.lora_A.weight,2.308685541152954
A0_R0_CURRENT,base_model.model.model.layers.2.mlp.down_proj.lora_B.weight,0.000596808735281229
A0_R0_CURRENT,base_model.model.model.layers.2.mlp.gate_proj.lora_A.weight,2.3044545650482178
A0_R0_CURRENT,base_model.model.model.layers.2.mlp.gate_proj.lora_B.weight,0.0012191409477964044
A0_R0_CURRENT,base_model.model.model.layers.2.mlp.up_proj.lora_A.weight,2.3132684230804443
A0_R0_CURRENT,base_model.model.model.layers.2.mlp.up_proj.lora_B.weight,0.0012775383656844497
A0_R0_CURRENT,base_model.model.model.layers.2.self_attn.k_proj.lora_A.weight,2.3042376041412354
A0_R0_CURRENT,base_model.model.model.layers.2.self_attn.k_proj.lora_B.weight,0.0003753950004465878
A0_R0_CURRENT,base_model.model.model.layers.2.self_attn.o_proj.lora_A.weight,2.308946132659912
A0_R0_CURRENT,base_model.model.model.layers.2.self_attn.o_proj.lora_B.weight,0.0005754758603870869
A0_R0_CURRENT,base_model.model.model.layers.2.self_attn.q_proj.lora_A.weight,2.3074615001678467
A0_R0_CURRENT,base_model.model.model.layers.2.self_attn.q_proj.lora_B.weight,0.0007146825664676726
A0_R0_CURRENT,base_model.model.model.layers.2.self_attn.v_proj.lora_A.weight,2.313760757446289
A0_R0_CURRENT,base_model.model.model.layers.2.self_attn.v_proj.lora_B.weight,0.0003566845552995801
A0_R0_CURRENT,base_model.model.model.layers.20.mlp.down_proj.lora_A.weight,2.3012447357177734
A0_R0_CURRENT,base_model.model.model.layers.20.mlp.down_proj.lora_B.weight,0.0008400626829825342
A0_R0_CURRENT,base_model.model.model.layers.20.mlp.gate_proj.lora_A.weight,2.312337875366211
A0_R0_CURRENT,base_model.model.model.layers.20.mlp.gate_proj.lora_B.weight,0.0015159767353907228
A0_R0_CURRENT,base_model.model.model.layers.20.mlp.up_proj.lora_A.weight,2.3145532608032227
A0_R0_CURRENT,base_model.model.model.layers.20.mlp.up_proj.lora_B.weight,0.0016437576850876212
A0_R0_CURRENT,base_model.model.model.layers.20.self_attn.k_proj.lora_A.weight,2.3151586055755615
A0_R0_CURRENT,base_model.model.model.layers.20.self_attn.k_proj.lora_B.weight,0.0004950854345224798
A0_R0_CURRENT,base_model.model.model.layers.20.self_attn.o_proj.lora_A.weight,2.304757595062256
A0_R0_CURRENT,base_model.model.model.layers.20.self_attn.o_proj.lora_B.weight,0.0008880364475771785
A0_R0_CURRENT,base_model.model.model.layers.20.self_attn.q_proj.lora_A.weight,2.309528112411499
A0_R0_CURRENT,base_model.model.model.layers.20.self_attn.q_proj.lora_B.weight,0.0009938218863680959
A0_R0_CURRENT,base_model.model.model.layers.20.self_attn.v_proj.lora_A.weight,2.306577682495117
A0_R0_CURRENT,base_model.model.model.layers.20.self_attn.v_proj.lora_B.weight,0.0005723668728023767
A0_R0_CURRENT,base_model.model.model.layers.21.mlp.down_proj.lora_A.weight,2.306918144226074
A0_R0_CURRENT,base_model.model.model.layers.21.mlp.down_proj.lora_B.weight,0.0008708025561645627
A0_R0_CURRENT,base_model.model.model.layers.21.mlp.gate_proj.lora_A.weight,2.316025495529175
A0_R0_CURRENT,base_model.model.model.layers.21.mlp.gate_proj.lora_B.weight,0.0013739214045926929
A0_R0_CURRENT,base_model.model.model.layers.21.mlp.up_proj.lora_A.weight,2.3107855319976807
A0_R0_CURRENT,base_model.model.model.layers.21.mlp.up_proj.lora_B.weight,0.0016051752027124166
A0_R0_CURRENT,base_model.model.model.layers.21.self_attn.k_proj.lora_A.weight,2.3114211559295654
A0_R0_CURRENT,base_model.model.model.layers.21.self_attn.k_proj.lora_B.weight,0.0005238106823526323
A0_R0_CURRENT,base_model.model.model.layers.21.self_attn.o_proj.lora_A.weight,2.320850133895874
A0_R0_CURRENT,base_model.model.model.layers.21.self_attn.o_proj.lora_B.weight,0.000849538017064333
A0_R0_CURRENT,base_model.model.model.layers.21.self_attn.q_proj.lora_A.weight,2.307445764541626
A0_R0_CURRENT,base_model.model.model.layers.21.self_attn.q_proj.lora_B.weight,0.0010490239365026355
A0_R0_CURRENT,base_model.model.model.layers.21.self_attn.v_proj.lora_A.weight,2.309511423110962
A0_R0_CURRENT,base_model.model.model.layers.21.self_attn.v_proj.lora_B.weight,0.0005854465416632593
A0_R0_CURRENT,base_model.model.model.layers.22.mlp.down_proj.lora_A.weight,2.3071861267089844
A0_R0_CURRENT,base_model.model.model.layers.22.mlp.down_proj.lora_B.weight,0.0008352235308848321
A0_R0_CURRENT,base_model.model.model.layers.22.mlp.gate_proj.lora_A.weight,2.306886672973633
A0_R0_CURRENT,base_model.model.model.layers.22.mlp.gate_proj.lora_B.weight,0.0012785873841494322
A0_R0_CURRENT,base_model.model.model.layers.22.mlp.up_proj.lora_A.weight,2.3123855590820312
A0_R0_CURRENT,base_model.model.model.layers.22.mlp.up_proj.lora_B.weight,0.0014614500105381012
A0_R0_CURRENT,base_model.model.model.layers.22.self_attn.k_proj.lora_A.weight,2.3013622760772705
A0_R0_CURRENT,base_model.model.model.layers.22.self_attn.k_proj.lora_B.weight,0.0005048888851888478
A0_R0_CURRENT,base_model.model.model.layers.22.self_attn.o_proj.lora_A.weight,2.304713249206543
A0_R0_CURRENT,base_model.model.model.layers.22.self_attn.o_proj.lora_B.weight,0.0007995369378477335
A0_R0_CURRENT,base_model.model.model.layers.22.self_attn.q_proj.lora_A.weight,2.308565378189087
A0_R0_CURRENT,base_model.model.model.layers.22.self_attn.q_proj.lora_B.weight,0.0009063276229426265
A0_R0_CURRENT,base_model.model.model.layers.22.self_attn.v_proj.lora_A.weight,2.3123385906219482
A0_R0_CURRENT,base_model.model.model.layers.22.self_attn.v_proj.lora_B.weight,0.000570528965909034
A0_R0_CURRENT,base_model.model.model.layers.23.mlp.down_proj.lora_A.weight,2.308772325515747
A0_R0_CURRENT,base_model.model.model.layers.23.mlp.down_proj.lora_B.weight,0.0007466692477464676
A0_R0_CURRENT,base_model.model.model.layers.23.mlp.gate_proj.lora_A.weight,2.304781913757324
A0_R0_CURRENT,base_model.model.model.layers.23.mlp.gate_proj.lora_B.weight,0.0013055048184469342
A0_R0_CURRENT,base_model.model.model.layers.23.mlp.up_proj.lora_A.weight,2.307157516479492
A0_R0_CURRENT,base_model.model.model.layers.23.mlp.up_proj.lora_B.weight,0.0014559808187186718
A0_R0_CURRENT,base_model.model.model.layers.23.self_attn.k_proj.lora_A.weight,2.314060688018799
A0_R0_CURRENT,base_model.model.model.layers.23.self_attn.k_proj.lora_B.weight,0.00048645923379808664
A0_R0_CURRENT,base_model.model.model.layers.23.self_attn.o_proj.lora_A.weight,2.3062212467193604
A0_R0_CURRENT,base_model.model.model.layers.23.self_attn.o_proj.lora_B.weight,0.0007940027280710638
A0_R0_CURRENT,base_model.model.model.layers.23.self_attn.q_proj.lora_A.weight,2.303210973739624
A0_R0_CURRENT,base_model.model.model.layers.23.self_attn.q_proj.lora_B.weight,0.00081212492659688
A0_R0_CURRENT,base_model.model.model.layers.23.self_attn.v_proj.lora_A.weight,2.3059496879577637
A0_R0_CURRENT,base_model.model.model.layers.23.self_attn.v_proj.lora_B.weight,0.0005793801974505186
A0_R0_CURRENT,base_model.model.model.layers.24.mlp.down_proj.lora_A.weight,2.3050036430358887
A0_R0_CURRENT,base_model.model.model.layers.24.mlp.down_proj.lora_B.weight,0.000801323913037777
A0_R0_CURRENT,base_model.model.model.layers.24.mlp.gate_proj.lora_A.weight,2.306697368621826
A0_R0_CURRENT,base_model.model.model.layers.24.mlp.gate_proj.lora_B.weight,0.0012040029978379607
A0_R0_CURRENT,base_model.model.model.layers.24.mlp.up_proj.lora_A.weight,2.314666509628296
A0_R0_CURRENT,base_model.model.model.layers.24.mlp.up_proj.lora_B.weight,0.0014828125713393092
A0_R0_CURRENT,base_model.model.model.layers.24.self_attn.k_proj.lora_A.weight,2.3123340606689453
A0_R0_CURRENT,base_model.model.model.layers.24.self_attn.k_proj.lora_B.weight,0.0004840288311243057
A0_R0_CURRENT,base_model.model.model.layers.24.self_attn.o_proj.lora_A.weight,2.31109356880188
A0_R0_CURRENT,base_model.model.model.layers.24.self_attn.o_proj.lora_B.weight,0.0008034118800424039
A0_R0_CURRENT,base_model.model.model.layers.24.self_attn.q_proj.lora_A.weight,2.306830883026123
A0_R0_CURRENT,base_model.model.model.layers.24.self_attn.q_proj.lora_B.weight,0.0009597325115464628
A0_R0_CURRENT,base_model.model.model.layers.24.self_attn.v_proj.lora_A.weight,2.3084568977355957
A0_R0_CURRENT,base_model.model.model.layers.24.self_attn.v_proj.lora_B.weight,0.0005237220320850611
A0_R0_CURRENT,base_model.model.model.layers.25.mlp.down_proj.lora_A.weight,2.3099148273468018
A0_R0_CURRENT,base_model.model.model.layers.25.mlp.down_proj.lora_B.weight,0.0008842433453537524
A0_R0_CURRENT,base_model.model.model.layers.25.mlp.gate_proj.lora_A.weight,2.311614513397217
A0_R0_CURRENT,base_model.model.model.layers.25.mlp.gate_proj.lora_B.weight,0.0011826710542663932
A0_R0_CURRENT,base_model.model.model.layers.25.mlp.up_proj.lora_A.weight,2.3151304721832275
A0_R0_CURRENT,base_model.model.model.layers.25.mlp.up_proj.lora_B.weight,0.0013815017882734537
A0_R0_CURRENT,base_model.model.model.layers.25.self_attn.k_proj.lora_A.weight,2.313750982284546
A0_R0_CURRENT,base_model.model.model.layers.25.self_attn.k_proj.lora_B.weight,0.0004497168119996786
A0_R0_CURRENT,base_model.model.model.layers.25.self_attn.o_proj.lora_A.weight,2.316506862640381
A0_R0_CURRENT,base_model.model.model.layers.25.self_attn.o_proj.lora_B.weight,0.0007373768021352589
A0_R0_CURRENT,base_model.model.model.layers.25.self_attn.q_proj.lora_A.weight,2.308664083480835
A0_R0_CURRENT,base_model.model.model.layers.25.self_attn.q_proj.lora_B.weight,0.0008576090331189334
A0_R0_CURRENT,base_model.model.model.layers.25.self_attn.v_proj.lora_A.weight,2.3087172508239746
A0_R0_CURRENT,base_model.model.model.layers.25.self_attn.v_proj.lora_B.weight,0.0004914828459732234
A0_R0_CURRENT,base_model.model.model.layers.26.mlp.down_proj.lora_A.weight,2.3109662532806396
A0_R0_CURRENT,base_model.model.model.layers.26.mlp.down_proj.lora_B.weight,0.000743465090636164
A0_R0_CURRENT,base_model.model.model.layers.26.mlp.gate_proj.lora_A.weight,2.308671474456787
A0_R0_CURRENT,base_model.model.model.layers.26.mlp.gate_proj.lora_B.weight,0.0012298711808398366
A0_R0_CURRENT,base_model.model.model.layers.26.mlp.up_proj.lora_A.weight,2.310760259628296
A0_R0_CURRENT,base_model.model.model.layers.26.mlp.up_proj.lora_B.weight,0.0014341468922793865
A0_R0_CURRENT,base_model.model.model.layers.26.self_attn.k_proj.lora_A.weight,2.317239999771118
A0_R0_CURRENT,base_model.model.model.layers.26.self_attn.k_proj.lora_B.weight,0.00044895545579493046
A0_R0_CURRENT,base_model.model.model.layers.26.self_attn.o_proj.lora_A.weight,2.305325984954834
A0_R0_CURRENT,base_model.model.model.layers.26.self_attn.o_proj.lora_B.weight,0.0007988265133462846
A0_R0_CURRENT,base_model.model.model.layers.26.self_attn.q_proj.lora_A.weight,2.310699462890625
A0_R0_CURRENT,base_model.model.model.layers.26.self_attn.q_proj.lora_B.weight,0.0008359102648682892
A0_R0_CURRENT,base_model.model.model.layers.26.self_attn.v_proj.lora_A.weight,2.3112292289733887
A0_R0_CURRENT,base_model.model.model.layers.26.self_attn.v_proj.lora_B.weight,0.00046790202031843364
A0_R0_CURRENT,base_model.model.model.layers.27.mlp.down_proj.lora_A.weight,2.3085789680480957
A0_R0_CURRENT,base_model.model.model.layers.27.mlp.down_proj.lora_B.weight,0.0007912329747341573
A0_R0_CURRENT,base_model.model.model.layers.27.mlp.gate_proj.lora_A.weight,2.3129236698150635
A0_R0_CURRENT,base_model.model.model.layers.27.mlp.gate_proj.lora_B.weight,0.0013134591281414032
A0_R0_CURRENT,base_model.model.model.layers.27.mlp.up_proj.lora_A.weight,2.302708864212036
A0_R0_CURRENT,base_model.model.model.layers.27.mlp.up_proj.lora_B.weight,0.0012673037126660347
A0_R0_CURRENT,base_model.model.model.layers.27.self_attn.k_proj.lora_A.weight,2.3090195655822754
A0_R0_CURRENT,base_model.model.model.layers.27.self_attn.k_proj.lora_B.weight,0.0004322589957155287
A0_R0_CURRENT,base_model.model.model.layers.27.self_attn.o_proj.lora_A.weight,2.2998905181884766
A0_R0_CURRENT,base_model.model.model.layers.27.self_attn.o_proj.lora_B.weight,0.0007520631770603359
A0_R0_CURRENT,base_model.model.model.layers.27.self_attn.q_proj.lora_A.weight,2.3130130767822266
A0_R0_CURRENT,base_model.model.model.layers.27.self_attn.q_proj.lora_B.weight,0.0007969050784595311
A0_R0_CURRENT,base_model.model.model.layers.27.self_attn.v_proj.lora_A.weight,2.303677558898926
A0_R0_CURRENT,base_model.model.model.layers.27.self_attn.v_proj.lora_B.weight,0.0004718485870398581
A0_R0_CURRENT,base_model.model.model.layers.28.mlp.down_proj.lora_A.weight,2.3072876930236816
A0_R0_CURRENT,base_model.model.model.layers.28.mlp.down_proj.lora_B.weight,0.0007053307490423322
A0_R0_CURRENT,base_model.model.model.layers.28.mlp.gate_proj.lora_A.weight,2.3030807971954346
A0_R0_CURRENT,base_model.model.model.layers.28.mlp.gate_proj.lora_B.weight,0.0013099352363497019
A0_R0_CURRENT,base_model.model.model.layers.28.mlp.up_proj.lora_A.weight,2.3140761852264404
A0_R0_CURRENT,base_model.model.model.layers.28.mlp.up_proj.lora_B.weight,0.001335831475444138
A0_R0_CURRENT,base_model.model.model.layers.28.self_attn.k_proj.lora_A.weight,2.3059849739074707
A0_R0_CURRENT,base_model.model.model.layers.28.self_attn.k_proj.lora_B.weight,0.00048812947352416813
A0_R0_CURRENT,base_model.model.model.layers.28.self_attn.o_proj.lora_A.weight,2.3094773292541504
A0_R0_CURRENT,base_model.model.model.layers.28.self_attn.o_proj.lora_B.weight,0.0007567856810055673
A0_R0_CURRENT,base_model.model.model.layers.28.self_attn.q_proj.lora_A.weight,2.3127331733703613
A0_R0_CURRENT,base_model.model.model.layers.28.self_attn.q_proj.lora_B.weight,0.0008721572812646627
A0_R0_CURRENT,base_model.model.model.layers.28.self_attn.v_proj.lora_A.weight,2.3041858673095703
A0_R0_CURRENT,base_model.model.model.layers.28.self_attn.v_proj.lora_B.weight,0.00046132091665640473
A0_R0_CURRENT,base_model.model.model.layers.29.mlp.down_proj.lora_A.weight,2.312920093536377
A0_R0_CURRENT,base_model.model.model.layers.29.mlp.down_proj.lora_B.weight,0.0006447433843277395
A0_R0_CURRENT,base_model.model.model.layers.29.mlp.gate_proj.lora_A.weight,2.306218147277832
A0_R0_CURRENT,base_model.model.model.layers.29.mlp.gate_proj.lora_B.weight,0.001201212638989091
A0_R0_CURRENT,base_model.model.model.layers.29.mlp.up_proj.lora_A.weight,2.3110342025756836
A0_R0_CURRENT,base_model.model.model.layers.29.mlp.up_proj.lora_B.weight,0.0013033113209530711
A0_R0_CURRENT,base_model.model.model.layers.29.self_attn.k_proj.lora_A.weight,2.300163984298706
A0_R0_CURRENT,base_model.model.model.layers.29.self_attn.k_proj.lora_B.weight,0.00042228345409967005
A0_R0_CURRENT,base_model.model.model.layers.29.self_attn.o_proj.lora_A.weight,2.313206195831299
A0_R0_CURRENT,base_model.model.model.layers.29.self_attn.o_proj.lora_B.weight,0.0007328848005272448
A0_R0_CURRENT,base_model.model.model.layers.29.self_attn.q_proj.lora_A.weight,2.3085744380950928
A0_R0_CURRENT,base_model.model.model.layers.29.self_attn.q_proj.lora_B.weight,0.0007841464248485863
A0_R0_CURRENT,base_model.model.model.layers.29.self_attn.v_proj.lora_A.weight,2.306519031524658
A0_R0_CURRENT,base_model.model.model.layers.29.self_attn.v_proj.lora_B.weight,0.0004247718316037208
A0_R0_CURRENT,base_model.model.model.layers.3.mlp.down_proj.lora_A.weight,2.3041939735412598
A0_R0_CURRENT,base_model.model.model.layers.3.mlp.down_proj.lora_B.weight,0.000623287633061409
A0_R0_CURRENT,base_model.model.model.layers.3.mlp.gate_proj.lora_A.weight,2.3172268867492676
A0_R0_CURRENT,base_model.model.model.layers.3.mlp.gate_proj.lora_B.weight,0.0012414566008374095
A0_R0_CURRENT,base_model.model.model.layers.3.mlp.up_proj.lora_A.weight,2.312342643737793
A0_R0_CURRENT,base_model.model.model.layers.3.mlp.up_proj.lora_B.weight,0.001287161256186664
A0_R0_CURRENT,base_model.model.model.layers.3.self_attn.k_proj.lora_A.weight,2.3034861087799072
A0_R0_CURRENT,base_model.model.model.layers.3.self_attn.k_proj.lora_B.weight,0.000349112757248804
A0_R0_CURRENT,base_model.model.model.layers.3.self_attn.o_proj.lora_A.weight,2.305039882659912
A0_R0_CURRENT,base_model.model.model.layers.3.self_attn.o_proj.lora_B.weight,0.0005731211858801544
A0_R0_CURRENT,base_model.model.model.layers.3.self_attn.q_proj.lora_A.weight,2.307112455368042
A0_R0_CURRENT,base_model.model.model.layers.3.self_attn.q_proj.lora_B.weight,0.0006862235022708774
A0_R0_CURRENT,base_model.model.model.layers.3.self_attn.v_proj.lora_A.weight,2.3059678077697754
A0_R0_CURRENT,base_model.model.model.layers.3.self_attn.v_proj.lora_B.weight,0.0003781381528824568
A0_R0_CURRENT,base_model.model.model.layers.30.mlp.down_proj.lora_A.weight,2.3100733757019043
A0_R0_CURRENT,base_model.model.model.layers.30.mlp.down_proj.lora_B.weight,0.0006933886324986815
A0_R0_CURRENT,base_model.model.model.layers.30.mlp.gate_proj.lora_A.weight,2.3121814727783203
A0_R0_CURRENT,base_model.model.model.layers.30.mlp.gate_proj.lora_B.weight,0.0011536990059539676
A0_R0_CURRENT,base_model.model.model.layers.30.mlp.up_proj.lora_A.weight,2.303131341934204
A0_R0_CURRENT,base_model.model.model.layers.30.mlp.up_proj.lora_B.weight,0.001383257913403213
A0_R0_CURRENT,base_model.model.model.layers.30.self_attn.k_proj.lora_A.weight,2.310375690460205
A0_R0_CURRENT,base_model.model.model.layers.30.self_attn.k_proj.lora_B.weight,0.0003512321854941547
A0_R0_CURRENT,base_model.model.model.layers.30.self_attn.o_proj.lora_A.weight,2.316767930984497
A0_R0_CURRENT,base_model.model.model.layers.30.self_attn.o_proj.lora_B.weight,0.0006166902603581548
A0_R0_CURRENT,base_model.model.model.layers.30.self_attn.q_proj.lora_A.weight,2.3130125999450684
A0_R0_CURRENT,base_model.model.model.layers.30.self_attn.q_proj.lora_B.weight,0.0006578309694305062
A0_R0_CURRENT,base_model.model.model.layers.30.self_attn.v_proj.lora_A.weight,2.3040735721588135
A0_R0_CURRENT,base_model.model.model.layers.30.self_attn.v_proj.lora_B.weight,0.00042816379573196173
A0_R0_CURRENT,base_model.model.model.layers.31.mlp.down_proj.lora_A.weight,2.307572841644287
A0_R0_CURRENT,base_model.model.model.layers.31.mlp.down_proj.lora_B.weight,0.0007100100629031658
A0_R0_CURRENT,base_model.model.model.layers.31.mlp.gate_proj.lora_A.weight,2.307699680328369
A0_R0_CURRENT,base_model.model.model.layers.31.mlp.gate_proj.lora_B.weight,0.0011561699211597443
A0_R0_CURRENT,base_model.model.model.layers.31.mlp.up_proj.lora_A.weight,2.3140242099761963
A0_R0_CURRENT,base_model.model.model.layers.31.mlp.up_proj.lora_B.weight,0.0012504314072430134
A0_R0_CURRENT,base_model.model.model.layers.31.self_attn.k_proj.lora_A.weight,2.299733877182007
A0_R0_CURRENT,base_model.model.model.layers.31.self_attn.k_proj.lora_B.weight,0.00041628413600847125
A0_R0_CURRENT,base_model.model.model.layers.31.self_attn.o_proj.lora_A.weight,2.3177716732025146
A0_R0_CURRENT,base_model.model.model.layers.31.self_attn.o_proj.lora_B.weight,0.0006447387277148664
A0_R0_CURRENT,base_model.model.model.layers.31.self_attn.q_proj.lora_A.weight,2.304675579071045
A0_R0_CURRENT,base_model.model.model.layers.31.self_attn.q_proj.lora_B.weight,0.0007408092496916652
A0_R0_CURRENT,base_model.model.model.layers.31.self_attn.v_proj.lora_A.weight,2.299790382385254
A0_R0_CURRENT,base_model.model.model.layers.31.self_attn.v_proj.lora_B.weight,0.0004315309051889926
A0_R0_CURRENT,base_model.model.model.layers.32.mlp.down_proj.lora_A.weight,2.3086318969726562
A0_R0_CURRENT,base_model.model.model.layers.32.mlp.down_proj.lora_B.weight,0.0006257109926082194
A0_R0_CURRENT,base_model.model.model.layers.32.mlp.gate_proj.lora_A.weight,2.3213703632354736
A0_R0_CURRENT,base_model.model.model.layers.32.mlp.gate_proj.lora_B.weight,0.0011700793402269483
A0_R0_CURRENT,base_model.model.model.layers.32.mlp.up_proj.lora_A.weight,2.3146719932556152
A0_R0_CURRENT,base_model.model.model.layers.32.mlp.up_proj.lora_B.weight,0.0012531576212495565
A0_R0_CURRENT,base_model.model.model.layers.32.self_attn.k_proj.lora_A.weight,2.3128530979156494
A0_R0_CURRENT,base_model.model.model.layers.32.self_attn.k_proj.lora_B.weight,0.00046990247210487723
A0_R0_CURRENT,base_model.model.model.layers.32.self_attn.o_proj.lora_A.weight,2.3080854415893555
A0_R0_CURRENT,base_model.model.model.layers.32.self_attn.o_proj.lora_B.weight,0.0007371999672614038
A0_R0_CURRENT,base_model.model.model.layers.32.self_attn.q_proj.lora_A.weight,2.3114843368530273
A0_R0_CURRENT,base_model.model.model.layers.32.self_attn.q_proj.lora_B.weight,0.0007998336805030704
A0_R0_CURRENT,base_model.model.model.layers.32.self_attn.v_proj.lora_A.weight,2.3174450397491455
A0_R0_CURRENT,base_model.model.model.layers.32.self_attn.v_proj.lora_B.weight,0.00045120526920072734
A0_R0_CURRENT,base_model.model.model.layers.33.mlp.down_proj.lora_A.weight,2.3080384731292725
A0_R0_CURRENT,base_model.model.model.layers.33.mlp.down_proj.lora_B.weight,0.0006767424056306481
A0_R0_CURRENT,base_model.model.model.layers.33.mlp.gate_proj.lora_A.weight,2.310206890106201
A0_R0_CURRENT,base_model.model.model.layers.33.mlp.gate_proj.lora_B.weight,0.0009948216611519456
A0_R0_CURRENT,base_model.model.model.layers.33.mlp.up_proj.lora_A.weight,2.307089328765869
A0_R0_CURRENT,base_model.model.model.layers.33.mlp.up_proj.lora_B.weight,0.0012733188923448324
A0_R0_CURRENT,base_model.model.model.layers.33.self_attn.k_proj.lora_A.weight,2.298011064529419
A0_R0_CURRENT,base_model.model.model.layers.33.self_attn.k_proj.lora_B.weight,0.0003828525950666517
A0_R0_CURRENT,base_model.model.model.layers.33.self_attn.o_proj.lora_A.weight,2.312795639038086
A0_R0_CURRENT,base_model.model.model.layers.33.self_attn.o_proj.lora_B.weight,0.0006591870333068073
A0_R0_CURRENT,base_model.model.model.layers.33.self_attn.q_proj.lora_A.weight,2.303640842437744
A0_R0_CURRENT,base_model.model.model.layers.33.self_attn.q_proj.lora_B.weight,0.0007195486105047166
A0_R0_CURRENT,base_model.model.model.layers.33.self_attn.v_proj.lora_A.weight,2.312511920928955
A0_R0_CURRENT,base_model.model.model.layers.33.self_attn.v_proj.lora_B.weight,0.0004622548876795918
A0_R0_CURRENT,base_model.model.model.layers.34.mlp.down_proj.lora_A.weight,2.3088717460632324
A0_R0_CURRENT,base_model.model.model.layers.34.mlp.down_proj.lora_B.weight,0.0006935072597116232
A0_R0_CURRENT,base_model.model.model.layers.34.mlp.gate_proj.lora_A.weight,2.313815116882324
A0_R0_CURRENT,base_model.model.model.layers.34.mlp.gate_proj.lora_B.weight,0.0011993441730737686
A0_R0_CURRENT,base_model.model.model.layers.34.mlp.up_proj.lora_A.weight,2.314462423324585
A0_R0_CURRENT,base_model.model.model.layers.34.mlp.up_proj.lora_B.weight,0.0012285606935620308
A0_R0_CURRENT,base_model.model.model.layers.34.self_attn.k_proj.lora_A.weight,2.3200228214263916
A0_R0_CURRENT,base_model.model.model.layers.34.self_attn.k_proj.lora_B.weight,0.00043298944365233183
A0_R0_CURRENT,base_model.model.model.layers.34.self_attn.o_proj.lora_A.weight,2.3154547214508057
A0_R0_CURRENT,base_model.model.model.layers.34.self_attn.o_proj.lora_B.weight,0.0006591159617528319
A0_R0_CURRENT,base_model.model.model.layers.34.self_attn.q_proj.lora_A.weight,2.309943675994873
A0_R0_CURRENT,base_model.model.model.layers.34.self_attn.q_proj.lora_B.weight,0.0007333471439778805
A0_R0_CURRENT,base_model.model.model.layers.34.self_attn.v_proj.lora_A.weight,2.3032045364379883
A0_R0_CURRENT,base_model.model.model.layers.34.self_attn.v_proj.lora_B.weight,0.0004675630189012736
A0_R0_CURRENT,base_model.model.model.layers.35.mlp.down_proj.lora_A.weight,2.309352159500122
A0_R0_CURRENT,base_model.model.model.layers.35.mlp.down_proj.lora_B.weight,0.0007911918801255524
A0_R0_CURRENT,base_model.model.model.layers.35.mlp.gate_proj.lora_A.weight,2.3033945560455322
A0_R0_CURRENT,base_model.model.model.layers.35.mlp.gate_proj.lora_B.weight,0.0011450020829215646
A0_R0_CURRENT,base_model.model.model.layers.35.mlp.up_proj.lora_A.weight,2.30594539642334
A0_R0_CURRENT,base_model.model.model.layers.35.mlp.up_proj.lora_B.weight,0.0011754659935832024
A0_R0_CURRENT,base_model.model.model.layers.35.self_attn.k_proj.lora_A.weight,2.310377836227417
A0_R0_CURRENT,base_model.model.model.layers.35.self_attn.k_proj.lora_B.weight,0.0004442172939889133
A0_R0_CURRENT,base_model.model.model.layers.35.self_attn.o_proj.lora_A.weight,2.308769464492798
A0_R0_CURRENT,base_model.model.model.layers.35.self_attn.o_proj.lora_B.weight,0.0007161280373111367
A0_R0_CURRENT,base_model.model.model.layers.35.self_attn.q_proj.lora_A.weight,2.3043200969696045
A0_R0_CURRENT,base_model.model.model.layers.35.self_attn.q_proj.lora_B.weight,0.0008496632217429578
A0_R0_CURRENT,base_model.model.model.layers.35.self_attn.v_proj.lora_A.weight,2.3131988048553467
A0_R0_CURRENT,base_model.model.model.layers.35.self_attn.v_proj.lora_B.weight,0.00046632185694761574
A0_R0_CURRENT,base_model.model.model.layers.4.mlp.down_proj.lora_A.weight,2.3063039779663086
A0_R0_CURRENT,base_model.model.model.layers.4.mlp.down_proj.lora_B.weight,0.0006487666396424174
A0_R0_CURRENT,base_model.model.model.layers.4.mlp.gate_proj.lora_A.weight,2.30029296875
A0_R0_CURRENT,base_model.model.model.layers.4.mlp.gate_proj.lora_B.weight,0.0012358165113255382
A0_R0_CURRENT,base_model.model.model.layers.4.mlp.up_proj.lora_A.weight,2.2990646362304688
A0_R0_CURRENT,base_model.model.model.layers.4.mlp.up_proj.lora_B.weight,0.0012101851170882583
A0_R0_CURRENT,base_model.model.model.layers.4.self_attn.k_proj.lora_A.weight,2.307112693786621
A0_R0_CURRENT,base_model.model.model.layers.4.self_attn.k_proj.lora_B.weight,0.0003787816094700247
A0_R0_CURRENT,base_model.model.model.layers.4.self_attn.o_proj.lora_A.weight,2.3111460208892822
A0_R0_CURRENT,base_model.model.model.layers.4.self_attn.o_proj.lora_B.weight,0.0005911655607633293
A0_R0_CURRENT,base_model.model.model.layers.4.self_attn.q_proj.lora_A.weight,2.306705951690674
A0_R0_CURRENT,base_model.model.model.layers.4.self_attn.q_proj.lora_B.weight,0.000748097081668675
A0_R0_CURRENT,base_model.model.model.layers.4.self_attn.v_proj.lora_A.weight,2.3006489276885986
A0_R0_CURRENT,base_model.model.model.layers.4.self_attn.v_proj.lora_B.weight,0.00037218554643914104
A0_R0_CURRENT,base_model.model.model.layers.5.mlp.down_proj.lora_A.weight,2.311079978942871
A0_R0_CURRENT,base_model.model.model.layers.5.mlp.down_proj.lora_B.weight,0.0006716542411595583
A0_R0_CURRENT,base_model.model.model.layers.5.mlp.gate_proj.lora_A.weight,2.3137388229370117
A0_R0_CURRENT,base_model.model.model.layers.5.mlp.gate_proj.lora_B.weight,0.0012730128364637494
A0_R0_CURRENT,base_model.model.model.layers.5.mlp.up_proj.lora_A.weight,2.31462025642395
A0_R0_CURRENT,base_model.model.model.layers.5.mlp.up_proj.lora_B.weight,0.0012368608731776476
A0_R0_CURRENT,base_model.model.model.layers.5.self_attn.k_proj.lora_A.weight,2.31400990486145
A0_R0_CURRENT,base_model.model.model.layers.5.self_attn.k_proj.lora_B.weight,0.0003880825825035572
A0_R0_CURRENT,base_model.model.model.layers.5.self_attn.o_proj.lora_A.weight,2.306342601776123
A0_R0_CURRENT,base_model.model.model.layers.5.self_attn.o_proj.lora_B.weight,0.000600508414208889
A0_R0_CURRENT,base_model.model.model.layers.5.self_attn.q_proj.lora_A.weight,2.3109004497528076
A0_R0_CURRENT,base_model.model.model.layers.5.self_attn.q_proj.lora_B.weight,0.0007737174164503813
A0_R0_CURRENT,base_model.model.model.layers.5.self_attn.v_proj.lora_A.weight,2.3059446811676025
A0_R0_CURRENT,base_model.model.model.layers.5.self_attn.v_proj.lora_B.weight,0.0003543749626260251
A0_R0_CURRENT,base_model.model.model.layers.6.mlp.down_proj.lora_A.weight,2.3086180686950684
A0_R0_CURRENT,base_model.model.model.layers.6.mlp.down_proj.lora_B.weight,0.0007862115162424743
A0_R0_CURRENT,base_model.model.model.layers.6.mlp.gate_proj.lora_A.weight,2.319540023803711
A0_R0_CURRENT,base_model.model.model.layers.6.mlp.gate_proj.lora_B.weight,0.0012841152492910624
A0_R0_CURRENT,base_model.model.model.layers.6.mlp.up_proj.lora_A.weight,2.305619716644287
A0_R0_CURRENT,base_model.model.model.layers.6.mlp.up_proj.lora_B.weight,0.0012900952715426683
A0_R0_CURRENT,base_model.model.model.layers.6.self_attn.k_proj.lora_A.weight,2.3099164962768555
A0_R0_CURRENT,base_model.model.model.layers.6.self_attn.k_proj.lora_B.weight,0.0003678649081848562
A0_R0_CURRENT,base_model.model.model.layers.6.self_attn.o_proj.lora_A.weight,2.3143460750579834
A0_R0_CURRENT,base_model.model.model.layers.6.self_attn.o_proj.lora_B.weight,0.0006427146145142615
A0_R0_CURRENT,base_model.model.model.layers.6.self_attn.q_proj.lora_A.weight,2.3083648681640625
A0_R0_CURRENT,base_model.model.model.layers.6.self_attn.q_proj.lora_B.weight,0.0007175297359935939
A0_R0_CURRENT,base_model.model.model.layers.6.self_attn.v_proj.lora_A.weight,2.3097715377807617
A0_R0_CURRENT,base_model.model.model.layers.6.self_attn.v_proj.lora_B.weight,0.00037228388828225434
A0_R0_CURRENT,base_model.model.model.layers.7.mlp.down_proj.lora_A.weight,2.304595470428467
A0_R0_CURRENT,base_model.model.model.layers.7.mlp.down_proj.lora_B.weight,0.0007233546930365264
A0_R0_CURRENT,base_model.model.model.layers.7.mlp.gate_proj.lora_A.weight,2.300447702407837
A0_R0_CURRENT,base_model.model.model.layers.7.mlp.gate_proj.lora_B.weight,0.0013513400917872787
A0_R0_CURRENT,base_model.model.model.layers.7.mlp.up_proj.lora_A.weight,2.311243772506714
A0_R0_CURRENT,base_model.model.model.layers.7.mlp.up_proj.lora_B.weight,0.001348205842077732
A0_R0_CURRENT,base_model.model.model.layers.7.self_attn.k_proj.lora_A.weight,2.3102169036865234
A0_R0_CURRENT,base_model.model.model.layers.7.self_attn.k_proj.lora_B.weight,0.00037257111398503184
A0_R0_CURRENT,base_model.model.model.layers.7.self_attn.o_proj.lora_A.weight,2.3141915798187256
A0_R0_CURRENT,base_model.model.model.layers.7.self_attn.o_proj.lora_B.weight,0.0006659862701781094
A0_R0_CURRENT,base_model.model.model.layers.7.self_attn.q_proj.lora_A.weight,2.301825761795044
A0_R0_CURRENT,base_model.model.model.layers.7.self_attn.q_proj.lora_B.weight,0.0007554651238024235
A0_R0_CURRENT,base_model.model.model.layers.7.self_attn.v_proj.lora_A.weight,2.314810037612915
A0_R0_CURRENT,base_model.model.model.layers.7.self_attn.v_proj.lora_B.weight,0.0004075007454957813
A0_R0_CURRENT,base_model.model.model.layers.8.mlp.down_proj.lora_A.weight,2.305685520172119
A0_R0_CURRENT,base_model.model.model.layers.8.mlp.down_proj.lora_B.weight,0.0007473781588487327
A0_R0_CURRENT,base_model.model.model.layers.8.mlp.gate_proj.lora_A.weight,2.315636396408081
A0_R0_CURRENT,base_model.model.model.layers.8.mlp.gate_proj.lora_B.weight,0.0013782242313027382
A0_R0_CURRENT,base_model.model.model.layers.8.mlp.up_proj.lora_A.weight,2.3243207931518555
A0_R0_CURRENT,base_model.model.model.layers.8.mlp.up_proj.lora_B.weight,0.001399208907969296
A0_R0_CURRENT,base_model.model.model.layers.8.self_attn.k_proj.lora_A.weight,2.308655023574829
A0_R0_CURRENT,base_model.model.model.layers.8.self_attn.k_proj.lora_B.weight,0.00039755942998453975
A0_R0_CURRENT,base_model.model.model.layers.8.self_attn.o_proj.lora_A.weight,2.309487819671631
A0_R0_CURRENT,base_model.model.model.layers.8.self_attn.o_proj.lora_B.weight,0.0007312068482860923
A0_R0_CURRENT,base_model.model.model.layers.8.self_attn.q_proj.lora_A.weight,2.318681478500366
A0_R0_CURRENT,base_model.model.model.layers.8.self_attn.q_proj.lora_B.weight,0.0008225526544265449
A0_R0_CURRENT,base_model.model.model.layers.8.self_attn.v_proj.lora_A.weight,2.3165035247802734
A0_R0_CURRENT,base_model.model.model.layers.8.self_attn.v_proj.lora_B.weight,0.00044840978807769716
A0_R0_CURRENT,base_model.model.model.layers.9.mlp.down_proj.lora_A.weight,2.3076071739196777
A0_R0_CURRENT,base_model.model.model.layers.9.mlp.down_proj.lora_B.weight,0.0007624247227795422
A0_R0_CURRENT,base_model.model.model.layers.9.mlp.gate_proj.lora_A.weight,2.3143584728240967
A0_R0_CURRENT,base_model.model.model.layers.9.mlp.gate_proj.lora_B.weight,0.00142101536039263
A0_R0_CURRENT,base_model.model.model.layers.9.mlp.up_proj.lora_A.weight,2.2966701984405518
A0_R0_CURRENT,base_model.model.model.layers.9.mlp.up_proj.lora_B.weight,0.0014554605586454272
A0_R0_CURRENT,base_model.model.model.layers.9.self_attn.k_proj.lora_A.weight,2.3063693046569824
A0_R0_CURRENT,base_model.model.model.layers.9.self_attn.k_proj.lora_B.weight,0.0004459769988898188
A0_R0_CURRENT,base_model.model.model.layers.9.self_attn.o_proj.lora_A.weight,2.3110291957855225
A0_R0_CURRENT,base_model.model.model.layers.9.self_attn.o_proj.lora_B.weight,0.0007431642152369022
A0_R0_CURRENT,base_model.model.model.layers.9.self_attn.q_proj.lora_A.weight,2.3091416358947754
A0_R0_CURRENT,base_model.model.model.layers.9.self_attn.q_proj.lora_B.weight,0.0008519644034095109
A0_R0_CURRENT,base_model.model.model.layers.9.self_attn.v_proj.lora_A.weight,2.31133770942688
A0_R0_CURRENT,base_model.model.model.layers.9.self_attn.v_proj.lora_B.weight,0.00046631801524199545
A1_OUTCOME_ONLY,base_model.model.model.layers.0.mlp.down_proj.lora_A.weight,2.3085381984710693
A1_OUTCOME_ONLY,base_model.model.model.layers.0.mlp.down_proj.lora_B.weight,0.0007634665234945714
A1_OUTCOME_ONLY,base_model.model.model.layers.0.mlp.gate_proj.lora_A.weight,2.305206537246704
A1_OUTCOME_ONLY,base_model.model.model.layers.0.mlp.gate_proj.lora_B.weight,0.001473644282668829
A1_OUTCOME_ONLY,base_model.model.model.layers.0.mlp.up_proj.lora_A.weight,2.3121519088745117
A1_OUTCOME_ONLY,base_model.model.model.layers.0.mlp.up_proj.lora_B.weight,0.0014801276847720146
A1_OUTCOME_ONLY,base_model.model.model.layers.0.self_attn.k_proj.lora_A.weight,2.3163859844207764
A1_OUTCOME_ONLY,base_model.model.model.layers.0.self_attn.k_proj.lora_B.weight,0.0005012182518839836
A1_OUTCOME_ONLY,base_model.model.model.layers.0.self_attn.o_proj.lora_A.weight,2.3142387866973877
A1_OUTCOME_ONLY,base_model.model.model.layers.0.self_attn.o_proj.lora_B.weight,0.0007414223509840667
A1_OUTCOME_ONLY,base_model.model.model.layers.0.self_attn.q_proj.lora_A.weight,2.309274196624756
A1_OUTCOME_ONLY,base_model.model.model.layers.0.self_attn.q_proj.lora_B.weight,0.0010053340811282396
A1_OUTCOME_ONLY,base_model.model.model.layers.0.self_attn.v_proj.lora_A.weight,2.311885118484497
A1_OUTCOME_ONLY,base_model.model.model.layers.0.self_attn.v_proj.lora_B.weight,0.0005018293159082532
A1_OUTCOME_ONLY,base_model.model.model.layers.1.mlp.down_proj.lora_A.weight,2.3052866458892822
A1_OUTCOME_ONLY,base_model.model.model.layers.1.mlp.down_proj.lora_B.weight,0.0008298910688608885
A1_OUTCOME_ONLY,base_model.model.model.layers.1.mlp.gate_proj.lora_A.weight,2.3114609718322754
A1_OUTCOME_ONLY,base_model.model.model.layers.1.mlp.gate_proj.lora_B.weight,0.0018192860297858715
A1_OUTCOME_ONLY,base_model.model.model.layers.1.mlp.up_proj.lora_A.weight,2.31109619140625
A1_OUTCOME_ONLY,base_model.model.model.layers.1.mlp.up_proj.lora_B.weight,0.0015315653290599585
A1_OUTCOME_ONLY,base_model.model.model.layers.1.self_attn.k_proj.lora_A.weight,2.3067331314086914
A1_OUTCOME_ONLY,base_model.model.model.layers.1.self_attn.k_proj.lora_B.weight,0.0004396660369820893
A1_OUTCOME_ONLY,base_model.model.model.layers.1.self_attn.o_proj.lora_A.weight,2.3111066818237305
A1_OUTCOME_ONLY,base_model.model.model.layers.1.self_attn.o_proj.lora_B.weight,0.0007396916626021266
A1_OUTCOME_ONLY,base_model.model.model.layers.1.self_attn.q_proj.lora_A.weight,2.3090732097625732
A1_OUTCOME_ONLY,base_model.model.model.layers.1.self_attn.q_proj.lora_B.weight,0.0009167958633042872
A1_OUTCOME_ONLY,base_model.model.model.layers.1.self_attn.v_proj.lora_A.weight,2.305812358856201
A1_OUTCOME_ONLY,base_model.model.model.layers.1.self_attn.v_proj.lora_B.weight,0.0004650910559576005
A1_OUTCOME_ONLY,base_model.model.model.layers.10.mlp.down_proj.lora_A.weight,2.306256055831909
A1_OUTCOME_ONLY,base_model.model.model.layers.10.mlp.down_proj.lora_B.weight,0.0009275895426981151
A1_OUTCOME_ONLY,base_model.model.model.layers.10.mlp.gate_proj.lora_A.weight,2.3040521144866943
A1_OUTCOME_ONLY,base_model.model.model.layers.10.mlp.gate_proj.lora_B.weight,0.001727477298118174
A1_OUTCOME_ONLY,base_model.model.model.layers.10.mlp.up_proj.lora_A.weight,2.3144092559814453
A1_OUTCOME_ONLY,base_model.model.model.layers.10.mlp.up_proj.lora_B.weight,0.001770404982380569
A1_OUTCOME_ONLY,base_model.model.model.layers.10.self_attn.k_proj.lora_A.weight,2.305715560913086
A1_OUTCOME_ONLY,base_model.model.model.layers.10.self_attn.k_proj.lora_B.weight,0.0005450914613902569
A1_OUTCOME_ONLY,base_model.model.model.layers.10.self_attn.o_proj.lora_A.weight,2.3096563816070557
A1_OUTCOME_ONLY,base_model.model.model.layers.10.self_attn.o_proj.lora_B.weight,0.0008918485254980624
A1_OUTCOME_ONLY,base_model.model.model.layers.10.self_attn.q_proj.lora_A.weight,2.3102385997772217
A1_OUTCOME_ONLY,base_model.model.model.layers.10.self_attn.q_proj.lora_B.weight,0.0010699338745325804
A1_OUTCOME_ONLY,base_model.model.model.layers.10.self_attn.v_proj.lora_A.weight,2.3080525398254395
A1_OUTCOME_ONLY,base_model.model.model.layers.10.self_attn.v_proj.lora_B.weight,0.0005990028730593622
A1_OUTCOME_ONLY,base_model.model.model.layers.11.mlp.down_proj.lora_A.weight,2.307631254196167
A1_OUTCOME_ONLY,base_model.model.model.layers.11.mlp.down_proj.lora_B.weight,0.0009230069117620587
A1_OUTCOME_ONLY,base_model.model.model.layers.11.mlp.gate_proj.lora_A.weight,2.307645559310913
A1_OUTCOME_ONLY,base_model.model.model.layers.11.mlp.gate_proj.lora_B.weight,0.0017295409925282001
A1_OUTCOME_ONLY,base_model.model.model.layers.11.mlp.up_proj.lora_A.weight,2.306328773498535
A1_OUTCOME_ONLY,base_model.model.model.layers.11.mlp.up_proj.lora_B.weight,0.0017363036749884486
A1_OUTCOME_ONLY,base_model.model.model.layers.11.self_attn.k_proj.lora_A.weight,2.3109664916992188
A1_OUTCOME_ONLY,base_model.model.model.layers.11.self_attn.k_proj.lora_B.weight,0.0005314011941663921
A1_OUTCOME_ONLY,base_model.model.model.layers.11.self_attn.o_proj.lora_A.weight,2.3085649013519287
A1_OUTCOME_ONLY,base_model.model.model.layers.11.self_attn.o_proj.lora_B.weight,0.0009320965618826449
A1_OUTCOME_ONLY,base_model.model.model.layers.11.self_attn.q_proj.lora_A.weight,2.3199057579040527
A1_OUTCOME_ONLY,base_model.model.model.layers.11.self_attn.q_proj.lora_B.weight,0.001032215659506619
A1_OUTCOME_ONLY,base_model.model.model.layers.11.self_attn.v_proj.lora_A.weight,2.305219888687134
A1_OUTCOME_ONLY,base_model.model.model.layers.11.self_attn.v_proj.lora_B.weight,0.0005771779688075185
A1_OUTCOME_ONLY,base_model.model.model.layers.12.mlp.down_proj.lora_A.weight,2.307318925857544
A1_OUTCOME_ONLY,base_model.model.model.layers.12.mlp.down_proj.lora_B.weight,0.0009434553794562817
A1_OUTCOME_ONLY,base_model.model.model.layers.12.mlp.gate_proj.lora_A.weight,2.3134942054748535
A1_OUTCOME_ONLY,base_model.model.model.layers.12.mlp.gate_proj.lora_B.weight,0.0017455272609367967
A1_OUTCOME_ONLY,base_model.model.model.layers.12.mlp.up_proj.lora_A.weight,2.3176400661468506
A1_OUTCOME_ONLY,base_model.model.model.layers.12.mlp.up_proj.lora_B.weight,0.0018857211107388139
A1_OUTCOME_ONLY,base_model.model.model.layers.12.self_attn.k_proj.lora_A.weight,2.3026669025421143
A1_OUTCOME_ONLY,base_model.model.model.layers.12.self_attn.k_proj.lora_B.weight,0.0005422105896286666
A1_OUTCOME_ONLY,base_model.model.model.layers.12.self_attn.o_proj.lora_A.weight,2.300011396408081
A1_OUTCOME_ONLY,base_model.model.model.layers.12.self_attn.o_proj.lora_B.weight,0.0009433532832190394
A1_OUTCOME_ONLY,base_model.model.model.layers.12.self_attn.q_proj.lora_A.weight,2.3009731769561768
A1_OUTCOME_ONLY,base_model.model.model.layers.12.self_attn.q_proj.lora_B.weight,0.00106938392855227
A1_OUTCOME_ONLY,base_model.model.model.layers.12.self_attn.v_proj.lora_A.weight,2.3099288940429688
A1_OUTCOME_ONLY,base_model.model.model.layers.12.self_attn.v_proj.lora_B.weight,0.0005932960193604231
A1_OUTCOME_ONLY,base_model.model.model.layers.13.mlp.down_proj.lora_A.weight,2.3122804164886475
A1_OUTCOME_ONLY,base_model.model.model.layers.13.mlp.down_proj.lora_B.weight,0.0009664390236139297
A1_OUTCOME_ONLY,base_model.model.model.layers.13.mlp.gate_proj.lora_A.weight,2.306260824203491
A1_OUTCOME_ONLY,base_model.model.model.layers.13.mlp.gate_proj.lora_B.weight,0.00178807124029845
A1_OUTCOME_ONLY,base_model.model.model.layers.13.mlp.up_proj.lora_A.weight,2.315915584564209
A1_OUTCOME_ONLY,base_model.model.model.layers.13.mlp.up_proj.lora_B.weight,0.0018490264192223549
A1_OUTCOME_ONLY,base_model.model.model.layers.13.self_attn.k_proj.lora_A.weight,2.3099896907806396
A1_OUTCOME_ONLY,base_model.model.model.layers.13.self_attn.k_proj.lora_B.weight,0.00055433448869735
A1_OUTCOME_ONLY,base_model.model.model.layers.13.self_attn.o_proj.lora_A.weight,2.3056442737579346
A1_OUTCOME_ONLY,base_model.model.model.layers.13.self_attn.o_proj.lora_B.weight,0.0009538730955682695
A1_OUTCOME_ONLY,base_model.model.model.layers.13.self_attn.q_proj.lora_A.weight,2.3043127059936523
A1_OUTCOME_ONLY,base_model.model.model.layers.13.self_attn.q_proj.lora_B.weight,0.001147824339568615
A1_OUTCOME_ONLY,base_model.model.model.layers.13.self_attn.v_proj.lora_A.weight,2.308833360671997
A1_OUTCOME_ONLY,base_model.model.model.layers.13.self_attn.v_proj.lora_B.weight,0.0006257725763134658
A1_OUTCOME_ONLY,base_model.model.model.layers.14.mlp.down_proj.lora_A.weight,2.309624195098877
A1_OUTCOME_ONLY,base_model.model.model.layers.14.mlp.down_proj.lora_B.weight,0.0009912392124533653
A1_OUTCOME_ONLY,base_model.model.model.layers.14.mlp.gate_proj.lora_A.weight,2.30582332611084
A1_OUTCOME_ONLY,base_model.model.model.layers.14.mlp.gate_proj.lora_B.weight,0.0018310523591935635
A1_OUTCOME_ONLY,base_model.model.model.layers.14.mlp.up_proj.lora_A.weight,2.3097832202911377
A1_OUTCOME_ONLY,base_model.model.model.layers.14.mlp.up_proj.lora_B.weight,0.0018547680228948593
A1_OUTCOME_ONLY,base_model.model.model.layers.14.self_attn.k_proj.lora_A.weight,2.3020999431610107
A1_OUTCOME_ONLY,base_model.model.model.layers.14.self_attn.k_proj.lora_B.weight,0.0005878457450307906
A1_OUTCOME_ONLY,base_model.model.model.layers.14.self_attn.o_proj.lora_A.weight,2.3188610076904297
A1_OUTCOME_ONLY,base_model.model.model.layers.14.self_attn.o_proj.lora_B.weight,0.0009790811454877257
A1_OUTCOME_ONLY,base_model.model.model.layers.14.self_attn.q_proj.lora_A.weight,2.3113467693328857
A1_OUTCOME_ONLY,base_model.model.model.layers.14.self_attn.q_proj.lora_B.weight,0.0011711758561432362
A1_OUTCOME_ONLY,base_model.model.model.layers.14.self_attn.v_proj.lora_A.weight,2.316587209701538
A1_OUTCOME_ONLY,base_model.model.model.layers.14.self_attn.v_proj.lora_B.weight,0.000624435895588249
A1_OUTCOME_ONLY,base_model.model.model.layers.15.mlp.down_proj.lora_A.weight,2.310593366622925
A1_OUTCOME_ONLY,base_model.model.model.layers.15.mlp.down_proj.lora_B.weight,0.0009828513721004128
A1_OUTCOME_ONLY,base_model.model.model.layers.15.mlp.gate_proj.lora_A.weight,2.3095157146453857
A1_OUTCOME_ONLY,base_model.model.model.layers.15.mlp.gate_proj.lora_B.weight,0.0018353109480813146
A1_OUTCOME_ONLY,base_model.model.model.layers.15.mlp.up_proj.lora_A.weight,2.3078582286834717
A1_OUTCOME_ONLY,base_model.model.model.layers.15.mlp.up_proj.lora_B.weight,0.0018686894327402115
A1_OUTCOME_ONLY,base_model.model.model.layers.15.self_attn.k_proj.lora_A.weight,2.3047070503234863
A1_OUTCOME_ONLY,base_model.model.model.layers.15.self_attn.k_proj.lora_B.weight,0.0005860560340806842
A1_OUTCOME_ONLY,base_model.model.model.layers.15.self_attn.o_proj.lora_A.weight,2.311676263809204
A1_OUTCOME_ONLY,base_model.model.model.layers.15.self_attn.o_proj.lora_B.weight,0.0010112117743119597
A1_OUTCOME_ONLY,base_model.model.model.layers.15.self_attn.q_proj.lora_A.weight,2.311295747756958
A1_OUTCOME_ONLY,base_model.model.model.layers.15.self_attn.q_proj.lora_B.weight,0.0011687242658808827
A1_OUTCOME_ONLY,base_model.model.model.layers.15.self_attn.v_proj.lora_A.weight,2.3038525581359863
A1_OUTCOME_ONLY,base_model.model.model.layers.15.self_attn.v_proj.lora_B.weight,0.000643510720692575
A1_OUTCOME_ONLY,base_model.model.model.layers.16.mlp.down_proj.lora_A.weight,2.307847738265991
A1_OUTCOME_ONLY,base_model.model.model.layers.16.mlp.down_proj.lora_B.weight,0.0009987227385863662
A1_OUTCOME_ONLY,base_model.model.model.layers.16.mlp.gate_proj.lora_A.weight,2.3027167320251465
A1_OUTCOME_ONLY,base_model.model.model.layers.16.mlp.gate_proj.lora_B.weight,0.001839346718043089
A1_OUTCOME_ONLY,base_model.model.model.layers.16.mlp.up_proj.lora_A.weight,2.3067333698272705
A1_OUTCOME_ONLY,base_model.model.model.layers.16.mlp.up_proj.lora_B.weight,0.0019776243716478348
A1_OUTCOME_ONLY,base_model.model.model.layers.16.self_attn.k_proj.lora_A.weight,2.306354284286499
A1_OUTCOME_ONLY,base_model.model.model.layers.16.self_attn.k_proj.lora_B.weight,0.0005901255644857883
A1_OUTCOME_ONLY,base_model.model.model.layers.16.self_attn.o_proj.lora_A.weight,2.3089356422424316
A1_OUTCOME_ONLY,base_model.model.model.layers.16.self_attn.o_proj.lora_B.weight,0.0010172318434342742
A1_OUTCOME_ONLY,base_model.model.model.layers.16.self_attn.q_proj.lora_A.weight,2.308122158050537
A1_OUTCOME_ONLY,base_model.model.model.layers.16.self_attn.q_proj.lora_B.weight,0.0011686907382681966
A1_OUTCOME_ONLY,base_model.model.model.layers.16.self_attn.v_proj.lora_A.weight,2.3049070835113525
A1_OUTCOME_ONLY,base_model.model.model.layers.16.self_attn.v_proj.lora_B.weight,0.0006669196882285178
A1_OUTCOME_ONLY,base_model.model.model.layers.17.mlp.down_proj.lora_A.weight,2.3093984127044678
A1_OUTCOME_ONLY,base_model.model.model.layers.17.mlp.down_proj.lora_B.weight,0.0010093237506225705
A1_OUTCOME_ONLY,base_model.model.model.layers.17.mlp.gate_proj.lora_A.weight,2.316589832305908
A1_OUTCOME_ONLY,base_model.model.model.layers.17.mlp.gate_proj.lora_B.weight,0.0018801480764523149
A1_OUTCOME_ONLY,base_model.model.model.layers.17.mlp.up_proj.lora_A.weight,2.3141212463378906
A1_OUTCOME_ONLY,base_model.model.model.layers.17.mlp.up_proj.lora_B.weight,0.001954901497811079
A1_OUTCOME_ONLY,base_model.model.model.layers.17.self_attn.k_proj.lora_A.weight,2.3067312240600586
A1_OUTCOME_ONLY,base_model.model.model.layers.17.self_attn.k_proj.lora_B.weight,0.000591862655710429
A1_OUTCOME_ONLY,base_model.model.model.layers.17.self_attn.o_proj.lora_A.weight,2.3134233951568604
A1_OUTCOME_ONLY,base_model.model.model.layers.17.self_attn.o_proj.lora_B.weight,0.0010421467013657093
A1_OUTCOME_ONLY,base_model.model.model.layers.17.self_attn.q_proj.lora_A.weight,2.312697172164917
A1_OUTCOME_ONLY,base_model.model.model.layers.17.self_attn.q_proj.lora_B.weight,0.0011579894926398993
A1_OUTCOME_ONLY,base_model.model.model.layers.17.self_attn.v_proj.lora_A.weight,2.305114269256592
A1_OUTCOME_ONLY,base_model.model.model.layers.17.self_attn.v_proj.lora_B.weight,0.000676854862831533
A1_OUTCOME_ONLY,base_model.model.model.layers.18.mlp.down_proj.lora_A.weight,2.3124449253082275
A1_OUTCOME_ONLY,base_model.model.model.layers.18.mlp.down_proj.lora_B.weight,0.0009662409429438412
A1_OUTCOME_ONLY,base_model.model.model.layers.18.mlp.gate_proj.lora_A.weight,2.3043477535247803
A1_OUTCOME_ONLY,base_model.model.model.layers.18.mlp.gate_proj.lora_B.weight,0.0017537577077746391
A1_OUTCOME_ONLY,base_model.model.model.layers.18.mlp.up_proj.lora_A.weight,2.3093152046203613
A1_OUTCOME_ONLY,base_model.model.model.layers.18.mlp.up_proj.lora_B.weight,0.0019406558712944388
A1_OUTCOME_ONLY,base_model.model.model.layers.18.self_attn.k_proj.lora_A.weight,2.3137197494506836
A1_OUTCOME_ONLY,base_model.model.model.layers.18.self_attn.k_proj.lora_B.weight,0.0006025203038007021
A1_OUTCOME_ONLY,base_model.model.model.layers.18.self_attn.o_proj.lora_A.weight,2.305034637451172
A1_OUTCOME_ONLY,base_model.model.model.layers.18.self_attn.o_proj.lora_B.weight,0.0009954237611964345
A1_OUTCOME_ONLY,base_model.model.model.layers.18.self_attn.q_proj.lora_A.weight,2.3197312355041504
A1_OUTCOME_ONLY,base_model.model.model.layers.18.self_attn.q_proj.lora_B.weight,0.0011827658163383603
A1_OUTCOME_ONLY,base_model.model.model.layers.18.self_attn.v_proj.lora_A.weight,2.3086559772491455
A1_OUTCOME_ONLY,base_model.model.model.layers.18.self_attn.v_proj.lora_B.weight,0.0006720151286572218
A1_OUTCOME_ONLY,base_model.model.model.layers.19.mlp.down_proj.lora_A.weight,2.3134210109710693
A1_OUTCOME_ONLY,base_model.model.model.layers.19.mlp.down_proj.lora_B.weight,0.0009492025128565729
A1_OUTCOME_ONLY,base_model.model.model.layers.19.mlp.gate_proj.lora_A.weight,2.3120856285095215
A1_OUTCOME_ONLY,base_model.model.model.layers.19.mlp.gate_proj.lora_B.weight,0.0018027842743322253
A1_OUTCOME_ONLY,base_model.model.model.layers.19.mlp.up_proj.lora_A.weight,2.3123486042022705
A1_OUTCOME_ONLY,base_model.model.model.layers.19.mlp.up_proj.lora_B.weight,0.0018852693028748035
A1_OUTCOME_ONLY,base_model.model.model.layers.19.self_attn.k_proj.lora_A.weight,2.3165786266326904
A1_OUTCOME_ONLY,base_model.model.model.layers.19.self_attn.k_proj.lora_B.weight,0.0005956756649538875
A1_OUTCOME_ONLY,base_model.model.model.layers.19.self_attn.o_proj.lora_A.weight,2.302625894546509
A1_OUTCOME_ONLY,base_model.model.model.layers.19.self_attn.o_proj.lora_B.weight,0.0010161075042560697
A1_OUTCOME_ONLY,base_model.model.model.layers.19.self_attn.q_proj.lora_A.weight,2.309187173843384
A1_OUTCOME_ONLY,base_model.model.model.layers.19.self_attn.q_proj.lora_B.weight,0.0011517624370753765
A1_OUTCOME_ONLY,base_model.model.model.layers.19.self_attn.v_proj.lora_A.weight,2.311626434326172
A1_OUTCOME_ONLY,base_model.model.model.layers.19.self_attn.v_proj.lora_B.weight,0.0006671050796285272
A1_OUTCOME_ONLY,base_model.model.model.layers.2.mlp.down_proj.lora_A.weight,2.3087024688720703
A1_OUTCOME_ONLY,base_model.model.model.layers.2.mlp.down_proj.lora_B.weight,0.0007504014647565782
A1_OUTCOME_ONLY,base_model.model.model.layers.2.mlp.gate_proj.lora_A.weight,2.304464340209961
A1_OUTCOME_ONLY,base_model.model.model.layers.2.mlp.gate_proj.lora_B.weight,0.0016284118173643947
A1_OUTCOME_ONLY,base_model.model.model.layers.2.mlp.up_proj.lora_A.weight,2.3132781982421875
A1_OUTCOME_ONLY,base_model.model.model.layers.2.mlp.up_proj.lora_B.weight,0.0016382302856072783
A1_OUTCOME_ONLY,base_model.model.model.layers.2.self_attn.k_proj.lora_A.weight,2.304255962371826
A1_OUTCOME_ONLY,base_model.model.model.layers.2.self_attn.k_proj.lora_B.weight,0.00044992161565460265
A1_OUTCOME_ONLY,base_model.model.model.layers.2.self_attn.o_proj.lora_A.weight,2.308973789215088
A1_OUTCOME_ONLY,base_model.model.model.layers.2.self_attn.o_proj.lora_B.weight,0.0007425929070450366
A1_OUTCOME_ONLY,base_model.model.model.layers.2.self_attn.q_proj.lora_A.weight,2.3074817657470703
A1_OUTCOME_ONLY,base_model.model.model.layers.2.self_attn.q_proj.lora_B.weight,0.000888751819729805
A1_OUTCOME_ONLY,base_model.model.model.layers.2.self_attn.v_proj.lora_A.weight,2.313779830932617
A1_OUTCOME_ONLY,base_model.model.model.layers.2.self_attn.v_proj.lora_B.weight,0.0004656108794733882
A1_OUTCOME_ONLY,base_model.model.model.layers.20.mlp.down_proj.lora_A.weight,2.301258087158203
A1_OUTCOME_ONLY,base_model.model.model.layers.20.mlp.down_proj.lora_B.weight,0.0010142604587599635
A1_OUTCOME_ONLY,base_model.model.model.layers.20.mlp.gate_proj.lora_A.weight,2.3123462200164795
A1_OUTCOME_ONLY,base_model.model.model.layers.20.mlp.gate_proj.lora_B.weight,0.0017926284344866872
A1_OUTCOME_ONLY,base_model.model.model.layers.20.mlp.up_proj.lora_A.weight,2.314563035964966
A1_OUTCOME_ONLY,base_model.model.model.layers.20.mlp.up_proj.lora_B.weight,0.00195685843937099
A1_OUTCOME_ONLY,base_model.model.model.layers.20.self_attn.k_proj.lora_A.weight,2.3151721954345703
A1_OUTCOME_ONLY,base_model.model.model.layers.20.self_attn.k_proj.lora_B.weight,0.0005893203779123724
A1_OUTCOME_ONLY,base_model.model.model.layers.20.self_attn.o_proj.lora_A.weight,2.304765462875366
A1_OUTCOME_ONLY,base_model.model.model.layers.20.self_attn.o_proj.lora_B.weight,0.0010572544997557998
A1_OUTCOME_ONLY,base_model.model.model.layers.20.self_attn.q_proj.lora_A.weight,2.3095388412475586
A1_OUTCOME_ONLY,base_model.model.model.layers.20.self_attn.q_proj.lora_B.weight,0.0011833589524030685
A1_OUTCOME_ONLY,base_model.model.model.layers.20.self_attn.v_proj.lora_A.weight,2.3065810203552246
A1_OUTCOME_ONLY,base_model.model.model.layers.20.self_attn.v_proj.lora_B.weight,0.0006913765682838857
A1_OUTCOME_ONLY,base_model.model.model.layers.21.mlp.down_proj.lora_A.weight,2.3069283962249756
A1_OUTCOME_ONLY,base_model.model.model.layers.21.mlp.down_proj.lora_B.weight,0.0010512251174077392
A1_OUTCOME_ONLY,base_model.model.model.layers.21.mlp.gate_proj.lora_A.weight,2.3160359859466553
A1_OUTCOME_ONLY,base_model.model.model.layers.21.mlp.gate_proj.lora_B.weight,0.0016199760138988495
A1_OUTCOME_ONLY,base_model.model.model.layers.21.mlp.up_proj.lora_A.weight,2.310791254043579
A1_OUTCOME_ONLY,base_model.model.model.layers.21.mlp.up_proj.lora_B.weight,0.0019108274718746543
A1_OUTCOME_ONLY,base_model.model.model.layers.21.self_attn.k_proj.lora_A.weight,2.3114304542541504
A1_OUTCOME_ONLY,base_model.model.model.layers.21.self_attn.k_proj.lora_B.weight,0.0006315832724794745
A1_OUTCOME_ONLY,base_model.model.model.layers.21.self_attn.o_proj.lora_A.weight,2.3208601474761963
A1_OUTCOME_ONLY,base_model.model.model.layers.21.self_attn.o_proj.lora_B.weight,0.0010110794100910425
A1_OUTCOME_ONLY,base_model.model.model.layers.21.self_attn.q_proj.lora_A.weight,2.3074519634246826
A1_OUTCOME_ONLY,base_model.model.model.layers.21.self_attn.q_proj.lora_B.weight,0.0012425180757418275
A1_OUTCOME_ONLY,base_model.model.model.layers.21.self_attn.v_proj.lora_A.weight,2.3095173835754395
A1_OUTCOME_ONLY,base_model.model.model.layers.21.self_attn.v_proj.lora_B.weight,0.0006971455877646804
A1_OUTCOME_ONLY,base_model.model.model.layers.22.mlp.down_proj.lora_A.weight,2.3071939945220947
A1_OUTCOME_ONLY,base_model.model.model.layers.22.mlp.down_proj.lora_B.weight,0.0009947215439751744
A1_OUTCOME_ONLY,base_model.model.model.layers.22.mlp.gate_proj.lora_A.weight,2.3068959712982178
A1_OUTCOME_ONLY,base_model.model.model.layers.22.mlp.gate_proj.lora_B.weight,0.0015150002436712384
A1_OUTCOME_ONLY,base_model.model.model.layers.22.mlp.up_proj.lora_A.weight,2.312392473220825
A1_OUTCOME_ONLY,base_model.model.model.layers.22.mlp.up_proj.lora_B.weight,0.0017203669995069504
A1_OUTCOME_ONLY,base_model.model.model.layers.22.self_attn.k_proj.lora_A.weight,2.3013687133789062
A1_OUTCOME_ONLY,base_model.model.model.layers.22.self_attn.k_proj.lora_B.weight,0.0006091908435337245
A1_OUTCOME_ONLY,base_model.model.model.layers.22.self_attn.o_proj.lora_A.weight,2.3047170639038086
A1_OUTCOME_ONLY,base_model.model.model.layers.22.self_attn.o_proj.lora_B.weight,0.0009640682255849242
A1_OUTCOME_ONLY,base_model.model.model.layers.22.self_attn.q_proj.lora_A.weight,2.3085713386535645
A1_OUTCOME_ONLY,base_model.model.model.layers.22.self_attn.q_proj.lora_B.weight,0.0010817995062097907
A1_OUTCOME_ONLY,base_model.model.model.layers.22.self_attn.v_proj.lora_A.weight,2.312343120574951
A1_OUTCOME_ONLY,base_model.model.model.layers.22.self_attn.v_proj.lora_B.weight,0.0006751136388629675
A1_OUTCOME_ONLY,base_model.model.model.layers.23.mlp.down_proj.lora_A.weight,2.3087804317474365
A1_OUTCOME_ONLY,base_model.model.model.layers.23.mlp.down_proj.lora_B.weight,0.0008563171722926199
A1_OUTCOME_ONLY,base_model.model.model.layers.23.mlp.gate_proj.lora_A.weight,2.3047869205474854
A1_OUTCOME_ONLY,base_model.model.model.layers.23.mlp.gate_proj.lora_B.weight,0.0015227426774799824
A1_OUTCOME_ONLY,base_model.model.model.layers.23.mlp.up_proj.lora_A.weight,2.307163953781128
A1_OUTCOME_ONLY,base_model.model.model.layers.23.mlp.up_proj.lora_B.weight,0.001696319319307804
A1_OUTCOME_ONLY,base_model.model.model.layers.23.self_attn.k_proj.lora_A.weight,2.3140714168548584
A1_OUTCOME_ONLY,base_model.model.model.layers.23.self_attn.k_proj.lora_B.weight,0.0005808087298646569
A1_OUTCOME_ONLY,base_model.model.model.layers.23.self_attn.o_proj.lora_A.weight,2.306230306625366
A1_OUTCOME_ONLY,base_model.model.model.layers.23.self_attn.o_proj.lora_B.weight,0.000937429431360215
A1_OUTCOME_ONLY,base_model.model.model.layers.23.self_attn.q_proj.lora_A.weight,2.303215980529785
A1_OUTCOME_ONLY,base_model.model.model.layers.23.self_attn.q_proj.lora_B.weight,0.0009697377681732178
A1_OUTCOME_ONLY,base_model.model.model.layers.23.self_attn.v_proj.lora_A.weight,2.3059542179107666
A1_OUTCOME_ONLY,base_model.model.model.layers.23.self_attn.v_proj.lora_B.weight,0.0006826608441770077
A1_OUTCOME_ONLY,base_model.model.model.layers.24.mlp.down_proj.lora_A.weight,2.305006742477417
A1_OUTCOME_ONLY,base_model.model.model.layers.24.mlp.down_proj.lora_B.weight,0.0009298010263592005
A1_OUTCOME_ONLY,base_model.model.model.layers.24.mlp.gate_proj.lora_A.weight,2.30670428276062
A1_OUTCOME_ONLY,base_model.model.model.layers.24.mlp.gate_proj.lora_B.weight,0.0014051153557375073
A1_OUTCOME_ONLY,base_model.model.model.layers.24.mlp.up_proj.lora_A.weight,2.314676284790039
A1_OUTCOME_ONLY,base_model.model.model.layers.24.mlp.up_proj.lora_B.weight,0.0017073634080588818
A1_OUTCOME_ONLY,base_model.model.model.layers.24.self_attn.k_proj.lora_A.weight,2.31233811378479
A1_OUTCOME_ONLY,base_model.model.model.layers.24.self_attn.k_proj.lora_B.weight,0.000582833425141871
A1_OUTCOME_ONLY,base_model.model.model.layers.24.self_attn.o_proj.lora_A.weight,2.311098337173462
A1_OUTCOME_ONLY,base_model.model.model.layers.24.self_attn.o_proj.lora_B.weight,0.0009332846966572106
A1_OUTCOME_ONLY,base_model.model.model.layers.24.self_attn.q_proj.lora_A.weight,2.306835412979126
A1_OUTCOME_ONLY,base_model.model.model.layers.24.self_attn.q_proj.lora_B.weight,0.0011338056065142155
A1_OUTCOME_ONLY,base_model.model.model.layers.24.self_attn.v_proj.lora_A.weight,2.308466672897339
A1_OUTCOME_ONLY,base_model.model.model.layers.24.self_attn.v_proj.lora_B.weight,0.0006234675529412925
A1_OUTCOME_ONLY,base_model.model.model.layers.25.mlp.down_proj.lora_A.weight,2.3099231719970703
A1_OUTCOME_ONLY,base_model.model.model.layers.25.mlp.down_proj.lora_B.weight,0.0010239488910883665
A1_OUTCOME_ONLY,base_model.model.model.layers.25.mlp.gate_proj.lora_A.weight,2.311622142791748
A1_OUTCOME_ONLY,base_model.model.model.layers.25.mlp.gate_proj.lora_B.weight,0.0013790139928460121
A1_OUTCOME_ONLY,base_model.model.model.layers.25.mlp.up_proj.lora_A.weight,2.3151416778564453
A1_OUTCOME_ONLY,base_model.model.model.layers.25.mlp.up_proj.lora_B.weight,0.0016134496545419097
A1_OUTCOME_ONLY,base_model.model.model.layers.25.self_attn.k_proj.lora_A.weight,2.3137571811676025
A1_OUTCOME_ONLY,base_model.model.model.layers.25.self_attn.k_proj.lora_B.weight,0.0005233845440670848
A1_OUTCOME_ONLY,base_model.model.model.layers.25.self_attn.o_proj.lora_A.weight,2.3165152072906494
A1_OUTCOME_ONLY,base_model.model.model.layers.25.self_attn.o_proj.lora_B.weight,0.0008759118500165641
A1_OUTCOME_ONLY,base_model.model.model.layers.25.self_attn.q_proj.lora_A.weight,2.308668851852417
A1_OUTCOME_ONLY,base_model.model.model.layers.25.self_attn.q_proj.lora_B.weight,0.0009853902738541365
A1_OUTCOME_ONLY,base_model.model.model.layers.25.self_attn.v_proj.lora_A.weight,2.3087222576141357
A1_OUTCOME_ONLY,base_model.model.model.layers.25.self_attn.v_proj.lora_B.weight,0.0005904773715883493
A1_OUTCOME_ONLY,base_model.model.model.layers.26.mlp.down_proj.lora_A.weight,2.3109772205352783
A1_OUTCOME_ONLY,base_model.model.model.layers.26.mlp.down_proj.lora_B.weight,0.000868760165758431
A1_OUTCOME_ONLY,base_model.model.model.layers.26.mlp.gate_proj.lora_A.weight,2.308680772781372
A1_OUTCOME_ONLY,base_model.model.model.layers.26.mlp.gate_proj.lora_B.weight,0.0014147134497761726
A1_OUTCOME_ONLY,base_model.model.model.layers.26.mlp.up_proj.lora_A.weight,2.3107714653015137
A1_OUTCOME_ONLY,base_model.model.model.layers.26.mlp.up_proj.lora_B.weight,0.0016293298685923219
A1_OUTCOME_ONLY,base_model.model.model.layers.26.self_attn.k_proj.lora_A.weight,2.317247152328491
A1_OUTCOME_ONLY,base_model.model.model.layers.26.self_attn.k_proj.lora_B.weight,0.000515037914738059
A1_OUTCOME_ONLY,base_model.model.model.layers.26.self_attn.o_proj.lora_A.weight,2.305332899093628
A1_OUTCOME_ONLY,base_model.model.model.layers.26.self_attn.o_proj.lora_B.weight,0.0009370293701067567
A1_OUTCOME_ONLY,base_model.model.model.layers.26.self_attn.q_proj.lora_A.weight,2.3107028007507324
A1_OUTCOME_ONLY,base_model.model.model.layers.26.self_attn.q_proj.lora_B.weight,0.0009608083637431264
A1_OUTCOME_ONLY,base_model.model.model.layers.26.self_attn.v_proj.lora_A.weight,2.3112339973449707
A1_OUTCOME_ONLY,base_model.model.model.layers.26.self_attn.v_proj.lora_B.weight,0.0005548123153857887
A1_OUTCOME_ONLY,base_model.model.model.layers.27.mlp.down_proj.lora_A.weight,2.3085854053497314
A1_OUTCOME_ONLY,base_model.model.model.layers.27.mlp.down_proj.lora_B.weight,0.0009116227738559246
A1_OUTCOME_ONLY,base_model.model.model.layers.27.mlp.gate_proj.lora_A.weight,2.3129329681396484
A1_OUTCOME_ONLY,base_model.model.model.layers.27.mlp.gate_proj.lora_B.weight,0.001478451769798994
A1_OUTCOME_ONLY,base_model.model.model.layers.27.mlp.up_proj.lora_A.weight,2.3027150630950928
A1_OUTCOME_ONLY,base_model.model.model.layers.27.mlp.up_proj.lora_B.weight,0.0014445792185142636
A1_OUTCOME_ONLY,base_model.model.model.layers.27.self_attn.k_proj.lora_A.weight,2.3090264797210693
A1_OUTCOME_ONLY,base_model.model.model.layers.27.self_attn.k_proj.lora_B.weight,0.0005295209120959044
A1_OUTCOME_ONLY,base_model.model.model.layers.27.self_attn.o_proj.lora_A.weight,2.299899101257324
A1_OUTCOME_ONLY,base_model.model.model.layers.27.self_attn.o_proj.lora_B.weight,0.0008744676015339792
A1_OUTCOME_ONLY,base_model.model.model.layers.27.self_attn.q_proj.lora_A.weight,2.3130197525024414
A1_OUTCOME_ONLY,base_model.model.model.layers.27.self_attn.q_proj.lora_B.weight,0.0009301839163526893
A1_OUTCOME_ONLY,base_model.model.model.layers.27.self_attn.v_proj.lora_A.weight,2.3036835193634033
A1_OUTCOME_ONLY,base_model.model.model.layers.27.self_attn.v_proj.lora_B.weight,0.0005506618763320148
A1_OUTCOME_ONLY,base_model.model.model.layers.28.mlp.down_proj.lora_A.weight,2.307295083999634
A1_OUTCOME_ONLY,base_model.model.model.layers.28.mlp.down_proj.lora_B.weight,0.0008063893183134496
A1_OUTCOME_ONLY,base_model.model.model.layers.28.mlp.gate_proj.lora_A.weight,2.3030893802642822
A1_OUTCOME_ONLY,base_model.model.model.layers.28.mlp.gate_proj.lora_B.weight,0.0014598240377381444
A1_OUTCOME_ONLY,base_model.model.model.layers.28.mlp.up_proj.lora_A.weight,2.3140838146209717
A1_OUTCOME_ONLY,base_model.model.model.layers.28.mlp.up_proj.lora_B.weight,0.00155957683455199
A1_OUTCOME_ONLY,base_model.model.model.layers.28.self_attn.k_proj.lora_A.weight,2.305992603302002
A1_OUTCOME_ONLY,base_model.model.model.layers.28.self_attn.k_proj.lora_B.weight,0.0005640204763039947
A1_OUTCOME_ONLY,base_model.model.model.layers.28.self_attn.o_proj.lora_A.weight,2.3094871044158936
A1_OUTCOME_ONLY,base_model.model.model.layers.28.self_attn.o_proj.lora_B.weight,0.0008608693606220186
A1_OUTCOME_ONLY,base_model.model.model.layers.28.self_attn.q_proj.lora_A.weight,2.3127381801605225
A1_OUTCOME_ONLY,base_model.model.model.layers.28.self_attn.q_proj.lora_B.weight,0.0010195547947660089
A1_OUTCOME_ONLY,base_model.model.model.layers.28.self_attn.v_proj.lora_A.weight,2.304191827774048
A1_OUTCOME_ONLY,base_model.model.model.layers.28.self_attn.v_proj.lora_B.weight,0.0005344512173905969
A1_OUTCOME_ONLY,base_model.model.model.layers.29.mlp.down_proj.lora_A.weight,2.3129279613494873
A1_OUTCOME_ONLY,base_model.model.model.layers.29.mlp.down_proj.lora_B.weight,0.0007396677974611521
A1_OUTCOME_ONLY,base_model.model.model.layers.29.mlp.gate_proj.lora_A.weight,2.306225538253784
A1_OUTCOME_ONLY,base_model.model.model.layers.29.mlp.gate_proj.lora_B.weight,0.0013546859845519066
A1_OUTCOME_ONLY,base_model.model.model.layers.29.mlp.up_proj.lora_A.weight,2.3110406398773193
A1_OUTCOME_ONLY,base_model.model.model.layers.29.mlp.up_proj.lora_B.weight,0.0014804248930886388
A1_OUTCOME_ONLY,base_model.model.model.layers.29.self_attn.k_proj.lora_A.weight,2.3001697063446045
A1_OUTCOME_ONLY,base_model.model.model.layers.29.self_attn.k_proj.lora_B.weight,0.0005127702024765313
A1_OUTCOME_ONLY,base_model.model.model.layers.29.self_attn.o_proj.lora_A.weight,2.3132126331329346
A1_OUTCOME_ONLY,base_model.model.model.layers.29.self_attn.o_proj.lora_B.weight,0.0008287388482131064
A1_OUTCOME_ONLY,base_model.model.model.layers.29.self_attn.q_proj.lora_A.weight,2.308579206466675
A1_OUTCOME_ONLY,base_model.model.model.layers.29.self_attn.q_proj.lora_B.weight,0.0009123157942667603
A1_OUTCOME_ONLY,base_model.model.model.layers.29.self_attn.v_proj.lora_A.weight,2.306523084640503
A1_OUTCOME_ONLY,base_model.model.model.layers.29.self_attn.v_proj.lora_B.weight,0.0004995070048607886
A1_OUTCOME_ONLY,base_model.model.model.layers.3.mlp.down_proj.lora_A.weight,2.304210662841797
A1_OUTCOME_ONLY,base_model.model.model.layers.3.mlp.down_proj.lora_B.weight,0.0007782675675116479
A1_OUTCOME_ONLY,base_model.model.model.layers.3.mlp.gate_proj.lora_A.weight,2.3172388076782227
A1_OUTCOME_ONLY,base_model.model.model.layers.3.mlp.gate_proj.lora_B.weight,0.0014779538614675403
A1_OUTCOME_ONLY,base_model.model.model.layers.3.mlp.up_proj.lora_A.weight,2.312356948852539
A1_OUTCOME_ONLY,base_model.model.model.layers.3.mlp.up_proj.lora_B.weight,0.0015434026718139648
A1_OUTCOME_ONLY,base_model.model.model.layers.3.self_attn.k_proj.lora_A.weight,2.3035008907318115
A1_OUTCOME_ONLY,base_model.model.model.layers.3.self_attn.k_proj.lora_B.weight,0.00042406783904880285
A1_OUTCOME_ONLY,base_model.model.model.layers.3.self_attn.o_proj.lora_A.weight,2.3050689697265625
A1_OUTCOME_ONLY,base_model.model.model.layers.3.self_attn.o_proj.lora_B.weight,0.0007371610263362527
A1_OUTCOME_ONLY,base_model.model.model.layers.3.self_attn.q_proj.lora_A.weight,2.307126760482788
A1_OUTCOME_ONLY,base_model.model.model.layers.3.self_attn.q_proj.lora_B.weight,0.0008446902502328157
A1_OUTCOME_ONLY,base_model.model.model.layers.3.self_attn.v_proj.lora_A.weight,2.305981397628784
A1_OUTCOME_ONLY,base_model.model.model.layers.3.self_attn.v_proj.lora_B.weight,0.00048602366587147117
A1_OUTCOME_ONLY,base_model.model.model.layers.30.mlp.down_proj.lora_A.weight,2.31007981300354
A1_OUTCOME_ONLY,base_model.model.model.layers.30.mlp.down_proj.lora_B.weight,0.000780913105700165
A1_OUTCOME_ONLY,base_model.model.model.layers.30.mlp.gate_proj.lora_A.weight,2.312190055847168
A1_OUTCOME_ONLY,base_model.model.model.layers.30.mlp.gate_proj.lora_B.weight,0.0013029505498707294
A1_OUTCOME_ONLY,base_model.model.model.layers.30.mlp.up_proj.lora_A.weight,2.3031396865844727
A1_OUTCOME_ONLY,base_model.model.model.layers.30.mlp.up_proj.lora_B.weight,0.0015629176050424576
A1_OUTCOME_ONLY,base_model.model.model.layers.30.self_attn.k_proj.lora_A.weight,2.3103816509246826
A1_OUTCOME_ONLY,base_model.model.model.layers.30.self_attn.k_proj.lora_B.weight,0.0004157752846367657
A1_OUTCOME_ONLY,base_model.model.model.layers.30.self_attn.o_proj.lora_A.weight,2.3167786598205566
A1_OUTCOME_ONLY,base_model.model.model.layers.30.self_attn.o_proj.lora_B.weight,0.0007121493690647185
A1_OUTCOME_ONLY,base_model.model.model.layers.30.self_attn.q_proj.lora_A.weight,2.313014507293701
A1_OUTCOME_ONLY,base_model.model.model.layers.30.self_attn.q_proj.lora_B.weight,0.0007354356930591166
A1_OUTCOME_ONLY,base_model.model.model.layers.30.self_attn.v_proj.lora_A.weight,2.3040761947631836
A1_OUTCOME_ONLY,base_model.model.model.layers.30.self_attn.v_proj.lora_B.weight,0.0005048065213486552
A1_OUTCOME_ONLY,base_model.model.model.layers.31.mlp.down_proj.lora_A.weight,2.307577610015869
A1_OUTCOME_ONLY,base_model.model.model.layers.31.mlp.down_proj.lora_B.weight,0.0008373507880605757
A1_OUTCOME_ONLY,base_model.model.model.layers.31.mlp.gate_proj.lora_A.weight,2.307711124420166
A1_OUTCOME_ONLY,base_model.model.model.layers.31.mlp.gate_proj.lora_B.weight,0.0013151135062798858
A1_OUTCOME_ONLY,base_model.model.model.layers.31.mlp.up_proj.lora_A.weight,2.314033031463623
A1_OUTCOME_ONLY,base_model.model.model.layers.31.mlp.up_proj.lora_B.weight,0.0014436607016250491
A1_OUTCOME_ONLY,base_model.model.model.layers.31.self_attn.k_proj.lora_A.weight,2.299739360809326
A1_OUTCOME_ONLY,base_model.model.model.layers.31.self_attn.k_proj.lora_B.weight,0.0004790551611222327
A1_OUTCOME_ONLY,base_model.model.model.layers.31.self_attn.o_proj.lora_A.weight,2.3177826404571533
A1_OUTCOME_ONLY,base_model.model.model.layers.31.self_attn.o_proj.lora_B.weight,0.0007598508382216096
A1_OUTCOME_ONLY,base_model.model.model.layers.31.self_attn.q_proj.lora_A.weight,2.304680347442627
A1_OUTCOME_ONLY,base_model.model.model.layers.31.self_attn.q_proj.lora_B.weight,0.0008402162929996848
A1_OUTCOME_ONLY,base_model.model.model.layers.31.self_attn.v_proj.lora_A.weight,2.2997946739196777
A1_OUTCOME_ONLY,base_model.model.model.layers.31.self_attn.v_proj.lora_B.weight,0.0005138064152561128
A1_OUTCOME_ONLY,base_model.model.model.layers.32.mlp.down_proj.lora_A.weight,2.3086345195770264
A1_OUTCOME_ONLY,base_model.model.model.layers.32.mlp.down_proj.lora_B.weight,0.0007495681056752801
A1_OUTCOME_ONLY,base_model.model.model.layers.32.mlp.gate_proj.lora_A.weight,2.3213789463043213
A1_OUTCOME_ONLY,base_model.model.model.layers.32.mlp.gate_proj.lora_B.weight,0.0013433705316856503
A1_OUTCOME_ONLY,base_model.model.model.layers.32.mlp.up_proj.lora_A.weight,2.3146817684173584
A1_OUTCOME_ONLY,base_model.model.model.layers.32.mlp.up_proj.lora_B.weight,0.001454144367016852
A1_OUTCOME_ONLY,base_model.model.model.layers.32.self_attn.k_proj.lora_A.weight,2.3128581047058105
A1_OUTCOME_ONLY,base_model.model.model.layers.32.self_attn.k_proj.lora_B.weight,0.0005504488945007324
A1_OUTCOME_ONLY,base_model.model.model.layers.32.self_attn.o_proj.lora_A.weight,2.3080921173095703
A1_OUTCOME_ONLY,base_model.model.model.layers.32.self_attn.o_proj.lora_B.weight,0.00087138288654387
A1_OUTCOME_ONLY,base_model.model.model.layers.32.self_attn.q_proj.lora_A.weight,2.3114871978759766
A1_OUTCOME_ONLY,base_model.model.model.layers.32.self_attn.q_proj.lora_B.weight,0.0009070186060853302
A1_OUTCOME_ONLY,base_model.model.model.layers.32.self_attn.v_proj.lora_A.weight,2.3174495697021484
A1_OUTCOME_ONLY,base_model.model.model.layers.32.self_attn.v_proj.lora_B.weight,0.0005469104507938027
A1_OUTCOME_ONLY,base_model.model.model.layers.33.mlp.down_proj.lora_A.weight,2.308046579360962
A1_OUTCOME_ONLY,base_model.model.model.layers.33.mlp.down_proj.lora_B.weight,0.0008229888044297695
A1_OUTCOME_ONLY,base_model.model.model.layers.33.mlp.gate_proj.lora_A.weight,2.310215711593628
A1_OUTCOME_ONLY,base_model.model.model.layers.33.mlp.gate_proj.lora_B.weight,0.0011763243237510324
A1_OUTCOME_ONLY,base_model.model.model.layers.33.mlp.up_proj.lora_A.weight,2.307095766067505
A1_OUTCOME_ONLY,base_model.model.model.layers.33.mlp.up_proj.lora_B.weight,0.001506513450294733
A1_OUTCOME_ONLY,base_model.model.model.layers.33.self_attn.k_proj.lora_A.weight,2.2980170249938965
A1_OUTCOME_ONLY,base_model.model.model.layers.33.self_attn.k_proj.lora_B.weight,0.0004639080143533647
A1_OUTCOME_ONLY,base_model.model.model.layers.33.self_attn.o_proj.lora_A.weight,2.3128058910369873
A1_OUTCOME_ONLY,base_model.model.model.layers.33.self_attn.o_proj.lora_B.weight,0.0008197461720556021
A1_OUTCOME_ONLY,base_model.model.model.layers.33.self_attn.q_proj.lora_A.weight,2.303649425506592
A1_OUTCOME_ONLY,base_model.model.model.layers.33.self_attn.q_proj.lora_B.weight,0.000856954138725996
A1_OUTCOME_ONLY,base_model.model.model.layers.33.self_attn.v_proj.lora_A.weight,2.3125178813934326
A1_OUTCOME_ONLY,base_model.model.model.layers.33.self_attn.v_proj.lora_B.weight,0.0005720215267501771
A1_OUTCOME_ONLY,base_model.model.model.layers.34.mlp.down_proj.lora_A.weight,2.3088748455047607
A1_OUTCOME_ONLY,base_model.model.model.layers.34.mlp.down_proj.lora_B.weight,0.0008191523374989629
A1_OUTCOME_ONLY,base_model.model.model.layers.34.mlp.gate_proj.lora_A.weight,2.3138201236724854
A1_OUTCOME_ONLY,base_model.model.model.layers.34.mlp.gate_proj.lora_B.weight,0.0013668375322595239
A1_OUTCOME_ONLY,base_model.model.model.layers.34.mlp.up_proj.lora_A.weight,2.3144683837890625
A1_OUTCOME_ONLY,base_model.model.model.layers.34.mlp.up_proj.lora_B.weight,0.0014453347539529204
A1_OUTCOME_ONLY,base_model.model.model.layers.34.self_attn.k_proj.lora_A.weight,2.320030689239502
A1_OUTCOME_ONLY,base_model.model.model.layers.34.self_attn.k_proj.lora_B.weight,0.0005353601882234216
A1_OUTCOME_ONLY,base_model.model.model.layers.34.self_attn.o_proj.lora_A.weight,2.315460443496704
A1_OUTCOME_ONLY,base_model.model.model.layers.34.self_attn.o_proj.lora_B.weight,0.0007643034914508462
A1_OUTCOME_ONLY,base_model.model.model.layers.34.self_attn.q_proj.lora_A.weight,2.3099496364593506
A1_OUTCOME_ONLY,base_model.model.model.layers.34.self_attn.q_proj.lora_B.weight,0.0008729842957109213
A1_OUTCOME_ONLY,base_model.model.model.layers.34.self_attn.v_proj.lora_A.weight,2.3032102584838867
A1_OUTCOME_ONLY,base_model.model.model.layers.34.self_attn.v_proj.lora_B.weight,0.0005546018946915865
A1_OUTCOME_ONLY,base_model.model.model.layers.35.mlp.down_proj.lora_A.weight,2.3093550205230713
A1_OUTCOME_ONLY,base_model.model.model.layers.35.mlp.down_proj.lora_B.weight,0.0009425868047401309
A1_OUTCOME_ONLY,base_model.model.model.layers.35.mlp.gate_proj.lora_A.weight,2.3034002780914307
A1_OUTCOME_ONLY,base_model.model.model.layers.35.mlp.gate_proj.lora_B.weight,0.001327621634118259
A1_OUTCOME_ONLY,base_model.model.model.layers.35.mlp.up_proj.lora_A.weight,2.3059499263763428
A1_OUTCOME_ONLY,base_model.model.model.layers.35.mlp.up_proj.lora_B.weight,0.0013824496418237686
A1_OUTCOME_ONLY,base_model.model.model.layers.35.self_attn.k_proj.lora_A.weight,2.3103811740875244
A1_OUTCOME_ONLY,base_model.model.model.layers.35.self_attn.k_proj.lora_B.weight,0.0005200268351472914
A1_OUTCOME_ONLY,base_model.model.model.layers.35.self_attn.o_proj.lora_A.weight,2.308776378631592
A1_OUTCOME_ONLY,base_model.model.model.layers.35.self_attn.o_proj.lora_B.weight,0.0008342209621332586
A1_OUTCOME_ONLY,base_model.model.model.layers.35.self_attn.q_proj.lora_A.weight,2.30432391166687
A1_OUTCOME_ONLY,base_model.model.model.layers.35.self_attn.q_proj.lora_B.weight,0.0009705325937829912
A1_OUTCOME_ONLY,base_model.model.model.layers.35.self_attn.v_proj.lora_A.weight,2.3132050037384033
A1_OUTCOME_ONLY,base_model.model.model.layers.35.self_attn.v_proj.lora_B.weight,0.0005477882223203778
A1_OUTCOME_ONLY,base_model.model.model.layers.4.mlp.down_proj.lora_A.weight,2.3063220977783203
A1_OUTCOME_ONLY,base_model.model.model.layers.4.mlp.down_proj.lora_B.weight,0.0008033682825043797
A1_OUTCOME_ONLY,base_model.model.model.layers.4.mlp.gate_proj.lora_A.weight,2.3003077507019043
A1_OUTCOME_ONLY,base_model.model.model.layers.4.mlp.gate_proj.lora_B.weight,0.0015076932031661272
A1_OUTCOME_ONLY,base_model.model.model.layers.4.mlp.up_proj.lora_A.weight,2.299079418182373
A1_OUTCOME_ONLY,base_model.model.model.layers.4.mlp.up_proj.lora_B.weight,0.0015280444640666246
A1_OUTCOME_ONLY,base_model.model.model.layers.4.self_attn.k_proj.lora_A.weight,2.307133674621582
A1_OUTCOME_ONLY,base_model.model.model.layers.4.self_attn.k_proj.lora_B.weight,0.0004491570289246738
A1_OUTCOME_ONLY,base_model.model.model.layers.4.self_attn.o_proj.lora_A.weight,2.311169385910034
A1_OUTCOME_ONLY,base_model.model.model.layers.4.self_attn.o_proj.lora_B.weight,0.0007482510409317911
A1_OUTCOME_ONLY,base_model.model.model.layers.4.self_attn.q_proj.lora_A.weight,2.306727886199951
A1_OUTCOME_ONLY,base_model.model.model.layers.4.self_attn.q_proj.lora_B.weight,0.0008994587115012109
A1_OUTCOME_ONLY,base_model.model.model.layers.4.self_attn.v_proj.lora_A.weight,2.300668478012085
A1_OUTCOME_ONLY,base_model.model.model.layers.4.self_attn.v_proj.lora_B.weight,0.00047876639291644096
A1_OUTCOME_ONLY,base_model.model.model.layers.5.mlp.down_proj.lora_A.weight,2.3111133575439453
A1_OUTCOME_ONLY,base_model.model.model.layers.5.mlp.down_proj.lora_B.weight,0.0008300404879264534
A1_OUTCOME_ONLY,base_model.model.model.layers.5.mlp.gate_proj.lora_A.weight,2.313762903213501
A1_OUTCOME_ONLY,base_model.model.model.layers.5.mlp.gate_proj.lora_B.weight,0.0015775233041495085
A1_OUTCOME_ONLY,base_model.model.model.layers.5.mlp.up_proj.lora_A.weight,2.3146419525146484
A1_OUTCOME_ONLY,base_model.model.model.layers.5.mlp.up_proj.lora_B.weight,0.00157202931586653
A1_OUTCOME_ONLY,base_model.model.model.layers.5.self_attn.k_proj.lora_A.weight,2.3140273094177246
A1_OUTCOME_ONLY,base_model.model.model.layers.5.self_attn.k_proj.lora_B.weight,0.0004624487191904336
A1_OUTCOME_ONLY,base_model.model.model.layers.5.self_attn.o_proj.lora_A.weight,2.3063721656799316
A1_OUTCOME_ONLY,base_model.model.model.layers.5.self_attn.o_proj.lora_B.weight,0.0007716850377619267
A1_OUTCOME_ONLY,base_model.model.model.layers.5.self_attn.q_proj.lora_A.weight,2.310920000076294
A1_OUTCOME_ONLY,base_model.model.model.layers.5.self_attn.q_proj.lora_B.weight,0.0009377584210596979
A1_OUTCOME_ONLY,base_model.model.model.layers.5.self_attn.v_proj.lora_A.weight,2.3059592247009277
A1_OUTCOME_ONLY,base_model.model.model.layers.5.self_attn.v_proj.lora_B.weight,0.0004759490257129073
A1_OUTCOME_ONLY,base_model.model.model.layers.6.mlp.down_proj.lora_A.weight,2.3086254596710205
A1_OUTCOME_ONLY,base_model.model.model.layers.6.mlp.down_proj.lora_B.weight,0.0009355308720842004
A1_OUTCOME_ONLY,base_model.model.model.layers.6.mlp.gate_proj.lora_A.weight,2.3195672035217285
A1_OUTCOME_ONLY,base_model.model.model.layers.6.mlp.gate_proj.lora_B.weight,0.0015633298316970468
A1_OUTCOME_ONLY,base_model.model.model.layers.6.mlp.up_proj.lora_A.weight,2.3056375980377197
A1_OUTCOME_ONLY,base_model.model.model.layers.6.mlp.up_proj.lora_B.weight,0.0015905905747786164
A1_OUTCOME_ONLY,base_model.model.model.layers.6.self_attn.k_proj.lora_A.weight,2.3099396228790283
A1_OUTCOME_ONLY,base_model.model.model.layers.6.self_attn.k_proj.lora_B.weight,0.0004673018411267549
A1_OUTCOME_ONLY,base_model.model.model.layers.6.self_attn.o_proj.lora_A.weight,2.314377784729004
A1_OUTCOME_ONLY,base_model.model.model.layers.6.self_attn.o_proj.lora_B.weight,0.0008118016412481666
A1_OUTCOME_ONLY,base_model.model.model.layers.6.self_attn.q_proj.lora_A.weight,2.3083853721618652
A1_OUTCOME_ONLY,base_model.model.model.layers.6.self_attn.q_proj.lora_B.weight,0.0008979385602287948
A1_OUTCOME_ONLY,base_model.model.model.layers.6.self_attn.v_proj.lora_A.weight,2.309792995452881
A1_OUTCOME_ONLY,base_model.model.model.layers.6.self_attn.v_proj.lora_B.weight,0.0004811517137568444
A1_OUTCOME_ONLY,base_model.model.model.layers.7.mlp.down_proj.lora_A.weight,2.3046252727508545
A1_OUTCOME_ONLY,base_model.model.model.layers.7.mlp.down_proj.lora_B.weight,0.0008719362085685134
A1_OUTCOME_ONLY,base_model.model.model.layers.7.mlp.gate_proj.lora_A.weight,2.300468683242798
A1_OUTCOME_ONLY,base_model.model.model.layers.7.mlp.gate_proj.lora_B.weight,0.001611541141755879
A1_OUTCOME_ONLY,base_model.model.model.layers.7.mlp.up_proj.lora_A.weight,2.311256170272827
A1_OUTCOME_ONLY,base_model.model.model.layers.7.mlp.up_proj.lora_B.weight,0.0016553642926737666
A1_OUTCOME_ONLY,base_model.model.model.layers.7.self_attn.k_proj.lora_A.weight,2.310234308242798
A1_OUTCOME_ONLY,base_model.model.model.layers.7.self_attn.k_proj.lora_B.weight,0.00045431009493768215
A1_OUTCOME_ONLY,base_model.model.model.layers.7.self_attn.o_proj.lora_A.weight,2.3142170906066895
A1_OUTCOME_ONLY,base_model.model.model.layers.7.self_attn.o_proj.lora_B.weight,0.0008284440846182406
A1_OUTCOME_ONLY,base_model.model.model.layers.7.self_attn.q_proj.lora_A.weight,2.3018414974212646
A1_OUTCOME_ONLY,base_model.model.model.layers.7.self_attn.q_proj.lora_B.weight,0.0009081586613319814
A1_OUTCOME_ONLY,base_model.model.model.layers.7.self_attn.v_proj.lora_A.weight,2.314824104309082
A1_OUTCOME_ONLY,base_model.model.model.layers.7.self_attn.v_proj.lora_B.weight,0.0005035783397033811
A1_OUTCOME_ONLY,base_model.model.model.layers.8.mlp.down_proj.lora_A.weight,2.3057093620300293
A1_OUTCOME_ONLY,base_model.model.model.layers.8.mlp.down_proj.lora_B.weight,0.0009043797617778182
A1_OUTCOME_ONLY,base_model.model.model.layers.8.mlp.gate_proj.lora_A.weight,2.3156726360321045
A1_OUTCOME_ONLY,base_model.model.model.layers.8.mlp.gate_proj.lora_B.weight,0.001651538535952568
A1_OUTCOME_ONLY,base_model.model.model.layers.8.mlp.up_proj.lora_A.weight,2.324347734451294
A1_OUTCOME_ONLY,base_model.model.model.layers.8.mlp.up_proj.lora_B.weight,0.0016826125793159008
A1_OUTCOME_ONLY,base_model.model.model.layers.8.self_attn.k_proj.lora_A.weight,2.308666229248047
A1_OUTCOME_ONLY,base_model.model.model.layers.8.self_attn.k_proj.lora_B.weight,0.00047200117842294276
A1_OUTCOME_ONLY,base_model.model.model.layers.8.self_attn.o_proj.lora_A.weight,2.30950927734375
A1_OUTCOME_ONLY,base_model.model.model.layers.8.self_attn.o_proj.lora_B.weight,0.0008845997508615255
A1_OUTCOME_ONLY,base_model.model.model.layers.8.self_attn.q_proj.lora_A.weight,2.3186938762664795
A1_OUTCOME_ONLY,base_model.model.model.layers.8.self_attn.q_proj.lora_B.weight,0.0009889999637380242
A1_OUTCOME_ONLY,base_model.model.model.layers.8.self_attn.v_proj.lora_A.weight,2.3165080547332764
A1_OUTCOME_ONLY,base_model.model.model.layers.8.self_attn.v_proj.lora_B.weight,0.0005383348325267434
A1_OUTCOME_ONLY,base_model.model.model.layers.9.mlp.down_proj.lora_A.weight,2.3076331615448
A1_OUTCOME_ONLY,base_model.model.model.layers.9.mlp.down_proj.lora_B.weight,0.0009111533290706575
A1_OUTCOME_ONLY,base_model.model.model.layers.9.mlp.gate_proj.lora_A.weight,2.3143880367279053
A1_OUTCOME_ONLY,base_model.model.model.layers.9.mlp.gate_proj.lora_B.weight,0.0016966318944469094
A1_OUTCOME_ONLY,base_model.model.model.layers.9.mlp.up_proj.lora_A.weight,2.2966976165771484
A1_OUTCOME_ONLY,base_model.model.model.layers.9.mlp.up_proj.lora_B.weight,0.0017447324935346842
A1_OUTCOME_ONLY,base_model.model.model.layers.9.self_attn.k_proj.lora_A.weight,2.306386947631836
A1_OUTCOME_ONLY,base_model.model.model.layers.9.self_attn.k_proj.lora_B.weight,0.0005256735603325069
A1_OUTCOME_ONLY,base_model.model.model.layers.9.self_attn.o_proj.lora_A.weight,2.311047315597534
A1_OUTCOME_ONLY,base_model.model.model.layers.9.self_attn.o_proj.lora_B.weight,0.0009041506564244628
A1_OUTCOME_ONLY,base_model.model.model.layers.9.self_attn.q_proj.lora_A.weight,2.3091580867767334
A1_OUTCOME_ONLY,base_model.model.model.layers.9.self_attn.q_proj.lora_B.weight,0.001000440213829279
A1_OUTCOME_ONLY,base_model.model.model.layers.9.self_attn.v_proj.lora_A.weight,2.311345338821411
A1_OUTCOME_ONLY,base_model.model.model.layers.9.self_attn.v_proj.lora_B.weight,0.0005729011609219015
A2_R3_OUTCOME_FIRST,base_model.model.model.layers.0.mlp.down_proj.lora_A.weight,2.3085293769836426
A2_R3_OUTCOME_FIRST,base_model.model.model.layers.0.mlp.down_proj.lora_B.weight,0.0008041217806749046
A2_R3_OUTCOME_FIRST,base_model.model.model.layers.0.mlp.gate_proj.lora_A.weight,2.305185317993164
A2_R3_OUTCOME_FIRST,base_model.model.model.layers.0.mlp.gate_proj.lora_B.weight,0.0015217630425468087
A2_R3_OUTCOME_FIRST,base_model.model.model.layers.0.mlp.up_proj.lora_A.weight,2.312136650085449
A2_R3_OUTCOME_FIRST,base_model.model.model.layers.0.mlp.up_proj.lora_B.weight,0.0015329811722040176
A2_R3_OUTCOME_FIRST,base_model.model.model.layers.0.self_attn.k_proj.lora_A.weight,2.3163843154907227
A2_R3_OUTCOME_FIRST,base_model.model.model.layers.0.self_attn.k_proj.lora_B.weight,0.0005700786132365465
A2_R3_OUTCOME_FIRST,base_model.model.model.layers.0.self_attn.o_proj.lora_A.weight,2.3142340183258057
A2_R3_OUTCOME_FIRST,base_model.model.model.layers.0.self_attn.o_proj.lora_B.weight,0.00077654147753492
A2_R3_OUTCOME_FIRST,base_model.model.model.layers.0.self_attn.q_proj.lora_A.weight,2.309278964996338
A2_R3_OUTCOME_FIRST,base_model.model.model.layers.0.self_attn.q_proj.lora_B.weight,0.0011075373040512204
A2_R3_OUTCOME_FIRST,base_model.model.model.layers.0.self_attn.v_proj.lora_A.weight,2.3118860721588135
A2_R3_OUTCOME_FIRST,base_model.model.model.layers.0.self_attn.v_proj.lora_B.weight,0.0005202413303777575
A2_R3_OUTCOME_FIRST,base_model.model.model.layers.1.mlp.down_proj.lora_A.weight,2.305285930633545
A2_R3_OUTCOME_FIRST,base_model.model.model.layers.1.mlp.down_proj.lora_B.weight,0.0008257781737484038
A2_R3_OUTCOME_FIRST,base_model.model.model.layers.1.mlp.gate_proj.lora_A.weight,2.3114562034606934
A2_R3_OUTCOME_FIRST,base_model.model.model.layers.1.mlp.gate_proj.lora_B.weight,0.0015685298712924123
A2_R3_OUTCOME_FIRST,base_model.model.model.layers.1.mlp.up_proj.lora_A.weight,2.3110907077789307
A2_R3_OUTCOME_FIRST,base_model.model.model.layers.1.mlp.up_proj.lora_B.weight,0.001497894641943276
A2_R3_OUTCOME_FIRST,base_model.model.model.layers.1.self_attn.k_proj.lora_A.weight,2.3067338466644287
A2_R3_OUTCOME_FIRST,base_model.model.model.layers.1.self_attn.k_proj.lora_B.weight,0.0004753929970320314
A2_R3_OUTCOME_FIRST,base_model.model.model.layers.1.self_attn.o_proj.lora_A.weight,2.311100959777832
A2_R3_OUTCOME_FIRST,base_model.model.model.layers.1.self_attn.o_proj.lora_B.weight,0.0007494529709219933
A2_R3_OUTCOME_FIRST,base_model.model.model.layers.1.self_attn.q_proj.lora_A.weight,2.3090715408325195
A2_R3_OUTCOME_FIRST,base_model.model.model.layers.1.self_attn.q_proj.lora_B.weight,0.0009736471110954881
A2_R3_OUTCOME_FIRST,base_model.model.model.layers.1.self_attn.v_proj.lora_A.weight,2.3058135509490967
A2_R3_OUTCOME_FIRST,base_model.model.model.layers.1.self_attn.v_proj.lora_B.weight,0.0004690957721322775
A2_R3_OUTCOME_FIRST,base_model.model.model.layers.10.mlp.down_proj.lora_A.weight,2.306246757507324
A2_R3_OUTCOME_FIRST,base_model.model.model.layers.10.mlp.down_proj.lora_B.weight,0.0008683872874826193
A2_R3_OUTCOME_FIRST,base_model.model.model.layers.10.mlp.gate_proj.lora_A.weight,2.304039239883423
A2_R3_OUTCOME_FIRST,base_model.model.model.layers.10.mlp.gate_proj.lora_B.weight,0.001626139972358942
A2_R3_OUTCOME_FIRST,base_model.model.model.layers.10.mlp.up_proj.lora_A.weight,2.314399242401123
A2_R3_OUTCOME_FIRST,base_model.model.model.layers.10.mlp.up_proj.lora_B.weight,0.0016729712951928377
A2_R3_OUTCOME_FIRST,base_model.model.model.layers.10.self_attn.k_proj.lora_A.weight,2.3057122230529785
A2_R3_OUTCOME_FIRST,base_model.model.model.layers.10.self_attn.k_proj.lora_B.weight,0.0005128657794557512
A2_R3_OUTCOME_FIRST,base_model.model.model.layers.10.self_attn.o_proj.lora_A.weight,2.309650421142578
A2_R3_OUTCOME_FIRST,base_model.model.model.layers.10.self_attn.o_proj.lora_B.weight,0.0008395400946028531
A2_R3_OUTCOME_FIRST,base_model.model.model.layers.10.self_attn.q_proj.lora_A.weight,2.3102338314056396
A2_R3_OUTCOME_FIRST,base_model.model.model.layers.10.self_attn.q_proj.lora_B.weight,0.0010183639824390411
A2_R3_OUTCOME_FIRST,base_model.model.model.layers.10.self_attn.v_proj.lora_A.weight,2.308049440383911
A2_R3_OUTCOME_FIRST,base_model.model.model.layers.10.self_attn.v_proj.lora_B.weight,0.0005603518220596015
A2_R3_OUTCOME_FIRST,base_model.model.model.layers.11.mlp.down_proj.lora_A.weight,2.3076183795928955
A2_R3_OUTCOME_FIRST,base_model.model.model.layers.11.mlp.down_proj.lora_B.weight,0.0008621147717349231
A2_R3_OUTCOME_FIRST,base_model.model.model.layers.11.mlp.gate_proj.lora_A.weight,2.3076331615448
A2_R3_OUTCOME_FIRST,base_model.model.model.layers.11.mlp.gate_proj.lora_B.weight,0.0016305019380524755
A2_R3_OUTCOME_FIRST,base_model.model.model.layers.11.mlp.up_proj.lora_A.weight,2.30631160736084
A2_R3_OUTCOME_FIRST,base_model.model.model.layers.11.mlp.up_proj.lora_B.weight,0.001633168081752956
A2_R3_OUTCOME_FIRST,base_model.model.model.layers.11.self_attn.k_proj.lora_A.weight,2.3109633922576904
A2_R3_OUTCOME_FIRST,base_model.model.model.layers.11.self_attn.k_proj.lora_B.weight,0.0005081390263512731
A2_R3_OUTCOME_FIRST,base_model.model.model.layers.11.self_attn.o_proj.lora_A.weight,2.308556079864502
A2_R3_OUTCOME_FIRST,base_model.model.model.layers.11.self_attn.o_proj.lora_B.weight,0.0008722293423488736
A2_R3_OUTCOME_FIRST,base_model.model.model.layers.11.self_attn.q_proj.lora_A.weight,2.319901943206787
A2_R3_OUTCOME_FIRST,base_model.model.model.layers.11.self_attn.q_proj.lora_B.weight,0.0009817118989303708
A2_R3_OUTCOME_FIRST,base_model.model.model.layers.11.self_attn.v_proj.lora_A.weight,2.3052165508270264
A2_R3_OUTCOME_FIRST,base_model.model.model.layers.11.self_attn.v_proj.lora_B.weight,0.0005437945364974439
A2_R3_OUTCOME_FIRST,base_model.model.model.layers.12.mlp.down_proj.lora_A.weight,2.3073062896728516
A2_R3_OUTCOME_FIRST,base_model.model.model.layers.12.mlp.down_proj.lora_B.weight,0.0008677275036461651
A2_R3_OUTCOME_FIRST,base_model.model.model.layers.12.mlp.gate_proj.lora_A.weight,2.313481330871582
A2_R3_OUTCOME_FIRST,base_model.model.model.layers.12.mlp.gate_proj.lora_B.weight,0.0016404952621087432
A2_R3_OUTCOME_FIRST,base_model.model.model.layers.12.mlp.up_proj.lora_A.weight,2.3176300525665283
A2_R3_OUTCOME_FIRST,base_model.model.model.layers.12.mlp.up_proj.lora_B.weight,0.0017553039360791445
A2_R3_OUTCOME_FIRST,base_model.model.model.layers.12.self_attn.k_proj.lora_A.weight,2.302658796310425
A2_R3_OUTCOME_FIRST,base_model.model.model.layers.12.self_attn.k_proj.lora_B.weight,0.0005112988292239606
A2_R3_OUTCOME_FIRST,base_model.model.model.layers.12.self_attn.o_proj.lora_A.weight,2.3000028133392334
A2_R3_OUTCOME_FIRST,base_model.model.model.layers.12.self_attn.o_proj.lora_B.weight,0.0008738369797356427
A2_R3_OUTCOME_FIRST,base_model.model.model.layers.12.self_attn.q_proj.lora_A.weight,2.3009657859802246
A2_R3_OUTCOME_FIRST,base_model.model.model.layers.12.self_attn.q_proj.lora_B.weight,0.0010116650955751538
A2_R3_OUTCOME_FIRST,base_model.model.model.layers.12.self_attn.v_proj.lora_A.weight,2.3099241256713867
A2_R3_OUTCOME_FIRST,base_model.model.model.layers.12.self_attn.v_proj.lora_B.weight,0.0005542930448427796
A2_R3_OUTCOME_FIRST,base_model.model.model.layers.13.mlp.down_proj.lora_A.weight,2.312265157699585
A2_R3_OUTCOME_FIRST,base_model.model.model.layers.13.mlp.down_proj.lora_B.weight,0.0008921952685341239
A2_R3_OUTCOME_FIRST,base_model.model.model.layers.13.mlp.gate_proj.lora_A.weight,2.3062448501586914
A2_R3_OUTCOME_FIRST,base_model.model.model.layers.13.mlp.gate_proj.lora_B.weight,0.0016532136360183358
A2_R3_OUTCOME_FIRST,base_model.model.model.layers.13.mlp.up_proj.lora_A.weight,2.315906524658203
A2_R3_OUTCOME_FIRST,base_model.model.model.layers.13.mlp.up_proj.lora_B.weight,0.0017009215662255883
A2_R3_OUTCOME_FIRST,base_model.model.model.layers.13.self_attn.k_proj.lora_A.weight,2.309983253479004
A2_R3_OUTCOME_FIRST,base_model.model.model.layers.13.self_attn.k_proj.lora_B.weight,0.0005112327053211629
A2_R3_OUTCOME_FIRST,base_model.model.model.layers.13.self_attn.o_proj.lora_A.weight,2.3056366443634033
A2_R3_OUTCOME_FIRST,base_model.model.model.layers.13.self_attn.o_proj.lora_B.weight,0.0008739813347347081
A2_R3_OUTCOME_FIRST,base_model.model.model.layers.13.self_attn.q_proj.lora_A.weight,2.304307222366333
A2_R3_OUTCOME_FIRST,base_model.model.model.layers.13.self_attn.q_proj.lora_B.weight,0.0010714969830587506
A2_R3_OUTCOME_FIRST,base_model.model.model.layers.13.self_attn.v_proj.lora_A.weight,2.3088290691375732
A2_R3_OUTCOME_FIRST,base_model.model.model.layers.13.self_attn.v_proj.lora_B.weight,0.0005698345485143363
A2_R3_OUTCOME_FIRST,base_model.model.model.layers.14.mlp.down_proj.lora_A.weight,2.3096120357513428
A2_R3_OUTCOME_FIRST,base_model.model.model.layers.14.mlp.down_proj.lora_B.weight,0.0009037105483002961
A2_R3_OUTCOME_FIRST,base_model.model.model.layers.14.mlp.gate_proj.lora_A.weight,2.30580997467041
A2_R3_OUTCOME_FIRST,base_model.model.model.layers.14.mlp.gate_proj.lora_B.weight,0.0016817867290228605
A2_R3_OUTCOME_FIRST,base_model.model.model.layers.14.mlp.up_proj.lora_A.weight,2.3097729682922363
A2_R3_OUTCOME_FIRST,base_model.model.model.layers.14.mlp.up_proj.lora_B.weight,0.0017004812834784389
A2_R3_OUTCOME_FIRST,base_model.model.model.layers.14.self_attn.k_proj.lora_A.weight,2.3020927906036377
A2_R3_OUTCOME_FIRST,base_model.model.model.layers.14.self_attn.k_proj.lora_B.weight,0.0005534164374694228
A2_R3_OUTCOME_FIRST,base_model.model.model.layers.14.self_attn.o_proj.lora_A.weight,2.318855047225952
A2_R3_OUTCOME_FIRST,base_model.model.model.layers.14.self_attn.o_proj.lora_B.weight,0.0008936318336054683
A2_R3_OUTCOME_FIRST,base_model.model.model.layers.14.self_attn.q_proj.lora_A.weight,2.31134033203125
A2_R3_OUTCOME_FIRST,base_model.model.model.layers.14.self_attn.q_proj.lora_B.weight,0.001093099475838244
A2_R3_OUTCOME_FIRST,base_model.model.model.layers.14.self_attn.v_proj.lora_A.weight,2.3165793418884277
A2_R3_OUTCOME_FIRST,base_model.model.model.layers.14.self_attn.v_proj.lora_B.weight,0.000573070952668786
A2_R3_OUTCOME_FIRST,base_model.model.model.layers.15.mlp.down_proj.lora_A.weight,2.3105826377868652
A2_R3_OUTCOME_FIRST,base_model.model.model.layers.15.mlp.down_proj.lora_B.weight,0.0008942444110289216
A2_R3_OUTCOME_FIRST,base_model.model.model.layers.15.mlp.gate_proj.lora_A.weight,2.3095059394836426
A2_R3_OUTCOME_FIRST,base_model.model.model.layers.15.mlp.gate_proj.lora_B.weight,0.0016769582871347666
A2_R3_OUTCOME_FIRST,base_model.model.model.layers.15.mlp.up_proj.lora_A.weight,2.3078482151031494
A2_R3_OUTCOME_FIRST,base_model.model.model.layers.15.mlp.up_proj.lora_B.weight,0.001693877624347806
A2_R3_OUTCOME_FIRST,base_model.model.model.layers.15.self_attn.k_proj.lora_A.weight,2.3047001361846924
A2_R3_OUTCOME_FIRST,base_model.model.model.layers.15.self_attn.k_proj.lora_B.weight,0.0005410134326666594
A2_R3_OUTCOME_FIRST,base_model.model.model.layers.15.self_attn.o_proj.lora_A.weight,2.3116679191589355
A2_R3_OUTCOME_FIRST,base_model.model.model.layers.15.self_attn.o_proj.lora_B.weight,0.0009239131468348205
A2_R3_OUTCOME_FIRST,base_model.model.model.layers.15.self_attn.q_proj.lora_A.weight,2.311286449432373
A2_R3_OUTCOME_FIRST,base_model.model.model.layers.15.self_attn.q_proj.lora_B.weight,0.0010745744220912457
A2_R3_OUTCOME_FIRST,base_model.model.model.layers.15.self_attn.v_proj.lora_A.weight,2.3038487434387207
A2_R3_OUTCOME_FIRST,base_model.model.model.layers.15.self_attn.v_proj.lora_B.weight,0.0005823512328788638
A2_R3_OUTCOME_FIRST,base_model.model.model.layers.16.mlp.down_proj.lora_A.weight,2.3078384399414062
A2_R3_OUTCOME_FIRST,base_model.model.model.layers.16.mlp.down_proj.lora_B.weight,0.0009071230888366699
A2_R3_OUTCOME_FIRST,base_model.model.model.layers.16.mlp.gate_proj.lora_A.weight,2.3027069568634033
A2_R3_OUTCOME_FIRST,base_model.model.model.layers.16.mlp.gate_proj.lora_B.weight,0.001684200600720942
A2_R3_OUTCOME_FIRST,base_model.model.model.layers.16.mlp.up_proj.lora_A.weight,2.306724786758423
A2_R3_OUTCOME_FIRST,base_model.model.model.layers.16.mlp.up_proj.lora_B.weight,0.0017876707715913653
A2_R3_OUTCOME_FIRST,base_model.model.model.layers.16.self_attn.k_proj.lora_A.weight,2.3063466548919678
A2_R3_OUTCOME_FIRST,base_model.model.model.layers.16.self_attn.k_proj.lora_B.weight,0.0005320392665453255
A2_R3_OUTCOME_FIRST,base_model.model.model.layers.16.self_attn.o_proj.lora_A.weight,2.308926582336426
A2_R3_OUTCOME_FIRST,base_model.model.model.layers.16.self_attn.o_proj.lora_B.weight,0.0009169733966700733
A2_R3_OUTCOME_FIRST,base_model.model.model.layers.16.self_attn.q_proj.lora_A.weight,2.3081202507019043
A2_R3_OUTCOME_FIRST,base_model.model.model.layers.16.self_attn.q_proj.lora_B.weight,0.001062045688740909
A2_R3_OUTCOME_FIRST,base_model.model.model.layers.16.self_attn.v_proj.lora_A.weight,2.304908514022827
A2_R3_OUTCOME_FIRST,base_model.model.model.layers.16.self_attn.v_proj.lora_B.weight,0.0005976323736831546
A2_R3_OUTCOME_FIRST,base_model.model.model.layers.17.mlp.down_proj.lora_A.weight,2.3093888759613037
A2_R3_OUTCOME_FIRST,base_model.model.model.layers.17.mlp.down_proj.lora_B.weight,0.0009224611567333341
A2_R3_OUTCOME_FIRST,base_model.model.model.layers.17.mlp.gate_proj.lora_A.weight,2.316580057144165
A2_R3_OUTCOME_FIRST,base_model.model.model.layers.17.mlp.gate_proj.lora_B.weight,0.0017137336544692516
A2_R3_OUTCOME_FIRST,base_model.model.model.layers.17.mlp.up_proj.lora_A.weight,2.3141136169433594
A2_R3_OUTCOME_FIRST,base_model.model.model.layers.17.mlp.up_proj.lora_B.weight,0.0017718906747177243
A2_R3_OUTCOME_FIRST,base_model.model.model.layers.17.self_attn.k_proj.lora_A.weight,2.3067262172698975
A2_R3_OUTCOME_FIRST,base_model.model.model.layers.17.self_attn.k_proj.lora_B.weight,0.0005479210522025824
A2_R3_OUTCOME_FIRST,base_model.model.model.layers.17.self_attn.o_proj.lora_A.weight,2.3134145736694336
A2_R3_OUTCOME_FIRST,base_model.model.model.layers.17.self_attn.o_proj.lora_B.weight,0.0009451268706470728
A2_R3_OUTCOME_FIRST,base_model.model.model.layers.17.self_attn.q_proj.lora_A.weight,2.3126914501190186
A2_R3_OUTCOME_FIRST,base_model.model.model.layers.17.self_attn.q_proj.lora_B.weight,0.0010577389039099216
A2_R3_OUTCOME_FIRST,base_model.model.model.layers.17.self_attn.v_proj.lora_A.weight,2.3051109313964844
A2_R3_OUTCOME_FIRST,base_model.model.model.layers.17.self_attn.v_proj.lora_B.weight,0.000608642294537276
A2_R3_OUTCOME_FIRST,base_model.model.model.layers.18.mlp.down_proj.lora_A.weight,2.312433958053589
A2_R3_OUTCOME_FIRST,base_model.model.model.layers.18.mlp.down_proj.lora_B.weight,0.0008864632109180093
A2_R3_OUTCOME_FIRST,base_model.model.model.layers.18.mlp.gate_proj.lora_A.weight,2.3043389320373535
A2_R3_OUTCOME_FIRST,base_model.model.model.layers.18.mlp.gate_proj.lora_B.weight,0.001618988928385079
A2_R3_OUTCOME_FIRST,base_model.model.model.layers.18.mlp.up_proj.lora_A.weight,2.3093059062957764
A2_R3_OUTCOME_FIRST,base_model.model.model.layers.18.mlp.up_proj.lora_B.weight,0.0017726313089951873
A2_R3_OUTCOME_FIRST,base_model.model.model.layers.18.self_attn.k_proj.lora_A.weight,2.313709020614624
A2_R3_OUTCOME_FIRST,base_model.model.model.layers.18.self_attn.k_proj.lora_B.weight,0.0005458262166939676
A2_R3_OUTCOME_FIRST,base_model.model.model.layers.18.self_attn.o_proj.lora_A.weight,2.305027484893799
A2_R3_OUTCOME_FIRST,base_model.model.model.layers.18.self_attn.o_proj.lora_B.weight,0.0009074016124941409
A2_R3_OUTCOME_FIRST,base_model.model.model.layers.18.self_attn.q_proj.lora_A.weight,2.319727897644043
A2_R3_OUTCOME_FIRST,base_model.model.model.layers.18.self_attn.q_proj.lora_B.weight,0.001064977259375155
A2_R3_OUTCOME_FIRST,base_model.model.model.layers.18.self_attn.v_proj.lora_A.weight,2.3086531162261963
A2_R3_OUTCOME_FIRST,base_model.model.model.layers.18.self_attn.v_proj.lora_B.weight,0.0006029098876751959
A2_R3_OUTCOME_FIRST,base_model.model.model.layers.19.mlp.down_proj.lora_A.weight,2.313410997390747
A2_R3_OUTCOME_FIRST,base_model.model.model.layers.19.mlp.down_proj.lora_B.weight,0.0008771563298068941
A2_R3_OUTCOME_FIRST,base_model.model.model.layers.19.mlp.gate_proj.lora_A.weight,2.3120791912078857
A2_R3_OUTCOME_FIRST,base_model.model.model.layers.19.mlp.gate_proj.lora_B.weight,0.0016622437397018075
A2_R3_OUTCOME_FIRST,base_model.model.model.layers.19.mlp.up_proj.lora_A.weight,2.3123416900634766
A2_R3_OUTCOME_FIRST,base_model.model.model.layers.19.mlp.up_proj.lora_B.weight,0.0017444088589400053
A2_R3_OUTCOME_FIRST,base_model.model.model.layers.19.self_attn.k_proj.lora_A.weight,2.316568374633789
A2_R3_OUTCOME_FIRST,base_model.model.model.layers.19.self_attn.k_proj.lora_B.weight,0.0005517249810509384
A2_R3_OUTCOME_FIRST,base_model.model.model.layers.19.self_attn.o_proj.lora_A.weight,2.3026161193847656
A2_R3_OUTCOME_FIRST,base_model.model.model.layers.19.self_attn.o_proj.lora_B.weight,0.0009354844805784523
A2_R3_OUTCOME_FIRST,base_model.model.model.layers.19.self_attn.q_proj.lora_A.weight,2.3091816902160645
A2_R3_OUTCOME_FIRST,base_model.model.model.layers.19.self_attn.q_proj.lora_B.weight,0.001066087163053453
A2_R3_OUTCOME_FIRST,base_model.model.model.layers.19.self_attn.v_proj.lora_A.weight,2.311622142791748
A2_R3_OUTCOME_FIRST,base_model.model.model.layers.19.self_attn.v_proj.lora_B.weight,0.0006072540418244898
A2_R3_OUTCOME_FIRST,base_model.model.model.layers.2.mlp.down_proj.lora_A.weight,2.308697462081909
A2_R3_OUTCOME_FIRST,base_model.model.model.layers.2.mlp.down_proj.lora_B.weight,0.0007563395192846656
A2_R3_OUTCOME_FIRST,base_model.model.model.layers.2.mlp.gate_proj.lora_A.weight,2.30446195602417
A2_R3_OUTCOME_FIRST,base_model.model.model.layers.2.mlp.gate_proj.lora_B.weight,0.0014891979517415166
A2_R3_OUTCOME_FIRST,base_model.model.model.layers.2.mlp.up_proj.lora_A.weight,2.31327486038208
A2_R3_OUTCOME_FIRST,base_model.model.model.layers.2.mlp.up_proj.lora_B.weight,0.00153649493586272
A2_R3_OUTCOME_FIRST,base_model.model.model.layers.2.self_attn.k_proj.lora_A.weight,2.304250955581665
A2_R3_OUTCOME_FIRST,base_model.model.model.layers.2.self_attn.k_proj.lora_B.weight,0.00047465544776059687
A2_R3_OUTCOME_FIRST,base_model.model.model.layers.2.self_attn.o_proj.lora_A.weight,2.3089659214019775
A2_R3_OUTCOME_FIRST,base_model.model.model.layers.2.self_attn.o_proj.lora_B.weight,0.0007527786656282842
A2_R3_OUTCOME_FIRST,base_model.model.model.layers.2.self_attn.q_proj.lora_A.weight,2.3074758052825928
A2_R3_OUTCOME_FIRST,base_model.model.model.layers.2.self_attn.q_proj.lora_B.weight,0.0009108392405323684
A2_R3_OUTCOME_FIRST,base_model.model.model.layers.2.self_attn.v_proj.lora_A.weight,2.313781499862671
A2_R3_OUTCOME_FIRST,base_model.model.model.layers.2.self_attn.v_proj.lora_B.weight,0.0004611659387592226
A2_R3_OUTCOME_FIRST,base_model.model.model.layers.20.mlp.down_proj.lora_A.weight,2.3012473583221436
A2_R3_OUTCOME_FIRST,base_model.model.model.layers.20.mlp.down_proj.lora_B.weight,0.0009213850134983659
A2_R3_OUTCOME_FIRST,base_model.model.model.layers.20.mlp.gate_proj.lora_A.weight,2.312337636947632
A2_R3_OUTCOME_FIRST,base_model.model.model.layers.20.mlp.gate_proj.lora_B.weight,0.0016658701933920383
A2_R3_OUTCOME_FIRST,base_model.model.model.layers.20.mlp.up_proj.lora_A.weight,2.3145558834075928
A2_R3_OUTCOME_FIRST,base_model.model.model.layers.20.mlp.up_proj.lora_B.weight,0.0017866441048681736
A2_R3_OUTCOME_FIRST,base_model.model.model.layers.20.self_attn.k_proj.lora_A.weight,2.3151636123657227
A2_R3_OUTCOME_FIRST,base_model.model.model.layers.20.self_attn.k_proj.lora_B.weight,0.0005402538808993995
A2_R3_OUTCOME_FIRST,base_model.model.model.layers.20.self_attn.o_proj.lora_A.weight,2.3047590255737305
A2_R3_OUTCOME_FIRST,base_model.model.model.layers.20.self_attn.o_proj.lora_B.weight,0.0009706750279292464
A2_R3_OUTCOME_FIRST,base_model.model.model.layers.20.self_attn.q_proj.lora_A.weight,2.3095297813415527
A2_R3_OUTCOME_FIRST,base_model.model.model.layers.20.self_attn.q_proj.lora_B.weight,0.0010736564872786403
A2_R3_OUTCOME_FIRST,base_model.model.model.layers.20.self_attn.v_proj.lora_A.weight,2.3065781593322754
A2_R3_OUTCOME_FIRST,base_model.model.model.layers.20.self_attn.v_proj.lora_B.weight,0.0006251885206438601
A2_R3_OUTCOME_FIRST,base_model.model.model.layers.21.mlp.down_proj.lora_A.weight,2.3069190979003906
A2_R3_OUTCOME_FIRST,base_model.model.model.layers.21.mlp.down_proj.lora_B.weight,0.0009450189536437392
A2_R3_OUTCOME_FIRST,base_model.model.model.layers.21.mlp.gate_proj.lora_A.weight,2.3160288333892822
A2_R3_OUTCOME_FIRST,base_model.model.model.layers.21.mlp.gate_proj.lora_B.weight,0.0014900153037160635
A2_R3_OUTCOME_FIRST,base_model.model.model.layers.21.mlp.up_proj.lora_A.weight,2.310786485671997
A2_R3_OUTCOME_FIRST,base_model.model.model.layers.21.mlp.up_proj.lora_B.weight,0.0017223365139216185
A2_R3_OUTCOME_FIRST,base_model.model.model.layers.21.self_attn.k_proj.lora_A.weight,2.3114242553710938
A2_R3_OUTCOME_FIRST,base_model.model.model.layers.21.self_attn.k_proj.lora_B.weight,0.0005880744429305196
A2_R3_OUTCOME_FIRST,base_model.model.model.layers.21.self_attn.o_proj.lora_A.weight,2.320852518081665
A2_R3_OUTCOME_FIRST,base_model.model.model.layers.21.self_attn.o_proj.lora_B.weight,0.0009167978423647583
A2_R3_OUTCOME_FIRST,base_model.model.model.layers.21.self_attn.q_proj.lora_A.weight,2.307445764541626
A2_R3_OUTCOME_FIRST,base_model.model.model.layers.21.self_attn.q_proj.lora_B.weight,0.001134979072958231
A2_R3_OUTCOME_FIRST,base_model.model.model.layers.21.self_attn.v_proj.lora_A.weight,2.3095123767852783
A2_R3_OUTCOME_FIRST,base_model.model.model.layers.21.self_attn.v_proj.lora_B.weight,0.0006327921873889863
A2_R3_OUTCOME_FIRST,base_model.model.model.layers.22.mlp.down_proj.lora_A.weight,2.3071866035461426
A2_R3_OUTCOME_FIRST,base_model.model.model.layers.22.mlp.down_proj.lora_B.weight,0.0008960074628703296
A2_R3_OUTCOME_FIRST,base_model.model.model.layers.22.mlp.gate_proj.lora_A.weight,2.3068885803222656
A2_R3_OUTCOME_FIRST,base_model.model.model.layers.22.mlp.gate_proj.lora_B.weight,0.0013831545365974307
A2_R3_OUTCOME_FIRST,base_model.model.model.layers.22.mlp.up_proj.lora_A.weight,2.312387466430664
A2_R3_OUTCOME_FIRST,base_model.model.model.layers.22.mlp.up_proj.lora_B.weight,0.0015569739043712616
A2_R3_OUTCOME_FIRST,base_model.model.model.layers.22.self_attn.k_proj.lora_A.weight,2.301365852355957
A2_R3_OUTCOME_FIRST,base_model.model.model.layers.22.self_attn.k_proj.lora_B.weight,0.0005584852769970894
A2_R3_OUTCOME_FIRST,base_model.model.model.layers.22.self_attn.o_proj.lora_A.weight,2.3047125339508057
A2_R3_OUTCOME_FIRST,base_model.model.model.layers.22.self_attn.o_proj.lora_B.weight,0.0008773893932811916
A2_R3_OUTCOME_FIRST,base_model.model.model.layers.22.self_attn.q_proj.lora_A.weight,2.308565139770508
A2_R3_OUTCOME_FIRST,base_model.model.model.layers.22.self_attn.q_proj.lora_B.weight,0.0009972297120839357
A2_R3_OUTCOME_FIRST,base_model.model.model.layers.22.self_attn.v_proj.lora_A.weight,2.3123385906219482
A2_R3_OUTCOME_FIRST,base_model.model.model.layers.22.self_attn.v_proj.lora_B.weight,0.0006120059988461435
A2_R3_OUTCOME_FIRST,base_model.model.model.layers.23.mlp.down_proj.lora_A.weight,2.3087751865386963
A2_R3_OUTCOME_FIRST,base_model.model.model.layers.23.mlp.down_proj.lora_B.weight,0.0007939965580590069
A2_R3_OUTCOME_FIRST,base_model.model.model.layers.23.mlp.gate_proj.lora_A.weight,2.3047800064086914
A2_R3_OUTCOME_FIRST,base_model.model.model.layers.23.mlp.gate_proj.lora_B.weight,0.00139818643219769
A2_R3_OUTCOME_FIRST,base_model.model.model.layers.23.mlp.up_proj.lora_A.weight,2.3071560859680176
A2_R3_OUTCOME_FIRST,base_model.model.model.layers.23.mlp.up_proj.lora_B.weight,0.0015509175136685371
A2_R3_OUTCOME_FIRST,base_model.model.model.layers.23.self_attn.k_proj.lora_A.weight,2.314063787460327
A2_R3_OUTCOME_FIRST,base_model.model.model.layers.23.self_attn.k_proj.lora_B.weight,0.0005303476355038583
A2_R3_OUTCOME_FIRST,base_model.model.model.layers.23.self_attn.o_proj.lora_A.weight,2.306220293045044
A2_R3_OUTCOME_FIRST,base_model.model.model.layers.23.self_attn.o_proj.lora_B.weight,0.000840148888528347
A2_R3_OUTCOME_FIRST,base_model.model.model.layers.23.self_attn.q_proj.lora_A.weight,2.3032119274139404
A2_R3_OUTCOME_FIRST,base_model.model.model.layers.23.self_attn.q_proj.lora_B.weight,0.0009018204873427749
A2_R3_OUTCOME_FIRST,base_model.model.model.layers.23.self_attn.v_proj.lora_A.weight,2.3059494495391846
A2_R3_OUTCOME_FIRST,base_model.model.model.layers.23.self_attn.v_proj.lora_B.weight,0.0006135671283118427
A2_R3_OUTCOME_FIRST,base_model.model.model.layers.24.mlp.down_proj.lora_A.weight,2.3050034046173096
A2_R3_OUTCOME_FIRST,base_model.model.model.layers.24.mlp.down_proj.lora_B.weight,0.0008441183599643409
A2_R3_OUTCOME_FIRST,base_model.model.model.layers.24.mlp.gate_proj.lora_A.weight,2.306699275970459
A2_R3_OUTCOME_FIRST,base_model.model.model.layers.24.mlp.gate_proj.lora_B.weight,0.001298461458645761
A2_R3_OUTCOME_FIRST,base_model.model.model.layers.24.mlp.up_proj.lora_A.weight,2.3146705627441406
A2_R3_OUTCOME_FIRST,base_model.model.model.layers.24.mlp.up_proj.lora_B.weight,0.0015724606346338987
A2_R3_OUTCOME_FIRST,base_model.model.model.layers.24.self_attn.k_proj.lora_A.weight,2.3123340606689453
A2_R3_OUTCOME_FIRST,base_model.model.model.layers.24.self_attn.k_proj.lora_B.weight,0.0005331666907295585
A2_R3_OUTCOME_FIRST,base_model.model.model.layers.24.self_attn.o_proj.lora_A.weight,2.3110921382904053
A2_R3_OUTCOME_FIRST,base_model.model.model.layers.24.self_attn.o_proj.lora_B.weight,0.0008503967546857893
A2_R3_OUTCOME_FIRST,base_model.model.model.layers.24.self_attn.q_proj.lora_A.weight,2.3068313598632812
A2_R3_OUTCOME_FIRST,base_model.model.model.layers.24.self_attn.q_proj.lora_B.weight,0.001034054672345519
A2_R3_OUTCOME_FIRST,base_model.model.model.layers.24.self_attn.v_proj.lora_A.weight,2.308459758758545
A2_R3_OUTCOME_FIRST,base_model.model.model.layers.24.self_attn.v_proj.lora_B.weight,0.0005673455307260156
A2_R3_OUTCOME_FIRST,base_model.model.model.layers.25.mlp.down_proj.lora_A.weight,2.3099160194396973
A2_R3_OUTCOME_FIRST,base_model.model.model.layers.25.mlp.down_proj.lora_B.weight,0.0009330968605354428
A2_R3_OUTCOME_FIRST,base_model.model.model.layers.25.mlp.gate_proj.lora_A.weight,2.3116157054901123
A2_R3_OUTCOME_FIRST,base_model.model.model.layers.25.mlp.gate_proj.lora_B.weight,0.0012668899726122618
A2_R3_OUTCOME_FIRST,base_model.model.model.layers.25.mlp.up_proj.lora_A.weight,2.3151304721832275
A2_R3_OUTCOME_FIRST,base_model.model.model.layers.25.mlp.up_proj.lora_B.weight,0.0014883795520290732
A2_R3_OUTCOME_FIRST,base_model.model.model.layers.25.self_attn.k_proj.lora_A.weight,2.313750982284546
A2_R3_OUTCOME_FIRST,base_model.model.model.layers.25.self_attn.k_proj.lora_B.weight,0.00047861391794867814
A2_R3_OUTCOME_FIRST,base_model.model.model.layers.25.self_attn.o_proj.lora_A.weight,2.31650972366333
A2_R3_OUTCOME_FIRST,base_model.model.model.layers.25.self_attn.o_proj.lora_B.weight,0.0008149151690304279
A2_R3_OUTCOME_FIRST,base_model.model.model.layers.25.self_attn.q_proj.lora_A.weight,2.308664560317993
A2_R3_OUTCOME_FIRST,base_model.model.model.layers.25.self_attn.q_proj.lora_B.weight,0.0009330663015134633
A2_R3_OUTCOME_FIRST,base_model.model.model.layers.25.self_attn.v_proj.lora_A.weight,2.3087191581726074
A2_R3_OUTCOME_FIRST,base_model.model.model.layers.25.self_attn.v_proj.lora_B.weight,0.0005382442031987011
A2_R3_OUTCOME_FIRST,base_model.model.model.layers.26.mlp.down_proj.lora_A.weight,2.310969591140747
A2_R3_OUTCOME_FIRST,base_model.model.model.layers.26.mlp.down_proj.lora_B.weight,0.000809586956165731
A2_R3_OUTCOME_FIRST,base_model.model.model.layers.26.mlp.gate_proj.lora_A.weight,2.3086743354797363
A2_R3_OUTCOME_FIRST,base_model.model.model.layers.26.mlp.gate_proj.lora_B.weight,0.0013023632345721126
A2_R3_OUTCOME_FIRST,base_model.model.model.layers.26.mlp.up_proj.lora_A.weight,2.310760974884033
A2_R3_OUTCOME_FIRST,base_model.model.model.layers.26.mlp.up_proj.lora_B.weight,0.0015260339714586735
A2_R3_OUTCOME_FIRST,base_model.model.model.layers.26.self_attn.k_proj.lora_A.weight,2.3172428607940674
A2_R3_OUTCOME_FIRST,base_model.model.model.layers.26.self_attn.k_proj.lora_B.weight,0.0004784096381627023
A2_R3_OUTCOME_FIRST,base_model.model.model.layers.26.self_attn.o_proj.lora_A.weight,2.3053247928619385
A2_R3_OUTCOME_FIRST,base_model.model.model.layers.26.self_attn.o_proj.lora_B.weight,0.0008507499587722123
A2_R3_OUTCOME_FIRST,base_model.model.model.layers.26.self_attn.q_proj.lora_A.weight,2.3106977939605713
A2_R3_OUTCOME_FIRST,base_model.model.model.layers.26.self_attn.q_proj.lora_B.weight,0.0008940538973547518
A2_R3_OUTCOME_FIRST,base_model.model.model.layers.26.self_attn.v_proj.lora_A.weight,2.311230182647705
A2_R3_OUTCOME_FIRST,base_model.model.model.layers.26.self_attn.v_proj.lora_B.weight,0.0005081125418655574
A2_R3_OUTCOME_FIRST,base_model.model.model.layers.27.mlp.down_proj.lora_A.weight,2.3085789680480957
A2_R3_OUTCOME_FIRST,base_model.model.model.layers.27.mlp.down_proj.lora_B.weight,0.0008478172239847481
A2_R3_OUTCOME_FIRST,base_model.model.model.layers.27.mlp.gate_proj.lora_A.weight,2.31292462348938
A2_R3_OUTCOME_FIRST,base_model.model.model.layers.27.mlp.gate_proj.lora_B.weight,0.001373004517517984
A2_R3_OUTCOME_FIRST,base_model.model.model.layers.27.mlp.up_proj.lora_A.weight,2.3027076721191406
A2_R3_OUTCOME_FIRST,base_model.model.model.layers.27.mlp.up_proj.lora_B.weight,0.0013655165676027536
A2_R3_OUTCOME_FIRST,base_model.model.model.layers.27.self_attn.k_proj.lora_A.weight,2.309020757675171
A2_R3_OUTCOME_FIRST,base_model.model.model.layers.27.self_attn.k_proj.lora_B.weight,0.00047351003740914166
A2_R3_OUTCOME_FIRST,base_model.model.model.layers.27.self_attn.o_proj.lora_A.weight,2.299891233444214
A2_R3_OUTCOME_FIRST,base_model.model.model.layers.27.self_attn.o_proj.lora_B.weight,0.0008004464907571673
A2_R3_OUTCOME_FIRST,base_model.model.model.layers.27.self_attn.q_proj.lora_A.weight,2.3130130767822266
A2_R3_OUTCOME_FIRST,base_model.model.model.layers.27.self_attn.q_proj.lora_B.weight,0.0008532303618267179
A2_R3_OUTCOME_FIRST,base_model.model.model.layers.27.self_attn.v_proj.lora_A.weight,2.3036789894104004
A2_R3_OUTCOME_FIRST,base_model.model.model.layers.27.self_attn.v_proj.lora_B.weight,0.0005163741298019886
A2_R3_OUTCOME_FIRST,base_model.model.model.layers.28.mlp.down_proj.lora_A.weight,2.3072891235351562
A2_R3_OUTCOME_FIRST,base_model.model.model.layers.28.mlp.down_proj.lora_B.weight,0.0007633736240677536
A2_R3_OUTCOME_FIRST,base_model.model.model.layers.28.mlp.gate_proj.lora_A.weight,2.30308198928833
A2_R3_OUTCOME_FIRST,base_model.model.model.layers.28.mlp.gate_proj.lora_B.weight,0.0013767271302640438
A2_R3_OUTCOME_FIRST,base_model.model.model.layers.28.mlp.up_proj.lora_A.weight,2.3140783309936523
A2_R3_OUTCOME_FIRST,base_model.model.model.layers.28.mlp.up_proj.lora_B.weight,0.0014485565479844809
A2_R3_OUTCOME_FIRST,base_model.model.model.layers.28.self_attn.k_proj.lora_A.weight,2.305988073348999
A2_R3_OUTCOME_FIRST,base_model.model.model.layers.28.self_attn.k_proj.lora_B.weight,0.0005236424040049314
A2_R3_OUTCOME_FIRST,base_model.model.model.layers.28.self_attn.o_proj.lora_A.weight,2.309481143951416
A2_R3_OUTCOME_FIRST,base_model.model.model.layers.28.self_attn.o_proj.lora_B.weight,0.0007960862712934613
A2_R3_OUTCOME_FIRST,base_model.model.model.layers.28.self_attn.q_proj.lora_A.weight,2.3127336502075195
A2_R3_OUTCOME_FIRST,base_model.model.model.layers.28.self_attn.q_proj.lora_B.weight,0.0009229904389940202
A2_R3_OUTCOME_FIRST,base_model.model.model.layers.28.self_attn.v_proj.lora_A.weight,2.3041911125183105
A2_R3_OUTCOME_FIRST,base_model.model.model.layers.28.self_attn.v_proj.lora_B.weight,0.0004939510836265981
A2_R3_OUTCOME_FIRST,base_model.model.model.layers.29.mlp.down_proj.lora_A.weight,2.3129241466522217
A2_R3_OUTCOME_FIRST,base_model.model.model.layers.29.mlp.down_proj.lora_B.weight,0.0007059987401589751
A2_R3_OUTCOME_FIRST,base_model.model.model.layers.29.mlp.gate_proj.lora_A.weight,2.306220054626465
A2_R3_OUTCOME_FIRST,base_model.model.model.layers.29.mlp.gate_proj.lora_B.weight,0.0012774409260600805
A2_R3_OUTCOME_FIRST,base_model.model.model.layers.29.mlp.up_proj.lora_A.weight,2.3110368251800537
A2_R3_OUTCOME_FIRST,base_model.model.model.layers.29.mlp.up_proj.lora_B.weight,0.0014023202238604426
A2_R3_OUTCOME_FIRST,base_model.model.model.layers.29.self_attn.k_proj.lora_A.weight,2.300165891647339
A2_R3_OUTCOME_FIRST,base_model.model.model.layers.29.self_attn.k_proj.lora_B.weight,0.00046755780931562185
A2_R3_OUTCOME_FIRST,base_model.model.model.layers.29.self_attn.o_proj.lora_A.weight,2.3132071495056152
A2_R3_OUTCOME_FIRST,base_model.model.model.layers.29.self_attn.o_proj.lora_B.weight,0.0007853800198063254
A2_R3_OUTCOME_FIRST,base_model.model.model.layers.29.self_attn.q_proj.lora_A.weight,2.3085737228393555
A2_R3_OUTCOME_FIRST,base_model.model.model.layers.29.self_attn.q_proj.lora_B.weight,0.0008547444012947381
A2_R3_OUTCOME_FIRST,base_model.model.model.layers.29.self_attn.v_proj.lora_A.weight,2.3065218925476074
A2_R3_OUTCOME_FIRST,base_model.model.model.layers.29.self_attn.v_proj.lora_B.weight,0.00046782262506894767
A2_R3_OUTCOME_FIRST,base_model.model.model.layers.3.mlp.down_proj.lora_A.weight,2.304205894470215
A2_R3_OUTCOME_FIRST,base_model.model.model.layers.3.mlp.down_proj.lora_B.weight,0.0008028878946788609
A2_R3_OUTCOME_FIRST,base_model.model.model.layers.3.mlp.gate_proj.lora_A.weight,2.317234992980957
A2_R3_OUTCOME_FIRST,base_model.model.model.layers.3.mlp.gate_proj.lora_B.weight,0.0014812025474384427
A2_R3_OUTCOME_FIRST,base_model.model.model.layers.3.mlp.up_proj.lora_A.weight,2.3123505115509033
A2_R3_OUTCOME_FIRST,base_model.model.model.layers.3.mlp.up_proj.lora_B.weight,0.0015508204232901335
A2_R3_OUTCOME_FIRST,base_model.model.model.layers.3.self_attn.k_proj.lora_A.weight,2.3035032749176025
A2_R3_OUTCOME_FIRST,base_model.model.model.layers.3.self_attn.k_proj.lora_B.weight,0.0004515575128607452
A2_R3_OUTCOME_FIRST,base_model.model.model.layers.3.self_attn.o_proj.lora_A.weight,2.305061101913452
A2_R3_OUTCOME_FIRST,base_model.model.model.layers.3.self_attn.o_proj.lora_B.weight,0.0007369365193881094
A2_R3_OUTCOME_FIRST,base_model.model.model.layers.3.self_attn.q_proj.lora_A.weight,2.307128429412842
A2_R3_OUTCOME_FIRST,base_model.model.model.layers.3.self_attn.q_proj.lora_B.weight,0.0008806759142316878
A2_R3_OUTCOME_FIRST,base_model.model.model.layers.3.self_attn.v_proj.lora_A.weight,2.305983543395996
A2_R3_OUTCOME_FIRST,base_model.model.model.layers.3.self_attn.v_proj.lora_B.weight,0.0004866381932515651
A2_R3_OUTCOME_FIRST,base_model.model.model.layers.30.mlp.down_proj.lora_A.weight,2.3100757598876953
A2_R3_OUTCOME_FIRST,base_model.model.model.layers.30.mlp.down_proj.lora_B.weight,0.000741847965400666
A2_R3_OUTCOME_FIRST,base_model.model.model.layers.30.mlp.gate_proj.lora_A.weight,2.3121795654296875
A2_R3_OUTCOME_FIRST,base_model.model.model.layers.30.mlp.gate_proj.lora_B.weight,0.0012209907872602344
A2_R3_OUTCOME_FIRST,base_model.model.model.layers.30.mlp.up_proj.lora_A.weight,2.3031327724456787
A2_R3_OUTCOME_FIRST,base_model.model.model.layers.30.mlp.up_proj.lora_B.weight,0.0014633755199611187
A2_R3_OUTCOME_FIRST,base_model.model.model.layers.30.self_attn.k_proj.lora_A.weight,2.3103795051574707
A2_R3_OUTCOME_FIRST,base_model.model.model.layers.30.self_attn.k_proj.lora_B.weight,0.0003778589889407158
A2_R3_OUTCOME_FIRST,base_model.model.model.layers.30.self_attn.o_proj.lora_A.weight,2.316771984100342
A2_R3_OUTCOME_FIRST,base_model.model.model.layers.30.self_attn.o_proj.lora_B.weight,0.00066537776729092
A2_R3_OUTCOME_FIRST,base_model.model.model.layers.30.self_attn.q_proj.lora_A.weight,2.313014030456543
A2_R3_OUTCOME_FIRST,base_model.model.model.layers.30.self_attn.q_proj.lora_B.weight,0.0007086750702001154
A2_R3_OUTCOME_FIRST,base_model.model.model.layers.30.self_attn.v_proj.lora_A.weight,2.304075002670288
A2_R3_OUTCOME_FIRST,base_model.model.model.layers.30.self_attn.v_proj.lora_B.weight,0.00046942554763518274
A2_R3_OUTCOME_FIRST,base_model.model.model.layers.31.mlp.down_proj.lora_A.weight,2.3075740337371826
A2_R3_OUTCOME_FIRST,base_model.model.model.layers.31.mlp.down_proj.lora_B.weight,0.0007911492721177638
A2_R3_OUTCOME_FIRST,base_model.model.model.layers.31.mlp.gate_proj.lora_A.weight,2.3077032566070557
A2_R3_OUTCOME_FIRST,base_model.model.model.layers.31.mlp.gate_proj.lora_B.weight,0.0012423057341948152
A2_R3_OUTCOME_FIRST,base_model.model.model.layers.31.mlp.up_proj.lora_A.weight,2.3140270709991455
A2_R3_OUTCOME_FIRST,base_model.model.model.layers.31.mlp.up_proj.lora_B.weight,0.0013612339971587062
A2_R3_OUTCOME_FIRST,base_model.model.model.layers.31.self_attn.k_proj.lora_A.weight,2.299736261367798
A2_R3_OUTCOME_FIRST,base_model.model.model.layers.31.self_attn.k_proj.lora_B.weight,0.00045076588867232203
A2_R3_OUTCOME_FIRST,base_model.model.model.layers.31.self_attn.o_proj.lora_A.weight,2.3177759647369385
A2_R3_OUTCOME_FIRST,base_model.model.model.layers.31.self_attn.o_proj.lora_B.weight,0.0007371965912170708
A2_R3_OUTCOME_FIRST,base_model.model.model.layers.31.self_attn.q_proj.lora_A.weight,2.304675817489624
A2_R3_OUTCOME_FIRST,base_model.model.model.layers.31.self_attn.q_proj.lora_B.weight,0.0007900537457317114
A2_R3_OUTCOME_FIRST,base_model.model.model.layers.31.self_attn.v_proj.lora_A.weight,2.299792766571045
A2_R3_OUTCOME_FIRST,base_model.model.model.layers.31.self_attn.v_proj.lora_B.weight,0.00047862017527222633
A2_R3_OUTCOME_FIRST,base_model.model.model.layers.32.mlp.down_proj.lora_A.weight,2.3086342811584473
A2_R3_OUTCOME_FIRST,base_model.model.model.layers.32.mlp.down_proj.lora_B.weight,0.0006978078745305538
A2_R3_OUTCOME_FIRST,base_model.model.model.layers.32.mlp.gate_proj.lora_A.weight,2.32137131690979
A2_R3_OUTCOME_FIRST,base_model.model.model.layers.32.mlp.gate_proj.lora_B.weight,0.0012531167594715953
A2_R3_OUTCOME_FIRST,base_model.model.model.layers.32.mlp.up_proj.lora_A.weight,2.31467604637146
A2_R3_OUTCOME_FIRST,base_model.model.model.layers.32.mlp.up_proj.lora_B.weight,0.0013680430129170418
A2_R3_OUTCOME_FIRST,base_model.model.model.layers.32.self_attn.k_proj.lora_A.weight,2.3128561973571777
A2_R3_OUTCOME_FIRST,base_model.model.model.layers.32.self_attn.k_proj.lora_B.weight,0.0005132780643180013
A2_R3_OUTCOME_FIRST,base_model.model.model.layers.32.self_attn.o_proj.lora_A.weight,2.3080856800079346
A2_R3_OUTCOME_FIRST,base_model.model.model.layers.32.self_attn.o_proj.lora_B.weight,0.0008066737791523337
A2_R3_OUTCOME_FIRST,base_model.model.model.layers.32.self_attn.q_proj.lora_A.weight,2.3114845752716064
A2_R3_OUTCOME_FIRST,base_model.model.model.layers.32.self_attn.q_proj.lora_B.weight,0.0008562288712710142
A2_R3_OUTCOME_FIRST,base_model.model.model.layers.32.self_attn.v_proj.lora_A.weight,2.317448139190674
A2_R3_OUTCOME_FIRST,base_model.model.model.layers.32.self_attn.v_proj.lora_B.weight,0.0005104682059027255
A2_R3_OUTCOME_FIRST,base_model.model.model.layers.33.mlp.down_proj.lora_A.weight,2.3080413341522217
A2_R3_OUTCOME_FIRST,base_model.model.model.layers.33.mlp.down_proj.lora_B.weight,0.0007578559452667832
A2_R3_OUTCOME_FIRST,base_model.model.model.layers.33.mlp.gate_proj.lora_A.weight,2.310210943222046
A2_R3_OUTCOME_FIRST,base_model.model.model.layers.33.mlp.gate_proj.lora_B.weight,0.0010945101967081428
A2_R3_OUTCOME_FIRST,base_model.model.model.layers.33.mlp.up_proj.lora_A.weight,2.3070919513702393
A2_R3_OUTCOME_FIRST,base_model.model.model.layers.33.mlp.up_proj.lora_B.weight,0.0013884411891922355
A2_R3_OUTCOME_FIRST,base_model.model.model.layers.33.self_attn.k_proj.lora_A.weight,2.298013687133789
A2_R3_OUTCOME_FIRST,base_model.model.model.layers.33.self_attn.k_proj.lora_B.weight,0.00044210150372236967
A2_R3_OUTCOME_FIRST,base_model.model.model.layers.33.self_attn.o_proj.lora_A.weight,2.312797784805298
A2_R3_OUTCOME_FIRST,base_model.model.model.layers.33.self_attn.o_proj.lora_B.weight,0.0007369619561359286
A2_R3_OUTCOME_FIRST,base_model.model.model.layers.33.self_attn.q_proj.lora_A.weight,2.3036446571350098
A2_R3_OUTCOME_FIRST,base_model.model.model.layers.33.self_attn.q_proj.lora_B.weight,0.0007993170293048024
A2_R3_OUTCOME_FIRST,base_model.model.model.layers.33.self_attn.v_proj.lora_A.weight,2.312514066696167
A2_R3_OUTCOME_FIRST,base_model.model.model.layers.33.self_attn.v_proj.lora_B.weight,0.0005192579701542854
A2_R3_OUTCOME_FIRST,base_model.model.model.layers.34.mlp.down_proj.lora_A.weight,2.3088724613189697
A2_R3_OUTCOME_FIRST,base_model.model.model.layers.34.mlp.down_proj.lora_B.weight,0.0007611433393321931
A2_R3_OUTCOME_FIRST,base_model.model.model.layers.34.mlp.gate_proj.lora_A.weight,2.3138175010681152
A2_R3_OUTCOME_FIRST,base_model.model.model.layers.34.mlp.gate_proj.lora_B.weight,0.0012758359080180526
A2_R3_OUTCOME_FIRST,base_model.model.model.layers.34.mlp.up_proj.lora_A.weight,2.3144657611846924
A2_R3_OUTCOME_FIRST,base_model.model.model.layers.34.mlp.up_proj.lora_B.weight,0.0013280962593853474
A2_R3_OUTCOME_FIRST,base_model.model.model.layers.34.self_attn.k_proj.lora_A.weight,2.320028305053711
A2_R3_OUTCOME_FIRST,base_model.model.model.layers.34.self_attn.k_proj.lora_B.weight,0.0004845556104555726
A2_R3_OUTCOME_FIRST,base_model.model.model.layers.34.self_attn.o_proj.lora_A.weight,2.315455436706543
A2_R3_OUTCOME_FIRST,base_model.model.model.layers.34.self_attn.o_proj.lora_B.weight,0.0007121989037841558
A2_R3_OUTCOME_FIRST,base_model.model.model.layers.34.self_attn.q_proj.lora_A.weight,2.3099470138549805
A2_R3_OUTCOME_FIRST,base_model.model.model.layers.34.self_attn.q_proj.lora_B.weight,0.000791899103205651
A2_R3_OUTCOME_FIRST,base_model.model.model.layers.34.self_attn.v_proj.lora_A.weight,2.3032073974609375
A2_R3_OUTCOME_FIRST,base_model.model.model.layers.34.self_attn.v_proj.lora_B.weight,0.0005060676485300064
A2_R3_OUTCOME_FIRST,base_model.model.model.layers.35.mlp.down_proj.lora_A.weight,2.3093526363372803
A2_R3_OUTCOME_FIRST,base_model.model.model.layers.35.mlp.down_proj.lora_B.weight,0.0008576176478527486
A2_R3_OUTCOME_FIRST,base_model.model.model.layers.35.mlp.gate_proj.lora_A.weight,2.303395986557007
A2_R3_OUTCOME_FIRST,base_model.model.model.layers.35.mlp.gate_proj.lora_B.weight,0.0012437732657417655
A2_R3_OUTCOME_FIRST,base_model.model.model.layers.35.mlp.up_proj.lora_A.weight,2.3059439659118652
A2_R3_OUTCOME_FIRST,base_model.model.model.layers.35.mlp.up_proj.lora_B.weight,0.0012567674275487661
A2_R3_OUTCOME_FIRST,base_model.model.model.layers.35.self_attn.k_proj.lora_A.weight,2.310378074645996
A2_R3_OUTCOME_FIRST,base_model.model.model.layers.35.self_attn.k_proj.lora_B.weight,0.0004930498544126749
A2_R3_OUTCOME_FIRST,base_model.model.model.layers.35.self_attn.o_proj.lora_A.weight,2.3087713718414307
A2_R3_OUTCOME_FIRST,base_model.model.model.layers.35.self_attn.o_proj.lora_B.weight,0.0007698963745497167
A2_R3_OUTCOME_FIRST,base_model.model.model.layers.35.self_attn.q_proj.lora_A.weight,2.304321527481079
A2_R3_OUTCOME_FIRST,base_model.model.model.layers.35.self_attn.q_proj.lora_B.weight,0.0009039430296979845
A2_R3_OUTCOME_FIRST,base_model.model.model.layers.35.self_attn.v_proj.lora_A.weight,2.3132007122039795
A2_R3_OUTCOME_FIRST,base_model.model.model.layers.35.self_attn.v_proj.lora_B.weight,0.0005087180179543793
A2_R3_OUTCOME_FIRST,base_model.model.model.layers.4.mlp.down_proj.lora_A.weight,2.306317090988159
A2_R3_OUTCOME_FIRST,base_model.model.model.layers.4.mlp.down_proj.lora_B.weight,0.0008052925695665181
A2_R3_OUTCOME_FIRST,base_model.model.model.layers.4.mlp.gate_proj.lora_A.weight,2.300302028656006
A2_R3_OUTCOME_FIRST,base_model.model.model.layers.4.mlp.gate_proj.lora_B.weight,0.0015088971704244614
A2_R3_OUTCOME_FIRST,base_model.model.model.layers.4.mlp.up_proj.lora_A.weight,2.2990729808807373
A2_R3_OUTCOME_FIRST,base_model.model.model.layers.4.mlp.up_proj.lora_B.weight,0.0015225469833239913
A2_R3_OUTCOME_FIRST,base_model.model.model.layers.4.self_attn.k_proj.lora_A.weight,2.3071184158325195
A2_R3_OUTCOME_FIRST,base_model.model.model.layers.4.self_attn.k_proj.lora_B.weight,0.0004868981777690351
A2_R3_OUTCOME_FIRST,base_model.model.model.layers.4.self_attn.o_proj.lora_A.weight,2.311161994934082
A2_R3_OUTCOME_FIRST,base_model.model.model.layers.4.self_attn.o_proj.lora_B.weight,0.0007499773637391627
A2_R3_OUTCOME_FIRST,base_model.model.model.layers.4.self_attn.q_proj.lora_A.weight,2.3067121505737305
A2_R3_OUTCOME_FIRST,base_model.model.model.layers.4.self_attn.q_proj.lora_B.weight,0.0009395111701451242
A2_R3_OUTCOME_FIRST,base_model.model.model.layers.4.self_attn.v_proj.lora_A.weight,2.3006644248962402
A2_R3_OUTCOME_FIRST,base_model.model.model.layers.4.self_attn.v_proj.lora_B.weight,0.00047546837595291436
A2_R3_OUTCOME_FIRST,base_model.model.model.layers.5.mlp.down_proj.lora_A.weight,2.3111023902893066
A2_R3_OUTCOME_FIRST,base_model.model.model.layers.5.mlp.down_proj.lora_B.weight,0.000818021479062736
A2_R3_OUTCOME_FIRST,base_model.model.model.layers.5.mlp.gate_proj.lora_A.weight,2.313750743865967
A2_R3_OUTCOME_FIRST,base_model.model.model.layers.5.mlp.gate_proj.lora_B.weight,0.0015226515242829919
A2_R3_OUTCOME_FIRST,base_model.model.model.layers.5.mlp.up_proj.lora_A.weight,2.314631462097168
A2_R3_OUTCOME_FIRST,base_model.model.model.layers.5.mlp.up_proj.lora_B.weight,0.0015137901064008474
A2_R3_OUTCOME_FIRST,base_model.model.model.layers.5.self_attn.k_proj.lora_A.weight,2.314016580581665
A2_R3_OUTCOME_FIRST,base_model.model.model.layers.5.self_attn.k_proj.lora_B.weight,0.0004779784649144858
A2_R3_OUTCOME_FIRST,base_model.model.model.layers.5.self_attn.o_proj.lora_A.weight,2.306361675262451
A2_R3_OUTCOME_FIRST,base_model.model.model.layers.5.self_attn.o_proj.lora_B.weight,0.0007518467027693987
A2_R3_OUTCOME_FIRST,base_model.model.model.layers.5.self_attn.q_proj.lora_A.weight,2.3109090328216553
A2_R3_OUTCOME_FIRST,base_model.model.model.layers.5.self_attn.q_proj.lora_B.weight,0.0009463892783969641
A2_R3_OUTCOME_FIRST,base_model.model.model.layers.5.self_attn.v_proj.lora_A.weight,2.305959463119507
A2_R3_OUTCOME_FIRST,base_model.model.model.layers.5.self_attn.v_proj.lora_B.weight,0.00046738467062823474
A2_R3_OUTCOME_FIRST,base_model.model.model.layers.6.mlp.down_proj.lora_A.weight,2.308624505996704
A2_R3_OUTCOME_FIRST,base_model.model.model.layers.6.mlp.down_proj.lora_B.weight,0.0008534026565030217
A2_R3_OUTCOME_FIRST,base_model.model.model.layers.6.mlp.gate_proj.lora_A.weight,2.3195552825927734
A2_R3_OUTCOME_FIRST,base_model.model.model.layers.6.mlp.gate_proj.lora_B.weight,0.0015150118852034211
A2_R3_OUTCOME_FIRST,base_model.model.model.layers.6.mlp.up_proj.lora_A.weight,2.3056271076202393
A2_R3_OUTCOME_FIRST,base_model.model.model.layers.6.mlp.up_proj.lora_B.weight,0.0015333740739151835
A2_R3_OUTCOME_FIRST,base_model.model.model.layers.6.self_attn.k_proj.lora_A.weight,2.309934377670288
A2_R3_OUTCOME_FIRST,base_model.model.model.layers.6.self_attn.k_proj.lora_B.weight,0.0004484495730139315
A2_R3_OUTCOME_FIRST,base_model.model.model.layers.6.self_attn.o_proj.lora_A.weight,2.314368963241577
A2_R3_OUTCOME_FIRST,base_model.model.model.layers.6.self_attn.o_proj.lora_B.weight,0.0007884823135100305
A2_R3_OUTCOME_FIRST,base_model.model.model.layers.6.self_attn.q_proj.lora_A.weight,2.3083810806274414
A2_R3_OUTCOME_FIRST,base_model.model.model.layers.6.self_attn.q_proj.lora_B.weight,0.00088577187852934
A2_R3_OUTCOME_FIRST,base_model.model.model.layers.6.self_attn.v_proj.lora_A.weight,2.309788465499878
A2_R3_OUTCOME_FIRST,base_model.model.model.layers.6.self_attn.v_proj.lora_B.weight,0.00046472373651340604
A2_R3_OUTCOME_FIRST,base_model.model.model.layers.7.mlp.down_proj.lora_A.weight,2.304612874984741
A2_R3_OUTCOME_FIRST,base_model.model.model.layers.7.mlp.down_proj.lora_B.weight,0.0008393321186304092
A2_R3_OUTCOME_FIRST,base_model.model.model.layers.7.mlp.gate_proj.lora_A.weight,2.3004565238952637
A2_R3_OUTCOME_FIRST,base_model.model.model.layers.7.mlp.gate_proj.lora_B.weight,0.001564822974614799
A2_R3_OUTCOME_FIRST,base_model.model.model.layers.7.mlp.up_proj.lora_A.weight,2.311251401901245
A2_R3_OUTCOME_FIRST,base_model.model.model.layers.7.mlp.up_proj.lora_B.weight,0.001575794187374413
A2_R3_OUTCOME_FIRST,base_model.model.model.layers.7.self_attn.k_proj.lora_A.weight,2.3102359771728516
A2_R3_OUTCOME_FIRST,base_model.model.model.layers.7.self_attn.k_proj.lora_B.weight,0.0004509492719080299
A2_R3_OUTCOME_FIRST,base_model.model.model.layers.7.self_attn.o_proj.lora_A.weight,2.314207077026367
A2_R3_OUTCOME_FIRST,base_model.model.model.layers.7.self_attn.o_proj.lora_B.weight,0.0007842437480576336
A2_R3_OUTCOME_FIRST,base_model.model.model.layers.7.self_attn.q_proj.lora_A.weight,2.3018319606781006
A2_R3_OUTCOME_FIRST,base_model.model.model.layers.7.self_attn.q_proj.lora_B.weight,0.0008984840824268758
A2_R3_OUTCOME_FIRST,base_model.model.model.layers.7.self_attn.v_proj.lora_A.weight,2.3148186206817627
A2_R3_OUTCOME_FIRST,base_model.model.model.layers.7.self_attn.v_proj.lora_B.weight,0.00048804908874444664
A2_R3_OUTCOME_FIRST,base_model.model.model.layers.8.mlp.down_proj.lora_A.weight,2.3056986331939697
A2_R3_OUTCOME_FIRST,base_model.model.model.layers.8.mlp.down_proj.lora_B.weight,0.0008610602817498147
A2_R3_OUTCOME_FIRST,base_model.model.model.layers.8.mlp.gate_proj.lora_A.weight,2.3156542778015137
A2_R3_OUTCOME_FIRST,base_model.model.model.layers.8.mlp.gate_proj.lora_B.weight,0.0015674402238801122
A2_R3_OUTCOME_FIRST,base_model.model.model.layers.8.mlp.up_proj.lora_A.weight,2.324333429336548
A2_R3_OUTCOME_FIRST,base_model.model.model.layers.8.mlp.up_proj.lora_B.weight,0.0016053365543484688
A2_R3_OUTCOME_FIRST,base_model.model.model.layers.8.self_attn.k_proj.lora_A.weight,2.3086676597595215
A2_R3_OUTCOME_FIRST,base_model.model.model.layers.8.self_attn.k_proj.lora_B.weight,0.0004567725118249655
A2_R3_OUTCOME_FIRST,base_model.model.model.layers.8.self_attn.o_proj.lora_A.weight,2.3095009326934814
A2_R3_OUTCOME_FIRST,base_model.model.model.layers.8.self_attn.o_proj.lora_B.weight,0.0008495975052937865
A2_R3_OUTCOME_FIRST,base_model.model.model.layers.8.self_attn.q_proj.lora_A.weight,2.3186895847320557
A2_R3_OUTCOME_FIRST,base_model.model.model.layers.8.self_attn.q_proj.lora_B.weight,0.000966074236202985
A2_R3_OUTCOME_FIRST,base_model.model.model.layers.8.self_attn.v_proj.lora_A.weight,2.3165061473846436
A2_R3_OUTCOME_FIRST,base_model.model.model.layers.8.self_attn.v_proj.lora_B.weight,0.0005196716520003974
A2_R3_OUTCOME_FIRST,base_model.model.model.layers.9.mlp.down_proj.lora_A.weight,2.3076212406158447
A2_R3_OUTCOME_FIRST,base_model.model.model.layers.9.mlp.down_proj.lora_B.weight,0.000861332518979907
A2_R3_OUTCOME_FIRST,base_model.model.model.layers.9.mlp.gate_proj.lora_A.weight,2.3143723011016846
A2_R3_OUTCOME_FIRST,base_model.model.model.layers.9.mlp.gate_proj.lora_B.weight,0.001608854392543435
A2_R3_OUTCOME_FIRST,base_model.model.model.layers.9.mlp.up_proj.lora_A.weight,2.296685218811035
A2_R3_OUTCOME_FIRST,base_model.model.model.layers.9.mlp.up_proj.lora_B.weight,0.0016492281574755907
A2_R3_OUTCOME_FIRST,base_model.model.model.layers.9.self_attn.k_proj.lora_A.weight,2.306384801864624
A2_R3_OUTCOME_FIRST,base_model.model.model.layers.9.self_attn.k_proj.lora_B.weight,0.0005048495950177312
A2_R3_OUTCOME_FIRST,base_model.model.model.layers.9.self_attn.o_proj.lora_A.weight,2.3110384941101074
A2_R3_OUTCOME_FIRST,base_model.model.model.layers.9.self_attn.o_proj.lora_B.weight,0.0008609537617303431
A2_R3_OUTCOME_FIRST,base_model.model.model.layers.9.self_attn.q_proj.lora_A.weight,2.309154987335205
A2_R3_OUTCOME_FIRST,base_model.model.model.layers.9.self_attn.q_proj.lora_B.weight,0.0009816873352974653
A2_R3_OUTCOME_FIRST,base_model.model.model.layers.9.self_attn.v_proj.lora_A.weight,2.3113410472869873
A2_R3_OUTCOME_FIRST,base_model.model.model.layers.9.self_attn.v_proj.lora_B.weight,0.0005478603998199105
A3_VERIFIABLE_PROCESS,base_model.model.model.layers.0.mlp.down_proj.lora_A.weight,2.3085334300994873
A3_VERIFIABLE_PROCESS,base_model.model.model.layers.0.mlp.down_proj.lora_B.weight,0.0007909070118330419
A3_VERIFIABLE_PROCESS,base_model.model.model.layers.0.mlp.gate_proj.lora_A.weight,2.30519700050354
A3_VERIFIABLE_PROCESS,base_model.model.model.layers.0.mlp.gate_proj.lora_B.weight,0.001530117355287075
A3_VERIFIABLE_PROCESS,base_model.model.model.layers.0.mlp.up_proj.lora_A.weight,2.312150478363037
A3_VERIFIABLE_PROCESS,base_model.model.model.layers.0.mlp.up_proj.lora_B.weight,0.0015409140614792705
A3_VERIFIABLE_PROCESS,base_model.model.model.layers.0.self_attn.k_proj.lora_A.weight,2.3163816928863525
A3_VERIFIABLE_PROCESS,base_model.model.model.layers.0.self_attn.k_proj.lora_B.weight,0.0005758509505540133
A3_VERIFIABLE_PROCESS,base_model.model.model.layers.0.self_attn.o_proj.lora_A.weight,2.314237117767334
A3_VERIFIABLE_PROCESS,base_model.model.model.layers.0.self_attn.o_proj.lora_B.weight,0.0007602247642353177
A3_VERIFIABLE_PROCESS,base_model.model.model.layers.0.self_attn.q_proj.lora_A.weight,2.3092782497406006
A3_VERIFIABLE_PROCESS,base_model.model.model.layers.0.self_attn.q_proj.lora_B.weight,0.0011087085586041212
A3_VERIFIABLE_PROCESS,base_model.model.model.layers.0.self_attn.v_proj.lora_A.weight,2.311887502670288
A3_VERIFIABLE_PROCESS,base_model.model.model.layers.0.self_attn.v_proj.lora_B.weight,0.00052503781626001
A3_VERIFIABLE_PROCESS,base_model.model.model.layers.1.mlp.down_proj.lora_A.weight,2.305288076400757
A3_VERIFIABLE_PROCESS,base_model.model.model.layers.1.mlp.down_proj.lora_B.weight,0.0008146669715642929
A3_VERIFIABLE_PROCESS,base_model.model.model.layers.1.mlp.gate_proj.lora_A.weight,2.31145977973938
A3_VERIFIABLE_PROCESS,base_model.model.model.layers.1.mlp.gate_proj.lora_B.weight,0.0017523590940982103
A3_VERIFIABLE_PROCESS,base_model.model.model.layers.1.mlp.up_proj.lora_A.weight,2.31109356880188
A3_VERIFIABLE_PROCESS,base_model.model.model.layers.1.mlp.up_proj.lora_B.weight,0.001527111162431538
A3_VERIFIABLE_PROCESS,base_model.model.model.layers.1.self_attn.k_proj.lora_A.weight,2.3067336082458496
A3_VERIFIABLE_PROCESS,base_model.model.model.layers.1.self_attn.k_proj.lora_B.weight,0.0004466264508664608
A3_VERIFIABLE_PROCESS,base_model.model.model.layers.1.self_attn.o_proj.lora_A.weight,2.311103582382202
A3_VERIFIABLE_PROCESS,base_model.model.model.layers.1.self_attn.o_proj.lora_B.weight,0.0007331689703278244
A3_VERIFIABLE_PROCESS,base_model.model.model.layers.1.self_attn.q_proj.lora_A.weight,2.3090744018554688
A3_VERIFIABLE_PROCESS,base_model.model.model.layers.1.self_attn.q_proj.lora_B.weight,0.0009460843866690993
A3_VERIFIABLE_PROCESS,base_model.model.model.layers.1.self_attn.v_proj.lora_A.weight,2.305812120437622
A3_VERIFIABLE_PROCESS,base_model.model.model.layers.1.self_attn.v_proj.lora_B.weight,0.0004524623218458146
A3_VERIFIABLE_PROCESS,base_model.model.model.layers.10.mlp.down_proj.lora_A.weight,2.3062527179718018
A3_VERIFIABLE_PROCESS,base_model.model.model.layers.10.mlp.down_proj.lora_B.weight,0.0009510189411230385
A3_VERIFIABLE_PROCESS,base_model.model.model.layers.10.mlp.gate_proj.lora_A.weight,2.3040459156036377
A3_VERIFIABLE_PROCESS,base_model.model.model.layers.10.mlp.gate_proj.lora_B.weight,0.0017549898475408554
A3_VERIFIABLE_PROCESS,base_model.model.model.layers.10.mlp.up_proj.lora_A.weight,2.314401865005493
A3_VERIFIABLE_PROCESS,base_model.model.model.layers.10.mlp.up_proj.lora_B.weight,0.001801857608370483
A3_VERIFIABLE_PROCESS,base_model.model.model.layers.10.self_attn.k_proj.lora_A.weight,2.3057150840759277
A3_VERIFIABLE_PROCESS,base_model.model.model.layers.10.self_attn.k_proj.lora_B.weight,0.000541693763807416
A3_VERIFIABLE_PROCESS,base_model.model.model.layers.10.self_attn.o_proj.lora_A.weight,2.309657096862793
A3_VERIFIABLE_PROCESS,base_model.model.model.layers.10.self_attn.o_proj.lora_B.weight,0.0009046792984008789
A3_VERIFIABLE_PROCESS,base_model.model.model.layers.10.self_attn.q_proj.lora_A.weight,2.31024169921875
A3_VERIFIABLE_PROCESS,base_model.model.model.layers.10.self_attn.q_proj.lora_B.weight,0.0010806864593178034
A3_VERIFIABLE_PROCESS,base_model.model.model.layers.10.self_attn.v_proj.lora_A.weight,2.3080506324768066
A3_VERIFIABLE_PROCESS,base_model.model.model.layers.10.self_attn.v_proj.lora_B.weight,0.0006110583781264722
A3_VERIFIABLE_PROCESS,base_model.model.model.layers.11.mlp.down_proj.lora_A.weight,2.3076257705688477
A3_VERIFIABLE_PROCESS,base_model.model.model.layers.11.mlp.down_proj.lora_B.weight,0.0009397647227160633
A3_VERIFIABLE_PROCESS,base_model.model.model.layers.11.mlp.gate_proj.lora_A.weight,2.3076395988464355
A3_VERIFIABLE_PROCESS,base_model.model.model.layers.11.mlp.gate_proj.lora_B.weight,0.0017603220185264945
A3_VERIFIABLE_PROCESS,base_model.model.model.layers.11.mlp.up_proj.lora_A.weight,2.3063180446624756
A3_VERIFIABLE_PROCESS,base_model.model.model.layers.11.mlp.up_proj.lora_B.weight,0.0017779986374080181
A3_VERIFIABLE_PROCESS,base_model.model.model.layers.11.self_attn.k_proj.lora_A.weight,2.3109664916992188
A3_VERIFIABLE_PROCESS,base_model.model.model.layers.11.self_attn.k_proj.lora_B.weight,0.0005391748854890466
A3_VERIFIABLE_PROCESS,base_model.model.model.layers.11.self_attn.o_proj.lora_A.weight,2.3085620403289795
A3_VERIFIABLE_PROCESS,base_model.model.model.layers.11.self_attn.o_proj.lora_B.weight,0.0009455975377932191
A3_VERIFIABLE_PROCESS,base_model.model.model.layers.11.self_attn.q_proj.lora_A.weight,2.3199024200439453
A3_VERIFIABLE_PROCESS,base_model.model.model.layers.11.self_attn.q_proj.lora_B.weight,0.001048230449669063
A3_VERIFIABLE_PROCESS,base_model.model.model.layers.11.self_attn.v_proj.lora_A.weight,2.3052167892456055
A3_VERIFIABLE_PROCESS,base_model.model.model.layers.11.self_attn.v_proj.lora_B.weight,0.0005886208382435143
A3_VERIFIABLE_PROCESS,base_model.model.model.layers.12.mlp.down_proj.lora_A.weight,2.307314395904541
A3_VERIFIABLE_PROCESS,base_model.model.model.layers.12.mlp.down_proj.lora_B.weight,0.0009582723723724484
A3_VERIFIABLE_PROCESS,base_model.model.model.layers.12.mlp.gate_proj.lora_A.weight,2.313488006591797
A3_VERIFIABLE_PROCESS,base_model.model.model.layers.12.mlp.gate_proj.lora_B.weight,0.0017894465709105134
A3_VERIFIABLE_PROCESS,base_model.model.model.layers.12.mlp.up_proj.lora_A.weight,2.317634344100952
A3_VERIFIABLE_PROCESS,base_model.model.model.layers.12.mlp.up_proj.lora_B.weight,0.0019089682027697563
A3_VERIFIABLE_PROCESS,base_model.model.model.layers.12.self_attn.k_proj.lora_A.weight,2.302664279937744
A3_VERIFIABLE_PROCESS,base_model.model.model.layers.12.self_attn.k_proj.lora_B.weight,0.0005477427621372044
A3_VERIFIABLE_PROCESS,base_model.model.model.layers.12.self_attn.o_proj.lora_A.weight,2.3000094890594482
A3_VERIFIABLE_PROCESS,base_model.model.model.layers.12.self_attn.o_proj.lora_B.weight,0.0009621503995731473
A3_VERIFIABLE_PROCESS,base_model.model.model.layers.12.self_attn.q_proj.lora_A.weight,2.3009729385375977
A3_VERIFIABLE_PROCESS,base_model.model.model.layers.12.self_attn.q_proj.lora_B.weight,0.0010869406396523118
A3_VERIFIABLE_PROCESS,base_model.model.model.layers.12.self_attn.v_proj.lora_A.weight,2.3099257946014404
A3_VERIFIABLE_PROCESS,base_model.model.model.layers.12.self_attn.v_proj.lora_B.weight,0.0006107878289185464
A3_VERIFIABLE_PROCESS,base_model.model.model.layers.13.mlp.down_proj.lora_A.weight,2.3122754096984863
A3_VERIFIABLE_PROCESS,base_model.model.model.layers.13.mlp.down_proj.lora_B.weight,0.0009822043357416987
A3_VERIFIABLE_PROCESS,base_model.model.model.layers.13.mlp.gate_proj.lora_A.weight,2.306253671646118
A3_VERIFIABLE_PROCESS,base_model.model.model.layers.13.mlp.gate_proj.lora_B.weight,0.0018203831277787685
A3_VERIFIABLE_PROCESS,base_model.model.model.layers.13.mlp.up_proj.lora_A.weight,2.315913438796997
A3_VERIFIABLE_PROCESS,base_model.model.model.layers.13.mlp.up_proj.lora_B.weight,0.0018767842557281256
A3_VERIFIABLE_PROCESS,base_model.model.model.layers.13.self_attn.k_proj.lora_A.weight,2.3099899291992188
A3_VERIFIABLE_PROCESS,base_model.model.model.layers.13.self_attn.k_proj.lora_B.weight,0.000559760257601738
A3_VERIFIABLE_PROCESS,base_model.model.model.layers.13.self_attn.o_proj.lora_A.weight,2.3056414127349854
A3_VERIFIABLE_PROCESS,base_model.model.model.layers.13.self_attn.o_proj.lora_B.weight,0.0009685248951427639
A3_VERIFIABLE_PROCESS,base_model.model.model.layers.13.self_attn.q_proj.lora_A.weight,2.3043110370635986
A3_VERIFIABLE_PROCESS,base_model.model.model.layers.13.self_attn.q_proj.lora_B.weight,0.0011680934112519026
A3_VERIFIABLE_PROCESS,base_model.model.model.layers.13.self_attn.v_proj.lora_A.weight,2.3088326454162598
A3_VERIFIABLE_PROCESS,base_model.model.model.layers.13.self_attn.v_proj.lora_B.weight,0.0006364587461575866
A3_VERIFIABLE_PROCESS,base_model.model.model.layers.14.mlp.down_proj.lora_A.weight,2.309617042541504
A3_VERIFIABLE_PROCESS,base_model.model.model.layers.14.mlp.down_proj.lora_B.weight,0.0009994694264605641
A3_VERIFIABLE_PROCESS,base_model.model.model.layers.14.mlp.gate_proj.lora_A.weight,2.305816888809204
A3_VERIFIABLE_PROCESS,base_model.model.model.layers.14.mlp.gate_proj.lora_B.weight,0.0018548922380432487
A3_VERIFIABLE_PROCESS,base_model.model.model.layers.14.mlp.up_proj.lora_A.weight,2.30977725982666
A3_VERIFIABLE_PROCESS,base_model.model.model.layers.14.mlp.up_proj.lora_B.weight,0.0018932368839159608
A3_VERIFIABLE_PROCESS,base_model.model.model.layers.14.self_attn.k_proj.lora_A.weight,2.302096366882324
A3_VERIFIABLE_PROCESS,base_model.model.model.layers.14.self_attn.k_proj.lora_B.weight,0.0006092005642130971
A3_VERIFIABLE_PROCESS,base_model.model.model.layers.14.self_attn.o_proj.lora_A.weight,2.3188602924346924
A3_VERIFIABLE_PROCESS,base_model.model.model.layers.14.self_attn.o_proj.lora_B.weight,0.0009963595075532794
A3_VERIFIABLE_PROCESS,base_model.model.model.layers.14.self_attn.q_proj.lora_A.weight,2.3113443851470947
A3_VERIFIABLE_PROCESS,base_model.model.model.layers.14.self_attn.q_proj.lora_B.weight,0.0012118309969082475
A3_VERIFIABLE_PROCESS,base_model.model.model.layers.14.self_attn.v_proj.lora_A.weight,2.3165833950042725
A3_VERIFIABLE_PROCESS,base_model.model.model.layers.14.self_attn.v_proj.lora_B.weight,0.0006376939709298313
A3_VERIFIABLE_PROCESS,base_model.model.model.layers.15.mlp.down_proj.lora_A.weight,2.3105921745300293
A3_VERIFIABLE_PROCESS,base_model.model.model.layers.15.mlp.down_proj.lora_B.weight,0.0009926947532221675
A3_VERIFIABLE_PROCESS,base_model.model.model.layers.15.mlp.gate_proj.lora_A.weight,2.309511184692383
A3_VERIFIABLE_PROCESS,base_model.model.model.layers.15.mlp.gate_proj.lora_B.weight,0.0018492843955755234
A3_VERIFIABLE_PROCESS,base_model.model.model.layers.15.mlp.up_proj.lora_A.weight,2.3078548908233643
A3_VERIFIABLE_PROCESS,base_model.model.model.layers.15.mlp.up_proj.lora_B.weight,0.0018912797095254064
A3_VERIFIABLE_PROCESS,base_model.model.model.layers.15.self_attn.k_proj.lora_A.weight,2.3047053813934326
A3_VERIFIABLE_PROCESS,base_model.model.model.layers.15.self_attn.k_proj.lora_B.weight,0.0005953567451797426
A3_VERIFIABLE_PROCESS,base_model.model.model.layers.15.self_attn.o_proj.lora_A.weight,2.311673402786255
A3_VERIFIABLE_PROCESS,base_model.model.model.layers.15.self_attn.o_proj.lora_B.weight,0.0010255014058202505
A3_VERIFIABLE_PROCESS,base_model.model.model.layers.15.self_attn.q_proj.lora_A.weight,2.311291456222534
A3_VERIFIABLE_PROCESS,base_model.model.model.layers.15.self_attn.q_proj.lora_B.weight,0.0012009183410555124
A3_VERIFIABLE_PROCESS,base_model.model.model.layers.15.self_attn.v_proj.lora_A.weight,2.303849935531616
A3_VERIFIABLE_PROCESS,base_model.model.model.layers.15.self_attn.v_proj.lora_B.weight,0.0006568546523340046
A3_VERIFIABLE_PROCESS,base_model.model.model.layers.16.mlp.down_proj.lora_A.weight,2.307842493057251
A3_VERIFIABLE_PROCESS,base_model.model.model.layers.16.mlp.down_proj.lora_B.weight,0.0010157690849155188
A3_VERIFIABLE_PROCESS,base_model.model.model.layers.16.mlp.gate_proj.lora_A.weight,2.302712917327881
A3_VERIFIABLE_PROCESS,base_model.model.model.layers.16.mlp.gate_proj.lora_B.weight,0.0018580697942525148
A3_VERIFIABLE_PROCESS,base_model.model.model.layers.16.mlp.up_proj.lora_A.weight,2.3067283630371094
A3_VERIFIABLE_PROCESS,base_model.model.model.layers.16.mlp.up_proj.lora_B.weight,0.0019806360360234976
A3_VERIFIABLE_PROCESS,base_model.model.model.layers.16.self_attn.k_proj.lora_A.weight,2.30635142326355
A3_VERIFIABLE_PROCESS,base_model.model.model.layers.16.self_attn.k_proj.lora_B.weight,0.0005921914707869291
A3_VERIFIABLE_PROCESS,base_model.model.model.layers.16.self_attn.o_proj.lora_A.weight,2.3089334964752197
A3_VERIFIABLE_PROCESS,base_model.model.model.layers.16.self_attn.o_proj.lora_B.weight,0.001024869387038052
A3_VERIFIABLE_PROCESS,base_model.model.model.layers.16.self_attn.q_proj.lora_A.weight,2.3081204891204834
A3_VERIFIABLE_PROCESS,base_model.model.model.layers.16.self_attn.q_proj.lora_B.weight,0.0011861848179250956
A3_VERIFIABLE_PROCESS,base_model.model.model.layers.16.self_attn.v_proj.lora_A.weight,2.304908037185669
A3_VERIFIABLE_PROCESS,base_model.model.model.layers.16.self_attn.v_proj.lora_B.weight,0.0006749521708115935
A3_VERIFIABLE_PROCESS,base_model.model.model.layers.17.mlp.down_proj.lora_A.weight,2.309393882751465
A3_VERIFIABLE_PROCESS,base_model.model.model.layers.17.mlp.down_proj.lora_B.weight,0.001022237236611545
A3_VERIFIABLE_PROCESS,base_model.model.model.layers.17.mlp.gate_proj.lora_A.weight,2.316587209701538
A3_VERIFIABLE_PROCESS,base_model.model.model.layers.17.mlp.gate_proj.lora_B.weight,0.001888891332782805
A3_VERIFIABLE_PROCESS,base_model.model.model.layers.17.mlp.up_proj.lora_A.weight,2.3141162395477295
A3_VERIFIABLE_PROCESS,base_model.model.model.layers.17.mlp.up_proj.lora_B.weight,0.001963194692507386
A3_VERIFIABLE_PROCESS,base_model.model.model.layers.17.self_attn.k_proj.lora_A.weight,2.3067328929901123
A3_VERIFIABLE_PROCESS,base_model.model.model.layers.17.self_attn.k_proj.lora_B.weight,0.0005962452851235867
A3_VERIFIABLE_PROCESS,base_model.model.model.layers.17.self_attn.o_proj.lora_A.weight,2.313419818878174
A3_VERIFIABLE_PROCESS,base_model.model.model.layers.17.self_attn.o_proj.lora_B.weight,0.0010543126845732331
A3_VERIFIABLE_PROCESS,base_model.model.model.layers.17.self_attn.q_proj.lora_A.weight,2.3126964569091797
A3_VERIFIABLE_PROCESS,base_model.model.model.layers.17.self_attn.q_proj.lora_B.weight,0.0011604379396885633
A3_VERIFIABLE_PROCESS,base_model.model.model.layers.17.self_attn.v_proj.lora_A.weight,2.305112838745117
A3_VERIFIABLE_PROCESS,base_model.model.model.layers.17.self_attn.v_proj.lora_B.weight,0.0006774649955332279
A3_VERIFIABLE_PROCESS,base_model.model.model.layers.18.mlp.down_proj.lora_A.weight,2.312436819076538
A3_VERIFIABLE_PROCESS,base_model.model.model.layers.18.mlp.down_proj.lora_B.weight,0.0009837681427598
A3_VERIFIABLE_PROCESS,base_model.model.model.layers.18.mlp.gate_proj.lora_A.weight,2.30434250831604
A3_VERIFIABLE_PROCESS,base_model.model.model.layers.18.mlp.gate_proj.lora_B.weight,0.001793841365724802
A3_VERIFIABLE_PROCESS,base_model.model.model.layers.18.mlp.up_proj.lora_A.weight,2.3093128204345703
A3_VERIFIABLE_PROCESS,base_model.model.model.layers.18.mlp.up_proj.lora_B.weight,0.0019713484216481447
A3_VERIFIABLE_PROCESS,base_model.model.model.layers.18.self_attn.k_proj.lora_A.weight,2.3137152194976807
A3_VERIFIABLE_PROCESS,base_model.model.model.layers.18.self_attn.k_proj.lora_B.weight,0.0006060200976207852
A3_VERIFIABLE_PROCESS,base_model.model.model.layers.18.self_attn.o_proj.lora_A.weight,2.3050296306610107
A3_VERIFIABLE_PROCESS,base_model.model.model.layers.18.self_attn.o_proj.lora_B.weight,0.0010082764783874154
A3_VERIFIABLE_PROCESS,base_model.model.model.layers.18.self_attn.q_proj.lora_A.weight,2.319732904434204
A3_VERIFIABLE_PROCESS,base_model.model.model.layers.18.self_attn.q_proj.lora_B.weight,0.0011816631304100156
A3_VERIFIABLE_PROCESS,base_model.model.model.layers.18.self_attn.v_proj.lora_A.weight,2.308654546737671
A3_VERIFIABLE_PROCESS,base_model.model.model.layers.18.self_attn.v_proj.lora_B.weight,0.0006748936139047146
A3_VERIFIABLE_PROCESS,base_model.model.model.layers.19.mlp.down_proj.lora_A.weight,2.3134169578552246
A3_VERIFIABLE_PROCESS,base_model.model.model.layers.19.mlp.down_proj.lora_B.weight,0.0009647146216593683
A3_VERIFIABLE_PROCESS,base_model.model.model.layers.19.mlp.gate_proj.lora_A.weight,2.3120839595794678
A3_VERIFIABLE_PROCESS,base_model.model.model.layers.19.mlp.gate_proj.lora_B.weight,0.0018302700482308865
A3_VERIFIABLE_PROCESS,base_model.model.model.layers.19.mlp.up_proj.lora_A.weight,2.3123443126678467
A3_VERIFIABLE_PROCESS,base_model.model.model.layers.19.mlp.up_proj.lora_B.weight,0.0019243339775130153
A3_VERIFIABLE_PROCESS,base_model.model.model.layers.19.self_attn.k_proj.lora_A.weight,2.316575288772583
A3_VERIFIABLE_PROCESS,base_model.model.model.layers.19.self_attn.k_proj.lora_B.weight,0.0006051333621144295
A3_VERIFIABLE_PROCESS,base_model.model.model.layers.19.self_attn.o_proj.lora_A.weight,2.302617073059082
A3_VERIFIABLE_PROCESS,base_model.model.model.layers.19.self_attn.o_proj.lora_B.weight,0.0010394625132903457
A3_VERIFIABLE_PROCESS,base_model.model.model.layers.19.self_attn.q_proj.lora_A.weight,2.3091816902160645
A3_VERIFIABLE_PROCESS,base_model.model.model.layers.19.self_attn.q_proj.lora_B.weight,0.00117010110989213
A3_VERIFIABLE_PROCESS,base_model.model.model.layers.19.self_attn.v_proj.lora_A.weight,2.3116254806518555
A3_VERIFIABLE_PROCESS,base_model.model.model.layers.19.self_attn.v_proj.lora_B.weight,0.0006774247740395367
A3_VERIFIABLE_PROCESS,base_model.model.model.layers.2.mlp.down_proj.lora_A.weight,2.3087005615234375
A3_VERIFIABLE_PROCESS,base_model.model.model.layers.2.mlp.down_proj.lora_B.weight,0.0007521527586504817
A3_VERIFIABLE_PROCESS,base_model.model.model.layers.2.mlp.gate_proj.lora_A.weight,2.3044650554656982
A3_VERIFIABLE_PROCESS,base_model.model.model.layers.2.mlp.gate_proj.lora_B.weight,0.0017237691208720207
A3_VERIFIABLE_PROCESS,base_model.model.model.layers.2.mlp.up_proj.lora_A.weight,2.313276529312134
A3_VERIFIABLE_PROCESS,base_model.model.model.layers.2.mlp.up_proj.lora_B.weight,0.0017241401365026832
A3_VERIFIABLE_PROCESS,base_model.model.model.layers.2.self_attn.k_proj.lora_A.weight,2.304253339767456
A3_VERIFIABLE_PROCESS,base_model.model.model.layers.2.self_attn.k_proj.lora_B.weight,0.0004756228008773178
A3_VERIFIABLE_PROCESS,base_model.model.model.layers.2.self_attn.o_proj.lora_A.weight,2.3089704513549805
A3_VERIFIABLE_PROCESS,base_model.model.model.layers.2.self_attn.o_proj.lora_B.weight,0.0007407749071717262
A3_VERIFIABLE_PROCESS,base_model.model.model.layers.2.self_attn.q_proj.lora_A.weight,2.3074772357940674
A3_VERIFIABLE_PROCESS,base_model.model.model.layers.2.self_attn.q_proj.lora_B.weight,0.0008932459750212729
A3_VERIFIABLE_PROCESS,base_model.model.model.layers.2.self_attn.v_proj.lora_A.weight,2.3137805461883545
A3_VERIFIABLE_PROCESS,base_model.model.model.layers.2.self_attn.v_proj.lora_B.weight,0.0004624172579497099
A3_VERIFIABLE_PROCESS,base_model.model.model.layers.20.mlp.down_proj.lora_A.weight,2.301253318786621
A3_VERIFIABLE_PROCESS,base_model.model.model.layers.20.mlp.down_proj.lora_B.weight,0.001023970078676939
A3_VERIFIABLE_PROCESS,base_model.model.model.layers.20.mlp.gate_proj.lora_A.weight,2.3123414516448975
A3_VERIFIABLE_PROCESS,base_model.model.model.layers.20.mlp.gate_proj.lora_B.weight,0.001832352252677083
A3_VERIFIABLE_PROCESS,base_model.model.model.layers.20.mlp.up_proj.lora_A.weight,2.3145618438720703
A3_VERIFIABLE_PROCESS,base_model.model.model.layers.20.mlp.up_proj.lora_B.weight,0.0019762925803661346
A3_VERIFIABLE_PROCESS,base_model.model.model.layers.20.self_attn.k_proj.lora_A.weight,2.315171003341675
A3_VERIFIABLE_PROCESS,base_model.model.model.layers.20.self_attn.k_proj.lora_B.weight,0.0005933328648097813
A3_VERIFIABLE_PROCESS,base_model.model.model.layers.20.self_attn.o_proj.lora_A.weight,2.304762125015259
A3_VERIFIABLE_PROCESS,base_model.model.model.layers.20.self_attn.o_proj.lora_B.weight,0.001072948332875967
A3_VERIFIABLE_PROCESS,base_model.model.model.layers.20.self_attn.q_proj.lora_A.weight,2.309534788131714
A3_VERIFIABLE_PROCESS,base_model.model.model.layers.20.self_attn.q_proj.lora_B.weight,0.0011728167301043868
A3_VERIFIABLE_PROCESS,base_model.model.model.layers.20.self_attn.v_proj.lora_A.weight,2.306581497192383
A3_VERIFIABLE_PROCESS,base_model.model.model.layers.20.self_attn.v_proj.lora_B.weight,0.0006961298058740795
A3_VERIFIABLE_PROCESS,base_model.model.model.layers.21.mlp.down_proj.lora_A.weight,2.3069252967834473
A3_VERIFIABLE_PROCESS,base_model.model.model.layers.21.mlp.down_proj.lora_B.weight,0.0010536185000091791
A3_VERIFIABLE_PROCESS,base_model.model.model.layers.21.mlp.gate_proj.lora_A.weight,2.316033124923706
A3_VERIFIABLE_PROCESS,base_model.model.model.layers.21.mlp.gate_proj.lora_B.weight,0.0016513545997440815
A3_VERIFIABLE_PROCESS,base_model.model.model.layers.21.mlp.up_proj.lora_A.weight,2.310788869857788
A3_VERIFIABLE_PROCESS,base_model.model.model.layers.21.mlp.up_proj.lora_B.weight,0.0019215800566598773
A3_VERIFIABLE_PROCESS,base_model.model.model.layers.21.self_attn.k_proj.lora_A.weight,2.3114278316497803
A3_VERIFIABLE_PROCESS,base_model.model.model.layers.21.self_attn.k_proj.lora_B.weight,0.0006331089534796774
A3_VERIFIABLE_PROCESS,base_model.model.model.layers.21.self_attn.o_proj.lora_A.weight,2.3208584785461426
A3_VERIFIABLE_PROCESS,base_model.model.model.layers.21.self_attn.o_proj.lora_B.weight,0.0010219713440164924
A3_VERIFIABLE_PROCESS,base_model.model.model.layers.21.self_attn.q_proj.lora_A.weight,2.3074469566345215
A3_VERIFIABLE_PROCESS,base_model.model.model.layers.21.self_attn.q_proj.lora_B.weight,0.001234253984875977
A3_VERIFIABLE_PROCESS,base_model.model.model.layers.21.self_attn.v_proj.lora_A.weight,2.309516429901123
A3_VERIFIABLE_PROCESS,base_model.model.model.layers.21.self_attn.v_proj.lora_B.weight,0.0007036032620817423
A3_VERIFIABLE_PROCESS,base_model.model.model.layers.22.mlp.down_proj.lora_A.weight,2.30718731880188
A3_VERIFIABLE_PROCESS,base_model.model.model.layers.22.mlp.down_proj.lora_B.weight,0.0010067743714898825
A3_VERIFIABLE_PROCESS,base_model.model.model.layers.22.mlp.gate_proj.lora_A.weight,2.306891918182373
A3_VERIFIABLE_PROCESS,base_model.model.model.layers.22.mlp.gate_proj.lora_B.weight,0.0015224121743813157
A3_VERIFIABLE_PROCESS,base_model.model.model.layers.22.mlp.up_proj.lora_A.weight,2.3123934268951416
A3_VERIFIABLE_PROCESS,base_model.model.model.layers.22.mlp.up_proj.lora_B.weight,0.0017370398854836822
A3_VERIFIABLE_PROCESS,base_model.model.model.layers.22.self_attn.k_proj.lora_A.weight,2.3013687133789062
A3_VERIFIABLE_PROCESS,base_model.model.model.layers.22.self_attn.k_proj.lora_B.weight,0.0006106100627221167
A3_VERIFIABLE_PROCESS,base_model.model.model.layers.22.self_attn.o_proj.lora_A.weight,2.304713726043701
A3_VERIFIABLE_PROCESS,base_model.model.model.layers.22.self_attn.o_proj.lora_B.weight,0.0009820190025493503
A3_VERIFIABLE_PROCESS,base_model.model.model.layers.22.self_attn.q_proj.lora_A.weight,2.3085687160491943
A3_VERIFIABLE_PROCESS,base_model.model.model.layers.22.self_attn.q_proj.lora_B.weight,0.0010994896292686462
A3_VERIFIABLE_PROCESS,base_model.model.model.layers.22.self_attn.v_proj.lora_A.weight,2.312340021133423
A3_VERIFIABLE_PROCESS,base_model.model.model.layers.22.self_attn.v_proj.lora_B.weight,0.0006843642331659794
A3_VERIFIABLE_PROCESS,base_model.model.model.layers.23.mlp.down_proj.lora_A.weight,2.30877685546875
A3_VERIFIABLE_PROCESS,base_model.model.model.layers.23.mlp.down_proj.lora_B.weight,0.0009052042732946575
A3_VERIFIABLE_PROCESS,base_model.model.model.layers.23.mlp.gate_proj.lora_A.weight,2.3047826290130615
A3_VERIFIABLE_PROCESS,base_model.model.model.layers.23.mlp.gate_proj.lora_B.weight,0.0015548947267234325
A3_VERIFIABLE_PROCESS,base_model.model.model.layers.23.mlp.up_proj.lora_A.weight,2.3071556091308594
A3_VERIFIABLE_PROCESS,base_model.model.model.layers.23.mlp.up_proj.lora_B.weight,0.001763549167662859
A3_VERIFIABLE_PROCESS,base_model.model.model.layers.23.self_attn.k_proj.lora_A.weight,2.314068555831909
A3_VERIFIABLE_PROCESS,base_model.model.model.layers.23.self_attn.k_proj.lora_B.weight,0.0005802551750093699
A3_VERIFIABLE_PROCESS,base_model.model.model.layers.23.self_attn.o_proj.lora_A.weight,2.3062241077423096
A3_VERIFIABLE_PROCESS,base_model.model.model.layers.23.self_attn.o_proj.lora_B.weight,0.0009453903185203671
A3_VERIFIABLE_PROCESS,base_model.model.model.layers.23.self_attn.q_proj.lora_A.weight,2.303213596343994
A3_VERIFIABLE_PROCESS,base_model.model.model.layers.23.self_attn.q_proj.lora_B.weight,0.0009908594656735659
A3_VERIFIABLE_PROCESS,base_model.model.model.layers.23.self_attn.v_proj.lora_A.weight,2.305952310562134
A3_VERIFIABLE_PROCESS,base_model.model.model.layers.23.self_attn.v_proj.lora_B.weight,0.0006957337027415633
A3_VERIFIABLE_PROCESS,base_model.model.model.layers.24.mlp.down_proj.lora_A.weight,2.3050060272216797
A3_VERIFIABLE_PROCESS,base_model.model.model.layers.24.mlp.down_proj.lora_B.weight,0.000955275259912014
A3_VERIFIABLE_PROCESS,base_model.model.model.layers.24.mlp.gate_proj.lora_A.weight,2.306697368621826
A3_VERIFIABLE_PROCESS,base_model.model.model.layers.24.mlp.gate_proj.lora_B.weight,0.0014238397125154734
A3_VERIFIABLE_PROCESS,base_model.model.model.layers.24.mlp.up_proj.lora_A.weight,2.3146679401397705
A3_VERIFIABLE_PROCESS,base_model.model.model.layers.24.mlp.up_proj.lora_B.weight,0.0017691216198727489
A3_VERIFIABLE_PROCESS,base_model.model.model.layers.24.self_attn.k_proj.lora_A.weight,2.312340259552002
A3_VERIFIABLE_PROCESS,base_model.model.model.layers.24.self_attn.k_proj.lora_B.weight,0.0005919660325162113
A3_VERIFIABLE_PROCESS,base_model.model.model.layers.24.self_attn.o_proj.lora_A.weight,2.3110923767089844
A3_VERIFIABLE_PROCESS,base_model.model.model.layers.24.self_attn.o_proj.lora_B.weight,0.0009532166877761483
A3_VERIFIABLE_PROCESS,base_model.model.model.layers.24.self_attn.q_proj.lora_A.weight,2.3068315982818604
A3_VERIFIABLE_PROCESS,base_model.model.model.layers.24.self_attn.q_proj.lora_B.weight,0.0011353273876011372
A3_VERIFIABLE_PROCESS,base_model.model.model.layers.24.self_attn.v_proj.lora_A.weight,2.3084640502929688
A3_VERIFIABLE_PROCESS,base_model.model.model.layers.24.self_attn.v_proj.lora_B.weight,0.0006423224695026875
A3_VERIFIABLE_PROCESS,base_model.model.model.layers.25.mlp.down_proj.lora_A.weight,2.3099193572998047
A3_VERIFIABLE_PROCESS,base_model.model.model.layers.25.mlp.down_proj.lora_B.weight,0.00105489871930331
A3_VERIFIABLE_PROCESS,base_model.model.model.layers.25.mlp.gate_proj.lora_A.weight,2.3116190433502197
A3_VERIFIABLE_PROCESS,base_model.model.model.layers.25.mlp.gate_proj.lora_B.weight,0.0013853070558980107
A3_VERIFIABLE_PROCESS,base_model.model.model.layers.25.mlp.up_proj.lora_A.weight,2.315133571624756
A3_VERIFIABLE_PROCESS,base_model.model.model.layers.25.mlp.up_proj.lora_B.weight,0.001657823333516717
A3_VERIFIABLE_PROCESS,base_model.model.model.layers.25.self_attn.k_proj.lora_A.weight,2.313755750656128
A3_VERIFIABLE_PROCESS,base_model.model.model.layers.25.self_attn.k_proj.lora_B.weight,0.0005396715132519603
A3_VERIFIABLE_PROCESS,base_model.model.model.layers.25.self_attn.o_proj.lora_A.weight,2.316509485244751
A3_VERIFIABLE_PROCESS,base_model.model.model.layers.25.self_attn.o_proj.lora_B.weight,0.0009110660175792873
A3_VERIFIABLE_PROCESS,base_model.model.model.layers.25.self_attn.q_proj.lora_A.weight,2.3086678981781006
A3_VERIFIABLE_PROCESS,base_model.model.model.layers.25.self_attn.q_proj.lora_B.weight,0.0010370376985520124
A3_VERIFIABLE_PROCESS,base_model.model.model.layers.25.self_attn.v_proj.lora_A.weight,2.3087189197540283
A3_VERIFIABLE_PROCESS,base_model.model.model.layers.25.self_attn.v_proj.lora_B.weight,0.0006075330311432481
A3_VERIFIABLE_PROCESS,base_model.model.model.layers.26.mlp.down_proj.lora_A.weight,2.310971260070801
A3_VERIFIABLE_PROCESS,base_model.model.model.layers.26.mlp.down_proj.lora_B.weight,0.000886250170879066
A3_VERIFIABLE_PROCESS,base_model.model.model.layers.26.mlp.gate_proj.lora_A.weight,2.3086764812469482
A3_VERIFIABLE_PROCESS,base_model.model.model.layers.26.mlp.gate_proj.lora_B.weight,0.001431675860658288
A3_VERIFIABLE_PROCESS,base_model.model.model.layers.26.mlp.up_proj.lora_A.weight,2.3107640743255615
A3_VERIFIABLE_PROCESS,base_model.model.model.layers.26.mlp.up_proj.lora_B.weight,0.0017132599605247378
A3_VERIFIABLE_PROCESS,base_model.model.model.layers.26.self_attn.k_proj.lora_A.weight,2.3172457218170166
A3_VERIFIABLE_PROCESS,base_model.model.model.layers.26.self_attn.k_proj.lora_B.weight,0.0005334470188245177
A3_VERIFIABLE_PROCESS,base_model.model.model.layers.26.self_attn.o_proj.lora_A.weight,2.305328369140625
A3_VERIFIABLE_PROCESS,base_model.model.model.layers.26.self_attn.o_proj.lora_B.weight,0.0009551962139084935
A3_VERIFIABLE_PROCESS,base_model.model.model.layers.26.self_attn.q_proj.lora_A.weight,2.310699224472046
A3_VERIFIABLE_PROCESS,base_model.model.model.layers.26.self_attn.q_proj.lora_B.weight,0.0009862148435786366
A3_VERIFIABLE_PROCESS,base_model.model.model.layers.26.self_attn.v_proj.lora_A.weight,2.3112316131591797
A3_VERIFIABLE_PROCESS,base_model.model.model.layers.26.self_attn.v_proj.lora_B.weight,0.0005697049200534821
A3_VERIFIABLE_PROCESS,base_model.model.model.layers.27.mlp.down_proj.lora_A.weight,2.3085834980010986
A3_VERIFIABLE_PROCESS,base_model.model.model.layers.27.mlp.down_proj.lora_B.weight,0.0009398055262863636
A3_VERIFIABLE_PROCESS,base_model.model.model.layers.27.mlp.gate_proj.lora_A.weight,2.312929153442383
A3_VERIFIABLE_PROCESS,base_model.model.model.layers.27.mlp.gate_proj.lora_B.weight,0.0015112176770344377
A3_VERIFIABLE_PROCESS,base_model.model.model.layers.27.mlp.up_proj.lora_A.weight,2.3027098178863525
A3_VERIFIABLE_PROCESS,base_model.model.model.layers.27.mlp.up_proj.lora_B.weight,0.0015022188890725374
A3_VERIFIABLE_PROCESS,base_model.model.model.layers.27.self_attn.k_proj.lora_A.weight,2.3090243339538574
A3_VERIFIABLE_PROCESS,base_model.model.model.layers.27.self_attn.k_proj.lora_B.weight,0.000503811810631305
A3_VERIFIABLE_PROCESS,base_model.model.model.layers.27.self_attn.o_proj.lora_A.weight,2.2998950481414795
A3_VERIFIABLE_PROCESS,base_model.model.model.layers.27.self_attn.o_proj.lora_B.weight,0.0008994042291305959
A3_VERIFIABLE_PROCESS,base_model.model.model.layers.27.self_attn.q_proj.lora_A.weight,2.3130176067352295
A3_VERIFIABLE_PROCESS,base_model.model.model.layers.27.self_attn.q_proj.lora_B.weight,0.0009250713046640158
A3_VERIFIABLE_PROCESS,base_model.model.model.layers.27.self_attn.v_proj.lora_A.weight,2.3036835193634033
A3_VERIFIABLE_PROCESS,base_model.model.model.layers.27.self_attn.v_proj.lora_B.weight,0.0005763138760812581
A3_VERIFIABLE_PROCESS,base_model.model.model.layers.28.mlp.down_proj.lora_A.weight,2.307292938232422
A3_VERIFIABLE_PROCESS,base_model.model.model.layers.28.mlp.down_proj.lora_B.weight,0.0008547444012947381
A3_VERIFIABLE_PROCESS,base_model.model.model.layers.28.mlp.gate_proj.lora_A.weight,2.3030846118927
A3_VERIFIABLE_PROCESS,base_model.model.model.layers.28.mlp.gate_proj.lora_B.weight,0.0015063949394971132
A3_VERIFIABLE_PROCESS,base_model.model.model.layers.28.mlp.up_proj.lora_A.weight,2.314079523086548
A3_VERIFIABLE_PROCESS,base_model.model.model.layers.28.mlp.up_proj.lora_B.weight,0.0016204974381253123
A3_VERIFIABLE_PROCESS,base_model.model.model.layers.28.self_attn.k_proj.lora_A.weight,2.305990695953369
A3_VERIFIABLE_PROCESS,base_model.model.model.layers.28.self_attn.k_proj.lora_B.weight,0.0005865655839443207
A3_VERIFIABLE_PROCESS,base_model.model.model.layers.28.self_attn.o_proj.lora_A.weight,2.3094842433929443
A3_VERIFIABLE_PROCESS,base_model.model.model.layers.28.self_attn.o_proj.lora_B.weight,0.0009016062831506133
A3_VERIFIABLE_PROCESS,base_model.model.model.layers.28.self_attn.q_proj.lora_A.weight,2.312736988067627
A3_VERIFIABLE_PROCESS,base_model.model.model.layers.28.self_attn.q_proj.lora_B.weight,0.0010482356883585453
A3_VERIFIABLE_PROCESS,base_model.model.model.layers.28.self_attn.v_proj.lora_A.weight,2.3041937351226807
A3_VERIFIABLE_PROCESS,base_model.model.model.layers.28.self_attn.v_proj.lora_B.weight,0.0005620071315206587
A3_VERIFIABLE_PROCESS,base_model.model.model.layers.29.mlp.down_proj.lora_A.weight,2.312925338745117
A3_VERIFIABLE_PROCESS,base_model.model.model.layers.29.mlp.down_proj.lora_B.weight,0.0007794983102940023
A3_VERIFIABLE_PROCESS,base_model.model.model.layers.29.mlp.gate_proj.lora_A.weight,2.3062210083007812
A3_VERIFIABLE_PROCESS,base_model.model.model.layers.29.mlp.gate_proj.lora_B.weight,0.0013923695078119636
A3_VERIFIABLE_PROCESS,base_model.model.model.layers.29.mlp.up_proj.lora_A.weight,2.311039924621582
A3_VERIFIABLE_PROCESS,base_model.model.model.layers.29.mlp.up_proj.lora_B.weight,0.0015622058417648077
A3_VERIFIABLE_PROCESS,base_model.model.model.layers.29.self_attn.k_proj.lora_A.weight,2.300168037414551
A3_VERIFIABLE_PROCESS,base_model.model.model.layers.29.self_attn.k_proj.lora_B.weight,0.0005005961284041405
A3_VERIFIABLE_PROCESS,base_model.model.model.layers.29.self_attn.o_proj.lora_A.weight,2.3132073879241943
A3_VERIFIABLE_PROCESS,base_model.model.model.layers.29.self_attn.o_proj.lora_B.weight,0.0008661103202030063
A3_VERIFIABLE_PROCESS,base_model.model.model.layers.29.self_attn.q_proj.lora_A.weight,2.308576822280884
A3_VERIFIABLE_PROCESS,base_model.model.model.layers.29.self_attn.q_proj.lora_B.weight,0.00093031523283571
A3_VERIFIABLE_PROCESS,base_model.model.model.layers.29.self_attn.v_proj.lora_A.weight,2.30652117729187
A3_VERIFIABLE_PROCESS,base_model.model.model.layers.29.self_attn.v_proj.lora_B.weight,0.0005124933668412268
A3_VERIFIABLE_PROCESS,base_model.model.model.layers.3.mlp.down_proj.lora_A.weight,2.304208993911743
A3_VERIFIABLE_PROCESS,base_model.model.model.layers.3.mlp.down_proj.lora_B.weight,0.0007857150048948824
A3_VERIFIABLE_PROCESS,base_model.model.model.layers.3.mlp.gate_proj.lora_A.weight,2.3172378540039062
A3_VERIFIABLE_PROCESS,base_model.model.model.layers.3.mlp.gate_proj.lora_B.weight,0.001518473494797945
A3_VERIFIABLE_PROCESS,base_model.model.model.layers.3.mlp.up_proj.lora_A.weight,2.3123509883880615
A3_VERIFIABLE_PROCESS,base_model.model.model.layers.3.mlp.up_proj.lora_B.weight,0.0016190939350053668
A3_VERIFIABLE_PROCESS,base_model.model.model.layers.3.self_attn.k_proj.lora_A.weight,2.3035037517547607
A3_VERIFIABLE_PROCESS,base_model.model.model.layers.3.self_attn.k_proj.lora_B.weight,0.0004402189515531063
A3_VERIFIABLE_PROCESS,base_model.model.model.layers.3.self_attn.o_proj.lora_A.weight,2.3050637245178223
A3_VERIFIABLE_PROCESS,base_model.model.model.layers.3.self_attn.o_proj.lora_B.weight,0.0007065071840770543
A3_VERIFIABLE_PROCESS,base_model.model.model.layers.3.self_attn.q_proj.lora_A.weight,2.3071300983428955
A3_VERIFIABLE_PROCESS,base_model.model.model.layers.3.self_attn.q_proj.lora_B.weight,0.0008717598975636065
A3_VERIFIABLE_PROCESS,base_model.model.model.layers.3.self_attn.v_proj.lora_A.weight,2.305983066558838
A3_VERIFIABLE_PROCESS,base_model.model.model.layers.3.self_attn.v_proj.lora_B.weight,0.0004812289262190461
A3_VERIFIABLE_PROCESS,base_model.model.model.layers.30.mlp.down_proj.lora_A.weight,2.3100764751434326
A3_VERIFIABLE_PROCESS,base_model.model.model.layers.30.mlp.down_proj.lora_B.weight,0.0008231131942011416
A3_VERIFIABLE_PROCESS,base_model.model.model.layers.30.mlp.gate_proj.lora_A.weight,2.312188148498535
A3_VERIFIABLE_PROCESS,base_model.model.model.layers.30.mlp.gate_proj.lora_B.weight,0.001336552551947534
A3_VERIFIABLE_PROCESS,base_model.model.model.layers.30.mlp.up_proj.lora_A.weight,2.303136110305786
A3_VERIFIABLE_PROCESS,base_model.model.model.layers.30.mlp.up_proj.lora_B.weight,0.001626768265850842
A3_VERIFIABLE_PROCESS,base_model.model.model.layers.30.self_attn.k_proj.lora_A.weight,2.3103811740875244
A3_VERIFIABLE_PROCESS,base_model.model.model.layers.30.self_attn.k_proj.lora_B.weight,0.00041851913556456566
A3_VERIFIABLE_PROCESS,base_model.model.model.layers.30.self_attn.o_proj.lora_A.weight,2.316774845123291
A3_VERIFIABLE_PROCESS,base_model.model.model.layers.30.self_attn.o_proj.lora_B.weight,0.0007304368773475289
A3_VERIFIABLE_PROCESS,base_model.model.model.layers.30.self_attn.q_proj.lora_A.weight,2.3130135536193848
A3_VERIFIABLE_PROCESS,base_model.model.model.layers.30.self_attn.q_proj.lora_B.weight,0.0007372992113232613
A3_VERIFIABLE_PROCESS,base_model.model.model.layers.30.self_attn.v_proj.lora_A.weight,2.30407452583313
A3_VERIFIABLE_PROCESS,base_model.model.model.layers.30.self_attn.v_proj.lora_B.weight,0.0005286723026074469
A3_VERIFIABLE_PROCESS,base_model.model.model.layers.31.mlp.down_proj.lora_A.weight,2.30757474899292
A3_VERIFIABLE_PROCESS,base_model.model.model.layers.31.mlp.down_proj.lora_B.weight,0.0008682318148203194
A3_VERIFIABLE_PROCESS,base_model.model.model.layers.31.mlp.gate_proj.lora_A.weight,2.307706356048584
A3_VERIFIABLE_PROCESS,base_model.model.model.layers.31.mlp.gate_proj.lora_B.weight,0.0013334075920283794
A3_VERIFIABLE_PROCESS,base_model.model.model.layers.31.mlp.up_proj.lora_A.weight,2.314030170440674
A3_VERIFIABLE_PROCESS,base_model.model.model.layers.31.mlp.up_proj.lora_B.weight,0.0014924185816198587
A3_VERIFIABLE_PROCESS,base_model.model.model.layers.31.self_attn.k_proj.lora_A.weight,2.2997372150421143
A3_VERIFIABLE_PROCESS,base_model.model.model.layers.31.self_attn.k_proj.lora_B.weight,0.00048665021313354373
A3_VERIFIABLE_PROCESS,base_model.model.model.layers.31.self_attn.o_proj.lora_A.weight,2.3177764415740967
A3_VERIFIABLE_PROCESS,base_model.model.model.layers.31.self_attn.o_proj.lora_B.weight,0.0007871186244301498
A3_VERIFIABLE_PROCESS,base_model.model.model.layers.31.self_attn.q_proj.lora_A.weight,2.304678201675415
A3_VERIFIABLE_PROCESS,base_model.model.model.layers.31.self_attn.q_proj.lora_B.weight,0.000844110210891813
A3_VERIFIABLE_PROCESS,base_model.model.model.layers.31.self_attn.v_proj.lora_A.weight,2.2997944355010986
A3_VERIFIABLE_PROCESS,base_model.model.model.layers.31.self_attn.v_proj.lora_B.weight,0.000550028053112328
A3_VERIFIABLE_PROCESS,base_model.model.model.layers.32.mlp.down_proj.lora_A.weight,2.308633327484131
A3_VERIFIABLE_PROCESS,base_model.model.model.layers.32.mlp.down_proj.lora_B.weight,0.0007589376764371991
A3_VERIFIABLE_PROCESS,base_model.model.model.layers.32.mlp.gate_proj.lora_A.weight,2.32137393951416
A3_VERIFIABLE_PROCESS,base_model.model.model.layers.32.mlp.gate_proj.lora_B.weight,0.0013208771124482155
A3_VERIFIABLE_PROCESS,base_model.model.model.layers.32.mlp.up_proj.lora_A.weight,2.3146770000457764
A3_VERIFIABLE_PROCESS,base_model.model.model.layers.32.mlp.up_proj.lora_B.weight,0.0014793279115110636
A3_VERIFIABLE_PROCESS,base_model.model.model.layers.32.self_attn.k_proj.lora_A.weight,2.312859296798706
A3_VERIFIABLE_PROCESS,base_model.model.model.layers.32.self_attn.k_proj.lora_B.weight,0.0005544238374568522
A3_VERIFIABLE_PROCESS,base_model.model.model.layers.32.self_attn.o_proj.lora_A.weight,2.308088779449463
A3_VERIFIABLE_PROCESS,base_model.model.model.layers.32.self_attn.o_proj.lora_B.weight,0.0008731004199944437
A3_VERIFIABLE_PROCESS,base_model.model.model.layers.32.self_attn.q_proj.lora_A.weight,2.311485767364502
A3_VERIFIABLE_PROCESS,base_model.model.model.layers.32.self_attn.q_proj.lora_B.weight,0.000922233855817467
A3_VERIFIABLE_PROCESS,base_model.model.model.layers.32.self_attn.v_proj.lora_A.weight,2.3174490928649902
A3_VERIFIABLE_PROCESS,base_model.model.model.layers.32.self_attn.v_proj.lora_B.weight,0.0005643065087497234
A3_VERIFIABLE_PROCESS,base_model.model.model.layers.33.mlp.down_proj.lora_A.weight,2.308042287826538
A3_VERIFIABLE_PROCESS,base_model.model.model.layers.33.mlp.down_proj.lora_B.weight,0.000812486105132848
A3_VERIFIABLE_PROCESS,base_model.model.model.layers.33.mlp.gate_proj.lora_A.weight,2.3102142810821533
A3_VERIFIABLE_PROCESS,base_model.model.model.layers.33.mlp.gate_proj.lora_B.weight,0.0011605712352320552
A3_VERIFIABLE_PROCESS,base_model.model.model.layers.33.mlp.up_proj.lora_A.weight,2.307093381881714
A3_VERIFIABLE_PROCESS,base_model.model.model.layers.33.mlp.up_proj.lora_B.weight,0.0015022747684270144
A3_VERIFIABLE_PROCESS,base_model.model.model.layers.33.self_attn.k_proj.lora_A.weight,2.2980146408081055
A3_VERIFIABLE_PROCESS,base_model.model.model.layers.33.self_attn.k_proj.lora_B.weight,0.00047249693307094276
A3_VERIFIABLE_PROCESS,base_model.model.model.layers.33.self_attn.o_proj.lora_A.weight,2.3127989768981934
A3_VERIFIABLE_PROCESS,base_model.model.model.layers.33.self_attn.o_proj.lora_B.weight,0.000802716996986419
A3_VERIFIABLE_PROCESS,base_model.model.model.layers.33.self_attn.q_proj.lora_A.weight,2.303645372390747
A3_VERIFIABLE_PROCESS,base_model.model.model.layers.33.self_attn.q_proj.lora_B.weight,0.0008521910640411079
A3_VERIFIABLE_PROCESS,base_model.model.model.layers.33.self_attn.v_proj.lora_A.weight,2.3125147819519043
A3_VERIFIABLE_PROCESS,base_model.model.model.layers.33.self_attn.v_proj.lora_B.weight,0.0005696469452232122
A3_VERIFIABLE_PROCESS,base_model.model.model.layers.34.mlp.down_proj.lora_A.weight,2.30887508392334
A3_VERIFIABLE_PROCESS,base_model.model.model.layers.34.mlp.down_proj.lora_B.weight,0.0008489456959068775
A3_VERIFIABLE_PROCESS,base_model.model.model.layers.34.mlp.gate_proj.lora_A.weight,2.31381893157959
A3_VERIFIABLE_PROCESS,base_model.model.model.layers.34.mlp.gate_proj.lora_B.weight,0.0014026544522494078
A3_VERIFIABLE_PROCESS,base_model.model.model.layers.34.mlp.up_proj.lora_A.weight,2.314467430114746
A3_VERIFIABLE_PROCESS,base_model.model.model.layers.34.mlp.up_proj.lora_B.weight,0.0014501884579658508
A3_VERIFIABLE_PROCESS,base_model.model.model.layers.34.self_attn.k_proj.lora_A.weight,2.320028066635132
A3_VERIFIABLE_PROCESS,base_model.model.model.layers.34.self_attn.k_proj.lora_B.weight,0.0005422100657597184
A3_VERIFIABLE_PROCESS,base_model.model.model.layers.34.self_attn.o_proj.lora_A.weight,2.315458297729492
A3_VERIFIABLE_PROCESS,base_model.model.model.layers.34.self_attn.o_proj.lora_B.weight,0.0007929346174933016
A3_VERIFIABLE_PROCESS,base_model.model.model.layers.34.self_attn.q_proj.lora_A.weight,2.3099467754364014
A3_VERIFIABLE_PROCESS,base_model.model.model.layers.34.self_attn.q_proj.lora_B.weight,0.0008745576487854123
A3_VERIFIABLE_PROCESS,base_model.model.model.layers.34.self_attn.v_proj.lora_A.weight,2.3032097816467285
A3_VERIFIABLE_PROCESS,base_model.model.model.layers.34.self_attn.v_proj.lora_B.weight,0.0005635474226437509
A3_VERIFIABLE_PROCESS,base_model.model.model.layers.35.mlp.down_proj.lora_A.weight,2.3093550205230713
A3_VERIFIABLE_PROCESS,base_model.model.model.layers.35.mlp.down_proj.lora_B.weight,0.000979447620920837
A3_VERIFIABLE_PROCESS,base_model.model.model.layers.35.mlp.gate_proj.lora_A.weight,2.303398609161377
A3_VERIFIABLE_PROCESS,base_model.model.model.layers.35.mlp.gate_proj.lora_B.weight,0.0013266608584672213
A3_VERIFIABLE_PROCESS,base_model.model.model.layers.35.mlp.up_proj.lora_A.weight,2.3059473037719727
A3_VERIFIABLE_PROCESS,base_model.model.model.layers.35.mlp.up_proj.lora_B.weight,0.0013689843472093344
A3_VERIFIABLE_PROCESS,base_model.model.model.layers.35.self_attn.k_proj.lora_A.weight,2.310380697250366
A3_VERIFIABLE_PROCESS,base_model.model.model.layers.35.self_attn.k_proj.lora_B.weight,0.0005428080330602825
A3_VERIFIABLE_PROCESS,base_model.model.model.layers.35.self_attn.o_proj.lora_A.weight,2.3087737560272217
A3_VERIFIABLE_PROCESS,base_model.model.model.layers.35.self_attn.o_proj.lora_B.weight,0.0008468220476061106
A3_VERIFIABLE_PROCESS,base_model.model.model.layers.35.self_attn.q_proj.lora_A.weight,2.3043243885040283
A3_VERIFIABLE_PROCESS,base_model.model.model.layers.35.self_attn.q_proj.lora_B.weight,0.0010190082248300314
A3_VERIFIABLE_PROCESS,base_model.model.model.layers.35.self_attn.v_proj.lora_A.weight,2.3132026195526123
A3_VERIFIABLE_PROCESS,base_model.model.model.layers.35.self_attn.v_proj.lora_B.weight,0.0005619519506581128
A3_VERIFIABLE_PROCESS,base_model.model.model.layers.4.mlp.down_proj.lora_A.weight,2.306321144104004
A3_VERIFIABLE_PROCESS,base_model.model.model.layers.4.mlp.down_proj.lora_B.weight,0.0008241519681178033
A3_VERIFIABLE_PROCESS,base_model.model.model.layers.4.mlp.gate_proj.lora_A.weight,2.3003077507019043
A3_VERIFIABLE_PROCESS,base_model.model.model.layers.4.mlp.gate_proj.lora_B.weight,0.0015474186511710286
A3_VERIFIABLE_PROCESS,base_model.model.model.layers.4.mlp.up_proj.lora_A.weight,2.299075126647949
A3_VERIFIABLE_PROCESS,base_model.model.model.layers.4.mlp.up_proj.lora_B.weight,0.0015529730590060353
A3_VERIFIABLE_PROCESS,base_model.model.model.layers.4.self_attn.k_proj.lora_A.weight,2.307124137878418
A3_VERIFIABLE_PROCESS,base_model.model.model.layers.4.self_attn.k_proj.lora_B.weight,0.0004918611375615001
A3_VERIFIABLE_PROCESS,base_model.model.model.layers.4.self_attn.o_proj.lora_A.weight,2.3111672401428223
A3_VERIFIABLE_PROCESS,base_model.model.model.layers.4.self_attn.o_proj.lora_B.weight,0.0007429017568938434
A3_VERIFIABLE_PROCESS,base_model.model.model.layers.4.self_attn.q_proj.lora_A.weight,2.3067190647125244
A3_VERIFIABLE_PROCESS,base_model.model.model.layers.4.self_attn.q_proj.lora_B.weight,0.0009396785753779113
A3_VERIFIABLE_PROCESS,base_model.model.model.layers.4.self_attn.v_proj.lora_A.weight,2.300664186477661
A3_VERIFIABLE_PROCESS,base_model.model.model.layers.4.self_attn.v_proj.lora_B.weight,0.00047261183499358594
A3_VERIFIABLE_PROCESS,base_model.model.model.layers.5.mlp.down_proj.lora_A.weight,2.3111109733581543
A3_VERIFIABLE_PROCESS,base_model.model.model.layers.5.mlp.down_proj.lora_B.weight,0.0008384588873013854
A3_VERIFIABLE_PROCESS,base_model.model.model.layers.5.mlp.gate_proj.lora_A.weight,2.3137574195861816
A3_VERIFIABLE_PROCESS,base_model.model.model.layers.5.mlp.gate_proj.lora_B.weight,0.0015865943860262632
A3_VERIFIABLE_PROCESS,base_model.model.model.layers.5.mlp.up_proj.lora_A.weight,2.3146371841430664
A3_VERIFIABLE_PROCESS,base_model.model.model.layers.5.mlp.up_proj.lora_B.weight,0.0015641564968973398
A3_VERIFIABLE_PROCESS,base_model.model.model.layers.5.self_attn.k_proj.lora_A.weight,2.314023494720459
A3_VERIFIABLE_PROCESS,base_model.model.model.layers.5.self_attn.k_proj.lora_B.weight,0.0004907991387881339
A3_VERIFIABLE_PROCESS,base_model.model.model.layers.5.self_attn.o_proj.lora_A.weight,2.3063666820526123
A3_VERIFIABLE_PROCESS,base_model.model.model.layers.5.self_attn.o_proj.lora_B.weight,0.0007726374897174537
A3_VERIFIABLE_PROCESS,base_model.model.model.layers.5.self_attn.q_proj.lora_A.weight,2.310915946960449
A3_VERIFIABLE_PROCESS,base_model.model.model.layers.5.self_attn.q_proj.lora_B.weight,0.0009580780169926584
A3_VERIFIABLE_PROCESS,base_model.model.model.layers.5.self_attn.v_proj.lora_A.weight,2.3059604167938232
A3_VERIFIABLE_PROCESS,base_model.model.model.layers.5.self_attn.v_proj.lora_B.weight,0.0004689002234954387
A3_VERIFIABLE_PROCESS,base_model.model.model.layers.6.mlp.down_proj.lora_A.weight,2.3086254596710205
A3_VERIFIABLE_PROCESS,base_model.model.model.layers.6.mlp.down_proj.lora_B.weight,0.0009518418228253722
A3_VERIFIABLE_PROCESS,base_model.model.model.layers.6.mlp.gate_proj.lora_A.weight,2.319561243057251
A3_VERIFIABLE_PROCESS,base_model.model.model.layers.6.mlp.gate_proj.lora_B.weight,0.0015712098684161901
A3_VERIFIABLE_PROCESS,base_model.model.model.layers.6.mlp.up_proj.lora_A.weight,2.3056328296661377
A3_VERIFIABLE_PROCESS,base_model.model.model.layers.6.mlp.up_proj.lora_B.weight,0.0015927273780107498
A3_VERIFIABLE_PROCESS,base_model.model.model.layers.6.self_attn.k_proj.lora_A.weight,2.3099350929260254
A3_VERIFIABLE_PROCESS,base_model.model.model.layers.6.self_attn.k_proj.lora_B.weight,0.00045591930393129587
A3_VERIFIABLE_PROCESS,base_model.model.model.layers.6.self_attn.o_proj.lora_A.weight,2.3143720626831055
A3_VERIFIABLE_PROCESS,base_model.model.model.layers.6.self_attn.o_proj.lora_B.weight,0.0007978579378686845
A3_VERIFIABLE_PROCESS,base_model.model.model.layers.6.self_attn.q_proj.lora_A.weight,2.30838680267334
A3_VERIFIABLE_PROCESS,base_model.model.model.layers.6.self_attn.q_proj.lora_B.weight,0.0009019059361889958
A3_VERIFIABLE_PROCESS,base_model.model.model.layers.6.self_attn.v_proj.lora_A.weight,2.309788703918457
A3_VERIFIABLE_PROCESS,base_model.model.model.layers.6.self_attn.v_proj.lora_B.weight,0.00046598180779255927
A3_VERIFIABLE_PROCESS,base_model.model.model.layers.7.mlp.down_proj.lora_A.weight,2.304624080657959
A3_VERIFIABLE_PROCESS,base_model.model.model.layers.7.mlp.down_proj.lora_B.weight,0.0008854169864207506
A3_VERIFIABLE_PROCESS,base_model.model.model.layers.7.mlp.gate_proj.lora_A.weight,2.3004677295684814
A3_VERIFIABLE_PROCESS,base_model.model.model.layers.7.mlp.gate_proj.lora_B.weight,0.0016492495778948069
A3_VERIFIABLE_PROCESS,base_model.model.model.layers.7.mlp.up_proj.lora_A.weight,2.3112540245056152
A3_VERIFIABLE_PROCESS,base_model.model.model.layers.7.mlp.up_proj.lora_B.weight,0.0016705559100955725
A3_VERIFIABLE_PROCESS,base_model.model.model.layers.7.self_attn.k_proj.lora_A.weight,2.3102381229400635
A3_VERIFIABLE_PROCESS,base_model.model.model.layers.7.self_attn.k_proj.lora_B.weight,0.00046416468103416264
A3_VERIFIABLE_PROCESS,base_model.model.model.layers.7.self_attn.o_proj.lora_A.weight,2.3142130374908447
A3_VERIFIABLE_PROCESS,base_model.model.model.layers.7.self_attn.o_proj.lora_B.weight,0.0008223662152886391
A3_VERIFIABLE_PROCESS,base_model.model.model.layers.7.self_attn.q_proj.lora_A.weight,2.3018362522125244
A3_VERIFIABLE_PROCESS,base_model.model.model.layers.7.self_attn.q_proj.lora_B.weight,0.0009318651864305139
A3_VERIFIABLE_PROCESS,base_model.model.model.layers.7.self_attn.v_proj.lora_A.weight,2.314821243286133
A3_VERIFIABLE_PROCESS,base_model.model.model.layers.7.self_attn.v_proj.lora_B.weight,0.0005062121781520545
A3_VERIFIABLE_PROCESS,base_model.model.model.layers.8.mlp.down_proj.lora_A.weight,2.3057031631469727
A3_VERIFIABLE_PROCESS,base_model.model.model.layers.8.mlp.down_proj.lora_B.weight,0.0009119097958318889
A3_VERIFIABLE_PROCESS,base_model.model.model.layers.8.mlp.gate_proj.lora_A.weight,2.3156654834747314
A3_VERIFIABLE_PROCESS,base_model.model.model.layers.8.mlp.gate_proj.lora_B.weight,0.0016757705016061664
A3_VERIFIABLE_PROCESS,base_model.model.model.layers.8.mlp.up_proj.lora_A.weight,2.3243417739868164
A3_VERIFIABLE_PROCESS,base_model.model.model.layers.8.mlp.up_proj.lora_B.weight,0.0017099755350500345
A3_VERIFIABLE_PROCESS,base_model.model.model.layers.8.self_attn.k_proj.lora_A.weight,2.3086726665496826
A3_VERIFIABLE_PROCESS,base_model.model.model.layers.8.self_attn.k_proj.lora_B.weight,0.00047463993541896343
A3_VERIFIABLE_PROCESS,base_model.model.model.layers.8.self_attn.o_proj.lora_A.weight,2.3095076084136963
A3_VERIFIABLE_PROCESS,base_model.model.model.layers.8.self_attn.o_proj.lora_B.weight,0.000897626334335655
A3_VERIFIABLE_PROCESS,base_model.model.model.layers.8.self_attn.q_proj.lora_A.weight,2.318692922592163
A3_VERIFIABLE_PROCESS,base_model.model.model.layers.8.self_attn.q_proj.lora_B.weight,0.0009919906733557582
A3_VERIFIABLE_PROCESS,base_model.model.model.layers.8.self_attn.v_proj.lora_A.weight,2.3165063858032227
A3_VERIFIABLE_PROCESS,base_model.model.model.layers.8.self_attn.v_proj.lora_B.weight,0.0005525337182916701
A3_VERIFIABLE_PROCESS,base_model.model.model.layers.9.mlp.down_proj.lora_A.weight,2.3076260089874268
A3_VERIFIABLE_PROCESS,base_model.model.model.layers.9.mlp.down_proj.lora_B.weight,0.0009272590395994484
A3_VERIFIABLE_PROCESS,base_model.model.model.layers.9.mlp.gate_proj.lora_A.weight,2.3143818378448486
A3_VERIFIABLE_PROCESS,base_model.model.model.layers.9.mlp.gate_proj.lora_B.weight,0.0017146345926448703
A3_VERIFIABLE_PROCESS,base_model.model.model.layers.9.mlp.up_proj.lora_A.weight,2.2966902256011963
A3_VERIFIABLE_PROCESS,base_model.model.model.layers.9.mlp.up_proj.lora_B.weight,0.0017644880572333932
A3_VERIFIABLE_PROCESS,base_model.model.model.layers.9.self_attn.k_proj.lora_A.weight,2.306389808654785
A3_VERIFIABLE_PROCESS,base_model.model.model.layers.9.self_attn.k_proj.lora_B.weight,0.0005223873304203153
A3_VERIFIABLE_PROCESS,base_model.model.model.layers.9.self_attn.o_proj.lora_A.weight,2.311042070388794
A3_VERIFIABLE_PROCESS,base_model.model.model.layers.9.self_attn.o_proj.lora_B.weight,0.0009188057738356292
A3_VERIFIABLE_PROCESS,base_model.model.model.layers.9.self_attn.q_proj.lora_A.weight,2.3091583251953125
A3_VERIFIABLE_PROCESS,base_model.model.model.layers.9.self_attn.q_proj.lora_B.weight,0.0010265335440635681
A3_VERIFIABLE_PROCESS,base_model.model.model.layers.9.self_attn.v_proj.lora_A.weight,2.311342716217041
A3_VERIFIABLE_PROCESS,base_model.model.model.layers.9.self_attn.v_proj.lora_B.weight,0.0005798564525321126
A4_GATED_VERIFIABLE,base_model.model.model.layers.0.mlp.down_proj.lora_A.weight,2.3085219860076904
A4_GATED_VERIFIABLE,base_model.model.model.layers.0.mlp.down_proj.lora_B.weight,0.0006921250023879111
A4_GATED_VERIFIABLE,base_model.model.model.layers.0.mlp.gate_proj.lora_A.weight,2.3051817417144775
A4_GATED_VERIFIABLE,base_model.model.model.layers.0.mlp.gate_proj.lora_B.weight,0.0013247444294393063
A4_GATED_VERIFIABLE,base_model.model.model.layers.0.mlp.up_proj.lora_A.weight,2.3121330738067627
A4_GATED_VERIFIABLE,base_model.model.model.layers.0.mlp.up_proj.lora_B.weight,0.001331371022388339
A4_GATED_VERIFIABLE,base_model.model.model.layers.0.self_attn.k_proj.lora_A.weight,2.3163769245147705
A4_GATED_VERIFIABLE,base_model.model.model.layers.0.self_attn.k_proj.lora_B.weight,0.0004943531239405274
A4_GATED_VERIFIABLE,base_model.model.model.layers.0.self_attn.o_proj.lora_A.weight,2.3142266273498535
A4_GATED_VERIFIABLE,base_model.model.model.layers.0.self_attn.o_proj.lora_B.weight,0.0006670672446489334
A4_GATED_VERIFIABLE,base_model.model.model.layers.0.self_attn.q_proj.lora_A.weight,2.309269905090332
A4_GATED_VERIFIABLE,base_model.model.model.layers.0.self_attn.q_proj.lora_B.weight,0.0009404434822499752
A4_GATED_VERIFIABLE,base_model.model.model.layers.0.self_attn.v_proj.lora_A.weight,2.311877489089966
A4_GATED_VERIFIABLE,base_model.model.model.layers.0.self_attn.v_proj.lora_B.weight,0.0004527955607045442
A4_GATED_VERIFIABLE,base_model.model.model.layers.1.mlp.down_proj.lora_A.weight,2.3052823543548584
A4_GATED_VERIFIABLE,base_model.model.model.layers.1.mlp.down_proj.lora_B.weight,0.0007278152042999864
A4_GATED_VERIFIABLE,base_model.model.model.layers.1.mlp.gate_proj.lora_A.weight,2.3114545345306396
A4_GATED_VERIFIABLE,base_model.model.model.layers.1.mlp.gate_proj.lora_B.weight,0.0015144741628319025
A4_GATED_VERIFIABLE,base_model.model.model.layers.1.mlp.up_proj.lora_A.weight,2.3110859394073486
A4_GATED_VERIFIABLE,base_model.model.model.layers.1.mlp.up_proj.lora_B.weight,0.0012760197278112173
A4_GATED_VERIFIABLE,base_model.model.model.layers.1.self_attn.k_proj.lora_A.weight,2.306727170944214
A4_GATED_VERIFIABLE,base_model.model.model.layers.1.self_attn.k_proj.lora_B.weight,0.0004066636902280152
A4_GATED_VERIFIABLE,base_model.model.model.layers.1.self_attn.o_proj.lora_A.weight,2.311094284057617
A4_GATED_VERIFIABLE,base_model.model.model.layers.1.self_attn.o_proj.lora_B.weight,0.0006618584739044309
A4_GATED_VERIFIABLE,base_model.model.model.layers.1.self_attn.q_proj.lora_A.weight,2.3090639114379883
A4_GATED_VERIFIABLE,base_model.model.model.layers.1.self_attn.q_proj.lora_B.weight,0.0008245538920164108
A4_GATED_VERIFIABLE,base_model.model.model.layers.1.self_attn.v_proj.lora_A.weight,2.3058109283447266
A4_GATED_VERIFIABLE,base_model.model.model.layers.1.self_attn.v_proj.lora_B.weight,0.00041102321119979024
A4_GATED_VERIFIABLE,base_model.model.model.layers.10.mlp.down_proj.lora_A.weight,2.306239604949951
A4_GATED_VERIFIABLE,base_model.model.model.layers.10.mlp.down_proj.lora_B.weight,0.0007920165662653744
A4_GATED_VERIFIABLE,base_model.model.model.layers.10.mlp.gate_proj.lora_A.weight,2.3040332794189453
A4_GATED_VERIFIABLE,base_model.model.model.layers.10.mlp.gate_proj.lora_B.weight,0.0014839769573882222
A4_GATED_VERIFIABLE,base_model.model.model.layers.10.mlp.up_proj.lora_A.weight,2.31439208984375
A4_GATED_VERIFIABLE,base_model.model.model.layers.10.mlp.up_proj.lora_B.weight,0.0015246663242578506
A4_GATED_VERIFIABLE,base_model.model.model.layers.10.self_attn.k_proj.lora_A.weight,2.30570387840271
A4_GATED_VERIFIABLE,base_model.model.model.layers.10.self_attn.k_proj.lora_B.weight,0.00047845678636804223
A4_GATED_VERIFIABLE,base_model.model.model.layers.10.self_attn.o_proj.lora_A.weight,2.309648036956787
A4_GATED_VERIFIABLE,base_model.model.model.layers.10.self_attn.o_proj.lora_B.weight,0.000762301089707762
A4_GATED_VERIFIABLE,base_model.model.model.layers.10.self_attn.q_proj.lora_A.weight,2.3102314472198486
A4_GATED_VERIFIABLE,base_model.model.model.layers.10.self_attn.q_proj.lora_B.weight,0.0009419802227057517
A4_GATED_VERIFIABLE,base_model.model.model.layers.10.self_attn.v_proj.lora_A.weight,2.3080477714538574
A4_GATED_VERIFIABLE,base_model.model.model.layers.10.self_attn.v_proj.lora_B.weight,0.0005062679992988706
A4_GATED_VERIFIABLE,base_model.model.model.layers.11.mlp.down_proj.lora_A.weight,2.307610273361206
A4_GATED_VERIFIABLE,base_model.model.model.layers.11.mlp.down_proj.lora_B.weight,0.0007887699757702649
A4_GATED_VERIFIABLE,base_model.model.model.layers.11.mlp.gate_proj.lora_A.weight,2.307626247406006
A4_GATED_VERIFIABLE,base_model.model.model.layers.11.mlp.gate_proj.lora_B.weight,0.0014833880122750998
A4_GATED_VERIFIABLE,base_model.model.model.layers.11.mlp.up_proj.lora_A.weight,2.306307792663574
A4_GATED_VERIFIABLE,base_model.model.model.layers.11.mlp.up_proj.lora_B.weight,0.0014917142689228058
A4_GATED_VERIFIABLE,base_model.model.model.layers.11.self_attn.k_proj.lora_A.weight,2.310957670211792
A4_GATED_VERIFIABLE,base_model.model.model.layers.11.self_attn.k_proj.lora_B.weight,0.0004656439123209566
A4_GATED_VERIFIABLE,base_model.model.model.layers.11.self_attn.o_proj.lora_A.weight,2.3085522651672363
A4_GATED_VERIFIABLE,base_model.model.model.layers.11.self_attn.o_proj.lora_B.weight,0.0007953869644552469
A4_GATED_VERIFIABLE,base_model.model.model.layers.11.self_attn.q_proj.lora_A.weight,2.3198938369750977
A4_GATED_VERIFIABLE,base_model.model.model.layers.11.self_attn.q_proj.lora_B.weight,0.000893075717613101
A4_GATED_VERIFIABLE,base_model.model.model.layers.11.self_attn.v_proj.lora_A.weight,2.305211067199707
A4_GATED_VERIFIABLE,base_model.model.model.layers.11.self_attn.v_proj.lora_B.weight,0.0004922671942040324
A4_GATED_VERIFIABLE,base_model.model.model.layers.12.mlp.down_proj.lora_A.weight,2.307300090789795
A4_GATED_VERIFIABLE,base_model.model.model.layers.12.mlp.down_proj.lora_B.weight,0.0008036894141696393
A4_GATED_VERIFIABLE,base_model.model.model.layers.12.mlp.gate_proj.lora_A.weight,2.3134799003601074
A4_GATED_VERIFIABLE,base_model.model.model.layers.12.mlp.gate_proj.lora_B.weight,0.0015028504421934485
A4_GATED_VERIFIABLE,base_model.model.model.layers.12.mlp.up_proj.lora_A.weight,2.317626714706421
A4_GATED_VERIFIABLE,base_model.model.model.layers.12.mlp.up_proj.lora_B.weight,0.0016080040950328112
A4_GATED_VERIFIABLE,base_model.model.model.layers.12.self_attn.k_proj.lora_A.weight,2.3026506900787354
A4_GATED_VERIFIABLE,base_model.model.model.layers.12.self_attn.k_proj.lora_B.weight,0.00047090023872442544
A4_GATED_VERIFIABLE,base_model.model.model.layers.12.self_attn.o_proj.lora_A.weight,2.3000004291534424
A4_GATED_VERIFIABLE,base_model.model.model.layers.12.self_attn.o_proj.lora_B.weight,0.0008061850676313043
A4_GATED_VERIFIABLE,base_model.model.model.layers.12.self_attn.q_proj.lora_A.weight,2.3009603023529053
A4_GATED_VERIFIABLE,base_model.model.model.layers.12.self_attn.q_proj.lora_B.weight,0.0009308521402999759
A4_GATED_VERIFIABLE,base_model.model.model.layers.12.self_attn.v_proj.lora_A.weight,2.309922695159912
A4_GATED_VERIFIABLE,base_model.model.model.layers.12.self_attn.v_proj.lora_B.weight,0.0005072281928732991
A4_GATED_VERIFIABLE,base_model.model.model.layers.13.mlp.down_proj.lora_A.weight,2.312260627746582
A4_GATED_VERIFIABLE,base_model.model.model.layers.13.mlp.down_proj.lora_B.weight,0.0008206706261262298
A4_GATED_VERIFIABLE,base_model.model.model.layers.13.mlp.gate_proj.lora_A.weight,2.3062398433685303
A4_GATED_VERIFIABLE,base_model.model.model.layers.13.mlp.gate_proj.lora_B.weight,0.001535495975986123
A4_GATED_VERIFIABLE,base_model.model.model.layers.13.mlp.up_proj.lora_A.weight,2.3159022331237793
A4_GATED_VERIFIABLE,base_model.model.model.layers.13.mlp.up_proj.lora_B.weight,0.0015749556478112936
A4_GATED_VERIFIABLE,base_model.model.model.layers.13.self_attn.k_proj.lora_A.weight,2.30997896194458
A4_GATED_VERIFIABLE,base_model.model.model.layers.13.self_attn.k_proj.lora_B.weight,0.0004779548035003245
A4_GATED_VERIFIABLE,base_model.model.model.layers.13.self_attn.o_proj.lora_A.weight,2.305633068084717
A4_GATED_VERIFIABLE,base_model.model.model.layers.13.self_attn.o_proj.lora_B.weight,0.0008171051740646362
A4_GATED_VERIFIABLE,base_model.model.model.layers.13.self_attn.q_proj.lora_A.weight,2.304305076599121
A4_GATED_VERIFIABLE,base_model.model.model.layers.13.self_attn.q_proj.lora_B.weight,0.0009877965785562992
A4_GATED_VERIFIABLE,base_model.model.model.layers.13.self_attn.v_proj.lora_A.weight,2.308825969696045
A4_GATED_VERIFIABLE,base_model.model.model.layers.13.self_attn.v_proj.lora_B.weight,0.000529663753695786
A4_GATED_VERIFIABLE,base_model.model.model.layers.14.mlp.down_proj.lora_A.weight,2.3096048831939697
A4_GATED_VERIFIABLE,base_model.model.model.layers.14.mlp.down_proj.lora_B.weight,0.0008373998571187258
A4_GATED_VERIFIABLE,base_model.model.model.layers.14.mlp.gate_proj.lora_A.weight,2.3058011531829834
A4_GATED_VERIFIABLE,base_model.model.model.layers.14.mlp.gate_proj.lora_B.weight,0.0015594259602949023
A4_GATED_VERIFIABLE,base_model.model.model.layers.14.mlp.up_proj.lora_A.weight,2.3097684383392334
A4_GATED_VERIFIABLE,base_model.model.model.layers.14.mlp.up_proj.lora_B.weight,0.0015768537996336818
A4_GATED_VERIFIABLE,base_model.model.model.layers.14.self_attn.k_proj.lora_A.weight,2.3020870685577393
A4_GATED_VERIFIABLE,base_model.model.model.layers.14.self_attn.k_proj.lora_B.weight,0.0005063647404313087
A4_GATED_VERIFIABLE,base_model.model.model.layers.14.self_attn.o_proj.lora_A.weight,2.3188490867614746
A4_GATED_VERIFIABLE,base_model.model.model.layers.14.self_attn.o_proj.lora_B.weight,0.000832308316603303
A4_GATED_VERIFIABLE,base_model.model.model.layers.14.self_attn.q_proj.lora_A.weight,2.3113343715667725
A4_GATED_VERIFIABLE,base_model.model.model.layers.14.self_attn.q_proj.lora_B.weight,0.0010030325502157211
A4_GATED_VERIFIABLE,base_model.model.model.layers.14.self_attn.v_proj.lora_A.weight,2.316577196121216
A4_GATED_VERIFIABLE,base_model.model.model.layers.14.self_attn.v_proj.lora_B.weight,0.0005322275101207197
A4_GATED_VERIFIABLE,base_model.model.model.layers.15.mlp.down_proj.lora_A.weight,2.3105785846710205
A4_GATED_VERIFIABLE,base_model.model.model.layers.15.mlp.down_proj.lora_B.weight,0.0008366573019884527
A4_GATED_VERIFIABLE,base_model.model.model.layers.15.mlp.gate_proj.lora_A.weight,2.3094987869262695
A4_GATED_VERIFIABLE,base_model.model.model.layers.15.mlp.gate_proj.lora_B.weight,0.0015603565843775868
A4_GATED_VERIFIABLE,base_model.model.model.layers.15.mlp.up_proj.lora_A.weight,2.3078439235687256
A4_GATED_VERIFIABLE,base_model.model.model.layers.15.mlp.up_proj.lora_B.weight,0.0015840738778933883
A4_GATED_VERIFIABLE,base_model.model.model.layers.15.self_attn.k_proj.lora_A.weight,2.3046939373016357
A4_GATED_VERIFIABLE,base_model.model.model.layers.15.self_attn.k_proj.lora_B.weight,0.000498881156090647
A4_GATED_VERIFIABLE,base_model.model.model.layers.15.self_attn.o_proj.lora_A.weight,2.311663866043091
A4_GATED_VERIFIABLE,base_model.model.model.layers.15.self_attn.o_proj.lora_B.weight,0.0008566832402721047
A4_GATED_VERIFIABLE,base_model.model.model.layers.15.self_attn.q_proj.lora_A.weight,2.3112826347351074
A4_GATED_VERIFIABLE,base_model.model.model.layers.15.self_attn.q_proj.lora_B.weight,0.0010068886913359165
A4_GATED_VERIFIABLE,base_model.model.model.layers.15.self_attn.v_proj.lora_A.weight,2.303846836090088
A4_GATED_VERIFIABLE,base_model.model.model.layers.15.self_attn.v_proj.lora_B.weight,0.0005435188068076968
A4_GATED_VERIFIABLE,base_model.model.model.layers.16.mlp.down_proj.lora_A.weight,2.3078320026397705
A4_GATED_VERIFIABLE,base_model.model.model.layers.16.mlp.down_proj.lora_B.weight,0.0008473737980239093
A4_GATED_VERIFIABLE,base_model.model.model.layers.16.mlp.gate_proj.lora_A.weight,2.3027021884918213
A4_GATED_VERIFIABLE,base_model.model.model.layers.16.mlp.gate_proj.lora_B.weight,0.0015630656853318214
A4_GATED_VERIFIABLE,base_model.model.model.layers.16.mlp.up_proj.lora_A.weight,2.3067212104797363
A4_GATED_VERIFIABLE,base_model.model.model.layers.16.mlp.up_proj.lora_B.weight,0.0016726789763197303
A4_GATED_VERIFIABLE,base_model.model.model.layers.16.self_attn.k_proj.lora_A.weight,2.3063411712646484
A4_GATED_VERIFIABLE,base_model.model.model.layers.16.self_attn.k_proj.lora_B.weight,0.0005007592844776809
A4_GATED_VERIFIABLE,base_model.model.model.layers.16.self_attn.o_proj.lora_A.weight,2.308926820755005
A4_GATED_VERIFIABLE,base_model.model.model.layers.16.self_attn.o_proj.lora_B.weight,0.0008579585701227188
A4_GATED_VERIFIABLE,base_model.model.model.layers.16.self_attn.q_proj.lora_A.weight,2.3081135749816895
A4_GATED_VERIFIABLE,base_model.model.model.layers.16.self_attn.q_proj.lora_B.weight,0.0009937337599694729
A4_GATED_VERIFIABLE,base_model.model.model.layers.16.self_attn.v_proj.lora_A.weight,2.3049046993255615
A4_GATED_VERIFIABLE,base_model.model.model.layers.16.self_attn.v_proj.lora_B.weight,0.0005634253029711545
A4_GATED_VERIFIABLE,base_model.model.model.layers.17.mlp.down_proj.lora_A.weight,2.3093810081481934
A4_GATED_VERIFIABLE,base_model.model.model.layers.17.mlp.down_proj.lora_B.weight,0.0008569554192945361
A4_GATED_VERIFIABLE,base_model.model.model.layers.17.mlp.gate_proj.lora_A.weight,2.3165760040283203
A4_GATED_VERIFIABLE,base_model.model.model.layers.17.mlp.gate_proj.lora_B.weight,0.001602709642611444
A4_GATED_VERIFIABLE,base_model.model.model.layers.17.mlp.up_proj.lora_A.weight,2.314110517501831
A4_GATED_VERIFIABLE,base_model.model.model.layers.17.mlp.up_proj.lora_B.weight,0.0016572303138673306
A4_GATED_VERIFIABLE,base_model.model.model.layers.17.self_attn.k_proj.lora_A.weight,2.3067190647125244
A4_GATED_VERIFIABLE,base_model.model.model.layers.17.self_attn.k_proj.lora_B.weight,0.0005021646502427757
A4_GATED_VERIFIABLE,base_model.model.model.layers.17.self_attn.o_proj.lora_A.weight,2.313413381576538
A4_GATED_VERIFIABLE,base_model.model.model.layers.17.self_attn.o_proj.lora_B.weight,0.0008808704442344606
A4_GATED_VERIFIABLE,base_model.model.model.layers.17.self_attn.q_proj.lora_A.weight,2.312685489654541
A4_GATED_VERIFIABLE,base_model.model.model.layers.17.self_attn.q_proj.lora_B.weight,0.000976890092715621
A4_GATED_VERIFIABLE,base_model.model.model.layers.17.self_attn.v_proj.lora_A.weight,2.3051090240478516
A4_GATED_VERIFIABLE,base_model.model.model.layers.17.self_attn.v_proj.lora_B.weight,0.0005641343304887414
A4_GATED_VERIFIABLE,base_model.model.model.layers.18.mlp.down_proj.lora_A.weight,2.3124303817749023
A4_GATED_VERIFIABLE,base_model.model.model.layers.18.mlp.down_proj.lora_B.weight,0.0008285270887427032
A4_GATED_VERIFIABLE,base_model.model.model.layers.18.mlp.gate_proj.lora_A.weight,2.3043360710144043
A4_GATED_VERIFIABLE,base_model.model.model.layers.18.mlp.gate_proj.lora_B.weight,0.0015079394215717912
A4_GATED_VERIFIABLE,base_model.model.model.layers.18.mlp.up_proj.lora_A.weight,2.3093016147613525
A4_GATED_VERIFIABLE,base_model.model.model.layers.18.mlp.up_proj.lora_B.weight,0.0016547816339880228
A4_GATED_VERIFIABLE,base_model.model.model.layers.18.self_attn.k_proj.lora_A.weight,2.3137056827545166
A4_GATED_VERIFIABLE,base_model.model.model.layers.18.self_attn.k_proj.lora_B.weight,0.0005125802126713097
A4_GATED_VERIFIABLE,base_model.model.model.layers.18.self_attn.o_proj.lora_A.weight,2.3050239086151123
A4_GATED_VERIFIABLE,base_model.model.model.layers.18.self_attn.o_proj.lora_B.weight,0.0008524094009771943
A4_GATED_VERIFIABLE,base_model.model.model.layers.18.self_attn.q_proj.lora_A.weight,2.3197240829467773
A4_GATED_VERIFIABLE,base_model.model.model.layers.18.self_attn.q_proj.lora_B.weight,0.0010072877630591393
A4_GATED_VERIFIABLE,base_model.model.model.layers.18.self_attn.v_proj.lora_A.weight,2.308652400970459
A4_GATED_VERIFIABLE,base_model.model.model.layers.18.self_attn.v_proj.lora_B.weight,0.0005676837754435837
A4_GATED_VERIFIABLE,base_model.model.model.layers.19.mlp.down_proj.lora_A.weight,2.313408613204956
A4_GATED_VERIFIABLE,base_model.model.model.layers.19.mlp.down_proj.lora_B.weight,0.0008068677270784974
A4_GATED_VERIFIABLE,base_model.model.model.layers.19.mlp.gate_proj.lora_A.weight,2.31207537651062
A4_GATED_VERIFIABLE,base_model.model.model.layers.19.mlp.gate_proj.lora_B.weight,0.0015359364915639162
A4_GATED_VERIFIABLE,base_model.model.model.layers.19.mlp.up_proj.lora_A.weight,2.3123393058776855
A4_GATED_VERIFIABLE,base_model.model.model.layers.19.mlp.up_proj.lora_B.weight,0.0015997715527191758
A4_GATED_VERIFIABLE,base_model.model.model.layers.19.self_attn.k_proj.lora_A.weight,2.316563606262207
A4_GATED_VERIFIABLE,base_model.model.model.layers.19.self_attn.k_proj.lora_B.weight,0.0005146056646481156
A4_GATED_VERIFIABLE,base_model.model.model.layers.19.self_attn.o_proj.lora_A.weight,2.302612543106079
A4_GATED_VERIFIABLE,base_model.model.model.layers.19.self_attn.o_proj.lora_B.weight,0.0008620935259386897
A4_GATED_VERIFIABLE,base_model.model.model.layers.19.self_attn.q_proj.lora_A.weight,2.309178352355957
A4_GATED_VERIFIABLE,base_model.model.model.layers.19.self_attn.q_proj.lora_B.weight,0.0009954811539500952
A4_GATED_VERIFIABLE,base_model.model.model.layers.19.self_attn.v_proj.lora_A.weight,2.3116228580474854
A4_GATED_VERIFIABLE,base_model.model.model.layers.19.self_attn.v_proj.lora_B.weight,0.0005691580008715391
A4_GATED_VERIFIABLE,base_model.model.model.layers.2.mlp.down_proj.lora_A.weight,2.3086912631988525
A4_GATED_VERIFIABLE,base_model.model.model.layers.2.mlp.down_proj.lora_B.weight,0.000665859435684979
A4_GATED_VERIFIABLE,base_model.model.model.layers.2.mlp.gate_proj.lora_A.weight,2.3044583797454834
A4_GATED_VERIFIABLE,base_model.model.model.layers.2.mlp.gate_proj.lora_B.weight,0.0014295104192569852
A4_GATED_VERIFIABLE,base_model.model.model.layers.2.mlp.up_proj.lora_A.weight,2.31327223777771
A4_GATED_VERIFIABLE,base_model.model.model.layers.2.mlp.up_proj.lora_B.weight,0.0014850032748654485
A4_GATED_VERIFIABLE,base_model.model.model.layers.2.self_attn.k_proj.lora_A.weight,2.304246664047241
A4_GATED_VERIFIABLE,base_model.model.model.layers.2.self_attn.k_proj.lora_B.weight,0.0004289147036615759
A4_GATED_VERIFIABLE,base_model.model.model.layers.2.self_attn.o_proj.lora_A.weight,2.3089582920074463
A4_GATED_VERIFIABLE,base_model.model.model.layers.2.self_attn.o_proj.lora_B.weight,0.0006675853510387242
A4_GATED_VERIFIABLE,base_model.model.model.layers.2.self_attn.q_proj.lora_A.weight,2.307469606399536
A4_GATED_VERIFIABLE,base_model.model.model.layers.2.self_attn.q_proj.lora_B.weight,0.0008211502572521567
A4_GATED_VERIFIABLE,base_model.model.model.layers.2.self_attn.v_proj.lora_A.weight,2.3137760162353516
A4_GATED_VERIFIABLE,base_model.model.model.layers.2.self_attn.v_proj.lora_B.weight,0.0004199170507490635
A4_GATED_VERIFIABLE,base_model.model.model.layers.20.mlp.down_proj.lora_A.weight,2.3012444972991943
A4_GATED_VERIFIABLE,base_model.model.model.layers.20.mlp.down_proj.lora_B.weight,0.0008514146902598441
A4_GATED_VERIFIABLE,base_model.model.model.layers.20.mlp.gate_proj.lora_A.weight,2.312333822250366
A4_GATED_VERIFIABLE,base_model.model.model.layers.20.mlp.gate_proj.lora_B.weight,0.0015356967924162745
A4_GATED_VERIFIABLE,base_model.model.model.layers.20.mlp.up_proj.lora_A.weight,2.3145527839660645
A4_GATED_VERIFIABLE,base_model.model.model.layers.20.mlp.up_proj.lora_B.weight,0.001665037008933723
A4_GATED_VERIFIABLE,base_model.model.model.layers.20.self_attn.k_proj.lora_A.weight,2.3151605129241943
A4_GATED_VERIFIABLE,base_model.model.model.layers.20.self_attn.k_proj.lora_B.weight,0.0005096665699966252
A4_GATED_VERIFIABLE,base_model.model.model.layers.20.self_attn.o_proj.lora_A.weight,2.3047564029693604
A4_GATED_VERIFIABLE,base_model.model.model.layers.20.self_attn.o_proj.lora_B.weight,0.0008874861523509026
A4_GATED_VERIFIABLE,base_model.model.model.layers.20.self_attn.q_proj.lora_A.weight,2.309528350830078
A4_GATED_VERIFIABLE,base_model.model.model.layers.20.self_attn.q_proj.lora_B.weight,0.0009889421053230762
A4_GATED_VERIFIABLE,base_model.model.model.layers.20.self_attn.v_proj.lora_A.weight,2.3065757751464844
A4_GATED_VERIFIABLE,base_model.model.model.layers.20.self_attn.v_proj.lora_B.weight,0.0005775440949946642
A4_GATED_VERIFIABLE,base_model.model.model.layers.21.mlp.down_proj.lora_A.weight,2.306915521621704
A4_GATED_VERIFIABLE,base_model.model.model.layers.21.mlp.down_proj.lora_B.weight,0.0008877153159119189
A4_GATED_VERIFIABLE,base_model.model.model.layers.21.mlp.gate_proj.lora_A.weight,2.316023111343384
A4_GATED_VERIFIABLE,base_model.model.model.layers.21.mlp.gate_proj.lora_B.weight,0.0013719660928472877
A4_GATED_VERIFIABLE,base_model.model.model.layers.21.mlp.up_proj.lora_A.weight,2.310784101486206
A4_GATED_VERIFIABLE,base_model.model.model.layers.21.mlp.up_proj.lora_B.weight,0.0015970594249665737
A4_GATED_VERIFIABLE,base_model.model.model.layers.21.self_attn.k_proj.lora_A.weight,2.311422348022461
A4_GATED_VERIFIABLE,base_model.model.model.layers.21.self_attn.k_proj.lora_B.weight,0.0005445578135550022
A4_GATED_VERIFIABLE,base_model.model.model.layers.21.self_attn.o_proj.lora_A.weight,2.320852279663086
A4_GATED_VERIFIABLE,base_model.model.model.layers.21.self_attn.o_proj.lora_B.weight,0.000846695329528302
A4_GATED_VERIFIABLE,base_model.model.model.layers.21.self_attn.q_proj.lora_A.weight,2.3074421882629395
A4_GATED_VERIFIABLE,base_model.model.model.layers.21.self_attn.q_proj.lora_B.weight,0.001055099768564105
A4_GATED_VERIFIABLE,base_model.model.model.layers.21.self_attn.v_proj.lora_A.weight,2.3095104694366455
A4_GATED_VERIFIABLE,base_model.model.model.layers.21.self_attn.v_proj.lora_B.weight,0.0005825800471939147
A4_GATED_VERIFIABLE,base_model.model.model.layers.22.mlp.down_proj.lora_A.weight,2.3071858882904053
A4_GATED_VERIFIABLE,base_model.model.model.layers.22.mlp.down_proj.lora_B.weight,0.0008228995138779283
A4_GATED_VERIFIABLE,base_model.model.model.layers.22.mlp.gate_proj.lora_A.weight,2.3068878650665283
A4_GATED_VERIFIABLE,base_model.model.model.layers.22.mlp.gate_proj.lora_B.weight,0.0012796638766303658
A4_GATED_VERIFIABLE,base_model.model.model.layers.22.mlp.up_proj.lora_A.weight,2.3123819828033447
A4_GATED_VERIFIABLE,base_model.model.model.layers.22.mlp.up_proj.lora_B.weight,0.0014196212869137526
A4_GATED_VERIFIABLE,base_model.model.model.layers.22.self_attn.k_proj.lora_A.weight,2.301363229751587
A4_GATED_VERIFIABLE,base_model.model.model.layers.22.self_attn.k_proj.lora_B.weight,0.0005155793623998761
A4_GATED_VERIFIABLE,base_model.model.model.layers.22.self_attn.o_proj.lora_A.weight,2.3047127723693848
A4_GATED_VERIFIABLE,base_model.model.model.layers.22.self_attn.o_proj.lora_B.weight,0.0008086184971034527
A4_GATED_VERIFIABLE,base_model.model.model.layers.22.self_attn.q_proj.lora_A.weight,2.308566093444824
A4_GATED_VERIFIABLE,base_model.model.model.layers.22.self_attn.q_proj.lora_B.weight,0.0009104644996114075
A4_GATED_VERIFIABLE,base_model.model.model.layers.22.self_attn.v_proj.lora_A.weight,2.31233811378479
A4_GATED_VERIFIABLE,base_model.model.model.layers.22.self_attn.v_proj.lora_B.weight,0.0005639640730805695
A4_GATED_VERIFIABLE,base_model.model.model.layers.23.mlp.down_proj.lora_A.weight,2.3087730407714844
A4_GATED_VERIFIABLE,base_model.model.model.layers.23.mlp.down_proj.lora_B.weight,0.0007229420589283109
A4_GATED_VERIFIABLE,base_model.model.model.layers.23.mlp.gate_proj.lora_A.weight,2.3047778606414795
A4_GATED_VERIFIABLE,base_model.model.model.layers.23.mlp.gate_proj.lora_B.weight,0.0013074742164462805
A4_GATED_VERIFIABLE,base_model.model.model.layers.23.mlp.up_proj.lora_A.weight,2.3071529865264893
A4_GATED_VERIFIABLE,base_model.model.model.layers.23.mlp.up_proj.lora_B.weight,0.001429121708497405
A4_GATED_VERIFIABLE,base_model.model.model.layers.23.self_attn.k_proj.lora_A.weight,2.314060688018799
A4_GATED_VERIFIABLE,base_model.model.model.layers.23.self_attn.k_proj.lora_B.weight,0.000492586346808821
A4_GATED_VERIFIABLE,base_model.model.model.layers.23.self_attn.o_proj.lora_A.weight,2.3062210083007812
A4_GATED_VERIFIABLE,base_model.model.model.layers.23.self_attn.o_proj.lora_B.weight,0.0007809862727299333
A4_GATED_VERIFIABLE,base_model.model.model.layers.23.self_attn.q_proj.lora_A.weight,2.3032143115997314
A4_GATED_VERIFIABLE,base_model.model.model.layers.23.self_attn.q_proj.lora_B.weight,0.0008248839294537902
A4_GATED_VERIFIABLE,base_model.model.model.layers.23.self_attn.v_proj.lora_A.weight,2.30594801902771
A4_GATED_VERIFIABLE,base_model.model.model.layers.23.self_attn.v_proj.lora_B.weight,0.0005660539609380066
A4_GATED_VERIFIABLE,base_model.model.model.layers.24.mlp.down_proj.lora_A.weight,2.3050055503845215
A4_GATED_VERIFIABLE,base_model.model.model.layers.24.mlp.down_proj.lora_B.weight,0.0007870139670558274
A4_GATED_VERIFIABLE,base_model.model.model.layers.24.mlp.gate_proj.lora_A.weight,2.3066978454589844
A4_GATED_VERIFIABLE,base_model.model.model.layers.24.mlp.gate_proj.lora_B.weight,0.0012156849261373281
A4_GATED_VERIFIABLE,base_model.model.model.layers.24.mlp.up_proj.lora_A.weight,2.314669609069824
A4_GATED_VERIFIABLE,base_model.model.model.layers.24.mlp.up_proj.lora_B.weight,0.0014643854228779674
A4_GATED_VERIFIABLE,base_model.model.model.layers.24.self_attn.k_proj.lora_A.weight,2.312331438064575
A4_GATED_VERIFIABLE,base_model.model.model.layers.24.self_attn.k_proj.lora_B.weight,0.0004928134731017053
A4_GATED_VERIFIABLE,base_model.model.model.layers.24.self_attn.o_proj.lora_A.weight,2.3110923767089844
A4_GATED_VERIFIABLE,base_model.model.model.layers.24.self_attn.o_proj.lora_B.weight,0.0007874188013374805
A4_GATED_VERIFIABLE,base_model.model.model.layers.24.self_attn.q_proj.lora_A.weight,2.306831121444702
A4_GATED_VERIFIABLE,base_model.model.model.layers.24.self_attn.q_proj.lora_B.weight,0.0009563350467942655
A4_GATED_VERIFIABLE,base_model.model.model.layers.24.self_attn.v_proj.lora_A.weight,2.3084583282470703
A4_GATED_VERIFIABLE,base_model.model.model.layers.24.self_attn.v_proj.lora_B.weight,0.0005190930096432567
A4_GATED_VERIFIABLE,base_model.model.model.layers.25.mlp.down_proj.lora_A.weight,2.3099167346954346
A4_GATED_VERIFIABLE,base_model.model.model.layers.25.mlp.down_proj.lora_B.weight,0.0008733139256946743
A4_GATED_VERIFIABLE,base_model.model.model.layers.25.mlp.gate_proj.lora_A.weight,2.311612606048584
A4_GATED_VERIFIABLE,base_model.model.model.layers.25.mlp.gate_proj.lora_B.weight,0.0011793288867920637
A4_GATED_VERIFIABLE,base_model.model.model.layers.25.mlp.up_proj.lora_A.weight,2.3151333332061768
A4_GATED_VERIFIABLE,base_model.model.model.layers.25.mlp.up_proj.lora_B.weight,0.001373797538690269
A4_GATED_VERIFIABLE,base_model.model.model.layers.25.self_attn.k_proj.lora_A.weight,2.313748836517334
A4_GATED_VERIFIABLE,base_model.model.model.layers.25.self_attn.k_proj.lora_B.weight,0.0004389879177324474
A4_GATED_VERIFIABLE,base_model.model.model.layers.25.self_attn.o_proj.lora_A.weight,2.316509246826172
A4_GATED_VERIFIABLE,base_model.model.model.layers.25.self_attn.o_proj.lora_B.weight,0.0007472163997590542
A4_GATED_VERIFIABLE,base_model.model.model.layers.25.self_attn.q_proj.lora_A.weight,2.3086657524108887
A4_GATED_VERIFIABLE,base_model.model.model.layers.25.self_attn.q_proj.lora_B.weight,0.0008485788712278008
A4_GATED_VERIFIABLE,base_model.model.model.layers.25.self_attn.v_proj.lora_A.weight,2.3087193965911865
A4_GATED_VERIFIABLE,base_model.model.model.layers.25.self_attn.v_proj.lora_B.weight,0.0004867550451308489
A4_GATED_VERIFIABLE,base_model.model.model.layers.26.mlp.down_proj.lora_A.weight,2.3109707832336426
A4_GATED_VERIFIABLE,base_model.model.model.layers.26.mlp.down_proj.lora_B.weight,0.0007452120189554989
A4_GATED_VERIFIABLE,base_model.model.model.layers.26.mlp.gate_proj.lora_A.weight,2.3086724281311035
A4_GATED_VERIFIABLE,base_model.model.model.layers.26.mlp.gate_proj.lora_B.weight,0.0012234452879056334
A4_GATED_VERIFIABLE,base_model.model.model.layers.26.mlp.up_proj.lora_A.weight,2.3107619285583496
A4_GATED_VERIFIABLE,base_model.model.model.layers.26.mlp.up_proj.lora_B.weight,0.0014270448591560125
A4_GATED_VERIFIABLE,base_model.model.model.layers.26.self_attn.k_proj.lora_A.weight,2.317242383956909
A4_GATED_VERIFIABLE,base_model.model.model.layers.26.self_attn.k_proj.lora_B.weight,0.0004486223333515227
A4_GATED_VERIFIABLE,base_model.model.model.layers.26.self_attn.o_proj.lora_A.weight,2.305326461791992
A4_GATED_VERIFIABLE,base_model.model.model.layers.26.self_attn.o_proj.lora_B.weight,0.0007885613013058901
A4_GATED_VERIFIABLE,base_model.model.model.layers.26.self_attn.q_proj.lora_A.weight,2.310699224472046
A4_GATED_VERIFIABLE,base_model.model.model.layers.26.self_attn.q_proj.lora_B.weight,0.000831986078992486
A4_GATED_VERIFIABLE,base_model.model.model.layers.26.self_attn.v_proj.lora_A.weight,2.311227798461914
A4_GATED_VERIFIABLE,base_model.model.model.layers.26.self_attn.v_proj.lora_B.weight,0.00047231846838258207
A4_GATED_VERIFIABLE,base_model.model.model.layers.27.mlp.down_proj.lora_A.weight,2.3085780143737793
A4_GATED_VERIFIABLE,base_model.model.model.layers.27.mlp.down_proj.lora_B.weight,0.0007773949182592332
A4_GATED_VERIFIABLE,base_model.model.model.layers.27.mlp.gate_proj.lora_A.weight,2.3129239082336426
A4_GATED_VERIFIABLE,base_model.model.model.layers.27.mlp.gate_proj.lora_B.weight,0.0012943919282406569
A4_GATED_VERIFIABLE,base_model.model.model.layers.27.mlp.up_proj.lora_A.weight,2.302708625793457
A4_GATED_VERIFIABLE,base_model.model.model.layers.27.mlp.up_proj.lora_B.weight,0.0012454516254365444
A4_GATED_VERIFIABLE,base_model.model.model.layers.27.self_attn.k_proj.lora_A.weight,2.309018135070801
A4_GATED_VERIFIABLE,base_model.model.model.layers.27.self_attn.k_proj.lora_B.weight,0.0004330989613663405
A4_GATED_VERIFIABLE,base_model.model.model.layers.27.self_attn.o_proj.lora_A.weight,2.299891233444214
A4_GATED_VERIFIABLE,base_model.model.model.layers.27.self_attn.o_proj.lora_B.weight,0.0007385623175650835
A4_GATED_VERIFIABLE,base_model.model.model.layers.27.self_attn.q_proj.lora_A.weight,2.313014507293701
A4_GATED_VERIFIABLE,base_model.model.model.layers.27.self_attn.q_proj.lora_B.weight,0.0007779966108500957
A4_GATED_VERIFIABLE,base_model.model.model.layers.27.self_attn.v_proj.lora_A.weight,2.3036763668060303
A4_GATED_VERIFIABLE,base_model.model.model.layers.27.self_attn.v_proj.lora_B.weight,0.0004656636738218367
A4_GATED_VERIFIABLE,base_model.model.model.layers.28.mlp.down_proj.lora_A.weight,2.307288885116577
A4_GATED_VERIFIABLE,base_model.model.model.layers.28.mlp.down_proj.lora_B.weight,0.0006979159079492092
A4_GATED_VERIFIABLE,base_model.model.model.layers.28.mlp.gate_proj.lora_A.weight,2.3030827045440674
A4_GATED_VERIFIABLE,base_model.model.model.layers.28.mlp.gate_proj.lora_B.weight,0.0012928626965731382
A4_GATED_VERIFIABLE,base_model.model.model.layers.28.mlp.up_proj.lora_A.weight,2.3140780925750732
A4_GATED_VERIFIABLE,base_model.model.model.layers.28.mlp.up_proj.lora_B.weight,0.001317802700214088
A4_GATED_VERIFIABLE,base_model.model.model.layers.28.self_attn.k_proj.lora_A.weight,2.3059844970703125
A4_GATED_VERIFIABLE,base_model.model.model.layers.28.self_attn.k_proj.lora_B.weight,0.00047342589823529124
A4_GATED_VERIFIABLE,base_model.model.model.layers.28.self_attn.o_proj.lora_A.weight,2.309480667114258
A4_GATED_VERIFIABLE,base_model.model.model.layers.28.self_attn.o_proj.lora_B.weight,0.0007335210684686899
A4_GATED_VERIFIABLE,base_model.model.model.layers.28.self_attn.q_proj.lora_A.weight,2.312732696533203
A4_GATED_VERIFIABLE,base_model.model.model.layers.28.self_attn.q_proj.lora_B.weight,0.0008711816626600921
A4_GATED_VERIFIABLE,base_model.model.model.layers.28.self_attn.v_proj.lora_A.weight,2.304187059402466
A4_GATED_VERIFIABLE,base_model.model.model.layers.28.self_attn.v_proj.lora_B.weight,0.00044890723074786365
A4_GATED_VERIFIABLE,base_model.model.model.layers.29.mlp.down_proj.lora_A.weight,2.3129208087921143
A4_GATED_VERIFIABLE,base_model.model.model.layers.29.mlp.down_proj.lora_B.weight,0.0006496114656329155
A4_GATED_VERIFIABLE,base_model.model.model.layers.29.mlp.gate_proj.lora_A.weight,2.3062193393707275
A4_GATED_VERIFIABLE,base_model.model.model.layers.29.mlp.gate_proj.lora_B.weight,0.0011824977118521929
A4_GATED_VERIFIABLE,base_model.model.model.layers.29.mlp.up_proj.lora_A.weight,2.311037302017212
A4_GATED_VERIFIABLE,base_model.model.model.layers.29.mlp.up_proj.lora_B.weight,0.0012731883907690644
A4_GATED_VERIFIABLE,base_model.model.model.layers.29.self_attn.k_proj.lora_A.weight,2.300164222717285
A4_GATED_VERIFIABLE,base_model.model.model.layers.29.self_attn.k_proj.lora_B.weight,0.0004207543970551342
A4_GATED_VERIFIABLE,base_model.model.model.layers.29.self_attn.o_proj.lora_A.weight,2.3132071495056152
A4_GATED_VERIFIABLE,base_model.model.model.layers.29.self_attn.o_proj.lora_B.weight,0.0006995665607973933
A4_GATED_VERIFIABLE,base_model.model.model.layers.29.self_attn.q_proj.lora_A.weight,2.3085720539093018
A4_GATED_VERIFIABLE,base_model.model.model.layers.29.self_attn.q_proj.lora_B.weight,0.0007714484818279743
A4_GATED_VERIFIABLE,base_model.model.model.layers.29.self_attn.v_proj.lora_A.weight,2.306518316268921
A4_GATED_VERIFIABLE,base_model.model.model.layers.29.self_attn.v_proj.lora_B.weight,0.00041539466474205256
A4_GATED_VERIFIABLE,base_model.model.model.layers.3.mlp.down_proj.lora_A.weight,2.304202079772949
A4_GATED_VERIFIABLE,base_model.model.model.layers.3.mlp.down_proj.lora_B.weight,0.0007057873881421983
A4_GATED_VERIFIABLE,base_model.model.model.layers.3.mlp.gate_proj.lora_A.weight,2.317230224609375
A4_GATED_VERIFIABLE,base_model.model.model.layers.3.mlp.gate_proj.lora_B.weight,0.0013510321732610464
A4_GATED_VERIFIABLE,base_model.model.model.layers.3.mlp.up_proj.lora_A.weight,2.3123481273651123
A4_GATED_VERIFIABLE,base_model.model.model.layers.3.mlp.up_proj.lora_B.weight,0.001398157561197877
A4_GATED_VERIFIABLE,base_model.model.model.layers.3.self_attn.k_proj.lora_A.weight,2.303497076034546
A4_GATED_VERIFIABLE,base_model.model.model.layers.3.self_attn.k_proj.lora_B.weight,0.0003966446965932846
A4_GATED_VERIFIABLE,base_model.model.model.layers.3.self_attn.o_proj.lora_A.weight,2.305054187774658
A4_GATED_VERIFIABLE,base_model.model.model.layers.3.self_attn.o_proj.lora_B.weight,0.0006514887209050357
A4_GATED_VERIFIABLE,base_model.model.model.layers.3.self_attn.q_proj.lora_A.weight,2.307124137878418
A4_GATED_VERIFIABLE,base_model.model.model.layers.3.self_attn.q_proj.lora_B.weight,0.0007941593648865819
A4_GATED_VERIFIABLE,base_model.model.model.layers.3.self_attn.v_proj.lora_A.weight,2.3059821128845215
A4_GATED_VERIFIABLE,base_model.model.model.layers.3.self_attn.v_proj.lora_B.weight,0.0004351064271759242
A4_GATED_VERIFIABLE,base_model.model.model.layers.30.mlp.down_proj.lora_A.weight,2.310075044631958
A4_GATED_VERIFIABLE,base_model.model.model.layers.30.mlp.down_proj.lora_B.weight,0.0006788024329580367
A4_GATED_VERIFIABLE,base_model.model.model.layers.30.mlp.gate_proj.lora_A.weight,2.3121848106384277
A4_GATED_VERIFIABLE,base_model.model.model.layers.30.mlp.gate_proj.lora_B.weight,0.001156056416220963
A4_GATED_VERIFIABLE,base_model.model.model.layers.30.mlp.up_proj.lora_A.weight,2.303133010864258
A4_GATED_VERIFIABLE,base_model.model.model.layers.30.mlp.up_proj.lora_B.weight,0.0013400663156062365
A4_GATED_VERIFIABLE,base_model.model.model.layers.30.self_attn.k_proj.lora_A.weight,2.310375690460205
A4_GATED_VERIFIABLE,base_model.model.model.layers.30.self_attn.k_proj.lora_B.weight,0.0003645105753093958
A4_GATED_VERIFIABLE,base_model.model.model.layers.30.self_attn.o_proj.lora_A.weight,2.3167715072631836
A4_GATED_VERIFIABLE,base_model.model.model.layers.30.self_attn.o_proj.lora_B.weight,0.0006110647227615118
A4_GATED_VERIFIABLE,base_model.model.model.layers.30.self_attn.q_proj.lora_A.weight,2.3130123615264893
A4_GATED_VERIFIABLE,base_model.model.model.layers.30.self_attn.q_proj.lora_B.weight,0.0006584133952856064
A4_GATED_VERIFIABLE,base_model.model.model.layers.30.self_attn.v_proj.lora_A.weight,2.3040759563446045
A4_GATED_VERIFIABLE,base_model.model.model.layers.30.self_attn.v_proj.lora_B.weight,0.0004205847508274019
A4_GATED_VERIFIABLE,base_model.model.model.layers.31.mlp.down_proj.lora_A.weight,2.307572841644287
A4_GATED_VERIFIABLE,base_model.model.model.layers.31.mlp.down_proj.lora_B.weight,0.000704580859746784
A4_GATED_VERIFIABLE,base_model.model.model.layers.31.mlp.gate_proj.lora_A.weight,2.3077025413513184
A4_GATED_VERIFIABLE,base_model.model.model.layers.31.mlp.gate_proj.lora_B.weight,0.0011638024589046836
A4_GATED_VERIFIABLE,base_model.model.model.layers.31.mlp.up_proj.lora_A.weight,2.31402587890625
A4_GATED_VERIFIABLE,base_model.model.model.layers.31.mlp.up_proj.lora_B.weight,0.0012418980477377772
A4_GATED_VERIFIABLE,base_model.model.model.layers.31.self_attn.k_proj.lora_A.weight,2.299731969833374
A4_GATED_VERIFIABLE,base_model.model.model.layers.31.self_attn.k_proj.lora_B.weight,0.0004074061871506274
A4_GATED_VERIFIABLE,base_model.model.model.layers.31.self_attn.o_proj.lora_A.weight,2.3177733421325684
A4_GATED_VERIFIABLE,base_model.model.model.layers.31.self_attn.o_proj.lora_B.weight,0.0006574644357897341
A4_GATED_VERIFIABLE,base_model.model.model.layers.31.self_attn.q_proj.lora_A.weight,2.3046772480010986
A4_GATED_VERIFIABLE,base_model.model.model.layers.31.self_attn.q_proj.lora_B.weight,0.000726602622307837
A4_GATED_VERIFIABLE,base_model.model.model.layers.31.self_attn.v_proj.lora_A.weight,2.299790859222412
A4_GATED_VERIFIABLE,base_model.model.model.layers.31.self_attn.v_proj.lora_B.weight,0.00043700888636521995
A4_GATED_VERIFIABLE,base_model.model.model.layers.32.mlp.down_proj.lora_A.weight,2.308631658554077
A4_GATED_VERIFIABLE,base_model.model.model.layers.32.mlp.down_proj.lora_B.weight,0.0006349549512378871
A4_GATED_VERIFIABLE,base_model.model.model.layers.32.mlp.gate_proj.lora_A.weight,2.3213696479797363
A4_GATED_VERIFIABLE,base_model.model.model.layers.32.mlp.gate_proj.lora_B.weight,0.0011553242802619934
A4_GATED_VERIFIABLE,base_model.model.model.layers.32.mlp.up_proj.lora_A.weight,2.314674139022827
A4_GATED_VERIFIABLE,base_model.model.model.layers.32.mlp.up_proj.lora_B.weight,0.0012551710242405534
A4_GATED_VERIFIABLE,base_model.model.model.layers.32.self_attn.k_proj.lora_A.weight,2.3128535747528076
A4_GATED_VERIFIABLE,base_model.model.model.layers.32.self_attn.k_proj.lora_B.weight,0.0004700763674918562
A4_GATED_VERIFIABLE,base_model.model.model.layers.32.self_attn.o_proj.lora_A.weight,2.308084011077881
A4_GATED_VERIFIABLE,base_model.model.model.layers.32.self_attn.o_proj.lora_B.weight,0.0007133879116736352
A4_GATED_VERIFIABLE,base_model.model.model.layers.32.self_attn.q_proj.lora_A.weight,2.3114867210388184
A4_GATED_VERIFIABLE,base_model.model.model.layers.32.self_attn.q_proj.lora_B.weight,0.0007833274430595338
A4_GATED_VERIFIABLE,base_model.model.model.layers.32.self_attn.v_proj.lora_A.weight,2.317448377609253
A4_GATED_VERIFIABLE,base_model.model.model.layers.32.self_attn.v_proj.lora_B.weight,0.0004525318800006062
A4_GATED_VERIFIABLE,base_model.model.model.layers.33.mlp.down_proj.lora_A.weight,2.3080406188964844
A4_GATED_VERIFIABLE,base_model.model.model.layers.33.mlp.down_proj.lora_B.weight,0.0006973310955800116
A4_GATED_VERIFIABLE,base_model.model.model.layers.33.mlp.gate_proj.lora_A.weight,2.3102104663848877
A4_GATED_VERIFIABLE,base_model.model.model.layers.33.mlp.gate_proj.lora_B.weight,0.0010208555031567812
A4_GATED_VERIFIABLE,base_model.model.model.layers.33.mlp.up_proj.lora_A.weight,2.3070898056030273
A4_GATED_VERIFIABLE,base_model.model.model.layers.33.mlp.up_proj.lora_B.weight,0.0012581201735883951
A4_GATED_VERIFIABLE,base_model.model.model.layers.33.self_attn.k_proj.lora_A.weight,2.298011541366577
A4_GATED_VERIFIABLE,base_model.model.model.layers.33.self_attn.k_proj.lora_B.weight,0.0003909856313839555
A4_GATED_VERIFIABLE,base_model.model.model.layers.33.self_attn.o_proj.lora_A.weight,2.3127975463867188
A4_GATED_VERIFIABLE,base_model.model.model.layers.33.self_attn.o_proj.lora_B.weight,0.0006658777710981667
A4_GATED_VERIFIABLE,base_model.model.model.layers.33.self_attn.q_proj.lora_A.weight,2.3036434650421143
A4_GATED_VERIFIABLE,base_model.model.model.layers.33.self_attn.q_proj.lora_B.weight,0.0007294644601643085
A4_GATED_VERIFIABLE,base_model.model.model.layers.33.self_attn.v_proj.lora_A.weight,2.3125128746032715
A4_GATED_VERIFIABLE,base_model.model.model.layers.33.self_attn.v_proj.lora_B.weight,0.000456751964520663
A4_GATED_VERIFIABLE,base_model.model.model.layers.34.mlp.down_proj.lora_A.weight,2.308873176574707
A4_GATED_VERIFIABLE,base_model.model.model.layers.34.mlp.down_proj.lora_B.weight,0.0006926911883056164
A4_GATED_VERIFIABLE,base_model.model.model.layers.34.mlp.gate_proj.lora_A.weight,2.313817262649536
A4_GATED_VERIFIABLE,base_model.model.model.layers.34.mlp.gate_proj.lora_B.weight,0.001211674651131034
A4_GATED_VERIFIABLE,base_model.model.model.layers.34.mlp.up_proj.lora_A.weight,2.3144640922546387
A4_GATED_VERIFIABLE,base_model.model.model.layers.34.mlp.up_proj.lora_B.weight,0.0012360134860500693
A4_GATED_VERIFIABLE,base_model.model.model.layers.34.self_attn.k_proj.lora_A.weight,2.32002592086792
A4_GATED_VERIFIABLE,base_model.model.model.layers.34.self_attn.k_proj.lora_B.weight,0.00043508768430911005
A4_GATED_VERIFIABLE,base_model.model.model.layers.34.self_attn.o_proj.lora_A.weight,2.31545352935791
A4_GATED_VERIFIABLE,base_model.model.model.layers.34.self_attn.o_proj.lora_B.weight,0.0006338995299302042
A4_GATED_VERIFIABLE,base_model.model.model.layers.34.self_attn.q_proj.lora_A.weight,2.3099467754364014
A4_GATED_VERIFIABLE,base_model.model.model.layers.34.self_attn.q_proj.lora_B.weight,0.0007523613749071956
A4_GATED_VERIFIABLE,base_model.model.model.layers.34.self_attn.v_proj.lora_A.weight,2.30320405960083
A4_GATED_VERIFIABLE,base_model.model.model.layers.34.self_attn.v_proj.lora_B.weight,0.0004411867412272841
A4_GATED_VERIFIABLE,base_model.model.model.layers.35.mlp.down_proj.lora_A.weight,2.3093531131744385
A4_GATED_VERIFIABLE,base_model.model.model.layers.35.mlp.down_proj.lora_B.weight,0.0007943894015625119
A4_GATED_VERIFIABLE,base_model.model.model.layers.35.mlp.gate_proj.lora_A.weight,2.3033945560455322
A4_GATED_VERIFIABLE,base_model.model.model.layers.35.mlp.gate_proj.lora_B.weight,0.0011469860328361392
A4_GATED_VERIFIABLE,base_model.model.model.layers.35.mlp.up_proj.lora_A.weight,2.3059446811676025
A4_GATED_VERIFIABLE,base_model.model.model.layers.35.mlp.up_proj.lora_B.weight,0.0011658112052828074
A4_GATED_VERIFIABLE,base_model.model.model.layers.35.self_attn.k_proj.lora_A.weight,2.310377836227417
A4_GATED_VERIFIABLE,base_model.model.model.layers.35.self_attn.k_proj.lora_B.weight,0.00044837730820290744
A4_GATED_VERIFIABLE,base_model.model.model.layers.35.self_attn.o_proj.lora_A.weight,2.308770179748535
A4_GATED_VERIFIABLE,base_model.model.model.layers.35.self_attn.o_proj.lora_B.weight,0.0006939605227671564
A4_GATED_VERIFIABLE,base_model.model.model.layers.35.self_attn.q_proj.lora_A.weight,2.304323196411133
A4_GATED_VERIFIABLE,base_model.model.model.layers.35.self_attn.q_proj.lora_B.weight,0.0008553835214115679
A4_GATED_VERIFIABLE,base_model.model.model.layers.35.self_attn.v_proj.lora_A.weight,2.313199043273926
A4_GATED_VERIFIABLE,base_model.model.model.layers.35.self_attn.v_proj.lora_B.weight,0.00045818305807188153
A4_GATED_VERIFIABLE,base_model.model.model.layers.4.mlp.down_proj.lora_A.weight,2.3063135147094727
A4_GATED_VERIFIABLE,base_model.model.model.layers.4.mlp.down_proj.lora_B.weight,0.0007221031119115651
A4_GATED_VERIFIABLE,base_model.model.model.layers.4.mlp.gate_proj.lora_A.weight,2.3002967834472656
A4_GATED_VERIFIABLE,base_model.model.model.layers.4.mlp.gate_proj.lora_B.weight,0.0013506492832675576
A4_GATED_VERIFIABLE,base_model.model.model.layers.4.mlp.up_proj.lora_A.weight,2.299069881439209
A4_GATED_VERIFIABLE,base_model.model.model.layers.4.mlp.up_proj.lora_B.weight,0.0013634247006848454
A4_GATED_VERIFIABLE,base_model.model.model.layers.4.self_attn.k_proj.lora_A.weight,2.3071177005767822
A4_GATED_VERIFIABLE,base_model.model.model.layers.4.self_attn.k_proj.lora_B.weight,0.0004242252907715738
A4_GATED_VERIFIABLE,base_model.model.model.layers.4.self_attn.o_proj.lora_A.weight,2.3111565113067627
A4_GATED_VERIFIABLE,base_model.model.model.layers.4.self_attn.o_proj.lora_B.weight,0.0006766157457605004
A4_GATED_VERIFIABLE,base_model.model.model.layers.4.self_attn.q_proj.lora_A.weight,2.306706666946411
A4_GATED_VERIFIABLE,base_model.model.model.layers.4.self_attn.q_proj.lora_B.weight,0.000812038138974458
A4_GATED_VERIFIABLE,base_model.model.model.layers.4.self_attn.v_proj.lora_A.weight,2.3006582260131836
A4_GATED_VERIFIABLE,base_model.model.model.layers.4.self_attn.v_proj.lora_B.weight,0.00042352749733254313
A4_GATED_VERIFIABLE,base_model.model.model.layers.5.mlp.down_proj.lora_A.weight,2.3110945224761963
A4_GATED_VERIFIABLE,base_model.model.model.layers.5.mlp.down_proj.lora_B.weight,0.0007281927391886711
A4_GATED_VERIFIABLE,base_model.model.model.layers.5.mlp.gate_proj.lora_A.weight,2.313746452331543
A4_GATED_VERIFIABLE,base_model.model.model.layers.5.mlp.gate_proj.lora_B.weight,0.00137503317091614
A4_GATED_VERIFIABLE,base_model.model.model.layers.5.mlp.up_proj.lora_A.weight,2.3146286010742188
A4_GATED_VERIFIABLE,base_model.model.model.layers.5.mlp.up_proj.lora_B.weight,0.0013513839803636074
A4_GATED_VERIFIABLE,base_model.model.model.layers.5.self_attn.k_proj.lora_A.weight,2.3140108585357666
A4_GATED_VERIFIABLE,base_model.model.model.layers.5.self_attn.k_proj.lora_B.weight,0.00043480400927364826
A4_GATED_VERIFIABLE,base_model.model.model.layers.5.self_attn.o_proj.lora_A.weight,2.3063528537750244
A4_GATED_VERIFIABLE,base_model.model.model.layers.5.self_attn.o_proj.lora_B.weight,0.0006767389713786542
A4_GATED_VERIFIABLE,base_model.model.model.layers.5.self_attn.q_proj.lora_A.weight,2.3109054565429688
A4_GATED_VERIFIABLE,base_model.model.model.layers.5.self_attn.q_proj.lora_B.weight,0.0008508680039085448
A4_GATED_VERIFIABLE,base_model.model.model.layers.5.self_attn.v_proj.lora_A.weight,2.305952548980713
A4_GATED_VERIFIABLE,base_model.model.model.layers.5.self_attn.v_proj.lora_B.weight,0.0004197878297418356
A4_GATED_VERIFIABLE,base_model.model.model.layers.6.mlp.down_proj.lora_A.weight,2.308619976043701
A4_GATED_VERIFIABLE,base_model.model.model.layers.6.mlp.down_proj.lora_B.weight,0.0007970378501340747
A4_GATED_VERIFIABLE,base_model.model.model.layers.6.mlp.gate_proj.lora_A.weight,2.319549322128296
A4_GATED_VERIFIABLE,base_model.model.model.layers.6.mlp.gate_proj.lora_B.weight,0.0013622753322124481
A4_GATED_VERIFIABLE,base_model.model.model.layers.6.mlp.up_proj.lora_A.weight,2.30562686920166
A4_GATED_VERIFIABLE,base_model.model.model.layers.6.mlp.up_proj.lora_B.weight,0.0013750094221904874
A4_GATED_VERIFIABLE,base_model.model.model.layers.6.self_attn.k_proj.lora_A.weight,2.309921979904175
A4_GATED_VERIFIABLE,base_model.model.model.layers.6.self_attn.k_proj.lora_B.weight,0.00039859910611994565
A4_GATED_VERIFIABLE,base_model.model.model.layers.6.self_attn.o_proj.lora_A.weight,2.3143608570098877
A4_GATED_VERIFIABLE,base_model.model.model.layers.6.self_attn.o_proj.lora_B.weight,0.0007065325044095516
A4_GATED_VERIFIABLE,base_model.model.model.layers.6.self_attn.q_proj.lora_A.weight,2.3083748817443848
A4_GATED_VERIFIABLE,base_model.model.model.layers.6.self_attn.q_proj.lora_B.weight,0.0007962755626067519
A4_GATED_VERIFIABLE,base_model.model.model.layers.6.self_attn.v_proj.lora_A.weight,2.3097808361053467
A4_GATED_VERIFIABLE,base_model.model.model.layers.6.self_attn.v_proj.lora_B.weight,0.00041318777948617935
A4_GATED_VERIFIABLE,base_model.model.model.layers.7.mlp.down_proj.lora_A.weight,2.3046061992645264
A4_GATED_VERIFIABLE,base_model.model.model.layers.7.mlp.down_proj.lora_B.weight,0.0007552186725661159
A4_GATED_VERIFIABLE,base_model.model.model.layers.7.mlp.gate_proj.lora_A.weight,2.300452709197998
A4_GATED_VERIFIABLE,base_model.model.model.layers.7.mlp.gate_proj.lora_B.weight,0.001419767620973289
A4_GATED_VERIFIABLE,base_model.model.model.layers.7.mlp.up_proj.lora_A.weight,2.3112471103668213
A4_GATED_VERIFIABLE,base_model.model.model.layers.7.mlp.up_proj.lora_B.weight,0.0014253865228965878
A4_GATED_VERIFIABLE,base_model.model.model.layers.7.self_attn.k_proj.lora_A.weight,2.3102245330810547
A4_GATED_VERIFIABLE,base_model.model.model.layers.7.self_attn.k_proj.lora_B.weight,0.000407323706895113
A4_GATED_VERIFIABLE,base_model.model.model.layers.7.self_attn.o_proj.lora_A.weight,2.314199924468994
A4_GATED_VERIFIABLE,base_model.model.model.layers.7.self_attn.o_proj.lora_B.weight,0.000707073719240725
A4_GATED_VERIFIABLE,base_model.model.model.layers.7.self_attn.q_proj.lora_A.weight,2.3018243312835693
A4_GATED_VERIFIABLE,base_model.model.model.layers.7.self_attn.q_proj.lora_B.weight,0.0008121109567582607
A4_GATED_VERIFIABLE,base_model.model.model.layers.7.self_attn.v_proj.lora_A.weight,2.314814567565918
A4_GATED_VERIFIABLE,base_model.model.model.layers.7.self_attn.v_proj.lora_B.weight,0.0004335156991146505
A4_GATED_VERIFIABLE,base_model.model.model.layers.8.mlp.down_proj.lora_A.weight,2.3056912422180176
A4_GATED_VERIFIABLE,base_model.model.model.layers.8.mlp.down_proj.lora_B.weight,0.0007876033778302372
A4_GATED_VERIFIABLE,base_model.model.model.layers.8.mlp.gate_proj.lora_A.weight,2.315648078918457
A4_GATED_VERIFIABLE,base_model.model.model.layers.8.mlp.gate_proj.lora_B.weight,0.0014347535325214267
A4_GATED_VERIFIABLE,base_model.model.model.layers.8.mlp.up_proj.lora_A.weight,2.3243277072906494
A4_GATED_VERIFIABLE,base_model.model.model.layers.8.mlp.up_proj.lora_B.weight,0.0014616529224440455
A4_GATED_VERIFIABLE,base_model.model.model.layers.8.self_attn.k_proj.lora_A.weight,2.308659553527832
A4_GATED_VERIFIABLE,base_model.model.model.layers.8.self_attn.k_proj.lora_B.weight,0.00041425388189963996
A4_GATED_VERIFIABLE,base_model.model.model.layers.8.self_attn.o_proj.lora_A.weight,2.309494972229004
A4_GATED_VERIFIABLE,base_model.model.model.layers.8.self_attn.o_proj.lora_B.weight,0.0007734530372545123
A4_GATED_VERIFIABLE,base_model.model.model.layers.8.self_attn.q_proj.lora_A.weight,2.3186864852905273
A4_GATED_VERIFIABLE,base_model.model.model.layers.8.self_attn.q_proj.lora_B.weight,0.0008641891181468964
A4_GATED_VERIFIABLE,base_model.model.model.layers.8.self_attn.v_proj.lora_A.weight,2.3165063858032227
A4_GATED_VERIFIABLE,base_model.model.model.layers.8.self_attn.v_proj.lora_B.weight,0.00046752995694987476
A4_GATED_VERIFIABLE,base_model.model.model.layers.9.mlp.down_proj.lora_A.weight,2.307615041732788
A4_GATED_VERIFIABLE,base_model.model.model.layers.9.mlp.down_proj.lora_B.weight,0.000785284151788801
A4_GATED_VERIFIABLE,base_model.model.model.layers.9.mlp.gate_proj.lora_A.weight,2.3143675327301025
A4_GATED_VERIFIABLE,base_model.model.model.layers.9.mlp.gate_proj.lora_B.weight,0.0014640289591625333
A4_GATED_VERIFIABLE,base_model.model.model.layers.9.mlp.up_proj.lora_A.weight,2.296679735183716
A4_GATED_VERIFIABLE,base_model.model.model.layers.9.mlp.up_proj.lora_B.weight,0.0015060104196891189
A4_GATED_VERIFIABLE,base_model.model.model.layers.9.self_attn.k_proj.lora_A.weight,2.306375741958618
A4_GATED_VERIFIABLE,base_model.model.model.layers.9.self_attn.k_proj.lora_B.weight,0.00045596156269311905
A4_GATED_VERIFIABLE,base_model.model.model.layers.9.self_attn.o_proj.lora_A.weight,2.3110339641571045
A4_GATED_VERIFIABLE,base_model.model.model.layers.9.self_attn.o_proj.lora_B.weight,0.0007719140849076211
A4_GATED_VERIFIABLE,base_model.model.model.layers.9.self_attn.q_proj.lora_A.weight,2.3091461658477783
A4_GATED_VERIFIABLE,base_model.model.model.layers.9.self_attn.q_proj.lora_B.weight,0.0008755817543715239
A4_GATED_VERIFIABLE,base_model.model.model.layers.9.self_attn.v_proj.lora_A.weight,2.311338186264038
A4_GATED_VERIFIABLE,base_model.model.model.layers.9.self_attn.v_proj.lora_B.weight,0.0004942069062963128
